customer_id,monthly_recurring_revenue,actual_churn,churn_probability,risk_level,predicted_mrr_at_risk,feature_adoption_rate,usage_change_pct,unresolved_tickets,onboarding_completion,recommended_action
19617,135.27,0,0.9539290439597359,High,129.03798177643347,17.3,-1.5,1,66.5,Feature Adoption Campaign
12635,354.68,0,0.9396335746579696,High,333.2692362596887,5.8,-22.9,1,80.2,Feature Adoption Campaign
19228,402.03,0,0.936006004473529,High,376.30249397849286,21.1,-27.6,0,100.0,Feature Adoption Campaign
17016,920.33,0,0.9292449156267284,High,855.2119731987469,40.9,-4.7,3,96.3,Feature Adoption Campaign
16882,122.79,0,0.9107720506173279,High,111.8337000953017,12.6,-25.7,0,100.0,Feature Adoption Campaign
19155,403.87,0,0.9052221836812135,High,365.59208332333174,42.5,-6.1,3,53.9,Feature Adoption Campaign
17840,985.01,0,0.9049607395987077,High,891.3953781121231,30.5,-10.5,1,60.3,Feature Adoption Campaign
16155,111.15,0,0.9046767856237691,High,100.55482472208193,58.9,0.1,3,72.0,Priority Support
18931,2171.78,0,0.9006478021543229,High,1956.0088837627156,49.7,7.7,3,71.9,Feature Adoption Campaign
12014,134.89,0,0.8992251818719967,High,121.29648478271363,65.3,-39.1,3,80.2,Re-engagement Campaign
14398,2053.36,0,0.8990598178558605,High,1846.0934675925098,26.4,14.1,0,69.8,Feature Adoption Campaign
14244,137.1,0,0.8978528197732071,High,123.09562159090669,68.7,-0.4,2,44.5,Priority Support
19778,389.52,0,0.8910028796159613,High,347.0634416680092,9.4,-15.4,1,85.5,Feature Adoption Campaign
15516,2120.28,0,0.8772106114913708,High,1859.9321153329238,33.6,-13.7,0,48.2,Feature Adoption Campaign
19248,416.61,0,0.8763482020743497,High,365.09542446619486,37.8,25.7,3,53.0,Feature Adoption Campaign
13583,328.52,0,0.8726488765193534,High,286.682608914138,47.7,-36.7,2,68.5,Feature Adoption Campaign
12236,861.05,0,0.8724641084567327,High,751.2352205866697,53.0,-38.0,2,88.0,Re-engagement Campaign
14960,338.44,0,0.8686475252603512,High,293.98506844911327,69.1,-14.1,2,52.6,Re-engagement Campaign
15329,142.42,0,0.8684653064714329,High,123.68682894766147,31.1,31.0,2,88.8,Feature Adoption Campaign
10459,2070.94,0,0.8651402607038418,High,1791.653571502014,33.8,-29.8,1,94.2,Feature Adoption Campaign
17492,1895.17,0,0.861916274767629,High,1633.4778664513676,14.6,-7.4,3,49.8,Feature Adoption Campaign
17890,414.78,0,0.8615667224854516,High,357.3606451525156,33.3,-8.7,2,57.3,Feature Adoption Campaign
13011,1019.84,0,0.8581694351390657,High,875.1955167322249,30.4,26.3,4,82.6,Feature Adoption Campaign
11680,1009.82,0,0.8575604470647026,High,865.981690654878,45.5,-47.8,1,93.6,Feature Adoption Campaign
11323,129.81,0,0.8535527127921715,High,110.79967764755179,55.6,-55.7,1,40.7,Re-engagement Campaign
11823,129.53,0,0.8471854955018256,High,109.73593723235147,28.9,16.8,2,49.6,Feature Adoption Campaign
11200,123.98,0,0.8417056081421899,High,104.35466129746871,45.0,-18.3,0,51.7,Feature Adoption Campaign
13971,317.09,0,0.8386425938547091,High,265.9251800853897,67.8,2.3,2,79.5,Priority Support
14599,333.66,0,0.8351734293765567,High,278.6639664457819,34.7,15.3,0,59.4,Feature Adoption Campaign
12939,140.52,0,0.8317379449168282,High,116.8758160197127,17.8,-16.2,1,40.1,Feature Adoption Campaign
19788,414.02,0,0.8290547245362974,High,343.24523705251784,36.1,-44.0,0,74.1,Feature Adoption Campaign
13834,370.42,0,0.8263025889151089,High,306.07900498593466,56.0,-6.6,1,71.8,Priority Support
14063,946.38,0,0.8220952318757295,High,778.014485542553,42.3,-3.3,1,88.0,Feature Adoption Campaign
12335,121.51,0,0.8185509951410556,High,99.46213141958967,50.8,12.0,1,100.0,Priority Support
12443,383.74,0,0.8179572536446569,High,313.88291651360066,56.9,-9.1,1,53.5,Priority Support
14848,130.58,0,0.8161129240821459,High,106.56802562664662,42.1,-16.6,2,69.6,Feature Adoption Campaign
17376,106.06,0,0.8160715047351045,High,86.55254379220519,34.3,0.4,1,45.1,Feature Adoption Campaign
15882,385.61,0,0.8160288833622591,High,314.66889771332075,49.3,-24.5,2,50.2,Feature Adoption Campaign
15996,407.7,0,0.8097619235094191,High,330.13993621479017,40.9,-51.8,1,74.4,Feature Adoption Campaign
10809,391.3,0,0.8089968502937551,High,316.56046751994637,48.5,-42.1,2,77.0,Feature Adoption Campaign
19700,760.23,0,0.807726470044741,High,614.0578943221134,33.6,-15.1,2,68.3,Feature Adoption Campaign
16198,112.73,0,0.80737482074775,High,91.01536354289387,53.5,3.3,0,49.0,Onboarding Intervention
18310,119.57,0,0.8064496009920169,High,96.42717879061546,41.0,-12.7,1,89.7,Feature Adoption Campaign
14191,414.99,0,0.8055272441901447,High,334.28575106646815,47.7,-29.9,1,73.4,Feature Adoption Campaign
16184,999.17,0,0.8019948058721159,High,801.3291501832421,57.9,-41.8,0,71.2,Re-engagement Campaign
13028,133.49,0,0.7992502423490692,High,106.69191485117724,55.3,26.9,0,68.0,Customer Success Review
14978,115.03,0,0.7988189249239661,High,91.88814093400383,57.0,-2.8,0,88.5,Customer Success Review
13906,331.47,0,0.798549181456833,High,264.69509717749645,53.6,0.3,0,37.2,Onboarding Intervention
18304,830.01,0,0.7975250158130152,High,661.9537383749607,19.8,39.6,0,71.4,Feature Adoption Campaign
14358,118.37,0,0.7969749007606433,High,94.33791900303734,29.3,3.0,2,78.3,Feature Adoption Campaign
19136,104.25,0,0.7952411048234918,High,82.90388517784902,16.6,9.8,3,55.0,Feature Adoption Campaign
18197,299.62,0,0.7942028491608439,High,237.95905766557206,41.7,-8.5,2,48.6,Feature Adoption Campaign
17024,810.55,0,0.7917375573645783,High,641.7428771218589,51.1,38.4,1,76.8,Priority Support
13558,136.77,0,0.7905319299668919,High,108.12105206157182,62.0,-0.8,1,53.4,Priority Support
12852,352.31,0,0.7899053711710212,High,278.2915613172625,39.7,-20.6,0,65.4,Feature Adoption Campaign
17099,782.61,0,0.7864565029776783,High,615.4887237953609,58.5,-21.6,1,57.3,Re-engagement Campaign
12719,323.22,0,0.7861181045393386,High,254.08909374920503,46.1,0.5,2,81.5,Feature Adoption Campaign
11737,2140.89,0,0.7850643548795776,High,1680.7364267181388,56.5,0.4,2,46.8,Priority Support
16530,373.1,0,0.7835307262717852,High,292.33531397200306,51.6,-6.8,1,87.8,Priority Support
18938,103.62,0,0.7827402420777652,High,81.10754388409804,41.8,-19.5,1,51.4,Feature Adoption Campaign
11772,2014.81,0,0.7820279656711708,High,1575.6377655139318,36.5,-25.6,0,61.3,Feature Adoption Campaign
13679,981.55,0,0.7813171480155101,High,766.9018466346239,54.6,-35.7,0,70.2,Re-engagement Campaign
10539,134.77,0,0.7801853376480773,High,105.14557795483138,41.2,4.2,0,29.2,Feature Adoption Campaign
16806,872.38,0,0.7796689682790664,High,680.1676145472919,22.3,-30.7,0,73.7,Feature Adoption Campaign
13147,112.34,0,0.7754665533479503,High,87.11591260310874,49.8,17.4,0,48.8,Feature Adoption Campaign
10525,106.18,0,0.7731731972384736,High,82.09553008278112,43.0,-10.7,2,100.0,Feature Adoption Campaign
13567,326.64,0,0.7718998063227948,High,252.13335273727768,73.2,-10.8,1,44.5,Re-engagement Campaign
19090,400.61,0,0.7717968587011227,High,309.1895395642568,76.3,14.8,3,100.0,Priority Support
13305,347.31,0,0.7693090652800522,High,267.1887314624149,65.3,7.0,3,56.1,Priority Support
10463,949.0,0,0.7678289542523061,High,728.6696775854385,49.1,-2.9,1,100.0,Feature Adoption Campaign
10487,120.6,0,0.7668639858626721,High,92.48379669503825,69.0,-34.0,1,60.4,Re-engagement Campaign
16978,812.9,0,0.7663753246092522,High,622.9865013748611,5.0,-4.7,0,94.9,Feature Adoption Campaign
15154,356.48,0,0.7658230969279647,High,273.0006175928809,68.5,-30.7,2,56.0,Re-engagement Campaign
18245,1876.45,0,0.7655104608358664,High,1436.4421042354616,25.5,13.4,1,43.6,Feature Adoption Campaign
13733,2402.18,0,0.765340919119698,High,1838.486649090956,47.3,-15.7,0,77.3,Feature Adoption Campaign
14351,128.12,0,0.7652541047796748,High,98.04435590437194,44.6,-1.5,2,74.8,Feature Adoption Campaign
11745,121.33,0,0.765085250437976,High,92.82779343563963,54.4,-20.0,1,43.5,Re-engagement Campaign
15010,131.18,0,0.7650582676260143,High,100.36034354718055,26.4,-17.8,1,90.4,Feature Adoption Campaign
15345,122.28,0,0.7642609113709184,High,93.45382424243591,82.0,-21.7,1,31.2,Re-engagement Campaign
14259,2089.9,0,0.7629035802246635,High,1594.3921923115245,42.6,-40.3,0,49.5,Feature Adoption Campaign
15583,297.87,0,0.7624318252189419,High,227.10556777796623,51.6,0.1,2,77.0,Priority Support
16041,811.71,0,0.7614066316204274,High,618.0413769526172,23.6,2.5,0,87.2,Feature Adoption Campaign
18173,831.27,0,0.7579806915008994,High,630.0866094239526,30.5,-19.2,1,78.3,Feature Adoption Campaign
13986,899.64,0,0.7547620196002381,High,679.0141033131582,54.7,5.6,1,89.3,Priority Support
17031,373.21,0,0.7547054041034084,High,281.663603865433,29.6,-22.6,0,91.3,Feature Adoption Campaign
14461,321.3,0,0.7540324762534907,High,242.27063462024657,76.5,-16.5,1,49.6,Re-engagement Campaign
18754,1914.54,0,0.7531098710123546,High,1441.8589724479934,68.4,-29.7,2,38.4,Re-engagement Campaign
15307,1997.16,0,0.7526090514678538,High,1503.080693229539,86.0,-22.2,2,46.3,Re-engagement Campaign
18980,123.97,0,0.7517593594941774,High,93.19560779649316,44.1,3.0,0,70.4,Feature Adoption Campaign
12101,136.19,0,0.7503529339066086,High,102.19056606874102,37.1,18.8,3,82.9,Feature Adoption Campaign
18746,348.04,0,0.7493088898112515,High,260.789466009908,47.3,6.7,1,78.1,Feature Adoption Campaign
17641,2229.26,0,0.7480330452942503,High,1667.5601465526606,28.1,2.1,1,71.3,Feature Adoption Campaign
10204,942.89,0,0.7457577103456217,High,703.1674875077832,27.5,-34.4,0,77.1,Feature Adoption Campaign
16989,113.29,0,0.7445422660390933,High,84.34919331956888,44.5,-32.3,0,83.2,Feature Adoption Campaign
14596,140.95,0,0.7440104965465062,High,104.86827948823004,66.7,-48.9,0,55.3,Re-engagement Campaign
18678,365.52,0,0.7435521377297516,High,271.7831773829788,45.2,-3.2,1,81.4,Feature Adoption Campaign
13930,725.71,0,0.7427612995403731,High,539.0293026894442,47.7,1.6,0,70.6,Feature Adoption Campaign
18167,350.57,0,0.7424845667925338,High,260.2928145804586,59.4,13.0,1,53.6,Priority Support
17334,352.78,0,0.7411015344032528,High,261.4457993067795,51.8,-1.9,0,67.4,Customer Success Review
15186,116.61,0,0.7404185184324839,High,86.34020343441195,58.1,-30.0,1,58.5,Re-engagement Campaign
14789,969.08,0,0.7401760330372401,High,717.2897900957287,60.9,-15.0,1,79.2,Re-engagement Campaign
11449,1016.1,0,0.7399881783994414,High,751.9019880716725,47.3,9.3,1,53.2,Feature Adoption Campaign
18698,132.08,0,0.7392926773222483,High,97.64577682072257,47.3,-22.9,1,73.2,Feature Adoption Campaign
13374,990.3,0,0.7386586732736116,High,731.4936841428575,67.2,-0.3,3,47.9,Priority Support
19917,135.26,0,0.7382802157165088,High,99.85978197781498,48.9,-6.9,1,70.7,Feature Adoption Campaign
18553,400.41,0,0.7375475120711655,High,295.32139930841544,75.7,4.9,3,82.7,Priority Support
16419,102.27,0,0.7372427047240733,High,75.39781141213098,53.9,-12.8,1,70.5,Re-engagement Campaign
19757,2450.39,0,0.7368778649508686,High,1805.638151496959,36.1,-11.1,1,74.6,Feature Adoption Campaign
17973,139.75,0,0.7355606965777006,High,102.79460734673366,57.1,29.3,2,51.9,Priority Support
11285,309.56,0,0.7349069933635283,High,227.49780886561382,59.6,22.4,0,61.1,Customer Success Review
17196,112.47,0,0.7347554335590144,High,82.63794361238234,29.1,33.2,0,99.1,Feature Adoption Campaign
17230,104.19,0,0.7339142396046919,High,76.46652462441286,50.3,0.4,1,96.5,Priority Support
10684,2321.99,0,0.73100411306785,High,1697.3842405024168,87.1,-2.1,1,79.6,Priority Support
15632,328.95,0,0.7302656014876642,High,240.22086960936713,67.7,-28.3,0,44.4,Re-engagement Campaign
17482,136.24,0,0.7288041582225029,High,99.2922785162338,43.0,-0.7,2,70.8,Feature Adoption Campaign
13752,125.19,0,0.7274536721457989,High,91.06992521593257,56.5,-22.3,1,67.6,Re-engagement Campaign
15634,1903.66,0,0.7274452583406609,High,1384.8084404927824,45.1,-11.1,1,62.7,Feature Adoption Campaign
14522,370.8,0,0.7273945268337682,High,269.7178905499612,44.4,4.5,2,78.1,Feature Adoption Campaign
10938,813.22,0,0.7268637945980765,High,591.1001750430478,52.5,6.3,0,70.6,Customer Success Review
17029,2607.15,0,0.7265609923515125,High,1894.2534912092458,48.6,-17.6,1,93.2,Feature Adoption Campaign
17689,132.25,0,0.7265121109003312,High,96.0812266665688,40.4,5.5,1,68.7,Feature Adoption Campaign
12924,874.39,0,0.726438239198251,High,635.1903319725587,30.4,-27.0,0,92.6,Feature Adoption Campaign
11085,120.75,0,0.725356543637265,High,87.58680264419975,53.4,-16.5,0,83.6,Re-engagement Campaign
12842,384.89,0,0.7238459966364187,High,278.60108564539115,58.4,-2.0,1,82.1,Priority Support
19552,127.29,0,0.7220662003046068,High,91.9118066367734,40.7,7.4,1,90.8,Feature Adoption Campaign
13626,806.77,0,0.7198883945801076,High,580.7843600953934,59.9,-15.6,1,62.2,Re-engagement Campaign
18785,398.58,0,0.7197162533527275,High,286.8645042613301,51.1,-23.7,0,66.7,Re-engagement Campaign
17985,128.05,0,0.7187674136012455,High,92.0381673116395,47.1,-13.3,1,85.3,Feature Adoption Campaign
13451,102.95,0,0.7169164330876118,High,73.80654678636964,75.3,2.6,2,47.9,Priority Support
13409,332.08,0,0.7168722663326315,High,238.05894220374023,46.8,-14.9,1,88.5,Feature Adoption Campaign
11715,124.73,0,0.7163022889570781,High,89.34438450161636,43.9,-25.2,2,96.7,Feature Adoption Campaign
10178,390.77,0,0.7151525267104196,High,279.46015286263065,49.3,-14.0,1,67.4,Feature Adoption Campaign
19785,2039.11,0,0.7145734227928439,High,1457.0938121511158,62.4,-32.0,2,100.0,Re-engagement Campaign
17007,804.41,0,0.713897793559339,High,574.2665241170679,68.6,-17.4,1,58.4,Re-engagement Campaign
15476,878.33,0,0.7131656900468312,High,626.3948205388333,45.5,-15.1,2,81.6,Feature Adoption Campaign
11427,306.88,0,0.7125214287481176,High,218.65857605422232,53.7,-10.4,1,55.7,Re-engagement Campaign
11104,122.85,0,0.7100569335445115,High,87.23049428594324,35.9,24.7,1,100.0,Feature Adoption Campaign
19434,419.65,0,0.7095513098571107,High,297.7632071815365,53.4,-2.2,0,50.6,Onboarding Intervention
19686,903.72,0,0.7072564498167087,High,639.1617988283559,37.3,4.5,2,79.2,Feature Adoption Campaign
10381,349.35,0,0.706910323710316,High,246.9591215881989,31.9,-12.4,0,61.1,Feature Adoption Campaign
14795,111.4,0,0.7063763549376232,High,78.69032594005122,58.6,-2.1,1,80.7,Priority Support
13265,105.38,0,0.704629227600191,High,74.25382800450812,55.5,-13.5,0,64.2,Re-engagement Campaign
15395,2333.78,0,0.7017041974008018,High,1637.6232218100433,75.4,-26.8,0,83.7,Re-engagement Campaign
19461,133.2,0,0.700822718192148,High,93.34958606319411,59.0,14.1,0,47.5,Onboarding Intervention
15998,2437.23,0,0.700365545531389,High,1706.9519185354673,56.5,-4.8,1,58.4,Priority Support
16544,102.28,0,0.6998133791969339,High,71.5769124242624,42.1,-24.6,0,100.0,Feature Adoption Campaign
18770,318.05,0,0.6985609159388358,High,222.17729931434675,53.0,-6.3,0,51.5,Onboarding Intervention
13645,120.58,0,0.6976217910996039,High,84.11923557079024,42.4,1.6,1,80.9,Feature Adoption Campaign
19429,389.1,0,0.6967840030524423,High,271.1186555877053,75.8,-2.4,2,70.8,Priority Support
17682,410.84,0,0.69536249455407,High,285.6827272625941,81.5,-1.7,0,52.7,Onboarding Intervention
14849,105.57,0,0.6937577432805646,High,73.2400049581292,50.9,18.9,1,57.7,Priority Support
16566,135.99,0,0.6928796134983884,High,94.22469863964585,30.3,10.0,2,87.9,Feature Adoption Campaign
15786,2168.26,0,0.6927671719468189,High,1502.0993482454098,65.7,-4.9,0,70.4,Customer Success Review
17772,379.83,0,0.6914187605792587,High,262.6215878308198,39.2,-42.7,1,96.0,Feature Adoption Campaign
12917,896.72,0,0.6887500232136529,High,617.6159208161469,29.4,-11.5,0,56.3,Feature Adoption Campaign
15430,359.46,0,0.6870897800782518,High,246.9812923469284,50.6,-3.3,1,92.3,Priority Support
13851,948.12,0,0.6866989365834284,High,651.0729957534801,29.7,-11.2,0,47.8,Feature Adoption Campaign
16603,897.63,0,0.6841791784589635,High,614.1397559601194,49.5,-9.5,2,67.2,Feature Adoption Campaign
16687,2524.59,0,0.6835199466417649,High,1725.6076220923333,81.1,13.9,2,73.3,Priority Support
16549,397.37,0,0.6833802812041067,High,271.55482234207585,45.9,-5.3,0,58.2,Feature Adoption Campaign
14054,2346.28,0,0.6831961043316631,High,1602.9693556712946,33.4,6.6,1,89.7,Feature Adoption Campaign
15580,728.68,0,0.681981246729128,High,496.94609486658095,60.9,-1.9,0,66.9,Customer Success Review
17896,803.84,0,0.6819592263117245,High,548.1861044784166,38.5,-4.0,1,56.9,Feature Adoption Campaign
13689,397.17,0,0.6810901183757645,High,270.5085623153024,46.8,-1.6,2,90.6,Feature Adoption Campaign
16368,355.64,0,0.6810635027807748,High,242.21342412895473,60.0,-5.3,0,36.6,Onboarding Intervention
10350,137.31,0,0.6800232650330297,High,93.3739945216853,53.4,-29.5,0,78.8,Re-engagement Campaign
16680,413.04,0,0.6777079979521224,High,279.9205114741447,45.8,6.9,1,67.4,Feature Adoption Campaign
14659,726.63,0,0.6768103156538284,High,491.79067966354137,70.1,-61.6,0,74.1,Re-engagement Campaign
19981,763.64,0,0.6765209007099103,High,516.6184206181159,42.8,44.4,1,65.2,Feature Adoption Campaign
16908,761.32,0,0.6760084572203802,High,514.6587586510199,35.3,11.7,0,75.4,Feature Adoption Campaign
17826,845.46,0,0.6758184047415837,High,571.3774284728194,26.0,23.5,2,62.7,Feature Adoption Campaign
11586,123.17,0,0.675583124312272,High,83.21157342154254,45.4,-21.8,0,71.4,Feature Adoption Campaign
15907,387.72,0,0.6751197891660374,High,261.757444655456,55.6,10.5,2,86.4,Priority Support
18504,119.08,0,0.6748903115134331,High,80.36593829501962,46.7,-8.1,1,62.5,Feature Adoption Campaign
12261,139.19,0,0.674264696970764,High,93.85090317136064,40.3,6.2,0,62.5,Feature Adoption Campaign
14513,2044.19,0,0.67344446171196,High,1376.6484341869716,70.5,-13.2,1,37.0,Re-engagement Campaign
11428,313.17,0,0.669714260162292,High,209.734414855025,64.1,-25.9,1,38.2,Re-engagement Campaign
13455,417.9,0,0.6690611974255165,High,279.6006744041233,76.5,5.6,1,59.0,Priority Support
14604,2600.93,0,0.6686056407599559,High,1738.996469221792,54.0,21.2,0,53.4,Onboarding Intervention
16983,828.67,0,0.6685033903214859,High,553.9687044577057,32.8,16.0,2,94.8,Feature Adoption Campaign
13980,327.26,0,0.668403729372305,High,218.74180447438053,52.9,-19.9,0,58.3,Re-engagement Campaign
12598,123.07,0,0.6668481580552348,High,82.06900281185774,64.5,-11.9,1,90.8,Re-engagement Campaign
13259,120.06,0,0.6668103605019821,High,80.05725188186797,52.5,-50.9,0,100.0,Re-engagement Campaign
17251,776.74,0,0.6663057195302298,High,517.5463045879106,78.7,-42.4,1,40.7,Re-engagement Campaign
18399,893.33,0,0.6654278466729927,High,594.4466582683846,55.1,24.6,2,80.8,Priority Support
16717,122.71,0,0.6644369012633731,High,81.53305215402851,39.3,23.5,2,93.5,Feature Adoption Campaign
14662,131.81,0,0.6642994962115665,High,87.56131659564657,55.0,-38.1,1,89.3,Re-engagement Campaign
12066,2560.48,0,0.6635250261402463,High,1698.9425589315779,62.8,21.0,1,62.8,Priority Support
13761,838.94,0,0.6623320878406157,High,555.6568817730061,52.7,36.4,1,65.7,Priority Support
14616,722.81,0,0.6600394763989701,High,477.08313393593954,38.8,27.0,0,53.5,Feature Adoption Campaign
10704,755.26,0,0.6597187408778703,High,498.25917623542034,49.2,-17.5,1,31.7,Feature Adoption Campaign
15113,2069.76,0,0.6576948389417892,High,1361.2704698481577,66.2,-23.2,0,62.8,Re-engagement Campaign
14124,749.85,0,0.6554276483047219,High,491.47242208129575,5.0,26.3,1,82.5,Feature Adoption Campaign
12736,335.24,0,0.6553961751573858,High,219.71501375976203,54.1,-8.0,0,86.1,Customer Success Review
18286,130.85,0,0.6548718829265928,High,85.68998588094466,63.5,-10.3,2,55.7,Re-engagement Campaign
19715,334.55,0,0.6548410911409536,High,219.07708704120603,57.0,-10.7,0,63.6,Re-engagement Campaign
12761,143.39,0,0.6545044640399703,High,93.84939509869133,53.1,6.1,1,90.1,Priority Support
18136,945.26,0,0.654077800689894,High,618.2735818801292,55.3,-1.7,0,75.4,Customer Success Review
10158,337.83,0,0.6519229384766495,High,220.2391263055665,82.6,-40.8,1,48.2,Re-engagement Campaign
11171,956.46,0,0.6518901707714092,High,623.506872736022,39.1,4.0,0,80.0,Feature Adoption Campaign
13909,409.84,0,0.651587286424212,High,267.046533468099,39.2,21.3,0,93.3,Feature Adoption Campaign
13092,127.23,0,0.6513325593481204,High,82.86904152586136,68.4,5.7,0,76.0,Customer Success Review
18889,116.67,0,0.6506936363625466,High,75.91642655441832,72.9,-9.0,1,47.4,Priority Support
14439,412.19,0,0.6502135269225439,High,268.01151366220336,70.5,-10.2,0,69.4,Re-engagement Campaign
15651,367.57,0,0.6496329629292412,High,238.78558818390118,72.2,0.9,1,100.0,Priority Support
17586,1936.2,0,0.649572636087417,High,1257.7025379924569,53.7,-0.3,2,68.3,Priority Support
14111,105.88,0,0.6489008306587644,High,68.70561995014997,41.8,25.7,2,82.3,Feature Adoption Campaign
13862,318.77,0,0.6479810588909211,High,206.5569221426589,41.2,-5.2,0,91.2,Feature Adoption Campaign
19115,409.93,0,0.6470480875291009,High,265.24442252080433,42.2,2.2,0,72.3,Feature Adoption Campaign
11851,382.11,0,0.6452933400516095,High,246.57303816712053,41.5,-6.7,1,28.6,Feature Adoption Campaign
12092,354.65,0,0.6443499470471953,High,228.5187087202878,32.1,-17.4,1,61.4,Feature Adoption Campaign
15046,779.61,0,0.6438965983062941,High,501.98822700556997,48.8,-22.5,1,76.3,Feature Adoption Campaign
12472,141.85,0,0.6434322916840203,High,91.27087057537827,72.5,-19.4,1,51.1,Re-engagement Campaign
13998,397.49,0,0.6425012046898769,High,255.3878038521792,34.9,-20.8,0,34.6,Feature Adoption Campaign
15606,299.58,0,0.6418957263907522,High,192.29912171214153,39.3,4.2,0,94.0,Feature Adoption Campaign
13656,304.22,0,0.6417430196452104,High,195.23106143646592,65.4,-50.6,0,87.9,Re-engagement Campaign
12688,105.12,0,0.6396513680772017,High,67.24015181227544,42.7,1.1,0,65.9,Feature Adoption Campaign
13762,2189.03,0,0.6384530285680908,High,1397.592833126408,37.9,-9.4,0,94.5,Feature Adoption Campaign
13168,2419.76,0,0.6383998276251208,High,1544.7743668941625,42.1,-2.3,2,74.1,Feature Adoption Campaign
19232,731.44,0,0.6383718420670959,High,466.9307001615566,70.8,4.4,1,51.3,Priority Support
16981,137.83,0,0.6380037721850741,High,87.93605992026878,65.8,-19.3,0,45.1,Re-engagement Campaign
19015,2290.19,0,0.637929057591062,High,1460.9787484044743,51.2,-33.6,3,95.2,Re-engagement Campaign
13059,724.13,0,0.6354854596880553,High,460.17408592391143,54.7,-35.9,0,74.0,Re-engagement Campaign
17948,130.29,0,0.6338857869284454,High,82.58897917890715,59.2,4.9,3,56.0,Priority Support
11093,302.0,0,0.6327423861662146,High,191.0882006221968,68.8,-41.6,0,67.9,Re-engagement Campaign
15724,128.53,0,0.632505564941825,High,81.29594026197276,47.2,21.9,2,75.2,Feature Adoption Campaign
19554,125.56,0,0.631770949417771,High,79.32516040889533,52.2,-33.8,0,73.4,Re-engagement Campaign
13007,725.71,0,0.6317368282183213,High,458.457733606318,42.0,25.0,1,78.9,Feature Adoption Campaign
14486,380.27,0,0.6283515420614733,High,238.94324089971641,56.3,-11.0,0,72.7,Re-engagement Campaign
10891,877.6,0,0.6280890511642836,High,551.2109513017753,86.3,-14.8,1,39.2,Re-engagement Campaign
14282,121.45,0,0.6270153463292258,High,76.15101381168448,53.1,11.9,2,98.5,Priority Support
18018,369.99,0,0.6269784015276894,High,231.97573878122978,53.7,-7.7,1,65.5,Priority Support
17328,395.89,0,0.6263813383270136,High,247.9781080302814,39.2,-11.3,0,91.7,Feature Adoption Campaign
10721,114.65,0,0.6263679805114026,High,71.81308896563232,73.0,-5.1,1,49.3,Priority Support
13804,1003.31,0,0.6255626676495767,High,627.6332800794968,86.1,-29.5,0,60.4,Re-engagement Campaign
17046,135.22,0,0.6248286100513621,High,84.48932465114518,49.9,-7.5,2,68.8,Feature Adoption Campaign
17842,2315.98,0,0.624116323573513,High,1445.4409230697847,47.9,0.8,1,71.0,Feature Adoption Campaign
18791,347.05,0,0.6238034224171423,High,216.49097774986922,38.8,-28.6,2,86.5,Feature Adoption Campaign
13712,352.94,0,0.6235669984720242,High,220.08173644071624,71.5,24.1,1,81.5,Priority Support
12032,106.37,0,0.6215542551652664,High,66.1147261219294,49.2,-47.0,0,63.6,Feature Adoption Campaign
17051,125.11,0,0.6213199024323708,High,77.73333299331391,79.9,-8.5,2,72.7,Priority Support
15029,390.73,0,0.6211014775841609,High,242.6829803364592,41.8,1.3,0,49.9,Feature Adoption Campaign
19524,367.9,0,0.6203000561182581,High,228.20839064590714,60.3,-41.6,0,72.6,Re-engagement Campaign
11595,381.81,0,0.6198145704117376,High,236.65140112890555,61.7,2.6,0,55.7,Onboarding Intervention
11024,398.92,0,0.6195472103896932,High,247.14977316865642,83.6,-17.2,2,45.2,Re-engagement Campaign
10105,354.02,0,0.6193243792822158,High,219.25321675349005,67.2,-8.8,0,70.2,Customer Success Review
14243,766.79,0,0.6187727984557088,High,474.4687941278529,53.3,-4.4,0,59.0,Onboarding Intervention
11820,354.76,0,0.6177646380087016,High,219.158182979967,45.5,34.0,0,51.0,Feature Adoption Campaign
17391,402.64,0,0.6161423198974413,High,248.08354368350575,61.1,-3.8,0,67.5,Customer Success Review
18668,348.0,0,0.6160673694586717,High,214.39144457161774,34.6,-14.1,0,66.1,Feature Adoption Campaign
14295,822.38,0,0.6154447260087004,High,506.129433775035,55.0,-50.3,0,45.3,Re-engagement Campaign
15088,417.6,0,0.613803553919116,High,256.32436411662286,49.1,-29.3,0,85.4,Feature Adoption Campaign
13635,133.79,0,0.6109608771781104,High,81.74045575765939,49.4,-25.1,0,94.6,Feature Adoption Campaign
11310,111.5,0,0.6104490425778856,High,68.06506824743424,49.0,-16.9,0,91.3,Feature Adoption Campaign
19661,140.51,0,0.6096382353397011,High,85.66026844758139,34.5,-7.5,0,60.1,Feature Adoption Campaign
16391,110.35,0,0.6088807779535386,High,67.18999384717297,63.9,10.8,0,58.0,Onboarding Intervention
19073,868.96,0,0.6085050249562332,High,528.7665264859684,58.7,6.9,1,70.3,Priority Support
19640,104.67,0,0.6059787489795455,High,63.42779565568903,69.2,-20.3,0,65.9,Re-engagement Campaign
13743,1005.17,0,0.6042236958895679,High,607.347532397317,40.9,8.0,0,74.2,Feature Adoption Campaign
17747,130.94,0,0.602428088144161,High,78.88193386159645,50.5,-13.4,0,65.1,Re-engagement Campaign
15056,111.72,0,0.6016339712056156,High,67.21454726309138,36.6,11.6,0,85.0,Feature Adoption Campaign
13631,2457.14,0,0.6008107174205191,High,1476.276046202654,55.2,17.6,1,68.6,Priority Support
19436,126.06,0,0.6004539840174,High,75.69322922523345,75.7,-4.0,1,56.6,Priority Support
12239,132.56,0,0.6003846853912419,High,79.58699389546302,60.7,-17.9,1,99.6,Re-engagement Campaign
17935,131.78,0,0.6002577358130445,High,79.10196442544301,29.5,28.6,0,79.0,Feature Adoption Campaign
14064,111.54,0,0.600244305324307,High,66.9512498158732,58.6,-27.8,1,91.6,Re-engagement Campaign
10630,749.18,0,0.5996230664459539,Medium,449.22560891997966,73.1,-22.8,1,61.8,Re-engagement Campaign
14736,940.73,0,0.599300099890994,Medium,563.7795829704547,21.6,13.3,1,87.9,Feature Adoption Campaign
16068,113.81,0,0.5989240180479559,Medium,68.16354249403787,29.3,-11.8,1,86.6,Feature Adoption Campaign
12601,402.99,0,0.5988133322535895,Medium,241.31578476487402,38.5,-0.8,0,88.5,Feature Adoption Campaign
13170,104.4,0,0.5981638196118311,Medium,62.44830276747517,91.7,-9.5,2,83.6,Priority Support
17261,305.8,0,0.5956333210527017,Medium,182.1446695779162,39.4,-8.9,2,65.2,Feature Adoption Campaign
14178,121.61,0,0.5950675418253666,Medium,72.36616376138284,96.3,-4.2,1,54.4,Priority Support
12153,108.09,0,0.5947708271232739,Medium,64.28877870375467,33.2,21.8,0,77.7,Feature Adoption Campaign
16711,399.12,0,0.5945447945969169,Medium,237.29471841952147,54.5,14.4,1,59.5,Priority Support
19130,106.8,0,0.5930724947034268,Medium,63.34014243432598,29.7,16.0,1,64.2,Feature Adoption Campaign
11775,340.21,0,0.5929567222207714,Medium,201.72980646672863,51.8,-11.2,1,100.0,Re-engagement Campaign
17701,143.39,0,0.5927632890073906,Medium,84.99632801076973,58.7,-12.9,2,44.4,Re-engagement Campaign
17368,114.35,0,0.5922867949121771,Medium,67.72799499820745,58.3,12.3,0,87.1,Customer Success Review
11627,122.24,0,0.5914755138057928,Medium,72.3019668076201,48.2,14.7,2,88.6,Feature Adoption Campaign
10806,125.85,0,0.5908845968125572,Medium,74.36282650886032,53.1,-41.5,0,71.2,Re-engagement Campaign
14839,323.54,0,0.5902721274743242,Medium,190.97664412304286,53.9,-17.2,1,69.7,Re-engagement Campaign
12241,133.78,0,0.5898861990947296,Medium,78.91497571489293,51.8,-22.1,1,94.2,Re-engagement Campaign
12258,126.92,0,0.5896008580429564,Medium,74.83214090281203,42.1,27.8,0,65.9,Feature Adoption Campaign
16569,381.59,0,0.588827053246941,Medium,224.6905152485002,51.8,1.6,1,67.5,Priority Support
10161,135.59,0,0.588798584800123,Medium,79.83520011304869,85.7,6.1,3,66.9,Priority Support
17931,372.81,0,0.5883561939350208,Medium,219.34507266091512,60.2,-7.9,2,70.8,Priority Support
17585,308.68,0,0.587954717843851,Medium,181.48986230403995,35.9,-15.9,0,46.8,Feature Adoption Campaign
11539,334.15,0,0.5876186037337597,Medium,196.3527564376358,44.5,-16.9,0,56.6,Feature Adoption Campaign
16797,403.8,0,0.587597288754871,Medium,237.27178519921694,68.2,35.1,2,75.5,Priority Support
15110,134.98,0,0.586772679953838,Medium,79.20257634016905,41.1,14.6,2,70.0,Feature Adoption Campaign
11937,380.36,0,0.5861491990283142,Medium,222.94770934240958,72.6,-14.3,2,90.6,Re-engagement Campaign
14975,2528.19,0,0.5853827686236085,Medium,1479.9588618065209,72.1,-8.4,1,57.9,Priority Support
10510,404.95,0,0.584250634206012,Medium,236.59229432172455,34.6,7.8,0,100.0,Feature Adoption Campaign
16614,766.3,0,0.5837932248665145,Medium,447.36074821521004,73.7,-37.2,1,54.8,Re-engagement Campaign
15810,983.5,0,0.5834862318881976,Medium,573.8587090620423,50.9,-15.4,1,81.4,Re-engagement Campaign
18351,781.55,0,0.5831569616541085,Medium,455.7663233807684,59.7,5.2,2,89.1,Priority Support
16374,142.55,0,0.5830000854930371,Medium,83.10666218703244,22.3,4.0,0,83.8,Feature Adoption Campaign
13920,357.1,0,0.5828834473205582,Medium,208.14767903817133,81.3,-42.3,0,79.3,Re-engagement Campaign
15761,981.15,0,0.5808198655304704,Medium,569.871411065221,46.3,2.9,1,78.5,Feature Adoption Campaign
14770,333.71,0,0.5797327697652416,Medium,193.46262259835876,56.4,-10.6,0,78.3,Re-engagement Campaign
12089,306.4,0,0.5787919724821423,Medium,177.3418603685284,52.0,-33.7,1,70.9,Re-engagement Campaign
13397,338.47,0,0.5753000678463354,Medium,194.72181396394913,57.9,-6.6,0,92.2,Customer Success Review
12741,112.87,0,0.5745584149318339,Medium,64.8504082933561,70.6,-6.5,0,89.4,Customer Success Review
13341,141.79,0,0.5743679814264432,Medium,81.43963608645538,42.9,-0.6,0,71.2,Feature Adoption Campaign
14386,129.99,0,0.5742401096272516,Medium,74.64547185044644,73.8,-11.2,3,100.0,Re-engagement Campaign
15127,922.88,0,0.5741775765140498,Medium,529.8970018132862,69.9,-33.4,1,99.0,Re-engagement Campaign
17941,982.46,0,0.5739956615348191,Medium,563.9277776314983,39.4,34.4,0,63.9,Feature Adoption Campaign
17572,134.53,0,0.5736515511276193,Medium,77.17334317319863,25.2,-24.5,0,48.9,Feature Adoption Campaign
14489,961.33,0,0.5733640686712741,Medium,551.192080135756,67.8,-15.9,0,73.5,Re-engagement Campaign
10550,971.79,0,0.5732037133473118,Medium,557.0336365937841,58.1,-7.9,1,92.6,Priority Support
11673,932.62,0,0.5714911323641017,Medium,532.9840598654085,33.6,42.6,1,89.0,Feature Adoption Campaign
15548,407.91,0,0.571461871364462,Medium,233.1050119482777,76.2,-28.8,1,71.0,Re-engagement Campaign
14143,387.74,0,0.5713947498852779,Medium,221.55260032051768,71.9,-32.9,0,83.7,Re-engagement Campaign
12602,402.68,0,0.5712729064535187,Medium,230.0401739707029,27.9,-0.1,1,99.9,Feature Adoption Campaign
17805,118.15,0,0.5709567615676892,Medium,67.45854137922248,76.7,-23.6,1,67.4,Re-engagement Campaign
10511,793.36,0,0.5701824227053665,Medium,452.3599268775295,29.5,-32.2,0,100.0,Feature Adoption Campaign
10560,794.97,0,0.569952145413986,Medium,453.09485703975645,73.9,-0.8,1,93.5,Priority Support
12708,411.91,0,0.5680608562190665,Medium,233.9899472851957,56.3,-8.3,0,29.9,Onboarding Intervention
17602,935.07,0,0.5679226847312955,Medium,531.0474648116925,91.2,-37.5,1,35.6,Re-engagement Campaign
16390,124.91,0,0.5674848382522127,Medium,70.88453114608389,72.6,20.7,2,54.7,Priority Support
17130,834.94,0,0.5674349115456508,Medium,473.77410504592575,64.3,22.7,0,83.7,Customer Success Review
14531,937.6,0,0.5667218716235918,Medium,531.3584268342796,61.0,-25.6,0,83.8,Re-engagement Campaign
17347,357.13,0,0.5666795175427884,Medium,202.37825610005603,74.6,0.2,3,96.8,Priority Support
10454,122.75,0,0.5660735269700181,Medium,69.48552543556973,33.6,33.6,1,72.6,Feature Adoption Campaign
19188,116.58,0,0.566032541077454,Medium,65.9880736388096,64.1,-30.4,2,77.0,Re-engagement Campaign
12925,123.84,0,0.5648497750703046,Medium,69.95099614470654,26.2,8.6,0,65.0,Feature Adoption Campaign
18262,2145.6,0,0.5648405191233491,Medium,1211.9218178310578,63.0,-24.8,0,88.3,Re-engagement Campaign
16005,2232.02,0,0.564144093067226,Medium,1259.1808986079097,51.1,22.1,1,80.1,Priority Support
17990,137.35,0,0.5631839997991276,Medium,77.35332237241018,56.4,-33.4,0,84.0,Re-engagement Campaign
19894,133.02,0,0.5623753907129972,Medium,74.8071744726429,67.4,-31.3,0,81.9,Re-engagement Campaign
12195,732.87,0,0.5621603716195497,Medium,411.99047154881936,53.4,-10.0,0,85.0,Customer Success Review
16826,2126.02,0,0.5603740464383157,Medium,1191.366430208788,49.4,33.3,1,88.0,Feature Adoption Campaign
13693,340.17,0,0.5598300741214531,Medium,190.4373963138947,47.6,-22.8,0,80.3,Feature Adoption Campaign
13580,407.98,0,0.5596386975202579,Medium,228.3213958143148,47.2,-8.3,1,96.6,Feature Adoption Campaign
11791,793.8,0,0.5587141109417397,Medium,443.507261265553,72.0,-9.2,0,60.5,Customer Success Review
19724,1930.51,0,0.5585440834466705,Medium,1078.274938534632,62.5,-1.8,1,55.4,Priority Support
12091,331.57,0,0.558408437818087,Medium,185.1514857273431,87.7,-2.0,1,82.4,Priority Support
10048,337.55,0,0.5582703070275592,Medium,188.44414213715262,56.1,15.4,0,84.0,Customer Success Review
11245,109.91,0,0.5579999796815196,Medium,61.329777766795814,74.3,-9.7,0,66.7,Customer Success Review
18662,116.49,0,0.5577327385874338,Medium,64.97028671805016,49.3,-15.0,1,69.3,Feature Adoption Campaign
15947,349.52,0,0.555864765508202,Medium,194.28585284042674,54.6,-13.1,2,64.5,Re-engagement Campaign
11917,119.55,0,0.5550496040236298,Medium,66.35618016102494,56.4,5.4,1,55.3,Priority Support
16899,961.59,0,0.5548469561319759,Medium,533.5352845469467,22.4,-4.4,0,85.8,Feature Adoption Campaign
16993,109.8,0,0.5541737689433701,Medium,60.84827982998204,94.6,-9.0,2,64.6,Priority Support
19515,346.01,0,0.55167578898259,Medium,190.88533974586593,28.2,-2.8,1,100.0,Feature Adoption Campaign
16051,332.92,0,0.5511331822091666,Medium,183.48325902107575,98.7,8.4,1,60.9,Priority Support
16175,378.51,0,0.5494787979718002,Medium,207.9832198203061,55.9,1.3,1,76.6,Priority Support
12804,347.22,0,0.5492958000699534,Medium,190.72648770028923,65.5,3.2,3,77.7,Priority Support
16343,138.95,0,0.5487828586503268,Medium,76.25337820946291,11.3,-3.0,0,79.0,Feature Adoption Campaign
19584,334.32,0,0.546622436611901,Medium,182.74681300809075,83.0,-1.1,2,93.3,Priority Support
17965,2137.1,0,0.5452425939102347,Medium,1165.2379474455624,64.2,-9.7,3,100.0,Priority Support
14756,396.75,0,0.5443966589715509,Medium,215.9893744469628,53.1,10.2,0,94.7,Customer Success Review
10015,121.89,0,0.5443739682453027,Medium,66.35374298941994,26.9,9.2,0,91.8,Feature Adoption Campaign
19009,765.4,0,0.5442712865615887,Medium,416.58524273424,61.1,-16.0,0,100.0,Re-engagement Campaign
15908,2298.62,0,0.5438987348456404,Medium,1250.216509890886,67.7,3.6,2,77.6,Priority Support
11150,330.43,0,0.5430440244774085,Medium,179.4380370080701,43.2,-1.9,1,73.6,Feature Adoption Campaign
12343,402.04,0,0.5419377505623869,Medium,217.88065323610203,42.1,8.5,0,87.9,Feature Adoption Campaign
17940,111.94,0,0.5417022466430831,Medium,60.63814948922672,60.8,6.9,0,83.8,Customer Success Review
14366,142.04,0,0.5413130835057788,Medium,76.88811038116081,54.2,-15.9,0,94.4,Re-engagement Campaign
11367,117.39,0,0.5409985380432901,Medium,63.50781838090183,51.3,19.4,1,47.1,Priority Support
10886,864.47,0,0.5404013494473127,Medium,467.1607545567184,19.7,-32.7,0,73.7,Feature Adoption Campaign
11494,328.67,0,0.5400621193674997,Medium,177.50221677251614,65.5,30.6,2,89.5,Priority Support
19356,752.14,0,0.539923235093296,Medium,406.09786204307164,19.9,-10.6,0,62.8,Feature Adoption Campaign
10879,412.73,0,0.5396994079801787,Medium,222.75013665565916,33.4,3.2,1,88.2,Feature Adoption Campaign
12288,844.17,0,0.5394533366272786,Medium,455.3903231806497,39.3,2.9,0,72.5,Feature Adoption Campaign
15014,115.05,0,0.5394399493118818,Medium,62.062566168332,54.7,25.4,1,50.6,Priority Support
11982,988.56,0,0.5380863665966434,Medium,531.9306585627778,57.8,0.6,0,52.2,Onboarding Intervention
10164,136.66,0,0.5371620421347952,Medium,73.40856467814112,69.2,-1.3,1,87.4,Priority Support
14458,122.6,0,0.5362086145301942,Medium,65.7391761414018,48.6,7.6,2,92.0,Feature Adoption Campaign
17683,341.23,0,0.5351952776439971,Medium,182.62468459046113,47.6,13.6,1,74.0,Feature Adoption Campaign
19358,2637.24,0,0.5348147999705243,Medium,1410.4349830742653,61.7,-12.5,2,87.2,Re-engagement Campaign
11671,983.28,0,0.5347043926894381,Medium,525.7641352436707,51.1,-4.6,0,68.6,Customer Success Review
19865,107.42,0,0.5345033401002538,Medium,57.41634879356926,79.9,3.9,1,72.1,Priority Support
18891,319.04,0,0.5332561965206796,Medium,170.13005693795762,29.8,5.0,0,95.0,Feature Adoption Campaign
13489,109.78,0,0.5331756031612062,Medium,58.53201771503721,27.0,23.1,2,91.1,Feature Adoption Campaign
17219,2054.12,0,0.5330599792570665,Medium,1094.9691645915254,53.6,0.7,2,100.0,Priority Support
17883,126.93,0,0.5322305481869635,Medium,67.55602348137128,58.8,42.4,1,65.0,Priority Support
14165,115.41,0,0.5320521520373463,Medium,61.40413886663014,59.1,20.6,2,61.4,Priority Support
18040,2433.93,0,0.5315841000380666,Medium,1293.8384886056513,50.4,-3.8,0,91.9,Customer Success Review
16185,106.1,0,0.5313165913917463,Medium,56.37269034666427,17.3,12.2,0,81.6,Feature Adoption Campaign
12460,302.99,0,0.5309124690590178,Medium,160.8611690001918,46.6,4.6,0,73.5,Feature Adoption Campaign
15277,335.54,0,0.5307017512676171,Medium,178.07166562033626,56.3,-9.6,1,46.6,Priority Support
10221,133.99,0,0.5292599131847987,Medium,70.91553576763118,56.3,-26.6,0,70.0,Re-engagement Campaign
13888,1924.42,0,0.5287587073432084,Medium,1017.5538315854171,80.3,-12.7,1,59.6,Re-engagement Campaign
12787,352.85,0,0.5285401586526568,Medium,186.49539498058996,73.9,-23.9,2,100.0,Re-engagement Campaign
16128,795.67,0,0.5280431995593118,Medium,420.14813259335756,62.8,-21.0,1,95.9,Re-engagement Campaign
15407,304.4,0,0.5270254264988257,Medium,160.42653982624253,51.2,14.6,1,81.3,Priority Support
11274,396.13,0,0.5267054742504517,Medium,208.64383951483143,51.7,16.6,2,53.9,Priority Support
15904,142.8,0,0.526142312663911,Medium,75.1331222484065,29.1,18.4,0,86.9,Feature Adoption Campaign
17080,112.87,0,0.5259646518907267,Medium,59.36563025890633,65.1,-11.6,0,68.8,Re-engagement Campaign
19908,724.3,0,0.5249048760171035,Medium,380.188601699188,78.2,-21.8,0,51.5,Re-engagement Campaign
11847,787.98,0,0.5247263425309734,Medium,413.47386338755643,59.4,-4.1,0,77.3,Customer Success Review
13816,312.56,0,0.5240847227283709,Medium,163.8079209359796,62.6,-12.5,2,100.0,Re-engagement Campaign
14215,1002.36,0,0.5238792182539546,Medium,525.1155732090339,30.7,-8.6,1,47.0,Feature Adoption Campaign
19239,418.35,0,0.5234265501341755,Medium,218.97549724863234,65.0,-20.9,1,63.7,Re-engagement Campaign
18453,999.34,0,0.5228961376302249,Medium,522.5510261793889,50.2,-42.1,1,87.9,Re-engagement Campaign
18007,105.6,0,0.5227774489520056,Medium,55.20529860933179,51.6,-0.3,0,69.5,Customer Success Review
15817,130.89,0,0.5226362058627595,Medium,68.40785298537658,60.2,-8.3,0,78.9,Customer Success Review
19979,802.05,0,0.5221975081061364,Medium,418.8285113765267,75.1,-1.4,1,85.5,Priority Support
19244,134.27,0,0.5220799121668837,Medium,70.09966980664747,75.8,7.5,2,65.7,Priority Support
14936,138.79,0,0.5209122351843101,Medium,72.29740912123039,70.3,6.7,0,65.7,Customer Success Review
14847,414.78,0,0.520790863789095,Medium,216.0136344824408,60.3,-12.6,0,56.5,Re-engagement Campaign
11624,320.32,0,0.5203013079024775,Medium,166.6629149473216,68.9,-10.0,0,77.9,Customer Success Review
15993,352.58,0,0.5201646817318477,Medium,183.39966348501486,53.4,-0.9,0,64.3,Customer Success Review
16066,2014.32,0,0.5197232840884203,Medium,1046.8890056049868,42.2,-10.2,2,100.0,Feature Adoption Campaign
11876,1010.74,0,0.5187648104822797,Medium,524.3363445468594,70.9,16.4,1,37.7,Priority Support
14413,2373.63,0,0.5185585436747029,Medium,1230.8661160225852,68.4,3.0,2,42.9,Priority Support
13627,2117.76,0,0.5173978155169325,Medium,1095.7243977891392,44.8,-16.6,0,92.7,Feature Adoption Campaign
18149,2595.26,0,0.5171316063897725,Medium,1342.0909727991211,58.4,19.9,0,72.9,Customer Success Review
18002,907.33,0,0.5171195963279038,Medium,469.198123336197,47.8,-29.3,1,98.2,Feature Adoption Campaign
12818,298.12,0,0.5167321959062066,Medium,154.0482022435583,58.5,-13.8,0,68.1,Re-engagement Campaign
18676,796.5,0,0.5157638743863483,Medium,410.80592594872644,29.5,-25.9,0,73.1,Feature Adoption Campaign
16892,2312.01,0,0.5153924429001359,Medium,1191.5924819095433,60.7,-15.4,0,67.1,Re-engagement Campaign
14271,333.68,0,0.5148850040839934,Medium,171.8068281627469,58.0,-45.6,2,64.8,Re-engagement Campaign
18830,108.07,0,0.5146898323809408,Medium,55.622530185408266,63.6,-42.3,0,95.2,Re-engagement Campaign
15939,804.02,0,0.5138225356550934,Medium,413.1235951174082,58.6,-16.1,1,71.6,Re-engagement Campaign
13241,341.06,0,0.5132876832313229,Medium,175.06189724287498,71.0,-30.3,0,97.2,Re-engagement Campaign
18258,392.82,0,0.5128733332564472,Medium,201.4669027697976,72.4,-16.4,1,82.0,Re-engagement Campaign
17033,119.29,0,0.5122957330217854,Medium,61.11175799216879,67.0,-23.8,0,55.5,Re-engagement Campaign
17276,913.29,0,0.5122066178775001,Medium,467.79318204134205,40.4,-38.8,1,53.0,Feature Adoption Campaign
10505,111.95,0,0.5112798761308188,Medium,57.23778213284517,66.4,-5.4,1,93.3,Priority Support
12051,108.6,0,0.5112753690235525,Medium,55.524505075957805,66.8,-4.6,0,86.3,Customer Success Review
15587,124.97,0,0.5102855641642019,Medium,63.77038695360031,36.8,27.0,1,100.0,Feature Adoption Campaign
19800,346.2,0,0.5101100970113843,Medium,176.60011558534126,44.6,-16.9,0,92.1,Feature Adoption Campaign
16572,137.78,0,0.5100714744464726,Medium,70.277647749235,59.0,-21.6,1,58.6,Re-engagement Campaign
10408,143.36,0,0.5097748007860251,Medium,73.08131544068456,87.4,6.2,0,87.7,Customer Success Review
13643,806.21,0,0.5094526848436703,Medium,410.7258490478155,36.4,-7.1,1,55.4,Feature Adoption Campaign
15596,737.4,0,0.5082741746109748,Medium,374.8013763581328,26.3,-13.0,1,92.2,Feature Adoption Campaign
17104,2413.81,0,0.5080611585905658,Medium,1226.3631052174935,61.4,-9.4,2,60.9,Priority Support
11071,132.58,0,0.5080348535791276,Medium,67.35526088752074,86.6,4.0,1,55.3,Priority Support
13669,2054.23,0,0.5075354605106351,Medium,1042.594569044762,37.5,10.2,1,88.3,Feature Adoption Campaign
18920,870.53,0,0.5074399352531472,Medium,441.7416868359222,25.5,-0.7,0,84.0,Feature Adoption Campaign
18905,2079.9,0,0.5071169967510615,Medium,1054.7526415425327,52.3,22.2,1,100.0,Priority Support
16210,141.76,0,0.5070832023772357,Medium,71.88411476899692,72.2,23.3,1,59.6,Priority Support
11732,322.31,0,0.5066953335348674,Medium,163.31297295162312,54.4,-8.1,0,72.9,Customer Success Review
16810,785.72,0,0.5060874750507693,Medium,397.6430508968905,42.0,12.5,0,68.3,Feature Adoption Campaign
10175,139.46,0,0.5056938735789858,Medium,70.52406760932536,87.5,-16.6,1,62.3,Re-engagement Campaign
19007,795.92,0,0.5055154878178166,Medium,402.3498870639566,48.4,7.9,0,56.9,Feature Adoption Campaign
10847,138.15,0,0.5049886483750421,Medium,69.76418177301207,59.6,3.2,1,83.8,Priority Support
14287,126.91,0,0.5049503604923,Medium,64.0832502500778,60.1,9.5,1,88.9,Priority Support
15704,121.92,0,0.5046896386803622,Medium,61.531760747909765,69.0,-10.5,1,88.1,Re-engagement Campaign
14725,105.18,0,0.5037825326293908,Medium,52.98784678195933,60.3,5.9,0,76.2,Customer Success Review
18767,310.83,0,0.5035344479858112,Medium,156.51361246742968,33.1,-11.1,0,73.5,Feature Adoption Campaign
14224,396.14,0,0.5030895752699266,Medium,199.2939043474287,41.3,-23.3,0,100.0,Feature Adoption Campaign
16480,326.04,0,0.5030381391656549,Medium,164.01055489357012,66.0,-20.4,0,79.0,Re-engagement Campaign
16394,819.61,0,0.5030228482983427,Medium,412.2825566938046,36.6,10.5,0,59.9,Feature Adoption Campaign
12892,355.28,0,0.502811331030538,Medium,178.63880968852953,50.8,40.2,1,71.2,Priority Support
14214,394.3,0,0.5018021298829493,Medium,197.8605798128469,56.1,2.8,0,60.1,Customer Success Review
16767,321.32,0,0.5017470704979456,Medium,161.2213686923999,49.3,-25.0,0,66.3,Feature Adoption Campaign
14469,127.59,0,0.5015387287134657,Medium,63.991326396551095,42.5,-53.7,1,91.8,Feature Adoption Campaign
15292,344.62,0,0.501399535395594,Medium,172.7923078880296,55.9,19.7,0,48.1,Onboarding Intervention
16508,109.49,0,0.5004845685919044,Medium,54.79805541512761,87.1,-39.2,0,73.4,Re-engagement Campaign
17634,388.97,0,0.5003578580058813,Medium,194.62419602854766,49.4,-17.1,0,60.8,Feature Adoption Campaign
18055,339.02,0,0.4997965433501277,Medium,169.44102412656028,62.9,-15.9,0,88.7,Re-engagement Campaign
16682,1898.28,0,0.49959741068211516,Medium,948.3757727496455,40.1,-18.0,0,69.8,Feature Adoption Campaign
17385,2245.05,0,0.49889418307991673,Medium,1120.0423857235671,63.0,-40.8,1,96.8,Re-engagement Campaign
14311,2153.2,0,0.4987164870924502,Medium,1073.8363400074636,39.7,20.6,1,51.7,Feature Adoption Campaign
16755,112.47,0,0.4975726440313915,Medium,55.9619952742106,53.8,-11.1,1,80.3,Re-engagement Campaign
12565,340.36,0,0.49745840966971855,Medium,169.31494431518541,77.5,-20.0,1,87.3,Re-engagement Campaign
12814,1888.93,0,0.4967344049618215,Medium,938.2965195645335,73.8,-37.4,1,65.4,Re-engagement Campaign
17910,2191.96,0,0.4966867484618671,Medium,1088.7174851584743,75.5,-9.0,0,61.9,Customer Success Review
11294,308.12,0,0.49599279914801503,Medium,152.8253012734864,31.9,10.9,1,83.2,Feature Adoption Campaign
18234,115.24,0,0.4946626700640289,Medium,57.00492609817869,38.1,10.7,0,85.8,Feature Adoption Campaign
10750,967.21,0,0.49426671023088736,Medium,478.0597048024166,66.9,-31.6,0,93.4,Re-engagement Campaign
17003,410.26,0,0.4940786002248289,Medium,202.7006865282383,63.2,16.8,3,97.5,Priority Support
17041,2182.22,0,0.4939750077276088,Medium,1077.9621413633424,44.4,-12.9,0,76.0,Feature Adoption Campaign
17151,106.42,0,0.49393457902779264,Medium,52.564517900137695,72.0,4.4,1,84.6,Priority Support
15728,736.59,0,0.49374007758530775,Medium,363.68400374856185,75.1,-25.0,1,61.2,Re-engagement Campaign
11364,2627.07,0,0.49372261237138876,Medium,1297.0438632825044,46.0,4.4,1,89.8,Feature Adoption Campaign
13941,376.57,0,0.4936729353805324,Medium,185.9024172762471,68.2,-20.3,0,88.1,Re-engagement Campaign
16315,358.98,0,0.4935905453735066,Medium,177.18913397818142,66.5,-25.1,0,43.8,Re-engagement Campaign
17862,138.91,0,0.4933929239733545,Medium,68.53721106913866,35.0,35.2,1,53.0,Feature Adoption Campaign
19029,120.59,0,0.49326802060336467,Medium,59.483190604559745,67.9,-9.9,0,55.0,Onboarding Intervention
14558,139.63,0,0.4931153855093122,Medium,68.85370127866527,65.3,-17.9,0,86.8,Re-engagement Campaign
19416,331.26,0,0.4923708152076884,Medium,163.10275624569886,51.4,-16.0,0,100.0,Re-engagement Campaign
12531,113.54,0,0.4922024019028241,Medium,55.88466071204665,56.2,-11.6,1,94.7,Re-engagement Campaign
18568,114.91,0,0.49193282716807235,Medium,56.52800116988319,60.1,18.3,2,92.7,Priority Support
11861,345.11,0,0.49173950912571046,Medium,169.70422199437394,28.7,-41.5,0,99.2,Feature Adoption Campaign
10613,1011.85,0,0.4916004318882218,Medium,497.4258970060972,66.5,-4.0,0,59.4,Onboarding Intervention
11778,416.58,0,0.4915113528024617,Medium,204.7537993504495,66.7,22.0,2,80.8,Priority Support
10278,318.19,0,0.49142979743986365,Medium,156.36804724739022,51.8,5.5,1,86.8,Priority Support
16180,121.73,0,0.49109325472692056,Medium,59.78078189790804,65.0,13.9,1,53.9,Priority Support
16535,391.3,0,0.4905725480332839,Medium,191.96103804542398,88.0,0.5,1,44.2,Priority Support
16931,381.76,0,0.4898163306589539,Medium,186.99228239236223,66.0,8.6,0,86.6,Customer Success Review
19620,403.89,0,0.48927292444151166,Medium,197.61244145268213,49.4,44.7,1,60.7,Feature Adoption Campaign
16373,2136.49,0,0.4890273799092739,Medium,1044.8021069023646,57.0,-7.6,0,91.8,Customer Success Review
15538,348.11,0,0.4887237068200972,Medium,170.12960958114405,72.2,2.4,1,55.9,Priority Support
17443,109.07,0,0.4886286624610056,Medium,53.29472821462188,57.2,48.5,1,87.5,Priority Support
11421,333.73,0,0.488596878886138,Medium,163.05943639067084,68.4,2.0,1,73.7,Priority Support
13238,319.0,0,0.488188933104171,Medium,155.73226966023054,76.0,-25.6,1,78.3,Re-engagement Campaign
17918,977.44,0,0.48689436528029206,Medium,475.9100283995687,43.4,-22.1,1,81.6,Feature Adoption Campaign
15442,126.98,0,0.48590962323050624,Medium,61.70080395780968,40.3,23.4,1,96.3,Feature Adoption Campaign
12984,349.39,0,0.48589259825978975,Medium,169.76601490598793,41.0,6.2,1,60.2,Feature Adoption Campaign
16712,119.59,0,0.48571864363445183,Medium,58.0870925922441,52.7,6.5,0,60.1,Customer Success Review
17838,356.02,0,0.4855079125378968,Medium,172.850527021742,88.5,-1.2,1,96.9,Priority Support
18520,107.93,0,0.48532022230311317,Medium,52.380611593175004,49.2,3.2,0,36.1,Feature Adoption Campaign
16630,894.32,0,0.48514780642277217,Medium,433.8773862400136,46.6,14.9,0,44.8,Feature Adoption Campaign
15357,310.57,0,0.4848901867329576,Medium,150.59234529365463,50.7,38.2,1,99.9,Priority Support
13336,313.81,0,0.48359409578400603,Medium,151.75666319797892,48.7,32.2,1,100.0,Feature Adoption Campaign
16501,931.38,0,0.4829331279887819,Medium,449.7942567461917,54.2,4.7,1,49.3,Priority Support
13124,412.68,0,0.48247308450021886,Medium,199.10699251155032,69.2,15.9,0,82.9,Customer Success Review
12469,134.7,0,0.4819109990509924,Medium,64.91341157216867,63.4,8.1,0,89.4,Customer Success Review
17685,137.92,0,0.4815330342001099,Medium,66.41303607687915,52.6,-10.8,0,71.3,Re-engagement Campaign
19051,133.62,0,0.48142219497445266,Medium,64.32763369248637,46.7,-11.8,0,93.7,Feature Adoption Campaign
15520,408.63,0,0.48115541957673974,Medium,196.61453910164315,42.4,2.7,1,80.8,Feature Adoption Campaign
17397,129.77,0,0.4807194142066618,Medium,62.382958381598506,100.0,-8.8,3,61.7,Priority Support
18869,941.93,0,0.4806069546041923,Medium,452.6981087503268,47.7,7.9,0,88.1,Feature Adoption Campaign
12429,986.81,0,0.4805173500455658,Medium,474.17932619846476,53.4,10.3,2,85.4,Priority Support
18973,807.37,0,0.48051573778098844,Medium,387.95399121223664,52.7,-13.7,0,66.9,Re-engagement Campaign
14303,935.63,0,0.4800358577201306,Medium,449.13594955868575,39.1,-2.3,0,100.0,Feature Adoption Campaign
17609,363.8,0,0.4788538203239572,Medium,174.20701983385564,88.8,-24.3,0,74.9,Re-engagement Campaign
11705,747.42,0,0.47835433805549504,Medium,357.53159934943807,66.8,9.1,2,65.5,Priority Support
14219,396.98,0,0.47778378713573216,Medium,189.67060781714295,37.3,12.4,1,100.0,Feature Adoption Campaign
12908,788.29,0,0.4777152115096291,Medium,376.5781240809255,44.4,2.9,1,80.6,Feature Adoption Campaign
18708,131.79,0,0.47724919534580756,Medium,62.89667145462398,46.7,33.4,1,87.5,Feature Adoption Campaign
13867,887.67,0,0.4761649876779568,Medium,422.67737461209185,52.8,22.8,1,95.0,Priority Support
11546,139.87,0,0.4757001816700618,Medium,66.53618441019154,78.2,4.6,1,81.0,Priority Support
12633,107.06,0,0.47569475311066,Medium,50.92788026802726,90.0,-11.9,1,59.8,Re-engagement Campaign
14322,343.53,0,0.47567744213259955,Medium,163.4094716958119,59.9,4.6,1,100.0,Priority Support
12124,768.33,0,0.47518302859810607,Medium,365.0973763627829,50.7,56.8,1,73.7,Priority Support
11967,110.48,0,0.4751176562258766,Medium,52.49099865983485,67.4,8.0,0,70.7,Customer Success Review
13844,2065.83,0,0.47385001794863374,Medium,978.893582578826,62.8,16.7,0,61.0,Customer Success Review
11547,332.41,0,0.4736531699712658,Medium,157.44705023014848,83.5,6.4,2,81.9,Priority Support
18839,113.46,0,0.473271503137011,Medium,53.69738474592526,79.0,-10.7,1,65.2,Re-engagement Campaign
12108,120.32,0,0.4728655656606841,Medium,56.89518486029351,63.8,12.8,2,58.0,Priority Support
14913,136.8,0,0.47176444592009775,Medium,64.53737620186938,63.4,9.7,1,68.2,Priority Support
17752,143.67,0,0.4708002017244246,Medium,67.63986498174808,64.0,-9.7,0,89.8,Customer Success Review
11535,728.26,0,0.4707334493072287,Medium,342.8163417924824,46.7,1.7,0,89.7,Feature Adoption Campaign
14785,413.05,0,0.4706530904914743,Medium,194.40325902750345,46.7,10.6,0,100.0,Feature Adoption Campaign
16953,410.68,0,0.47047002702224405,Medium,193.2126306974952,61.3,-24.8,1,79.6,Re-engagement Campaign
11530,107.35,0,0.47011243337444614,Medium,50.46656972274679,68.5,-20.3,0,90.0,Re-engagement Campaign
15768,112.98,0,0.469948803232888,Medium,53.09481578925169,76.7,5.3,0,22.4,Onboarding Intervention
14673,115.2,0,0.4697253966652868,Medium,54.11236569584104,100.0,-26.9,1,67.8,Re-engagement Campaign
14326,739.69,0,0.4691046354595997,Medium,346.99200780311133,53.6,10.5,1,69.9,Priority Support
17176,335.18,0,0.46881361508769753,Medium,157.13694750509447,65.5,-20.4,0,91.7,Re-engagement Campaign
15698,950.38,0,0.46873274016191374,Medium,445.4742215950796,64.2,32.0,0,91.3,Customer Success Review
10086,385.67,0,0.4682332170992792,Medium,180.583504838679,65.2,-12.3,1,100.0,Re-engagement Campaign
15360,932.04,0,0.468128213831535,Medium,436.31422041954386,41.2,38.3,1,100.0,Feature Adoption Campaign
18888,318.73,0,0.4679733342560011,Medium,149.15714082741522,70.9,-1.9,1,86.2,Priority Support
18495,123.0,0,0.4669585829111788,Medium,57.435905698075,63.6,20.1,0,63.2,Customer Success Review
14694,388.25,0,0.4665529943378696,Medium,181.13920005167788,59.4,-12.1,0,81.7,Re-engagement Campaign
12229,384.08,0,0.46623359298187356,Medium,179.07099839247797,43.5,-45.4,0,61.5,Feature Adoption Campaign
10799,2266.07,0,0.46621665180388816,Medium,1056.4795681532369,69.9,41.7,1,87.6,Priority Support
19201,332.08,0,0.46574008440506326,Medium,154.6629672292334,100.0,-37.2,2,49.2,Re-engagement Campaign
16217,2082.95,0,0.4656745800870271,Medium,969.976866592273,57.7,5.4,1,100.0,Priority Support
16800,143.11,0,0.4651676134108212,Medium,66.57013715522262,72.2,10.1,0,68.3,Customer Success Review
10485,336.54,0,0.4645540398105797,Medium,156.3410165578525,77.4,-32.4,0,100.0,Re-engagement Campaign
16861,116.82,0,0.4643986851606662,Medium,54.25105440046902,64.7,5.1,0,65.8,Customer Success Review
16672,139.36,0,0.46258435875930753,Medium,64.4657562366971,57.1,29.8,1,59.8,Priority Support
17653,780.74,0,0.4625153823429427,Medium,361.1042596104291,67.7,-20.7,0,74.1,Re-engagement Campaign
10076,1961.73,0,0.46250368312906953,Medium,907.3073503047896,48.9,15.9,0,76.9,Feature Adoption Campaign
13773,2456.41,0,0.46127145735060426,Medium,1133.0718205505977,54.1,25.9,0,62.8,Customer Success Review
10269,128.42,0,0.4611929244416752,Medium,59.22639535679993,89.9,-1.0,4,100.0,Priority Support
10480,129.41,0,0.46113530946898473,Medium,59.675520398381316,37.0,18.9,0,100.0,Feature Adoption Campaign
12299,299.97,0,0.46101327359046207,Medium,138.29015167893093,55.8,-26.7,1,91.4,Re-engagement Campaign
11443,403.71,0,0.4607939874653758,Medium,186.02714067964686,73.3,22.7,1,85.7,Priority Support
19235,135.34,0,0.4591413230727623,Medium,62.14018666466765,61.5,-33.8,0,73.5,Re-engagement Campaign
11814,131.72,0,0.4588925670783188,Medium,60.445328935556155,56.3,8.5,0,79.2,Customer Success Review
13943,128.76,0,0.4588139553027499,Medium,59.07688488478207,82.0,3.9,3,99.5,Priority Support
13332,102.87,0,0.45828786272770805,Medium,47.14407243879933,47.0,3.7,1,46.4,Feature Adoption Campaign
18003,1905.77,0,0.45827533211443255,Medium,873.3673796837221,38.5,-17.2,0,100.0,Feature Adoption Campaign
13407,123.33,0,0.4569266954769725,Medium,56.35276935317502,76.9,29.5,2,77.2,Priority Support
17787,817.71,0,0.45462438082275325,Medium,371.7509024425736,67.7,-59.0,0,69.9,Re-engagement Campaign
16365,416.38,0,0.45431000661987625,Medium,189.16560055638408,59.5,0.2,1,70.4,Priority Support
19882,979.82,0,0.45368230423337064,Medium,444.5269953339412,74.7,-37.6,0,83.2,Re-engagement Campaign
15986,377.47,0,0.4531492847080501,Medium,171.0502604987477,42.9,18.5,0,73.9,Feature Adoption Campaign
16683,739.71,0,0.4527128679641644,Medium,334.87623556177203,68.6,-7.6,1,73.0,Priority Support
13301,103.86,0,0.45263881392903393,Medium,47.01106721466947,41.1,2.1,0,100.0,Feature Adoption Campaign
19798,335.61,0,0.452245107104227,Medium,151.77798039524964,61.4,14.6,0,73.1,Customer Success Review
12974,989.23,0,0.4520975250502041,Medium,447.2284347054134,52.7,-55.8,1,66.7,Re-engagement Campaign
12276,371.7,0,0.4518905764302007,Medium,167.9677272591056,59.3,3.0,0,80.0,Customer Success Review
15884,307.13,0,0.451699754711643,Medium,138.7305456645869,59.3,8.8,0,27.9,Onboarding Intervention
18940,788.73,0,0.4512424312050625,Medium,355.908442764369,51.7,-37.2,0,50.9,Re-engagement Campaign
10335,104.76,0,0.4502489604580271,Medium,47.16808109758292,51.2,-20.2,1,100.0,Re-engagement Campaign
10008,997.41,0,0.4500227027782518,Medium,448.8571439780561,54.6,9.9,1,75.8,Priority Support
10091,2006.41,0,0.44974795215497515,Medium,902.3787886832637,68.4,-24.5,0,81.3,Re-engagement Campaign
16914,900.57,0,0.4496345505951574,Medium,404.9273872294809,56.7,5.7,1,78.1,Priority Support
17979,954.09,0,0.4490607291317941,Medium,428.44435105735346,75.1,-8.8,0,54.5,Onboarding Intervention
15122,301.99,0,0.44734847397945493,Medium,135.0947656570556,53.5,8.6,1,83.2,Priority Support
10303,403.54,0,0.44721647289734445,Medium,180.4697354729944,60.8,16.3,0,84.5,Customer Success Review
10126,380.16,0,0.44663163526044414,Medium,169.79148246061047,56.9,-20.0,0,44.7,Re-engagement Campaign
13636,330.14,0,0.4457335154179489,Medium,147.15446278008164,66.4,-11.3,1,71.2,Re-engagement Campaign
16236,300.61,0,0.4456955794085322,Medium,133.98054812599887,33.8,22.4,1,59.3,Feature Adoption Campaign
12294,405.68,0,0.4448181134443165,Medium,180.4538122620903,53.6,-3.4,2,81.7,Priority Support
12512,2512.45,0,0.44480162300601866,Medium,1117.5418377214714,80.3,35.6,0,100.0,Customer Success Review
13606,803.88,0,0.44469261595894083,Medium,357.47950011707337,81.0,-19.6,0,68.4,Re-engagement Campaign
19674,758.45,0,0.44377134571901855,Medium,336.57837716058964,75.2,31.7,1,90.8,Priority Support
12614,841.12,0,0.44356841632450794,Medium,373.0942663388701,61.8,37.8,1,81.6,Priority Support
15348,139.07,0,0.44342906061941195,Medium,61.66767946034162,86.4,-4.3,1,62.7,Priority Support
11094,103.69,0,0.44310781471732674,Medium,45.94584930803961,59.1,-1.1,1,78.6,Priority Support
15615,827.05,0,0.4422723293266704,Medium,365.78132996962273,63.4,-30.7,0,65.5,Re-engagement Campaign
12430,376.23,0,0.44169085234149097,Medium,166.17734937643917,53.6,-1.3,0,66.3,Customer Success Review
18652,120.54,0,0.43967098302609864,Medium,52.99794029396593,69.3,-27.3,2,97.3,Re-engagement Campaign
16294,405.38,0,0.4395399630155228,Medium,178.18071020723264,55.4,53.3,1,53.7,Priority Support
15898,142.52,0,0.4390873427832177,Medium,62.57872809346419,89.0,16.6,0,67.4,Customer Success Review
10960,338.1,0,0.4386035039911977,Medium,148.29184469942393,71.4,-15.1,0,41.2,Re-engagement Campaign
14346,877.86,0,0.4370475173728826,Medium,383.66653360095876,65.7,-21.3,0,69.2,Re-engagement Campaign
19183,757.08,0,0.43675533753158763,Medium,330.6587309384144,66.3,-16.3,1,58.7,Re-engagement Campaign
10627,109.38,0,0.43614423741559005,Medium,47.70545668851724,61.7,-5.2,0,72.3,Customer Success Review
11760,139.53,0,0.43607872808184023,Medium,60.846064929259164,59.8,-15.0,1,82.9,Re-engagement Campaign
16295,115.25,0,0.4359783864562542,Medium,50.24650903908329,65.4,-23.0,1,39.6,Re-engagement Campaign
13802,121.62,0,0.43561199070821216,Medium,52.97913030993276,60.4,-50.5,0,100.0,Re-engagement Campaign
12465,304.48,0,0.43544657754461286,Medium,132.58477393078374,56.8,-21.7,0,97.5,Re-engagement Campaign
12224,366.73,0,0.43533828554335424,Medium,159.65160945731432,53.8,-27.0,2,63.8,Re-engagement Campaign
19151,2086.15,0,0.4350003334065613,Medium,907.4759455360979,72.6,-3.4,0,63.0,Customer Success Review
17415,403.02,0,0.43394981556498,Medium,174.89045466899825,39.4,-12.1,0,98.3,Feature Adoption Campaign
16456,774.85,0,0.4338812650205456,Medium,336.1928982011697,40.3,-3.3,2,100.0,Feature Adoption Campaign
14620,113.92,0,0.43248576026311936,Medium,49.26877780917456,91.0,-11.4,0,66.5,Re-engagement Campaign
19950,103.53,0,0.4322329983472453,Medium,44.74908231889031,76.9,-25.0,2,55.7,Re-engagement Campaign
12436,2050.47,0,0.4320966956712002,Medium,886.0013115729257,55.1,33.1,1,97.6,Priority Support
13620,392.15,0,0.43177270916931093,Medium,169.31966790074526,73.1,8.0,2,72.3,Priority Support
18389,747.62,0,0.4314495641489121,Medium,322.56032314900966,86.3,-2.9,2,53.3,Priority Support
16713,724.49,0,0.43092266873709983,Medium,312.19916427334147,44.2,16.2,0,75.1,Feature Adoption Campaign
13312,115.77,0,0.4305299202724924,Medium,49.84244886994644,40.1,41.0,0,62.4,Feature Adoption Campaign
15465,125.59,0,0.430283439988701,Medium,54.03929722818096,28.2,10.8,0,63.9,Feature Adoption Campaign
16451,914.38,0,0.43003669326875366,Medium,393.216951591083,65.0,-0.6,1,66.0,Priority Support
15994,318.99,0,0.42987208847298725,Medium,137.12489750199822,41.1,0.5,1,98.5,Feature Adoption Campaign
17631,2425.57,0,0.4297996672252551,Medium,1042.5091788315622,52.2,-6.1,1,100.0,Priority Support
18600,378.68,0,0.4296176231868872,Medium,162.68760154841044,81.9,17.6,1,73.7,Priority Support
10430,375.43,0,0.42948650945902017,Medium,161.24212024619996,92.9,3.2,3,81.9,Priority Support
14404,326.92,0,0.42919459549977107,Medium,140.31229716078516,72.8,-22.9,2,93.9,Re-engagement Campaign
13356,114.13,0,0.42844706800902604,Medium,48.89866387187014,51.1,-5.6,0,85.0,Customer Success Review
17552,889.66,0,0.42725648833171825,Medium,380.1130074091964,58.0,-4.1,1,100.0,Priority Support
13266,133.36,0,0.4269387641117672,Medium,56.936553581945276,59.3,-4.2,0,76.2,Customer Success Review
11331,121.49,0,0.42675248627259277,Medium,51.846159557257295,77.2,-34.3,0,68.4,Re-engagement Campaign
11139,400.44,0,0.4266885914604665,Medium,170.8631795644292,44.8,-15.6,0,100.0,Feature Adoption Campaign
10348,945.92,0,0.4266855699380986,Medium,403.6104143158462,99.6,9.9,0,43.9,Onboarding Intervention
14966,419.11,0,0.4262489945538603,Medium,178.6452161074684,56.3,25.8,0,54.2,Onboarding Intervention
14560,988.68,0,0.4261282715565919,Medium,421.30449952257123,88.2,-34.3,1,69.8,Re-engagement Campaign
14301,1005.59,0,0.4260677339530514,Medium,428.449452585849,46.0,3.5,1,84.8,Feature Adoption Campaign
12133,302.15,0,0.4259024023428323,Medium,128.68641086788676,73.8,8.4,0,74.2,Customer Success Review
12856,892.85,0,0.4234626312324838,Medium,378.08861029592316,41.3,2.2,0,91.3,Feature Adoption Campaign
18372,114.09,0,0.42310433625122634,Medium,48.271973722902416,80.2,-38.3,2,76.4,Re-engagement Campaign
17593,105.23,0,0.4228844713433048,Medium,44.500132919455964,100.0,-16.5,1,88.3,Re-engagement Campaign
19906,738.09,0,0.42274354450498564,Medium,312.02278276368486,46.3,27.2,0,96.6,Feature Adoption Campaign
18730,349.03,0,0.4222871687545706,Medium,147.39089051040776,49.6,-5.9,0,77.1,Feature Adoption Campaign
13398,125.45,0,0.42225574065394667,Medium,52.97198266503761,71.2,-10.2,1,100.0,Re-engagement Campaign
11225,124.89,0,0.4205099519307381,Medium,52.51748789662988,68.2,-1.8,0,79.6,Customer Success Review
10717,338.28,0,0.4201128387784888,Medium,142.11577110198718,75.0,11.2,0,85.3,Customer Success Review
19964,2372.96,0,0.42002509102704566,Medium,996.7027400035383,62.6,-3.1,0,77.1,Customer Success Review
13253,331.32,0,0.41957969686553054,Medium,139.01514516548758,81.8,0.7,1,86.0,Priority Support
17434,299.15,0,0.41897865235300136,Medium,125.33746385140034,57.4,44.7,1,85.2,Priority Support
18903,392.56,0,0.41785389330965705,Medium,164.03272435763898,43.8,12.0,1,63.2,Feature Adoption Campaign
11178,2384.62,0,0.41694797435544717,Medium,994.2624786074864,49.7,-3.1,0,55.7,Feature Adoption Campaign
12411,730.57,0,0.41659833915983263,Medium,304.35424863999896,79.4,10.2,1,81.6,Priority Support
18481,419.26,0,0.4154457142163493,Medium,174.1797701423466,78.7,-3.9,0,71.2,Customer Success Review
11803,391.7,0,0.414619484898741,Medium,162.40645223483685,78.6,-22.3,0,53.9,Re-engagement Campaign
16725,109.42,0,0.4137047550557919,Medium,45.26757429820475,67.1,-12.4,0,83.6,Re-engagement Campaign
17596,102.98,0,0.4129271382912038,Medium,42.52323670122817,76.6,-20.0,0,100.0,Re-engagement Campaign
11208,393.27,0,0.41276772583418686,Medium,162.32916353881066,85.9,4.3,1,70.2,Priority Support
14932,321.23,0,0.4116446886782689,Medium,132.23262334412033,73.8,-32.6,1,76.1,Re-engagement Campaign
16047,347.22,0,0.4105840682371561,Medium,142.56300017330534,57.3,-7.8,2,55.4,Priority Support
13686,395.34,0,0.4099846953809771,Medium,162.08334947191548,88.9,-25.3,2,70.1,Re-engagement Campaign
13921,126.21,0,0.40927573357726305,Medium,51.654690334786366,50.7,-6.4,1,78.9,Priority Support
10924,2017.87,0,0.4087242507456262,Medium,824.7524038520767,83.3,-20.8,0,62.9,Re-engagement Campaign
14901,126.66,0,0.40870330119475135,Medium,51.766360129327204,91.4,-4.0,1,65.7,Priority Support
12401,2570.97,0,0.4086345430608674,Medium,1050.5871511731982,100.0,-30.3,2,86.5,Re-engagement Campaign
19714,309.96,0,0.4079283090276396,Medium,126.44145866620717,59.3,5.4,1,76.7,Priority Support
14495,401.0,0,0.40746547562957686,Medium,163.39365572746033,67.8,17.4,0,79.5,Customer Success Review
16417,113.2,0,0.4069391482151569,Medium,46.06551157795577,72.1,-2.9,1,91.8,Priority Support
17343,362.85,0,0.4066200963611614,Medium,147.54210196464743,68.0,24.6,1,39.5,Priority Support
10898,109.58,0,0.40533784408075557,Medium,44.416920954369196,100.0,-38.6,0,86.4,Re-engagement Campaign
15571,846.92,0,0.40384398643823965,Medium,342.02354899427394,60.7,-10.2,0,71.0,Re-engagement Campaign
12623,133.58,0,0.403827777196075,Medium,53.9433144778517,61.3,-14.6,0,91.9,Re-engagement Campaign
19006,2230.27,0,0.403803967414344,Medium,900.591874405189,43.6,-8.4,0,75.1,Feature Adoption Campaign
16780,340.68,0,0.4035353467586067,Medium,137.47642193372212,51.4,1.4,0,77.7,Customer Success Review
17331,2366.08,0,0.40320996725035496,Medium,954.0270393117198,61.3,22.1,0,70.0,Customer Success Review
15163,134.04,0,0.40259135235486637,Medium,53.963344869646285,100.0,-4.9,1,83.4,Priority Support
11031,973.78,0,0.40202934454727834,Medium,391.4881351332487,62.0,15.4,0,89.4,Customer Success Review
16306,312.26,0,0.40200493958588546,Medium,125.5300624350886,39.5,-3.6,0,100.0,Feature Adoption Campaign
19802,326.15,0,0.40186300003137876,Medium,131.06761746023417,91.5,-24.1,0,70.8,Re-engagement Campaign
14145,893.49,0,0.4011796900280515,Medium,358.4500412431637,70.4,7.7,1,43.2,Priority Support
19302,960.22,0,0.4008496949920138,Medium,384.9038941252315,33.3,28.1,1,93.1,Feature Adoption Campaign
19858,405.85,0,0.4003223091534102,Medium,162.47080916991155,74.0,-21.3,0,53.6,Re-engagement Campaign
13094,842.01,0,0.4001037862586157,Medium,336.891389067617,73.6,-24.8,0,100.0,Re-engagement Campaign
18161,320.73,0,0.3999540081188178,Medium,128.27724902394846,71.0,-16.1,0,47.8,Re-engagement Campaign
12648,317.68,0,0.3994223588893572,Medium,126.88849497197099,75.9,-6.7,0,52.9,Onboarding Intervention
15302,104.59,0,0.3988836798716394,Medium,41.71924407777477,59.7,14.5,0,87.4,Customer Success Review
14649,379.11,0,0.3987772348861523,Medium,151.1804375176892,83.2,-19.9,0,47.7,Re-engagement Campaign
15364,131.0,0,0.3985519048715256,Medium,52.21029953816985,59.8,-18.0,0,60.2,Re-engagement Campaign
12471,325.98,0,0.39833532460554666,Medium,129.8493491149161,34.0,21.5,0,79.1,Feature Adoption Campaign
11962,880.54,0,0.39804077938992455,Medium,350.49082788400415,38.9,38.0,1,84.9,Feature Adoption Campaign
12832,375.3,0,0.39763786804141016,Medium,149.23349187594124,65.0,25.6,0,76.1,Customer Success Review
14140,104.62,0,0.39689694460175706,Medium,41.523358344235824,68.4,5.7,0,100.0,Customer Success Review
19121,372.31,0,0.3965719307820513,Medium,147.6476955494655,75.9,17.8,0,96.3,Customer Success Review
19218,333.34,0,0.39574714951762274,Medium,131.91835482020434,54.7,9.2,0,73.6,Customer Success Review
12643,142.19,0,0.3957419486725863,Medium,56.27054768175504,58.1,26.1,0,65.6,Customer Success Review
11727,337.33,0,0.39509102517520184,Medium,133.27605552235082,100.0,-29.0,0,37.0,Re-engagement Campaign
11025,955.85,0,0.39499138330720646,Medium,377.5525137341933,70.6,-13.9,0,62.1,Re-engagement Campaign
11766,360.12,0,0.3949686117118507,Medium,142.2360964496717,80.4,17.1,0,32.0,Onboarding Intervention
15283,354.42,0,0.3939069779136099,Medium,139.60851111214163,57.4,8.1,0,76.2,Customer Success Review
10518,142.63,0,0.39359595476337766,Medium,56.13859102790055,63.6,12.7,0,100.0,Customer Success Review
17258,140.22,0,0.3932162564272432,Medium,55.13678347622805,76.2,4.5,2,95.0,Priority Support
17154,394.43,0,0.39310419056525414,Medium,155.0520858846532,91.7,-2.1,0,88.1,Customer Success Review
13928,2183.64,0,0.39215588942074825,Medium,856.3272863747227,86.7,-9.0,1,69.9,Priority Support
16647,849.06,0,0.3917453907583958,Medium,332.6153414773235,71.4,-17.6,0,77.7,Re-engagement Campaign
14262,305.44,0,0.3897974358110557,Medium,119.05972879412884,42.1,21.5,0,100.0,Feature Adoption Campaign
17402,1981.03,0,0.38964344808690354,Medium,771.8953599635985,61.0,0.8,0,99.4,Customer Success Review
12687,839.3,0,0.38955464080884455,Medium,326.9532100308632,81.9,-24.8,0,64.2,Re-engagement Campaign
19254,2588.82,0,0.38954891729045243,Medium,1008.4720280598691,75.4,12.6,0,89.0,Customer Success Review
13782,2481.62,0,0.389478300269949,Medium,966.5371395159108,61.7,-4.7,0,76.1,Customer Success Review
16444,370.0,0,0.38921502568893196,Medium,144.00955950490481,62.6,36.6,0,74.0,Customer Success Review
14585,826.13,0,0.38912327817689213,Medium,321.4664138002759,44.3,9.9,0,45.7,Feature Adoption Campaign
13375,957.79,0,0.38881848374755706,Medium,372.4064555485727,74.3,-30.5,0,91.1,Re-engagement Campaign
13115,965.86,0,0.3882298817839888,Medium,374.97571361988344,100.0,6.9,1,95.1,Priority Support
13632,107.63,0,0.38776820718233185,Medium,41.73549213903438,47.7,-11.5,0,83.6,Feature Adoption Campaign
18034,403.72,0,0.3874612955352944,Medium,156.42587423350906,82.3,-23.7,1,97.7,Re-engagement Campaign
11970,416.61,0,0.3872728879768575,Medium,161.3417578600386,47.7,-34.1,0,70.3,Feature Adoption Campaign
14766,336.25,0,0.3869347019241632,Medium,130.10679352199986,68.9,-34.5,0,80.7,Re-engagement Campaign
14176,124.61,0,0.38593691146687287,Medium,48.09159853788703,50.6,31.3,0,66.1,Customer Success Review
14788,366.07,0,0.38585579249638635,Medium,141.25022995915214,74.2,-12.5,0,69.9,Re-engagement Campaign
10499,397.49,0,0.38544177136881486,Medium,153.20924970139023,74.7,-2.6,1,94.7,Priority Support
10925,323.9,0,0.3854370854457074,Medium,124.8430719758646,52.5,31.6,1,76.4,Priority Support
15840,125.54,0,0.3853903006659035,Medium,48.38189834559753,64.0,16.7,1,64.5,Priority Support
17592,798.3,0,0.38538417063175545,Medium,307.65218341533034,66.6,15.9,0,74.3,Customer Success Review
17814,942.54,0,0.38469997860437094,Medium,362.59511783376377,73.3,-2.2,1,88.7,Priority Support
13612,129.75,0,0.38446907386870205,Medium,49.88486233446409,77.9,63.7,1,75.4,Priority Support
18826,2634.43,0,0.38438492737614827,Medium,1012.6351842275462,87.3,-22.7,0,69.4,Re-engagement Campaign
17945,355.59,0,0.38329867952693814,Medium,136.29717745298393,70.7,6.3,0,82.8,Customer Success Review
18251,321.74,0,0.3832977556505526,Medium,123.32221990300879,55.0,14.4,0,97.1,Customer Success Review
15567,322.3,0,0.38301761967297054,Medium,123.4465788205984,100.0,1.2,0,71.7,Customer Success Review
13753,121.53,0,0.3829454039343621,Medium,46.53935494014303,67.5,-29.2,0,89.0,Re-engagement Campaign
16338,381.8,0,0.3825882685276068,Medium,146.07220092384028,50.5,-6.4,0,83.7,Customer Success Review
15982,107.79,0,0.3821971657139962,Medium,41.197032492311656,58.5,10.3,0,48.9,Onboarding Intervention
15708,876.53,0,0.38182416597562063,Medium,334.68033620261076,92.7,-3.7,1,80.1,Priority Support
11336,2294.84,0,0.38180841632905715,Medium,876.1892261285735,67.8,-28.4,0,72.0,Re-engagement Campaign
15962,958.87,0,0.3815795158801595,Medium,365.88515039200854,62.9,-7.2,0,76.1,Customer Success Review
16194,920.18,0,0.38155237281668913,Medium,351.096862418461,65.0,-15.6,0,60.1,Re-engagement Campaign
18883,371.58,0,0.3811888680415083,Medium,141.64215958686364,52.1,2.4,0,97.1,Customer Success Review
10887,134.97,0,0.38042494317236186,Medium,51.34595457997368,51.4,39.0,1,82.8,Priority Support
14055,384.08,0,0.3802290988542064,Medium,146.03839228792359,92.1,-40.1,2,83.7,Re-engagement Campaign
14677,141.16,0,0.3800574421519509,Medium,53.648908534169394,58.8,25.8,0,100.0,Customer Success Review
18741,385.76,0,0.37994779732024864,Medium,146.5686622942591,63.1,9.3,3,60.5,Priority Support
17930,322.5,0,0.3795658546692716,Medium,122.40998813084009,90.5,-10.9,0,74.8,Re-engagement Campaign
12219,389.53,0,0.3795543807596987,Medium,147.84781793732543,40.5,11.0,1,92.5,Feature Adoption Campaign
18912,724.69,0,0.3794904610993619,Medium,275.01294225409663,52.1,21.3,0,56.9,Onboarding Intervention
16218,105.13,0,0.37948073388395664,Medium,39.89480955322036,60.8,24.8,1,94.9,Priority Support
17030,332.3,0,0.378568424053767,Medium,125.79828731306678,60.2,21.7,1,90.7,Priority Support
17457,342.4,0,0.3785287843179493,Medium,129.60825575046582,51.1,-44.2,0,95.5,Re-engagement Campaign
16696,307.94,0,0.377786727519686,Medium,116.3356448724121,44.3,33.0,2,83.6,Feature Adoption Campaign
18391,968.25,0,0.37756327506532256,Medium,365.5756410819986,63.4,36.4,0,61.4,Customer Success Review
16223,2122.93,0,0.37749598913119164,Medium,801.3975602062807,76.4,-8.7,1,74.4,Priority Support
12345,2438.9,0,0.37708688519215255,Medium,919.6772042951409,40.5,6.2,0,75.9,Feature Adoption Campaign
11751,854.77,0,0.37703427323524913,Medium,322.2775857332939,60.9,68.9,0,71.8,Customer Success Review
11607,102.83,0,0.3770288782669696,Medium,38.769879552192485,64.8,25.1,2,52.3,Priority Support
14337,769.75,0,0.3765366480218092,Medium,289.8390848147876,69.8,-16.5,1,86.9,Re-engagement Campaign
19167,319.14,0,0.37528852534467366,Medium,119.76957997849915,69.8,16.0,1,66.4,Priority Support
17887,2526.93,0,0.3741689966417977,Medium,945.4988626840578,54.7,17.5,0,45.4,Onboarding Intervention
14455,2602.03,0,0.3724484003008897,Medium,969.1219110349241,50.4,5.5,0,65.0,Customer Success Review
11420,132.08,0,0.3715597787766825,Medium,49.07561558082423,75.9,2.8,1,82.2,Priority Support
19939,852.21,0,0.37130240423702665,Medium,316.4276219148365,75.2,7.9,1,51.6,Priority Support
18525,109.17,0,0.3709434547506895,Medium,40.49589695513278,71.9,-35.5,0,50.8,Re-engagement Campaign
18060,135.45,0,0.37063943021582996,Medium,50.20311082273416,63.3,10.9,0,76.0,Customer Success Review
10653,810.1,0,0.3697458626199139,Medium,299.53112330839224,47.9,15.4,0,72.5,Feature Adoption Campaign
13808,346.01,0,0.36955593290655436,Medium,127.87004834499687,87.2,-35.0,2,87.6,Re-engagement Campaign
11613,129.05,0,0.3678120996339263,Medium,47.466151457758194,38.9,-18.9,0,94.6,Feature Adoption Campaign
13054,908.23,0,0.3675461272781715,Medium,333.8164191778537,83.3,-27.9,0,70.2,Re-engagement Campaign
19175,348.15,0,0.36671063119230135,Medium,127.6703062495997,63.5,27.3,0,97.3,Customer Success Review
15608,413.59,0,0.36669290111474356,Medium,151.6605169720468,70.7,27.9,0,70.6,Customer Success Review
13728,105.76,0,0.36623106862286176,Medium,38.73259781755386,26.3,19.4,1,87.4,Feature Adoption Campaign
13254,120.32,0,0.36614316707855876,Medium,44.05434586289219,71.4,-30.0,0,87.5,Re-engagement Campaign
13663,388.61,0,0.3657426293367507,Medium,142.1312431865547,75.3,7.3,0,49.3,Onboarding Intervention
16251,402.49,0,0.36572234452121277,Medium,147.19958644634292,46.6,11.9,1,95.1,Feature Adoption Campaign
14375,121.46,0,0.3656302062906731,Medium,44.40944485606516,55.1,2.1,1,94.5,Priority Support
12564,781.74,0,0.36552080461621933,Medium,285.7422338006833,52.2,7.1,0,93.8,Customer Success Review
17921,959.42,0,0.3643631414061867,Medium,349.57728512792363,56.4,12.5,1,67.2,Priority Support
14769,985.95,0,0.3638439588952071,Medium,358.7319512727295,70.9,4.9,0,68.9,Customer Success Review
11403,126.87,0,0.36380087328110605,Medium,46.15541679317393,80.8,-35.1,0,80.3,Re-engagement Campaign
18488,2633.35,0,0.36339238141255237,Medium,956.9393275927447,73.5,7.6,0,64.5,Customer Success Review
10859,407.8,0,0.3629942584245703,Medium,148.02905858553976,44.1,-1.1,0,90.3,Feature Adoption Campaign
13964,115.8,0,0.3623925130079881,Medium,41.96505300632502,97.3,-9.4,0,82.9,Customer Success Review
12869,140.38,0,0.3622676698667872,Medium,50.85513549589959,48.9,26.8,1,36.2,Feature Adoption Campaign
12650,951.51,0,0.36173475301652797,Medium,344.19423484275654,62.9,-8.8,0,77.0,Customer Success Review
10803,329.58,0,0.3617313067793809,Medium,119.21940408834836,55.7,47.6,0,93.3,Customer Success Review
19056,402.95,0,0.3614429761748835,Medium,145.64344724966932,59.0,-3.5,0,83.7,Customer Success Review
12339,322.69,0,0.36121567646584857,Medium,116.56068663876468,60.7,14.8,0,57.3,Onboarding Intervention
14628,387.32,0,0.3604588163298537,Medium,139.61290874087894,50.9,-0.1,0,100.0,Customer Success Review
14084,396.25,0,0.3604190706337347,Medium,142.81605673861736,83.7,-47.9,0,52.5,Re-engagement Campaign
14013,379.18,0,0.3603728569106314,Medium,136.64617988337324,86.8,10.6,2,77.7,Priority Support
11086,918.45,0,0.36024858946480875,Medium,330.8703169939536,63.9,-12.2,0,91.7,Re-engagement Campaign
15416,105.13,0,0.36007532428154154,Medium,37.85471884171846,56.3,4.3,0,79.6,Customer Success Review
10521,362.05,0,0.36001458515189577,Medium,130.34328055424388,44.7,4.2,0,93.0,Feature Adoption Campaign
13139,403.22,0,0.35970628750911804,Medium,145.04076924942657,67.0,27.3,1,70.8,Priority Support
13051,105.44,0,0.3595058584983225,Medium,37.90629772006312,72.0,33.0,1,100.0,Priority Support
15402,401.83,0,0.35922041927485426,Medium,144.34554107721468,60.7,30.8,0,73.3,Customer Success Review
11026,2374.21,0,0.35901438705050365,Medium,852.3755478791762,45.8,10.0,0,75.7,Feature Adoption Campaign
12731,2426.62,0,0.35892433450403466,Medium,870.9729685941805,79.6,11.0,1,59.0,Priority Support
18939,377.99,0,0.35859203774590237,Medium,135.54420434757364,61.2,-13.1,1,100.0,Re-engagement Campaign
19856,794.67,0,0.35853091554185484,Medium,284.9137626536458,65.5,-4.0,2,81.4,Priority Support
19258,107.3,0,0.35817648421719417,Medium,38.43233675650493,65.8,27.8,0,51.2,Onboarding Intervention
11168,2603.47,0,0.35764950576101917,Medium,931.1297587636406,58.4,21.0,0,66.1,Customer Success Review
11628,103.97,0,0.3575355483805473,Medium,37.1729709651255,88.4,17.7,1,43.2,Priority Support
15658,788.28,0,0.3570756380750281,Medium,281.47558398178313,53.4,34.0,1,87.9,Priority Support
10702,138.36,0,0.3570001305513896,Medium,49.39453806309027,55.1,25.9,0,72.2,Customer Success Review
14126,738.44,0,0.3568414769744199,Medium,263.50602025699067,100.0,16.0,3,64.0,Priority Support
17101,921.62,0,0.3568162421685307,Medium,328.8489851073613,38.2,0.8,0,78.2,Feature Adoption Campaign
11501,310.62,0,0.35660356180982744,Medium,110.7681983693686,71.3,14.7,0,79.6,Customer Success Review
19911,1011.99,0,0.35659535142821847,Medium,360.87092969184283,74.5,13.5,1,100.0,Priority Support
19555,982.6,0,0.35651325878552076,Medium,350.30992808265273,69.5,-1.6,1,81.5,Priority Support
16820,329.97,0,0.35619308876391853,Medium,117.5330334994302,51.0,3.5,0,69.9,Customer Success Review
16114,932.34,0,0.355988999882992,Medium,331.90278415090876,59.3,-15.1,1,79.1,Re-engagement Campaign
17284,358.13,0,0.3557714978728453,Medium,127.41244653320209,73.6,-36.0,1,100.0,Re-engagement Campaign
14050,391.09,0,0.35514025853226394,Medium,138.89180370938308,85.2,-20.2,2,73.3,Re-engagement Campaign
12711,125.85,0,0.35453089339391197,Medium,44.61771293362382,74.6,38.8,1,98.5,Priority Support
10162,117.73,0,0.3539841841224596,Medium,41.674557996737164,58.0,25.6,0,92.4,Customer Success Review
18436,2122.9,0,0.35370929753930297,Medium,750.8894677461863,82.8,0.4,0,79.3,Customer Success Review
15958,129.93,0,0.35291229112802674,Medium,45.85389398626452,39.9,16.2,0,83.7,Feature Adoption Campaign
11236,1011.33,0,0.3527481073396989,Medium,356.7447433958577,39.6,-5.2,1,100.0,Feature Adoption Campaign
19905,104.57,0,0.3527270874104158,Medium,36.88467153050718,96.4,-23.3,1,100.0,Re-engagement Campaign
17160,334.36,0,0.351965731464091,Medium,117.68326197233347,100.0,-36.2,0,60.1,Re-engagement Campaign
14580,1958.95,0,0.3511367799459245,Medium,687.8593950750688,96.6,11.8,2,69.7,Priority Support
12920,143.23,0,0.3505502184050098,Medium,50.209307782149544,94.7,-48.8,1,43.0,Re-engagement Campaign
12637,131.47,0,0.3500664793489266,Medium,46.02324004000338,52.0,5.9,0,75.8,Customer Success Review
14631,409.47,0,0.3497172630618445,Medium,143.19872770593346,84.2,10.0,3,95.5,Priority Support
13886,316.71,0,0.3496226759777318,Medium,110.72899770890743,58.7,34.8,0,91.3,Customer Success Review
19035,2295.06,0,0.34944989499646795,Medium,802.0084760105937,47.0,-34.3,0,74.0,Feature Adoption Campaign
17915,307.76,0,0.34932755829694956,Medium,107.5090493414692,80.7,11.1,1,77.5,Priority Support
12387,348.53,0,0.3488674073337539,Medium,121.59075747803323,84.1,4.6,0,59.3,Onboarding Intervention
17792,415.88,0,0.34840980384980846,Medium,144.89666922505833,49.1,13.0,1,95.3,Feature Adoption Campaign
12312,129.19,0,0.34830951639577085,Medium,44.99810642316964,53.1,16.2,1,100.0,Priority Support
18439,391.19,0,0.3481652179867907,Medium,136.19875162425265,75.8,-2.4,0,87.9,Customer Success Review
18212,131.29,0,0.3474829916320973,Medium,45.62104197137805,56.7,-9.5,0,69.8,Customer Success Review
14527,2402.92,0,0.3471714386478792,Medium,834.2251933557619,75.2,-4.1,0,100.0,Customer Success Review
12524,370.7,0,0.3469596283857889,Medium,128.61793424261194,44.5,20.8,0,75.0,Feature Adoption Campaign
12181,338.47,0,0.34656726544599864,Medium,117.30262233550717,59.6,2.8,0,86.3,Customer Success Review
12617,132.07,0,0.3457584263940289,Medium,45.66431537385939,64.3,-9.0,0,49.9,Onboarding Intervention
19026,132.39,0,0.34570981952913715,Medium,45.76852300746246,100.0,16.7,2,91.9,Priority Support
18261,1871.65,0,0.34543925161865935,Medium,646.5413752920638,46.9,63.5,0,93.0,Feature Adoption Campaign
18328,142.14,0,0.3453003594996025,Medium,49.0809930992735,44.0,20.2,0,57.1,Feature Adoption Campaign
16591,840.14,0,0.34441956774353877,Medium,289.36065564405664,58.7,17.3,0,82.9,Customer Success Review
18947,116.83,0,0.34436314806823365,Medium,40.23194658881174,58.3,27.0,0,96.9,Customer Success Review
12424,855.42,0,0.343380536972865,Medium,293.7345789373282,22.7,29.0,0,88.2,Feature Adoption Campaign
13559,724.12,0,0.34312927455983466,Medium,248.4667702942675,56.3,-17.9,0,98.6,Re-engagement Campaign
18441,102.65,0,0.34299094043670497,Medium,35.208020035827765,76.8,45.6,3,100.0,Priority Support
11030,112.56,0,0.34293873885764337,Medium,38.60118444581634,57.7,-21.0,0,100.0,Re-engagement Campaign
18690,413.87,0,0.3421064641632993,Medium,141.5876023232647,37.2,14.1,0,100.0,Feature Adoption Campaign
14096,119.23,0,0.3420841819135666,Medium,40.786697009554544,66.8,-30.9,0,50.3,Re-engagement Campaign
18715,838.53,0,0.34177562996767974,Medium,286.5891189967985,88.2,-14.0,1,62.5,Re-engagement Campaign
18483,414.69,0,0.3414650213269332,Medium,141.60212969406592,66.9,22.6,0,89.6,Customer Success Review
11176,143.36,0,0.3413687865381322,Medium,48.938629238106635,76.5,-4.4,1,83.0,Priority Support
19096,105.34,0,0.34132687719344423,Medium,35.95537324355742,79.1,30.6,0,49.0,Onboarding Intervention
15714,899.86,0,0.3411004865432456,Medium,306.942683820805,48.0,0.6,0,73.7,Feature Adoption Campaign
16874,318.52,0,0.34066640694926575,Medium,108.50906394148012,78.6,-12.2,0,82.9,Re-engagement Campaign
15891,371.98,0,0.3403612408805388,Medium,126.60757438274284,47.9,30.9,1,96.3,Feature Adoption Campaign
14051,852.04,0,0.33991726079743845,Medium,289.62310288984946,74.1,-37.8,0,90.0,Re-engagement Campaign
10943,796.37,0,0.3393056822634411,Medium,270.2128661841366,63.2,24.2,0,83.7,Customer Success Review
10004,337.54,0,0.3389130158122215,Medium,114.39669935725725,73.9,22.6,0,86.7,Customer Success Review
11141,742.68,0,0.33863174108191957,Medium,251.49502146672,78.6,-10.4,0,87.9,Re-engagement Campaign
19673,1974.4,0,0.33826693721052814,Medium,667.8742408284668,80.1,10.1,1,67.4,Priority Support
17315,795.63,0,0.33814923336858194,Medium,269.0416745450448,50.9,14.1,0,85.6,Customer Success Review
16063,110.08,0,0.33739972371789945,Medium,37.14096158686637,81.1,-22.5,1,100.0,Re-engagement Campaign
15479,396.78,0,0.33720671486414877,Medium,133.79688032379693,65.5,-6.8,1,78.4,Priority Support
17420,332.66,0,0.33696551221315985,Medium,112.09494729282976,72.9,-20.6,1,92.3,Re-engagement Campaign
12657,112.57,0,0.33562038880275397,Medium,37.780787167526015,68.1,15.3,0,85.4,Customer Success Review
18192,130.68,0,0.3354781503333785,Medium,43.840284685565905,73.7,-7.4,0,78.3,Customer Success Review
19741,826.87,0,0.33536735578021115,Medium,277.3052054739832,65.2,1.3,3,80.5,Priority Support
16596,825.06,0,0.33481526116457916,Medium,276.24267937644765,72.6,-16.0,0,83.3,Re-engagement Campaign
10319,320.27,0,0.3346887124557712,Medium,107.19075393820984,37.8,-30.0,1,78.5,Feature Adoption Campaign
11541,412.75,0,0.334288842344129,Medium,137.97771967753923,61.2,39.2,1,75.0,Priority Support
17406,384.22,0,0.3342807598107329,Medium,128.4373535344798,93.7,-25.6,2,100.0,Re-engagement Campaign
17063,111.23,0,0.3341204288523759,Medium,37.164215301249776,77.5,-28.5,1,100.0,Re-engagement Campaign
14231,110.17,0,0.3340121882418682,Medium,36.79812277860662,87.4,27.8,1,91.5,Priority Support
16404,399.84,0,0.3332037875602673,Medium,133.22820241809728,73.1,-18.9,1,100.0,Re-engagement Campaign
10954,849.25,0,0.3323994397483636,Medium,282.2902242062978,73.9,4.6,0,86.3,Customer Success Review
13678,395.06,0,0.3323843431494077,Medium,131.311758604605,76.3,23.6,2,84.8,Priority Support
15317,2206.14,0,0.33230176725383237,Medium,733.1042208093697,47.9,-4.5,1,89.1,Feature Adoption Campaign
15140,132.75,0,0.3320451165843749,Medium,44.07898922657577,94.4,8.6,1,66.0,Priority Support
16971,384.36,0,0.33133158163183074,Medium,127.35060671601047,89.1,-12.8,1,100.0,Re-engagement Campaign
19630,134.02,0,0.33115813681178496,Medium,44.38181349551542,62.9,-6.1,0,44.7,Onboarding Intervention
15557,109.75,0,0.33079867772487115,Medium,36.305154880304606,60.7,-13.8,0,85.4,Re-engagement Campaign
19850,417.89,0,0.32953372320995616,Medium,137.70884759220857,80.8,-8.3,2,77.2,Priority Support
10626,404.63,0,0.3294122574266568,Medium,133.29008172254814,70.8,26.5,0,63.6,Customer Success Review
19127,122.65,0,0.32862805448297205,Medium,40.30623088233652,68.1,-4.2,0,94.8,Customer Success Review
10184,369.31,0,0.3283400640574029,Medium,121.25926905703946,51.0,14.4,0,94.8,Customer Success Review
12031,114.12,0,0.3279478040644091,Medium,37.425403399830365,57.6,15.0,1,85.3,Priority Support
19205,1010.54,0,0.32788494781372424,Medium,331.3408551636809,50.8,16.4,0,71.9,Customer Success Review
13100,414.87,0,0.32758104918326236,Medium,135.90354987466006,90.9,-15.5,3,56.0,Re-engagement Campaign
17207,2557.45,0,0.3275682135657936,Medium,837.7393277838387,64.1,-13.1,2,100.0,Re-engagement Campaign
13625,382.8,0,0.32738361727627796,Medium,125.3224486933592,84.8,4.7,0,41.2,Onboarding Intervention
17481,324.7,0,0.32678236750783685,Medium,106.10623472979462,61.3,29.1,0,60.9,Customer Success Review
12945,416.04,0,0.3267422045929957,Medium,135.93782679886993,51.7,6.5,0,100.0,Customer Success Review
15877,968.72,0,0.3262237257778279,Medium,316.01944763549744,32.5,11.9,1,78.6,Feature Adoption Campaign
18808,760.01,0,0.3261527955235333,Medium,247.87938612584057,61.4,-8.4,0,81.3,Customer Success Review
15217,413.27,0,0.3259888316843228,Medium,134.7214044701801,62.8,32.2,0,76.5,Customer Success Review
16506,122.49,0,0.32574314811408733,Medium,39.900278212494555,98.8,10.0,0,86.3,Customer Success Review
17083,388.54,0,0.3255451651086458,Medium,126.48731845131324,87.4,-18.4,1,100.0,Re-engagement Campaign
10640,391.55,0,0.32527070590764,Medium,127.35974489813646,67.2,-1.7,1,74.7,Priority Support
17350,776.42,0,0.32431308269988424,Medium,251.8031636698441,83.7,20.4,1,56.8,Priority Support
17533,112.07,0,0.3242489211888868,Medium,36.33857659763854,77.9,44.7,0,79.9,Customer Success Review
18470,395.97,0,0.3233487117401509,Medium,128.03638938774756,92.4,-1.1,2,100.0,Priority Support
10199,400.23,0,0.32322352097539153,Medium,129.36374979998095,78.4,-36.9,0,77.1,Re-engagement Campaign
13177,2250.4,0,0.3230199803910625,Medium,726.9241638720471,42.5,12.6,0,100.0,Feature Adoption Campaign
15819,125.23,0,0.32294180075414425,Medium,40.44200170844149,50.3,10.0,0,82.8,Customer Success Review
17660,415.05,0,0.3224023443238293,Medium,133.81309301160536,54.6,2.8,0,98.2,Customer Success Review
14399,363.97,0,0.32234715926609336,Medium,117.32469555808001,71.1,-3.2,0,71.1,Customer Success Review
12721,102.42,0,0.32222030088959913,Medium,33.001803217112744,73.2,-9.1,1,100.0,Priority Support
18377,359.83,0,0.3212801910444129,Medium,115.60625114351109,52.4,-29.7,1,76.6,Re-engagement Campaign
19900,126.65,0,0.3209653185029034,Medium,40.65025758839271,37.2,2.5,0,88.2,Feature Adoption Campaign
13152,1009.72,0,0.3207234374853778,Medium,323.84086929773565,90.8,-13.7,1,75.4,Re-engagement Campaign
16795,104.12,0,0.3201677546290048,Medium,33.33586661197198,24.8,-3.8,0,100.0,Feature Adoption Campaign
10948,400.42,0,0.31862458989375697,Medium,127.58365828525817,67.0,-18.9,0,70.7,Re-engagement Campaign
19575,126.35,0,0.3185124131298532,Medium,40.24404339895695,73.0,40.2,3,96.9,Priority Support
12389,335.71,0,0.3175845549113113,Medium,106.61631092927632,80.4,28.3,0,45.7,Onboarding Intervention
11102,379.63,0,0.3174688419484067,Medium,120.52069646887362,59.9,-7.0,0,76.2,Customer Success Review
11096,105.95,0,0.3172335332165661,Medium,33.61089284429518,83.4,-27.2,0,38.9,Re-engagement Campaign
13444,414.73,0,0.3170179136442736,Medium,131.4768393256896,88.1,-1.8,0,82.5,Customer Success Review
11372,143.4,0,0.3169579253272707,Medium,45.45176649193062,55.5,16.8,1,63.0,Priority Support
18382,376.11,0,0.31633739692358975,Medium,118.97765835693134,43.0,-26.0,0,69.7,Feature Adoption Campaign
17771,394.25,0,0.31533149070961475,Medium,124.31944021226562,72.0,-21.8,0,60.9,Re-engagement Campaign
16959,377.81,0,0.31522123843248373,Medium,119.09373609217668,100.0,-25.7,0,70.1,Re-engagement Campaign
12448,139.89,0,0.31498011705573603,Medium,44.06256857492691,88.1,-27.5,0,79.5,Re-engagement Campaign
10315,333.06,0,0.31485835695883396,Medium,104.86672436870924,56.2,12.0,0,69.9,Customer Success Review
19433,125.51,0,0.3141109550990026,Medium,39.424065974475816,56.1,17.2,1,79.2,Priority Support
10672,115.62,0,0.31394093530418005,Medium,36.2978509398693,98.0,-26.5,2,100.0,Re-engagement Campaign
18691,407.18,0,0.3135147384251372,Medium,127.65693119194738,58.6,18.0,0,65.3,Customer Success Review
16336,392.94,0,0.3132079806972494,Medium,123.07194393517719,80.9,21.6,1,93.0,Priority Support
13008,135.13,0,0.3126089795156378,Medium,42.24285140194814,76.9,14.6,0,80.9,Customer Success Review
16507,134.43,0,0.312540251652791,Medium,42.01478602968469,77.7,-30.4,1,93.5,Re-engagement Campaign
13872,1003.72,0,0.3121312038855223,Medium,313.29233196397644,76.2,-50.2,0,90.2,Re-engagement Campaign
11952,402.32,0,0.31209206109772064,Medium,125.56087802083496,82.7,7.9,0,75.9,Customer Success Review
18998,374.01,0,0.31142166527174947,Medium,116.47481702828702,56.6,-14.5,0,98.3,Re-engagement Campaign
16788,344.15,0,0.3110046807774919,Medium,107.03226088957382,92.8,-13.7,0,59.1,Re-engagement Campaign
18539,722.83,0,0.3107639519637221,Medium,224.62950739793726,46.1,-33.1,0,91.9,Feature Adoption Campaign
15559,138.11,0,0.310741101572802,Medium,42.916453538219685,99.4,-13.5,1,61.4,Re-engagement Campaign
10225,958.58,0,0.310328711467627,Medium,297.47489623863794,59.4,-1.0,0,96.6,Customer Success Review
15008,141.0,0,0.30881654365169187,Medium,43.54313265488855,91.7,33.6,2,100.0,Priority Support
17394,107.54,0,0.30842889366906384,Medium,33.168443225171124,100.0,-32.1,0,83.5,Re-engagement Campaign
16886,374.33,0,0.307985521764992,Medium,115.28822036228945,88.2,-7.4,2,100.0,Priority Support
19794,398.45,0,0.3076141184085825,Medium,122.5688454798997,37.4,31.7,0,68.8,Feature Adoption Campaign
16287,2288.48,0,0.30729743749181354,Medium,703.2440397512654,100.0,9.1,1,66.9,Priority Support
15699,298.8,0,0.30714696124801066,Medium,91.7755120209056,65.7,-9.8,2,100.0,Priority Support
14518,389.34,0,0.3066027054596832,Medium,119.37269734367305,45.8,25.9,1,70.3,Feature Adoption Campaign
10873,129.45,0,0.30599109653857,Medium,39.610547446917884,49.1,58.9,0,73.2,Feature Adoption Campaign
14564,320.79,0,0.3058575539580915,Medium,98.11604473421617,55.1,21.8,0,61.8,Customer Success Review
15581,108.91,0,0.30575683807054294,Medium,33.29997723426283,40.0,12.0,0,87.2,Feature Adoption Campaign
13592,303.27,0,0.30563366681879484,Medium,92.6895221361359,52.8,18.8,1,60.1,Priority Support
16969,134.12,0,0.3055932463620335,Medium,40.986166202075935,67.0,-35.6,1,81.6,Re-engagement Campaign
15938,848.28,0,0.3053416619544536,Medium,259.0152250027239,57.6,0.0,1,57.9,Priority Support
15374,323.06,0,0.3049386858994366,Medium,98.513491866672,80.5,-0.8,0,49.0,Onboarding Intervention
19153,842.26,0,0.3046255843243721,Medium,256.57394465304566,64.0,24.7,0,89.5,Customer Success Review
11809,354.58,0,0.3033244904126502,Medium,107.5527978105175,72.9,-11.0,1,86.3,Re-engagement Campaign
10820,139.75,0,0.3032596987607045,Medium,42.380542901808454,65.6,-15.6,0,86.8,Re-engagement Campaign
11303,297.84,0,0.30317201201342975,Medium,90.2967520580799,76.8,-18.3,0,71.8,Re-engagement Campaign
11061,385.56,0,0.3027572743851204,Medium,116.73109471192703,45.1,-6.7,1,84.7,Feature Adoption Campaign
18608,763.59,0,0.3022389713835202,Medium,230.78665615874218,100.0,26.4,1,65.4,Priority Support
12437,316.33,0,0.3021412358358247,Medium,95.57633713194642,66.5,26.0,2,58.2,Priority Support
15541,121.99,0,0.3020338181720647,Medium,36.84510547881017,50.6,19.7,1,75.1,Priority Support
19144,116.96,0,0.3016714248934762,Medium,35.28348985554098,75.8,29.9,0,52.7,Onboarding Intervention
14944,108.57,0,0.3008728154294248,Medium,32.665761571172645,88.8,-5.7,1,78.1,Priority Support
15504,143.47,0,0.3008506046883463,Medium,43.16303625463704,59.9,56.2,1,100.0,Priority Support
13501,110.66,0,0.3004865846217872,Medium,33.25184545424697,59.6,32.6,1,93.3,Priority Support
15074,2307.6,0,0.30037398566047396,Medium,693.1430093101097,62.2,10.8,0,73.6,Customer Success Review
11281,124.43,0,0.299756878380132,Low,37.298748376839825,76.6,-8.6,0,71.8,Customer Success Review
12083,324.98,0,0.2996578128188699,Low,97.38279600987634,75.9,17.4,2,82.0,Priority Support
19899,139.15,0,0.299408626941223,Low,41.66271043887118,65.5,10.4,0,100.0,Customer Success Review
10258,107.04,0,0.29903768317180035,Low,32.00899360670951,82.0,-3.1,0,100.0,Customer Success Review
14401,377.83,0,0.2989176269145285,Low,112.9400469771163,97.3,-2.8,0,55.5,Onboarding Intervention
18448,2241.36,0,0.2985968064406951,Low,669.2629380839164,66.9,-23.2,0,73.2,Re-engagement Campaign
12036,381.01,0,0.2985455805112431,Low,113.74885163058872,64.0,2.7,0,83.8,Customer Success Review
17678,391.17,0,0.2982768073923067,Low,116.67693874764862,50.8,1.0,0,89.0,Customer Success Review
16942,108.6,0,0.2979258566768925,Low,32.35474803511052,81.5,-26.7,0,94.5,Re-engagement Campaign
19388,2609.55,0,0.29741707840558174,Low,776.1247369532858,56.7,30.3,1,65.6,Priority Support
10947,725.66,0,0.2970571736707965,Low,215.56250864595017,61.7,-21.8,0,79.1,Re-engagement Campaign
15490,834.19,0,0.2970380430906396,Low,247.78616516578066,74.4,-15.0,0,97.7,Re-engagement Campaign
10181,114.59,0,0.2967752179286207,Low,34.00747222244065,69.2,12.0,1,78.2,Priority Support
13476,133.49,0,0.2967367313427292,Low,39.611386266940926,97.2,-36.7,0,63.3,Re-engagement Campaign
13403,102.76,0,0.2963803697115433,Low,30.45604679155819,100.0,-20.4,1,46.0,Re-engagement Campaign
15685,320.47,0,0.29578525875507594,Low,94.7903018732392,60.1,11.0,0,100.0,Customer Success Review
11497,1007.25,0,0.2956545709420516,Low,297.7980665813815,74.1,-35.8,0,54.9,Re-engagement Campaign
15600,320.64,0,0.2955174490075209,Low,94.7547148497715,60.3,7.5,0,79.0,Customer Success Review
15961,135.51,0,0.29495991953496287,Low,39.97001869618281,61.1,-7.7,0,100.0,Customer Success Review
10304,354.53,0,0.2940386737895928,Low,104.24553101862433,58.5,-11.8,0,76.4,Re-engagement Campaign
12134,142.56,0,0.2937963027506892,Low,41.88360092013825,70.2,4.1,0,91.8,Customer Success Review
13001,127.32,0,0.29301633611308336,Low,37.30683991391777,69.8,-8.7,0,75.7,Customer Success Review
11382,373.33,0,0.2930095595965806,Low,109.38925888419143,89.0,-12.8,1,49.5,Re-engagement Campaign
16904,395.18,0,0.2924126087092839,Low,115.55561470973483,72.6,-1.8,0,77.6,Customer Success Review
12654,2109.86,0,0.29226773408188833,Low,616.644001430013,58.3,-1.4,0,73.2,Customer Success Review
10326,888.87,0,0.2921890354187638,Low,259.7180679126766,39.8,18.2,1,100.0,Feature Adoption Campaign
16760,130.95,0,0.29217977651601595,Low,38.26094173477229,37.4,17.4,0,67.6,Feature Adoption Campaign
15623,750.96,0,0.2916392389526303,Low,219.00940288386724,99.0,-25.4,0,80.9,Re-engagement Campaign
16733,390.23,0,0.2914502934351931,Low,113.7326480072154,70.0,30.9,0,80.5,Customer Success Review
13399,404.57,0,0.29095838850096384,Low,117.71303523583494,78.9,2.3,2,81.4,Priority Support
16402,877.01,0,0.29084271551960234,Low,255.07196993784643,71.7,-5.0,0,100.0,Customer Success Review
15338,2198.65,0,0.29034379127037657,Low,638.3643766766135,59.8,19.3,2,100.0,Priority Support
10343,308.47,0,0.290136371715332,Low,89.49836658302847,84.5,-48.3,0,65.8,Re-engagement Campaign
11129,313.38,0,0.28977499495374553,Low,90.80968791860478,84.3,16.8,0,71.8,Customer Success Review
14597,902.6,0,0.28923890874797953,Low,261.0670390359263,85.4,-7.7,1,90.1,Priority Support
14672,102.12,0,0.2888230299259922,Low,29.494607816042322,69.1,20.8,0,74.5,Customer Success Review
12301,385.54,0,0.28869441953281294,Low,111.30324650668071,65.9,-9.4,0,99.5,Customer Success Review
16095,746.69,0,0.28846323791404654,Low,215.39261511803943,69.6,8.9,1,100.0,Priority Support
17797,997.0,0,0.2882508184654016,Low,287.38606601000544,94.0,43.9,2,53.4,Priority Support
18419,135.74,0,0.2879772171853875,Low,39.0900274607445,91.3,-6.8,0,100.0,Customer Success Review
19169,336.27,0,0.287675628263193,Low,96.7366835160639,76.1,32.9,1,58.3,Priority Support
19869,777.99,0,0.28713207544955627,Low,223.3858833790003,65.8,30.9,1,72.4,Priority Support
18096,104.05,0,0.2869929552707926,Low,29.86161699592597,50.4,3.1,0,98.9,Customer Success Review
14744,809.33,0,0.28634945749227075,Low,231.7512064322195,79.3,-4.0,1,83.0,Priority Support
13472,119.76,0,0.2862174652032882,Low,34.2774036327458,81.8,-5.2,0,81.8,Customer Success Review
10682,300.04,0,0.285464428560273,Low,85.65074714522432,73.5,-1.9,2,80.6,Priority Support
17411,138.92,0,0.285190519178907,Low,39.61866692433375,100.0,8.6,0,87.6,Customer Success Review
12702,989.43,0,0.28436845994959936,Low,281.36268532793207,74.1,12.8,1,59.6,Priority Support
10024,326.49,0,0.28355427571597336,Low,92.57763547850814,76.6,12.8,1,65.9,Priority Support
15528,322.21,0,0.2834972469483383,Low,91.34564793922407,50.1,29.7,0,88.5,Customer Success Review
16848,2611.88,0,0.2831209145802061,Low,739.4778543737488,51.6,-7.5,1,72.8,Priority Support
12529,848.46,0,0.28274755366383736,Low,239.89998938161946,46.0,-15.9,0,82.2,Feature Adoption Campaign
19535,322.12,0,0.2823645389971731,Low,90.9552653017694,85.4,-11.0,1,56.8,Re-engagement Campaign
17927,116.34,0,0.2822008871617132,Low,32.83125121239372,68.2,6.7,0,100.0,Customer Success Review
16511,2518.86,0,0.2820708010886246,Low,710.496858030093,68.5,12.2,0,96.0,Customer Success Review
18680,138.61,0,0.2806983398901481,Low,38.90759689217343,57.0,4.0,0,62.2,Customer Success Review
16487,349.37,0,0.2805247967336377,Low,98.00694823483101,70.8,4.9,0,95.6,Customer Success Review
14611,313.42,0,0.2801741833713545,Low,87.81219255224994,60.0,-2.0,0,84.0,Customer Success Review
17228,103.0,0,0.28014401018487023,Low,28.854833049041634,87.5,-1.1,0,60.9,Customer Success Review
19119,403.6,0,0.27927293613830334,Low,112.71455702541924,45.2,8.9,0,93.6,Feature Adoption Campaign
11709,126.98,0,0.2788841815163273,Low,35.412713368943244,75.6,-17.0,0,96.6,Re-engagement Campaign
17809,383.82,0,0.2781269091754093,Low,106.75067027970559,98.1,25.6,1,100.0,Priority Support
16272,953.67,0,0.2780339118911248,Low,265.15260075320896,65.9,0.2,0,100.0,Customer Success Review
12483,372.33,0,0.27795700266536183,Low,103.49173080239416,76.8,-7.1,1,95.8,Priority Support
12163,369.62,0,0.27764000076258627,Low,102.62129708186714,76.9,-27.5,1,100.0,Re-engagement Campaign
13186,106.84,0,0.27719979736213857,Low,29.616026350170884,60.0,-23.4,0,65.6,Re-engagement Campaign
11423,311.65,0,0.27706041094551986,Low,86.34587707117126,67.3,-24.9,0,90.2,Re-engagement Campaign
14889,963.13,0,0.2769438095818429,Low,266.73289132256036,77.1,38.1,0,57.2,Onboarding Intervention
18512,2627.29,0,0.27668751761749355,Low,726.9383481612646,57.7,39.5,1,100.0,Priority Support
14430,375.01,0,0.2762890823882503,Low,103.61116878641774,100.0,-10.1,1,89.7,Re-engagement Campaign
14429,306.52,0,0.276267277134855,Low,84.68144578737575,85.2,-0.1,0,85.2,Customer Success Review
14500,744.5,0,0.2761863467605786,Low,205.6207351632508,65.3,-45.0,0,84.0,Re-engagement Campaign
12537,937.06,0,0.27525463337315154,Low,257.93010674864536,49.8,26.1,0,100.0,Feature Adoption Campaign
10409,737.66,0,0.27500609251759267,Low,202.8609942065274,95.2,-2.2,0,79.0,Customer Success Review
18248,364.38,0,0.2747152079851393,Low,100.10072748562506,56.5,-0.2,0,94.3,Customer Success Review
18743,142.59,0,0.27464843617409346,Low,39.162120514063986,78.8,24.7,0,100.0,Customer Success Review
18179,305.79,0,0.27438126800152934,Low,83.90304794218767,55.5,-11.5,1,68.6,Re-engagement Campaign
11566,107.56,0,0.2742805359754235,Low,29.501614449516552,51.0,-12.9,0,88.3,Re-engagement Campaign
19192,342.33,0,0.27417916904267897,Low,93.85975493838029,100.0,-6.8,1,82.7,Priority Support
19333,333.75,0,0.27392685016476453,Low,91.42308624249016,100.0,-1.4,0,82.2,Customer Success Review
14887,387.2,0,0.2739135507594474,Low,106.05932685405803,66.0,-4.7,0,100.0,Customer Success Review
18335,384.71,0,0.2738128834534152,Low,105.33855439336335,51.6,-10.5,0,92.9,Re-engagement Campaign
17306,968.95,0,0.2726051061613496,Low,264.1407176150397,61.4,-7.3,1,75.4,Priority Support
19849,137.32,0,0.27224995813634556,Low,37.38536425128297,78.8,-11.4,0,76.7,Re-engagement Campaign
18946,386.09,0,0.27151957908806595,Low,104.83099429011138,89.4,36.2,0,90.3,Customer Success Review
14595,332.73,0,0.2705720289627735,Low,90.02743119678362,83.0,12.8,0,73.4,Customer Success Review
16297,107.48,0,0.2704122068042307,Low,29.06390398731872,49.9,13.6,0,97.8,Feature Adoption Campaign
11548,885.26,0,0.2703784577830881,Low,239.3552335370566,75.9,-6.0,1,56.5,Priority Support
15215,391.98,0,0.2703422995039306,Low,105.96877455955074,91.4,-20.4,1,39.0,Re-engagement Campaign
15851,107.1,0,0.270333243715588,Low,28.95269040193947,47.6,-8.2,1,100.0,Feature Adoption Campaign
19957,734.59,0,0.26976225978777263,Low,198.1646584174999,70.1,-18.6,0,57.3,Re-engagement Campaign
17675,960.04,0,0.2691036260556075,Low,258.3502451584254,85.9,-5.0,2,100.0,Priority Support
10855,115.97,0,0.26882569742024465,Low,31.175716129825773,64.7,-11.2,0,100.0,Re-engagement Campaign
18345,133.15,0,0.2682596232921136,Low,35.71876884134493,49.3,9.3,0,87.3,Feature Adoption Campaign
18163,129.53,0,0.26784793322930034,Low,34.694342791191275,77.8,7.5,0,84.6,Customer Success Review
14923,2604.3,0,0.2674155564779086,Low,696.4303337354174,51.0,2.7,0,93.7,Customer Success Review
16299,129.05,0,0.26712907809615044,Low,34.473007528308216,96.1,9.7,0,84.4,Customer Success Review
13793,2637.02,0,0.2670983877854515,Low,704.3437905579913,83.6,-15.9,0,97.8,Re-engagement Campaign
15570,121.04,0,0.26695578228153777,Low,32.312327887357334,58.9,19.7,0,74.0,Customer Success Review
13701,109.87,0,0.26678375445597563,Low,29.311531102078042,88.4,7.5,0,76.9,Customer Success Review
17613,348.56,0,0.2666700162895723,Low,92.95050087789333,87.1,-47.1,0,69.6,Re-engagement Campaign
18679,912.29,0,0.266270695300152,Low,242.91609261537567,80.6,29.2,0,85.5,Customer Success Review
12553,116.02,0,0.26625440844414244,Low,30.890836467689404,59.8,-33.5,0,96.2,Re-engagement Campaign
16866,412.1,0,0.26539915292553,Low,109.37099092061092,79.7,-35.9,0,64.5,Re-engagement Campaign
19534,336.25,0,0.2645780466651453,Low,88.9643681911551,100.0,-41.9,0,91.8,Re-engagement Campaign
12175,369.97,0,0.2639276394812002,Low,97.64530877885964,80.5,28.1,4,86.4,Priority Support
12904,139.67,0,0.26391730068744423,Low,36.86132938701533,54.0,22.1,1,89.7,Priority Support
19969,140.41,0,0.263867698669122,Low,37.04966357013142,87.3,-23.8,1,67.8,Re-engagement Campaign
18182,2130.7,0,0.26361699964606483,Low,561.6887411458703,96.0,9.7,1,81.7,Priority Support
10283,392.41,0,0.26345327513996947,Low,103.38169969767543,85.3,18.2,1,66.2,Priority Support
12926,305.29,0,0.263011531550832,Low,80.2947904671535,80.6,32.5,0,62.5,Customer Success Review
14704,113.41,0,0.2629447870962373,Low,29.820568304584274,49.3,34.0,1,90.5,Feature Adoption Campaign
14654,839.34,0,0.2629446800796505,Low,220.69998777805387,86.9,-6.0,0,72.2,Customer Success Review
18303,133.34,0,0.26187780643725805,Low,34.91878671034399,77.5,-1.0,1,43.9,Priority Support
11099,416.09,0,0.26175475365383044,Low,108.9135354478223,56.9,-28.2,0,85.5,Re-engagement Campaign
11694,137.78,0,0.2613371780118036,Low,36.007036386466304,70.3,-25.2,1,100.0,Re-engagement Campaign
13690,114.08,0,0.2611491893708255,Low,29.791899523423773,61.8,-13.9,0,83.2,Re-engagement Campaign
14012,808.01,0,0.26110527401474054,Low,210.9756724566505,80.8,14.4,0,37.3,Onboarding Intervention
15123,2043.04,0,0.26054811859795834,Low,532.3102282203728,84.7,-3.2,0,66.5,Customer Success Review
10767,970.29,0,0.2604605267297023,Low,252.72224448056286,57.8,-42.0,0,83.1,Re-engagement Campaign
19099,368.15,0,0.26036587293223,Low,95.85369612000048,100.0,19.3,0,91.9,Customer Success Review
14363,136.13,0,0.25982949103093655,Low,35.370588614041395,100.0,9.5,1,100.0,Priority Support
15022,382.68,0,0.2591294011580398,Low,99.16363923515867,66.1,39.5,0,100.0,Customer Success Review
16932,141.45,0,0.25895155999557473,Low,36.62869816137404,81.0,21.2,0,83.8,Customer Success Review
11527,826.76,0,0.25871316596832805,Low,213.8936970959749,59.7,-3.5,0,70.8,Customer Success Review
19454,372.64,0,0.2584823828769432,Low,96.3208751552641,51.3,-8.2,0,100.0,Customer Success Review
11206,345.26,0,0.25831188208042166,Low,89.18476040708639,95.7,-21.2,0,57.7,Re-engagement Campaign
18077,103.82,0,0.2580440092239711,Low,26.790129037632678,63.6,11.3,0,90.3,Customer Success Review
15083,140.71,0,0.2575240583486678,Low,36.23621025024105,71.7,-13.7,0,85.7,Re-engagement Campaign
18907,332.25,0,0.25703283082419015,Low,85.39915804133717,74.1,-20.4,0,68.8,Re-engagement Campaign
14763,363.62,0,0.25629164801258286,Low,93.19276905033539,65.5,26.7,0,59.8,Onboarding Intervention
13890,417.71,0,0.2562355306291295,Low,107.03214349909368,73.2,-6.7,0,52.5,Onboarding Intervention
18606,791.51,0,0.2561236006793096,Low,202.72439117368035,49.7,-9.3,0,87.9,Feature Adoption Campaign
15508,400.76,0,0.25542510824788717,Low,102.36416638142326,94.4,-25.0,1,95.8,Re-engagement Campaign
11231,322.86,0,0.25519566816131684,Low,82.39247342256276,96.8,24.0,2,90.6,Priority Support
11442,105.52,0,0.2543667604841351,Low,26.840780566285932,65.8,-32.7,0,85.8,Re-engagement Campaign
13605,389.62,0,0.2542855081458866,Low,99.07471968380032,54.8,22.7,1,81.6,Priority Support
18450,960.53,0,0.25412081044040435,Low,244.0906620523216,60.1,-16.4,1,83.9,Re-engagement Campaign
10657,105.1,0,0.2537813789680649,Low,26.67242292954362,86.7,-35.4,0,76.4,Re-engagement Campaign
16868,391.15,0,0.25355878479258726,Low,99.1795186716205,92.7,-2.9,0,88.3,Customer Success Review
14170,405.51,0,0.2535535370755338,Low,102.8184948194997,60.9,39.0,0,83.7,Customer Success Review
17341,2067.49,0,0.25309147670095494,Low,523.2640971644573,60.4,11.8,0,73.6,Customer Success Review
17444,330.56,0,0.253076347033896,Low,83.65691727552465,69.7,26.0,0,80.7,Customer Success Review
19822,927.27,0,0.25270636848619366,Low,234.3270343061928,58.2,14.9,1,64.7,Priority Support
12313,299.48,0,0.2525914862996871,Low,75.6460983170303,76.0,37.2,1,81.2,Priority Support
12616,332.8,0,0.25248911346469527,Low,84.02837696105058,39.5,-18.5,0,100.0,Feature Adoption Campaign
19403,860.32,0,0.2519326793665543,Low,216.742722712634,61.7,20.3,0,69.7,Customer Success Review
12902,865.71,0,0.25149217541041285,Low,217.71929117454852,68.7,-14.5,0,68.8,Re-engagement Campaign
14456,306.48,0,0.25067811431178366,Low,76.82782847427546,62.4,-2.4,0,73.1,Customer Success Review
16824,103.45,0,0.2506069983636708,Low,25.925293980721744,72.7,3.0,0,72.9,Customer Success Review
17659,396.54,0,0.24993321804104623,Low,99.10851828199648,86.8,13.9,0,96.8,Customer Success Review
13864,1014.99,0,0.24979839862446768,Low,253.54287661984844,88.4,-30.8,0,96.1,Re-engagement Campaign
19348,123.13,0,0.24952176220120492,Low,30.72361457983436,85.1,18.0,1,89.2,Priority Support
19770,928.32,0,0.24920215018109662,Low,231.33934005611562,87.3,2.3,0,56.0,Onboarding Intervention
13518,883.03,0,0.24890975483320366,Low,219.79478081036382,61.8,46.3,1,63.3,Priority Support
17467,335.26,0,0.24877057510756972,Low,83.40282301056382,49.4,-5.0,1,96.4,Feature Adoption Campaign
18243,405.86,0,0.24870683340461816,Low,100.94015540559833,93.0,4.9,0,71.3,Customer Success Review
14344,138.23,0,0.2482266527580257,Low,34.31237021074189,89.7,1.6,1,85.8,Priority Support
13158,104.02,0,0.2480238033271959,Low,25.799436022094916,49.1,32.1,0,75.6,Feature Adoption Campaign
13485,110.79,0,0.24793179643021188,Low,27.468363726503174,76.2,12.0,1,100.0,Priority Support
16863,401.55,0,0.24785323154185726,Low,99.52546512563279,52.5,-14.6,0,74.1,Re-engagement Campaign
12866,851.48,0,0.2476408431295957,Low,210.86122510798813,54.8,57.1,0,94.0,Customer Success Review
18814,139.88,0,0.2472583220034611,Low,34.58649408184414,65.2,-10.9,0,100.0,Re-engagement Campaign
10981,363.64,0,0.2471659877907817,Low,89.87943980023985,64.1,35.0,0,84.4,Customer Success Review
17751,958.96,0,0.24707174056127992,Low,236.931916328645,65.2,6.3,1,85.1,Priority Support
14688,351.93,0,0.24694036584033782,Low,86.9057229501901,88.7,-36.2,0,50.2,Re-engagement Campaign
14097,343.48,0,0.24609164650317025,Low,84.52755874090893,94.9,-0.4,0,66.9,Customer Success Review
10275,104.34,0,0.24591779407689543,Low,25.65906263398327,71.8,13.2,0,77.4,Customer Success Review
14773,107.15,0,0.2457522371153155,Low,26.332352206906055,79.0,13.6,0,96.1,Customer Success Review
16787,2127.57,0,0.24561217757842568,Low,522.5571006505312,45.1,-6.5,0,79.5,Feature Adoption Campaign
10191,299.39,0,0.2455110969740358,Low,73.50356732305657,37.6,18.8,0,63.1,Feature Adoption Campaign
17904,1007.65,0,0.24492935969524446,Low,246.80306929691307,50.8,10.3,0,100.0,Customer Success Review
17381,105.13,0,0.24471167413853623,Low,25.726538302184313,86.5,6.6,0,80.2,Customer Success Review
18188,140.66,0,0.2440739437359821,Low,34.33144092590324,100.0,19.7,0,46.0,Onboarding Intervention
19204,118.39,0,0.24381172774238663,Low,28.864870447421154,75.8,14.6,0,92.2,Customer Success Review
13918,136.94,0,0.24361093342782486,Low,33.360081223606336,70.2,-5.0,0,60.4,Customer Success Review
14388,747.53,0,0.24358615876361683,Low,182.0879612605665,44.3,3.7,0,89.4,Feature Adoption Campaign
17342,121.08,0,0.24345112870466865,Low,29.47706266356128,73.8,11.1,0,96.5,Customer Success Review
11327,417.2,0,0.2434227385645836,Low,101.55596652914427,90.9,-30.1,0,58.1,Re-engagement Campaign
19473,1014.57,0,0.24323559834839625,Low,246.7795410163324,67.0,-22.2,0,88.5,Re-engagement Campaign
17438,995.19,0,0.24309157337283627,Low,241.92230290491293,86.4,12.0,0,56.7,Onboarding Intervention
10635,332.21,0,0.2426835246754775,Low,80.62189373244037,61.5,15.5,0,96.0,Customer Success Review
11268,362.51,0,0.24260088742694957,Low,87.94524770114349,100.0,7.2,2,61.1,Priority Support
15968,386.89,0,0.2424387776458098,Low,93.79713868338735,74.8,24.8,0,63.9,Customer Success Review
14606,841.63,0,0.24181294704296122,Low,203.51703061976744,70.8,-23.3,0,86.6,Re-engagement Campaign
15514,872.42,0,0.241377643783542,Low,210.5826839896377,53.0,4.5,0,73.8,Customer Success Review
18395,933.34,0,0.24115483428930157,Low,225.07945303557673,76.7,-28.0,0,89.9,Re-engagement Campaign
19294,2009.69,0,0.24082224211214504,Low,483.97805175035677,45.9,21.2,0,88.2,Feature Adoption Campaign
18632,341.01,0,0.24023484980515908,Low,81.9224861320573,68.2,12.0,0,81.3,Customer Success Review
18894,117.41,0,0.23878423138010654,Low,28.035656606338307,56.5,21.6,0,80.1,Customer Success Review
10749,2058.95,0,0.2377828144216818,Low,489.5829257535217,71.2,9.2,0,62.9,Customer Success Review
17925,414.9,0,0.2376531085898205,Low,98.60227475391652,62.5,7.1,0,100.0,Customer Success Review
12420,408.67,0,0.2371688980787449,Low,96.92381357784068,77.9,16.4,1,93.0,Priority Support
19988,313.18,0,0.2371173376287126,Low,74.26040779856021,85.6,27.9,0,100.0,Customer Success Review
19225,333.38,0,0.23661201711307056,Low,78.88171426515547,64.1,16.4,1,76.0,Priority Support
14705,960.95,0,0.23603581472464438,Low,226.81861615964704,57.8,-17.7,1,91.0,Re-engagement Campaign
17622,1006.64,0,0.23557496096020325,Low,237.139178700979,60.2,5.3,0,90.7,Customer Success Review
17790,118.27,0,0.23541222991546537,Low,27.84220443210209,78.6,-25.8,0,89.2,Re-engagement Campaign
12760,975.96,0,0.23509087250045274,Low,229.43928792554186,68.2,7.8,1,71.5,Priority Support
13448,869.76,0,0.23427673792187168,Low,203.7645355749271,99.4,64.6,2,82.5,Priority Support
11010,2329.9,0,0.2333804713222197,Low,543.7531601336397,56.5,1.1,0,100.0,Customer Success Review
14103,777.9,0,0.23317561004001358,Low,181.38730705012657,56.1,6.7,1,73.9,Priority Support
11044,956.75,0,0.232948812046664,Low,222.8737759256458,100.0,4.1,0,63.6,Customer Success Review
15244,136.08,0,0.23262482949575936,Low,31.655586797782934,74.0,6.5,1,79.1,Priority Support
12875,309.42,0,0.23245767349703417,Low,71.92705333345232,61.9,7.9,0,89.0,Customer Success Review
13838,931.98,0,0.23220664436674696,Low,216.41194841692084,72.7,-40.8,0,100.0,Re-engagement Campaign
13893,2005.91,0,0.23179763646675428,Low,464.9651969650271,65.9,28.4,0,64.3,Customer Success Review
19210,2314.14,0,0.23144700519766864,Low,535.6007726081328,87.7,45.9,2,91.6,Priority Support
19677,125.01,0,0.23122005580692725,Low,28.904819176423977,59.3,8.4,0,75.4,Customer Success Review
15502,385.23,0,0.2309625676137919,Low,88.97370992186106,100.0,-2.1,2,63.7,Priority Support
18155,124.69,0,0.2305013169439498,Low,28.7412092097411,96.6,7.0,0,92.8,Customer Success Review
14682,802.31,0,0.2298195038421557,Low,184.3864861275999,77.3,13.5,1,71.4,Priority Support
11055,102.1,0,0.2281181003391479,Low,23.290858044626997,66.7,29.5,0,92.7,Customer Success Review
14185,343.99,0,0.22755282407125743,Low,78.27589595227185,100.0,1.7,1,64.6,Priority Support
13854,975.86,0,0.22672818378510934,Low,221.2549654285368,90.3,-39.8,1,74.9,Re-engagement Campaign
12586,126.91,0,0.22657835343463456,Low,28.755058834389473,84.2,19.5,0,69.4,Customer Success Review
17899,2031.89,0,0.22652714771645835,Low,460.2782461735946,47.6,5.7,0,76.7,Feature Adoption Campaign
12237,728.56,0,0.2258811974762557,Low,164.56800523330085,86.4,-10.9,0,73.2,Re-engagement Campaign
10743,348.0,0,0.22578796287798475,Low,78.57421108153869,81.9,-12.8,1,100.0,Re-engagement Campaign
19793,131.85,0,0.22574970916446288,Low,29.76509915333443,64.9,-14.5,0,87.9,Re-engagement Campaign
18712,352.75,0,0.22568031293074275,Low,79.60873038631951,64.5,-1.8,0,66.9,Customer Success Review
17774,305.74,0,0.2253008244383724,Low,68.88347406378799,60.9,22.0,1,57.2,Priority Support
18321,788.4,0,0.22528469142505508,Low,177.61445071951343,67.2,4.1,0,95.2,Customer Success Review
16987,395.13,0,0.22505342325743305,Low,88.92535913170951,93.3,30.1,1,72.7,Priority Support
15642,109.83,0,0.2237744942165823,Low,24.577152699807232,65.6,10.8,0,53.5,Onboarding Intervention
18681,966.87,0,0.22362981561288423,Low,216.22095982162938,69.1,14.7,0,84.3,Customer Success Review
10325,375.82,0,0.22349329197124423,Low,83.99324898863301,62.9,-21.9,0,70.8,Re-engagement Campaign
11273,416.01,0,0.22329484691757298,Low,92.89288926617954,88.0,13.9,1,86.7,Priority Support
11993,142.71,0,0.2225983447635773,Low,31.767009781210117,87.6,-6.4,1,96.9,Priority Support
16153,362.56,0,0.22248953694786588,Low,80.66580651581826,68.7,27.2,0,59.1,Onboarding Intervention
11265,1939.88,0,0.22200504946408345,Low,430.6631553543862,44.8,53.5,1,88.1,Feature Adoption Campaign
16241,841.02,0,0.22196168741620328,Low,186.67421835077528,56.5,-0.9,0,79.3,Customer Success Review
16090,1008.24,0,0.22095956429808347,Low,222.7802711078997,65.1,4.6,0,79.6,Customer Success Review
11277,311.56,0,0.22020869100726476,Low,68.60821977022341,79.3,-3.3,3,100.0,Priority Support
16029,108.39,0,0.21968466451313007,Low,23.811620786578167,100.0,2.1,0,60.6,Customer Success Review
11675,113.57,0,0.2195666871999652,Low,24.936188665300044,78.2,-15.7,0,95.7,Re-engagement Campaign
10718,123.19,0,0.21930173700614414,Low,27.015780981786897,66.5,8.0,0,80.0,Customer Success Review
10773,777.33,0,0.2188531650551299,Low,170.12113079230411,96.4,2.5,1,88.0,Priority Support
10215,359.09,0,0.21850595932493597,Low,78.46330493399125,80.5,2.7,0,99.4,Customer Success Review
11747,133.57,0,0.2169046732958241,Low,28.971957212123225,79.8,-35.0,0,64.9,Re-engagement Campaign
10953,2042.88,0,0.21549754705728866,Low,440.23562893239387,94.2,12.2,0,86.2,Customer Success Review
19624,726.98,0,0.21317655030855925,Low,154.97508854331642,83.0,-11.4,1,79.8,Re-engagement Campaign
10011,122.71,0,0.21313292494382113,Low,26.15354121985629,79.3,40.8,0,71.6,Customer Success Review
19340,734.77,0,0.2130217312498688,Low,156.5219774704661,82.9,55.4,0,73.9,Customer Success Review
12738,400.8,0,0.21299717159933027,Low,85.36926637701157,58.5,33.0,1,69.8,Priority Support
14667,364.38,0,0.21280134685529833,Low,77.5405547671336,85.0,1.4,1,47.6,Priority Support
11142,867.92,0,0.2127388278324336,Low,184.64028345232578,84.6,20.1,1,64.2,Priority Support
12722,812.26,0,0.2127285949343299,Low,172.7909285213588,76.8,-49.3,0,53.3,Re-engagement Campaign
13095,105.57,0,0.21255410175013026,Low,22.43933652176125,63.9,18.4,0,87.6,Customer Success Review
11020,830.9,0,0.21254802710097595,Low,176.6061557182009,68.7,21.0,0,42.2,Onboarding Intervention
14171,141.58,0,0.21248569124614294,Low,30.083724166628922,67.5,-16.9,2,89.4,Re-engagement Campaign
13473,139.57,0,0.21224838373622876,Low,29.623506918065445,49.1,38.1,0,96.3,Feature Adoption Campaign
14048,338.31,0,0.21182785918349145,Low,71.663483040367,84.4,-11.8,0,94.0,Re-engagement Campaign
18774,920.73,0,0.21109013950367023,Low,194.3570241452143,65.0,-0.5,0,85.9,Customer Success Review
12749,124.96,0,0.2108727022738866,Low,26.350652876144867,79.2,11.7,0,97.8,Customer Success Review
11753,374.31,0,0.2106255859650523,Low,78.83926308257873,88.4,13.7,0,54.0,Onboarding Intervention
16616,812.18,0,0.21031850994669352,Low,170.81648740850554,80.7,-5.4,0,86.1,Customer Success Review
12452,132.22,0,0.21011934546827152,Low,27.78197985781486,66.1,27.4,0,91.3,Customer Success Review
19368,305.83,0,0.20983935185717723,Low,64.17516897848051,94.7,-26.1,0,100.0,Re-engagement Campaign
15378,102.26,0,0.2092164480128302,Low,21.394473973792017,80.1,37.3,0,68.6,Customer Success Review
13725,800.97,0,0.20908996480434308,Low,167.4747891093347,79.7,-3.7,0,62.7,Customer Success Review
16948,350.0,0,0.20905354928679773,Low,73.16874225037921,48.7,14.7,0,95.9,Feature Adoption Campaign
12220,412.94,0,0.2086521474072644,Low,86.16081775035576,80.6,24.6,0,68.4,Customer Success Review
16135,414.58,0,0.20818010265932174,Low,86.3073069605016,94.7,-3.9,0,52.5,Onboarding Intervention
12187,317.5,0,0.20812169422493423,Low,66.07863791641662,67.4,-1.5,0,82.5,Customer Success Review
11538,121.73,0,0.2080738713649592,Low,25.328832361256485,85.9,-6.5,1,94.8,Priority Support
16611,136.8,0,0.20785552707504204,Low,28.434636103865753,100.0,13.4,1,71.6,Priority Support
12468,409.24,0,0.20780424982282222,Low,85.04181119749177,73.1,6.1,2,88.3,Priority Support
10674,371.75,0,0.20756221264363797,Low,77.16125255027242,75.8,1.5,0,74.9,Customer Success Review
12200,103.85,0,0.20721041417928668,Low,21.51880151251892,82.6,9.3,0,63.6,Customer Success Review
12246,318.51,0,0.2069116132001438,Low,65.9034179203778,56.6,21.1,0,62.1,Customer Success Review
17989,121.85,0,0.20636758318768775,Low,25.145890011419752,64.5,20.4,2,100.0,Priority Support
10177,754.63,0,0.2060799562632335,Low,155.5141173949239,55.1,-17.8,0,72.9,Re-engagement Campaign
12906,324.25,0,0.2055931427230275,Low,66.66357652794167,76.2,-34.8,0,95.9,Re-engagement Campaign
19829,2125.92,0,0.20512466808971552,Low,436.078634385288,48.1,13.9,0,78.6,Feature Adoption Campaign
16462,131.2,0,0.20488387028855076,Low,26.88076378185786,89.6,36.2,0,100.0,Customer Success Review
17383,333.13,0,0.20437145718905736,Low,68.08226353339067,84.2,23.8,0,79.1,Customer Success Review
13541,404.62,0,0.20435831974737328,Low,82.68746333618218,83.0,3.0,1,94.7,Priority Support
11201,310.74,0,0.20391800031542334,Low,63.36547941801465,65.6,-2.2,1,100.0,Priority Support
16156,373.08,0,0.20366909924182838,Low,75.98486754514133,99.1,7.5,0,64.3,Customer Success Review
16928,373.92,0,0.2036387807290732,Low,76.14461289021506,82.6,-13.4,1,100.0,Re-engagement Campaign
19806,140.43,0,0.203392005202032,Low,28.562339290521354,97.1,-34.0,0,72.5,Re-engagement Campaign
16442,115.13,0,0.20255242973666157,Low,23.319861235581847,84.8,13.8,1,100.0,Priority Support
16799,758.46,0,0.20203328700541517,Low,153.2341668621272,64.8,22.9,1,100.0,Priority Support
13038,1008.84,0,0.20115525215816724,Low,202.93346458724545,89.4,-10.9,0,76.7,Re-engagement Campaign
12132,412.16,0,0.20085397016976195,Low,82.78397234516909,100.0,-30.7,0,78.0,Re-engagement Campaign
14074,370.97,0,0.20079589601066603,Low,74.48925354307679,76.5,-3.4,1,70.6,Priority Support
15026,322.81,0,0.20017870852540642,Low,64.61968889908646,47.8,-1.8,0,76.3,Feature Adoption Campaign
13950,311.87,0,0.19987376448117872,Low,62.334630928745206,72.8,-11.6,0,100.0,Re-engagement Campaign
13602,334.81,0,0.19905146120395795,Low,66.64441972569716,57.4,34.6,0,70.3,Customer Success Review
17037,338.1,0,0.1989211944197665,Low,67.25525583332306,76.5,36.0,1,74.4,Priority Support
10966,375.07,0,0.19876127749528785,Low,74.54939235015762,85.8,1.9,0,89.8,Customer Success Review
10558,357.04,0,0.19860127182360332,Low,70.90859809189934,60.4,12.4,0,61.5,Customer Success Review
15117,113.93,0,0.19859797421440253,Low,22.626267202246883,82.8,8.3,1,72.6,Priority Support
16554,330.06,0,0.1984024949013396,Low,65.48472746713615,80.8,27.1,1,95.2,Priority Support
10340,120.88,0,0.19835636505691714,Low,23.977317408080143,39.9,25.3,0,100.0,Feature Adoption Campaign
19533,854.31,0,0.19725475962393652,Low,168.5167136943252,71.7,-0.3,0,100.0,Customer Success Review
14067,141.5,0,0.19717241453750772,Low,27.899896657057344,42.2,16.3,0,100.0,Feature Adoption Campaign
16296,141.13,0,0.19629522299930108,Low,27.70314482189136,83.7,50.5,0,66.9,Customer Success Review
17110,328.5,0,0.19617280170043377,Low,64.4427653585925,70.0,-12.0,0,79.7,Re-engagement Campaign
14976,376.34,0,0.1960397477797694,Low,73.77759867943841,83.1,-21.8,0,94.4,Re-engagement Campaign
14601,1920.72,0,0.1957788482930062,Low,376.03634949334287,62.1,35.7,0,100.0,Customer Success Review
10844,724.78,0,0.19473086594898742,Low,141.1370370225071,84.9,11.4,0,75.7,Customer Success Review
15466,128.41,0,0.194099472426334,Low,24.92431325426555,57.3,30.9,0,95.4,Customer Success Review
13629,932.87,0,0.19403764972053605,Low,181.01190229479647,100.0,-10.0,1,66.4,Priority Support
19237,1012.13,0,0.1924095710009527,Low,194.74349909719427,66.7,-4.5,0,59.3,Onboarding Intervention
10222,2244.38,0,0.19185872377581673,Low,430.60388246796754,68.1,6.9,0,53.6,Onboarding Intervention
10668,783.8,0,0.19164118873436695,Low,150.2083637299968,66.6,-10.4,0,66.0,Re-engagement Campaign
16061,2444.46,0,0.19126671823006738,Low,467.5438420446705,100.0,-33.3,2,69.1,Re-engagement Campaign
10132,903.34,0,0.1911018782873705,Low,172.62997073211326,74.7,-11.5,1,100.0,Re-engagement Campaign
17290,764.57,0,0.1908295247711162,Low,145.90252975425233,82.8,27.0,1,61.8,Priority Support
14496,306.97,0,0.19057922295556673,Low,58.50210407067033,91.8,-0.8,0,86.0,Customer Success Review
17786,789.44,0,0.18989005271013507,Low,149.90680321148903,75.8,23.6,0,75.5,Customer Success Review
16436,364.0,0,0.18963592561739231,Low,69.0274769247308,64.4,12.7,2,100.0,Priority Support
10276,112.48,0,0.18956068743712368,Low,21.321786122927673,80.0,-15.0,1,100.0,Re-engagement Campaign
15992,309.76,0,0.18945193384664652,Low,58.68463102833722,44.1,12.9,0,100.0,Feature Adoption Campaign
19498,117.72,0,0.18925574333378936,Low,22.279186105253682,62.7,-5.6,0,100.0,Customer Success Review
16397,817.83,0,0.18890172413928782,Low,154.48949705283377,69.0,29.2,0,77.1,Customer Success Review
17764,102.69,0,0.18851499839360608,Low,19.35860518503941,100.0,-4.3,0,91.1,Customer Success Review
19892,110.22,0,0.18839559756749824,Low,20.764962763889656,81.6,1.4,0,62.0,Customer Success Review
12732,137.57,0,0.18764874344703858,Low,25.814837636009095,75.7,34.1,0,67.4,Customer Success Review
11315,763.11,0,0.18704965978777682,Low,142.73946588065039,75.5,7.4,1,86.3,Priority Support
18796,2352.28,0,0.18664263904862252,Low,439.0357469812938,46.9,30.5,0,90.8,Feature Adoption Campaign
16071,132.56,0,0.1865298803200495,Low,24.72640093522576,50.9,-23.2,0,100.0,Re-engagement Campaign
12539,120.91,0,0.18634587192484994,Low,22.531079374433606,70.2,-24.4,0,91.5,Re-engagement Campaign
11554,120.47,0,0.18513241024986105,Low,22.30290146280076,76.8,11.2,1,92.6,Priority Support
14138,386.6,0,0.18507005081308145,Low,71.54808164433729,72.9,42.8,0,56.4,Onboarding Intervention
18116,406.44,0,0.18489500810417486,Low,75.14872709386083,77.3,6.7,0,100.0,Customer Success Review
15173,2529.47,0,0.1843931299212487,Low,466.4168903419009,95.3,-4.7,0,100.0,Customer Success Review
10257,373.48,0,0.18389624368678573,Low,68.68156909214073,78.0,-2.9,0,77.2,Customer Success Review
17447,349.38,0,0.18373506655316207,Low,64.19335755234377,57.7,19.8,0,53.3,Onboarding Intervention
11450,398.8,0,0.18257811256632894,Low,72.81215129145198,98.7,-3.2,0,79.0,Customer Success Review
15652,112.28,0,0.18231310822348012,Low,20.470115791332347,77.0,0.6,0,98.5,Customer Success Review
17158,382.17,0,0.1817249195009035,Low,69.44981248566029,88.7,15.1,0,62.2,Customer Success Review
18157,143.64,0,0.18137086152317697,Low,26.052110549189138,85.9,6.0,0,85.1,Customer Success Review
13106,2551.75,0,0.18129464140248294,Low,462.6186011987858,59.5,-19.1,0,94.4,Re-engagement Campaign
18349,364.97,0,0.1798490527638561,Low,65.63950878722457,67.1,3.1,0,87.8,Customer Success Review
10451,363.73,0,0.1791236543494123,Low,65.15264679651173,74.4,21.7,0,97.8,Customer Success Review
17058,143.46,0,0.17898170967662236,Low,25.676716070208244,62.4,-17.6,0,100.0,Re-engagement Campaign
12179,360.79,0,0.17866337133107899,Low,64.45995774253998,50.6,-5.3,0,100.0,Customer Success Review
12706,2392.02,0,0.17845026321997282,Low,426.8565986274394,56.3,6.0,0,97.9,Customer Success Review
16738,1974.55,0,0.17816076551315432,Low,351.7873395439989,57.7,25.1,0,82.9,Customer Success Review
16485,913.73,0,0.17791770969686338,Low,162.56874888131497,87.9,9.3,0,64.8,Customer Success Review
17185,373.35,0,0.17681995127945146,Low,66.0157288101832,88.5,-0.5,0,57.1,Onboarding Intervention
14020,343.03,0,0.17669181766975414,Low,60.61059421525576,68.9,-1.1,1,98.0,Priority Support
11662,345.7,0,0.17587032061408833,Low,60.798369836290334,58.4,22.4,0,93.1,Customer Success Review
13847,408.15,0,0.1756815787020428,Low,71.70443634723875,80.8,21.5,0,87.6,Customer Success Review
11239,969.99,0,0.17540120131716525,Low,170.13741126563713,84.4,31.7,0,82.2,Customer Success Review
18769,324.86,0,0.1751481872270055,Low,56.89864010256501,100.0,-12.9,0,56.6,Re-engagement Campaign
17396,322.18,0,0.17483948315127795,Low,56.32978468167873,100.0,0.3,1,83.8,Priority Support
15726,135.88,0,0.1746303293191138,Low,23.72876914788118,84.7,4.0,0,80.0,Customer Success Review
14617,871.05,0,0.17417839977563507,Low,151.71809512456693,68.5,-9.3,0,81.8,Customer Success Review
13180,125.86,0,0.17405508528228517,Low,21.906573033628412,100.0,1.3,0,27.6,Onboarding Intervention
19602,349.76,0,0.17398899048464403,Low,60.854389311909095,69.2,26.9,0,77.3,Customer Success Review
15295,784.23,0,0.17353230002994888,Low,136.08923565248682,84.0,20.6,0,82.7,Customer Success Review
16546,929.17,0,0.17341379285963854,Low,161.13089391139033,59.7,44.1,0,84.4,Customer Success Review
19324,2196.92,0,0.17320986086405388,Low,380.52820752945723,65.8,-24.2,0,100.0,Re-engagement Campaign
13731,1937.63,0,0.17315715109833948,Low,335.51449068267556,100.0,22.0,0,55.7,Onboarding Intervention
12864,1002.68,0,0.17280872789508203,Low,173.27185528584084,80.7,40.6,1,100.0,Priority Support
12624,795.82,0,0.17253642327463098,Low,137.30793637041683,68.2,-18.7,1,87.9,Re-engagement Campaign
11827,350.95,0,0.17248929416649497,Low,60.53511778773141,64.1,-14.4,0,100.0,Re-engagement Campaign
18348,402.36,0,0.17240918377437606,Low,69.37055918345796,82.7,-32.0,0,100.0,Re-engagement Campaign
10307,749.38,0,0.17205356181970186,Low,128.93349815644817,90.5,-16.6,0,80.0,Re-engagement Campaign
18926,321.35,0,0.17198247996342106,Low,55.26656993624536,76.3,-24.4,0,84.5,Re-engagement Campaign
16328,341.31,0,0.1715379665539896,Low,58.54762336454219,75.2,5.4,0,98.3,Customer Success Review
19277,369.05,0,0.17100432524442502,Low,63.10914623145506,64.9,19.3,0,70.1,Customer Success Review
19321,303.32,0,0.17066257597584497,Low,51.7653725449933,67.0,56.7,0,75.5,Customer Success Review
16604,732.83,0,0.17013068016658595,Low,124.67686634647919,71.6,1.7,2,100.0,Priority Support
10793,984.15,0,0.1697116058210212,Low,167.02167686875802,78.0,-4.3,1,100.0,Priority Support
10914,140.4,0,0.16967582486596838,Low,23.822485811181963,84.8,-15.2,0,79.9,Re-engagement Campaign
16117,419.68,0,0.16915178072952178,Low,70.9896193365657,78.2,3.1,0,86.8,Customer Success Review
14884,319.01,0,0.16907467251137906,Low,53.93651127785503,92.8,60.8,3,85.8,Priority Support
18159,417.98,0,0.168619370844574,Low,70.47952462561504,81.6,-2.7,0,100.0,Customer Success Review
13585,766.87,0,0.1677392048345718,Low,128.63416401148808,94.5,13.7,0,80.5,Customer Success Review
10760,313.66,0,0.1672140281472157,Low,52.44835206865568,90.5,39.6,0,64.1,Customer Success Review
11567,112.84,0,0.16686408055740792,Low,18.82894285009791,89.6,0.8,0,70.9,Customer Success Review
18521,308.37,0,0.16634710540523384,Low,51.29645689381196,68.4,29.2,0,69.2,Customer Success Review
18871,970.96,0,0.16558522899349887,Low,160.77663394352766,77.4,-6.3,0,69.1,Customer Success Review
12758,398.69,0,0.16427187829524711,Low,65.49355515753207,100.0,-13.8,0,94.2,Re-engagement Campaign
18955,402.37,0,0.16383215646156926,Low,65.92114479544162,88.1,34.2,1,58.2,Priority Support
11424,143.83,0,0.16351418240494858,Low,23.518244855303756,86.9,-18.4,0,62.5,Re-engagement Campaign
15454,385.33,0,0.1634178768569329,Low,62.969810489281954,55.1,33.9,0,83.7,Customer Success Review
14471,358.66,0,0.16283365676126818,Low,58.40191933399645,94.7,-10.5,0,30.5,Re-engagement Campaign
12839,302.04,0,0.1624214771379781,Low,49.05778295475491,69.5,-0.1,0,71.9,Customer Success Review
11299,2518.24,0,0.16190570442365051,Low,407.71742110781366,72.7,-14.4,0,100.0,Re-engagement Campaign
19147,811.54,0,0.16010505152649368,Low,129.93165351581067,90.8,8.9,0,69.4,Customer Success Review
16076,2431.26,0,0.15920917786471708,Low,387.0789057753721,68.1,21.1,0,100.0,Customer Success Review
19032,871.76,0,0.15828163694967737,Low,137.98359982725074,100.0,19.8,1,88.2,Priority Support
14827,779.09,0,0.15825678782602187,Low,123.29628082737538,88.6,-55.5,0,92.8,Re-engagement Campaign
13803,352.61,0,0.1581352553204236,Low,55.76007237853457,66.7,50.6,1,86.2,Priority Support
19428,900.06,0,0.15743817934367313,Low,141.70380770006642,66.2,5.6,0,100.0,Customer Success Review
17688,129.72,0,0.15682734115665747,Low,20.343642694841606,68.8,1.9,0,93.2,Customer Success Review
15017,390.28,0,0.15450709491680034,Low,60.301029004128836,90.1,-2.8,0,86.6,Customer Success Review
12754,2148.58,0,0.15428529024305476,Low,331.4942889104226,70.6,19.8,0,73.8,Customer Success Review
18733,359.86,0,0.1542564449940711,Low,55.510724295566426,54.4,30.6,0,67.6,Customer Success Review
12454,385.41,0,0.15418262549128775,Low,59.42352569059722,62.9,2.6,0,94.0,Customer Success Review
14073,1950.31,0,0.15348749476842166,Low,299.3481959218004,55.1,39.3,0,91.5,Customer Success Review
12653,825.23,0,0.15283607513787278,Low,126.12491428602677,62.8,10.9,0,66.5,Customer Success Review
13141,996.4,0,0.15282195419150885,Low,152.27179515641942,55.3,18.5,0,95.8,Customer Success Review
13384,382.84,0,0.15249912173151745,Low,58.382763763694136,75.3,-11.1,0,75.8,Re-engagement Campaign
18702,106.19,0,0.1512748090274306,Low,16.063871970622856,82.2,7.6,0,97.9,Customer Success Review
13315,2359.37,0,0.15067984850952135,Low,355.50951417790935,68.4,26.2,0,58.1,Onboarding Intervention
10075,112.95,0,0.15048570687733048,Low,16.99736059179448,86.5,-10.9,0,86.3,Re-engagement Campaign
15055,113.44,0,0.1501363605328515,Low,17.031468738846677,65.7,6.0,0,93.9,Customer Success Review
13923,319.02,0,0.15012931970931817,Low,47.89425557366668,70.1,30.9,0,100.0,Customer Success Review
10703,345.22,0,0.14983205286255843,Low,51.72502128921243,65.1,31.5,0,92.2,Customer Success Review
12737,800.17,0,0.1489135504755802,Low,119.15615568404499,83.2,43.5,0,93.9,Customer Success Review
11276,120.79,0,0.14833931170508094,Low,17.917905460856726,100.0,8.5,0,54.5,Onboarding Intervention
17439,378.16,0,0.14783220687011664,Low,55.90422735000331,76.4,1.6,1,94.8,Priority Support
12678,388.51,0,0.1462912725498907,Low,56.83562229835803,93.4,5.0,0,63.2,Customer Success Review
12481,327.0,0,0.14605827617707376,Low,47.76105630990312,71.5,24.1,0,91.0,Customer Success Review
14998,353.4,0,0.1456791536440875,Low,51.48301289782052,83.9,10.7,0,92.1,Customer Success Review
14365,2607.93,0,0.1455618869441179,Low,379.61521181817335,59.8,-13.2,0,93.4,Re-engagement Campaign
17008,136.34,0,0.14446104664846734,Low,19.695819100052038,80.8,-4.1,0,79.4,Customer Success Review
14980,133.43,0,0.14376508413492137,Low,19.18257517612256,76.0,4.8,0,83.3,Customer Success Review
15267,326.99,0,0.14302111421415345,Low,46.76647413688604,75.4,18.9,0,73.4,Customer Success Review
17587,360.15,0,0.14300122531150944,Low,51.50189129594012,65.0,44.8,1,92.5,Priority Support
16324,938.41,0,0.14208478410944453,Low,133.33378225614385,64.8,19.4,0,86.6,Customer Success Review
19352,893.23,0,0.14161969297714253,Low,126.49895835797302,88.5,21.2,1,93.2,Priority Support
17133,1018.73,0,0.13894235530998952,Low,141.54474562494562,65.5,5.9,0,100.0,Customer Success Review
17451,375.14,0,0.13819834039054893,Low,51.84372541411052,72.7,-18.3,0,93.7,Re-engagement Campaign
18451,368.47,0,0.13809043645485486,Low,50.882183120520374,62.9,8.7,0,85.2,Customer Success Review
12173,111.32,0,0.13794860434849895,Low,15.356438636074902,79.1,34.1,0,91.6,Customer Success Review
14445,2438.32,0,0.13703276600761494,Low,334.1297340116877,78.2,10.3,0,81.5,Customer Success Review
17522,1012.7,0,0.13667641548984488,Low,138.41220596656592,82.9,-31.5,0,82.4,Re-engagement Campaign
17885,131.67,0,0.13600599702206947,Low,17.907909627895886,100.0,13.5,0,67.2,Customer Success Review
16341,330.86,0,0.13534003908813863,Low,44.77860533270155,66.0,-10.2,0,94.9,Re-engagement Campaign
18624,107.93,0,0.13492322233828305,Low,14.56226338697089,77.0,21.1,0,100.0,Customer Success Review
14914,106.05,0,0.13487678454424715,Low,14.30368300091741,59.7,14.4,0,80.7,Customer Success Review
14590,976.01,0,0.13467584700587334,Low,131.44497343620245,67.0,13.5,0,100.0,Customer Success Review
13481,118.05,0,0.1346085840023959,Low,15.890543341482834,67.8,-8.5,0,76.1,Customer Success Review
18997,2172.45,0,0.13420158828551115,Low,291.54624047085866,84.5,-2.4,0,88.2,Customer Success Review
18835,418.07,0,0.13380191486923051,Low,55.9385665493792,57.6,-0.7,0,100.0,Customer Success Review
14118,140.06,0,0.1335565089070879,Low,18.70592463752673,56.2,58.0,0,72.4,Customer Success Review
14563,414.63,0,0.13336419439852318,Low,55.29679592345966,47.4,26.6,0,96.8,Feature Adoption Campaign
17296,106.91,0,0.13222235602021545,Low,14.135892082121234,73.7,1.7,0,88.9,Customer Success Review
15501,122.57,0,0.13210097711759486,Low,16.1916167653036,100.0,9.1,0,37.7,Onboarding Intervention
18198,102.37,0,0.13203236207512625,Low,13.516152905630674,90.5,33.6,1,91.5,Priority Support
12861,133.61,0,0.13182529080498206,Low,17.613177104453655,78.1,-1.1,0,77.2,Customer Success Review
16169,348.46,0,0.13072153778951986,Low,45.55122705813609,63.5,-16.5,0,100.0,Re-engagement Campaign
19598,322.37,0,0.13003351493886112,Low,41.91890421084066,94.8,8.8,1,90.5,Priority Support
11569,878.83,0,0.1299819254595473,Low,114.23201555161394,100.0,-1.5,1,100.0,Priority Support
13682,121.27,0,0.12842368489044895,Low,15.573940266664744,89.7,-26.0,0,98.9,Re-engagement Campaign
18659,1893.07,0,0.12778158831901326,Low,241.89949139907444,59.4,-0.4,0,80.8,Customer Success Review
19520,125.76,0,0.12770702760427594,Low,16.060435791513743,64.4,13.8,0,74.3,Customer Success Review
19884,375.38,0,0.12726951724668398,Low,47.77443138406023,69.2,-16.2,0,85.3,Re-engagement Campaign
15782,138.18,0,0.12716346448211083,Low,17.571447522138076,60.9,39.9,0,100.0,Customer Success Review
16447,819.43,0,0.12656752354150982,Low,103.7132258156194,73.9,8.6,0,88.5,Customer Success Review
11001,752.71,0,0.12639457161194295,Low,95.13845799802559,75.8,-19.6,0,67.6,Re-engagement Campaign
17335,360.34,0,0.12582496758530157,Low,45.33976881968756,91.4,4.0,0,63.9,Customer Success Review
16396,140.38,0,0.12534552235162763,Low,17.596004427721486,67.4,30.1,0,75.1,Customer Success Review
14709,400.34,0,0.12530702890856138,Low,50.16541595325346,67.2,35.1,2,100.0,Priority Support
14045,2059.11,0,0.1252751908988281,Low,257.95539833168596,82.9,17.8,0,94.1,Customer Success Review
11157,134.34,0,0.12498869984198525,Low,16.7909819367723,74.3,-28.3,0,78.0,Re-engagement Campaign
16314,362.07,0,0.12464066549043291,Low,45.128645754121045,54.4,49.5,0,83.4,Customer Success Review
14952,120.16,0,0.12371159078503503,Low,14.86518474872981,75.7,-11.9,0,64.7,Re-engagement Campaign
17743,395.83,0,0.12358073604697702,Low,48.91696274947491,100.0,17.7,0,88.0,Customer Success Review
17144,975.04,0,0.12344829167685076,Low,120.36702231659656,92.9,23.2,1,84.0,Priority Support
19253,353.03,0,0.12246603881887583,Low,43.23418568422773,100.0,40.4,1,78.0,Priority Support
13876,336.7,0,0.12207987782777958,Low,41.10429486461339,75.9,-13.8,0,90.7,Re-engagement Campaign
11433,1885.26,0,0.11989680824846624,Low,226.03665671850345,96.0,3.9,1,100.0,Priority Support
12811,340.27,0,0.1197377658786074,Low,40.74316959551374,82.2,17.2,0,90.8,Customer Success Review
14433,134.03,0,0.1181769759850247,Low,15.83926009127286,87.2,6.0,0,56.8,Onboarding Intervention
17314,310.64,0,0.11806917452352367,Low,36.67700837398739,71.9,32.6,1,76.8,Priority Support
12048,116.84,0,0.11792213728927647,Low,13.778022520879064,70.8,-13.9,0,86.1,Re-engagement Campaign
12549,120.82,0,0.11726940812008485,Low,14.16848988906865,100.0,-8.0,0,58.7,Onboarding Intervention
15203,396.49,0,0.11719203435791933,Low,46.46546970257144,66.5,45.1,0,66.6,Customer Success Review
14793,308.32,0,0.11637213436898855,Low,35.87985646864655,76.2,10.0,0,86.8,Customer Success Review
10686,2535.89,0,0.11624490713013816,Low,294.78429754224607,77.8,21.7,0,67.5,Customer Success Review
12853,412.83,0,0.11592215525991063,Low,47.8561433559489,100.0,10.7,1,61.5,Priority Support
11988,385.05,0,0.11565861898393612,Low,44.534351239764604,91.8,14.0,0,90.6,Customer Success Review
17627,121.2,0,0.11519255040537736,Low,13.961337109131737,69.1,14.2,0,75.4,Customer Success Review
13413,981.24,0,0.11512309501055878,Low,112.9633857481607,88.1,6.3,0,63.9,Customer Success Review
16605,306.98,0,0.11454369773219947,Low,35.16262432983059,64.4,25.9,0,100.0,Customer Success Review
14487,336.1,0,0.11439405874123548,Low,38.44784314292925,100.0,18.7,0,53.5,Onboarding Intervention
11361,985.82,0,0.11424408774657928,Low,112.62410658233279,66.7,17.3,0,72.0,Customer Success Review
12244,918.8,0,0.11305076520417748,Low,103.87104306959826,100.0,42.6,1,62.0,Priority Support
10894,374.29,0,0.11257368227532095,Low,42.135203538829884,98.3,11.5,1,96.3,Priority Support
13314,391.62,0,0.11205253358641967,Low,43.88201320311367,76.6,27.7,0,76.4,Customer Success Review
16528,419.22,0,0.1117002027704894,Low,46.82695900544457,51.3,10.3,0,89.4,Customer Success Review
14148,123.74,0,0.11108130232370547,Low,13.745200349535315,55.4,25.8,0,75.1,Customer Success Review
18842,377.44,0,0.11074202921843186,Low,41.79847150820492,99.5,33.9,0,49.0,Onboarding Intervention
16774,790.61,0,0.11017074861613985,Low,87.10209556340632,67.3,20.2,0,53.8,Onboarding Intervention
14417,749.32,0,0.11002715748332116,Low,82.44554964540222,51.7,14.8,0,100.0,Customer Success Review
12194,134.62,0,0.11000933870048236,Low,14.809457175858936,85.7,28.3,0,83.6,Customer Success Review
11232,138.01,0,0.10920710007822966,Low,15.071671881796474,69.1,23.1,1,76.8,Priority Support
19315,840.81,0,0.10869384333038196,Low,91.39087041061845,77.3,39.0,0,66.0,Customer Success Review
17090,309.73,0,0.10805103677914357,Low,33.46664762160414,93.1,56.8,0,83.0,Customer Success Review
18366,143.69,0,0.1080460507055623,Low,15.525137025882247,100.0,7.6,0,78.8,Customer Success Review
13723,928.58,0,0.10725299486380552,Low,99.59298597063253,76.8,14.2,0,67.5,Customer Success Review
12245,395.31,0,0.10674601734591362,Low,42.19776811701311,90.9,0.5,0,65.5,Customer Success Review
16460,971.15,0,0.10516868024471193,Low,102.13456381965199,78.8,3.6,0,91.7,Customer Success Review
19615,876.66,0,0.10480424292604151,Low,91.87768760354355,78.4,4.5,0,100.0,Customer Success Review
12088,316.87,0,0.10369552906473407,Low,32.858002294742285,68.1,35.8,0,85.8,Customer Success Review
15482,2251.47,0,0.10327839904693113,Low,232.52821710219402,69.3,33.1,0,76.6,Customer Success Review
16329,874.12,0,0.10325358351217531,Low,90.25602241966268,78.9,-6.1,0,86.7,Customer Success Review
13883,2066.8,0,0.10310837646643592,Low,213.10439248082977,98.6,22.0,0,91.1,Customer Success Review
18359,377.68,0,0.10300826939120551,Low,38.9041631836705,84.3,12.5,1,62.6,Priority Support
19424,419.04,0,0.10257011729800028,Low,42.98098195255404,75.5,15.9,0,100.0,Customer Success Review
11756,1017.96,0,0.10203546366484083,Low,103.86802059226137,90.9,20.0,1,100.0,Priority Support
10829,130.62,0,0.10197916764355343,Low,13.32051887760095,93.1,13.0,1,45.4,Priority Support
17513,332.33,0,0.10142659699726933,Low,33.70710098010252,50.6,37.4,0,99.0,Customer Success Review
17169,371.74,0,0.10124214823912728,Low,37.635756186413175,89.5,12.1,0,80.2,Customer Success Review
17967,396.0,0,0.09679793354094196,Low,38.33198168221302,83.3,-22.7,0,81.9,Re-engagement Campaign
16088,327.35,0,0.09627151734523115,Low,31.51448120296142,88.5,2.1,0,88.3,Customer Success Review
14190,846.76,0,0.0952033476351932,Low,80.6143866435762,73.2,0.7,0,100.0,Customer Success Review
12405,129.88,0,0.09440993450256875,Low,12.26196229319363,95.6,2.5,1,87.8,Priority Support
19475,143.28,0,0.09406295184726168,Low,13.477339740675655,85.3,8.7,0,76.0,Customer Success Review
19547,341.93,0,0.09391156619247994,Low,32.11118182819467,96.3,26.3,1,72.5,Priority Support
17590,394.37,0,0.09159539544899753,Low,36.12247610322115,95.6,5.6,0,90.5,Customer Success Review
13641,134.86,0,0.09139273375584174,Low,12.325224074312818,79.7,34.2,0,88.6,Customer Success Review
13289,108.01,0,0.09050229423802092,Low,9.77515280064864,100.0,16.3,0,93.7,Customer Success Review
10386,889.24,0,0.08780517114306614,Low,78.07987038726014,93.0,7.2,0,82.1,Customer Success Review
16367,1895.52,0,0.08773303009913987,Low,166.29971321352158,93.5,-13.0,1,65.8,Re-engagement Campaign
17642,2492.42,0,0.08753696554251633,Low,218.17888365747856,72.7,8.6,0,77.6,Customer Success Review
16101,316.52,0,0.08633155813185499,Low,27.32566477989474,66.2,-10.9,0,94.1,Re-engagement Campaign
13594,302.08,0,0.08443349974012213,Low,25.50567160149609,91.7,21.4,1,87.6,Priority Support
12632,135.04,0,0.08431317262723168,Low,11.385650831581366,93.3,19.8,1,100.0,Priority Support
14838,332.52,0,0.08231681686654398,Low,27.3719879444632,84.0,-10.0,0,99.3,Customer Success Review
18773,127.9,0,0.08190487373256052,Low,10.47563335039449,80.4,35.6,0,78.9,Customer Success Review
19965,877.55,0,0.08173870571280907,Low,71.7298011982756,100.0,44.9,0,58.8,Onboarding Intervention
14967,2477.69,0,0.08140985044181545,Low,201.70837234118173,89.7,23.9,1,86.6,Priority Support
15506,109.82,0,0.0799830721335604,Low,8.783740981707602,98.4,-0.3,0,61.1,Customer Success Review
13389,1019.57,0,0.0799036648248099,Low,81.46737954543143,64.8,70.0,1,81.1,Priority Support
14633,397.09,0,0.07941314082826197,Low,31.534164091494542,64.0,21.7,0,96.6,Customer Success Review
15745,332.68,0,0.07935048214472765,Low,26.398318399907993,100.0,-4.9,1,80.6,Priority Support
15410,815.38,0,0.0785971872468053,Low,64.08657453730011,82.4,13.1,1,86.2,Priority Support
16316,863.48,0,0.07774473788049917,Low,67.13102626505342,73.5,20.1,0,69.2,Customer Success Review
15309,408.22,0,0.07751152870313543,Low,31.64175624719395,67.2,60.2,0,100.0,Customer Success Review
18900,342.57,0,0.077407914551675,Low,26.517629287967306,100.0,29.1,0,47.4,Onboarding Intervention
10438,382.14,0,0.07668926163883141,Low,29.306034442663034,92.2,1.6,0,100.0,Customer Success Review
11704,137.73,0,0.0725324211484558,Low,9.989890364776818,78.8,12.0,0,100.0,Customer Success Review
12030,105.15,0,0.07032800830500106,Low,7.394990073270862,90.4,26.6,0,62.8,Customer Success Review
13231,359.82,0,0.06668839008171691,Low,23.995816519203377,77.6,44.3,0,90.0,Customer Success Review
15253,316.62,0,0.06520943382848093,Low,20.646610938773634,83.1,-3.4,0,88.8,Customer Success Review
15673,385.8,0,0.06388277531560443,Low,24.64597471676019,90.9,22.6,0,99.4,Customer Success Review
16749,2515.51,0,0.062000156786042704,Low,155.9620143968583,80.8,32.2,0,100.0,Customer Success Review
16551,771.87,0,0.06008205030363661,Low,46.37553216786799,87.0,-10.0,0,76.4,Customer Success Review
11677,326.39,0,0.059491559978126156,Low,19.417450261260594,91.8,31.1,0,72.3,Customer Success Review
13601,397.67,0,0.056571776369971336,Low,22.4968983090465,100.0,27.4,1,99.1,Priority Support
13376,399.19,0,0.054339653838039875,Low,21.691846415607138,71.9,1.5,0,100.0,Customer Success Review
13298,827.29,0,0.05034783104916849,Low,41.6522571486666,77.7,3.4,0,96.0,Customer Success Review
17542,112.4,0,0.04864798332594904,Low,5.4680333258366725,83.7,3.7,0,100.0,Customer Success Review
18336,298.88,0,0.04852877129144046,Low,14.504279163585725,91.0,-4.9,0,100.0,Customer Success Review
13329,303.5,0,0.04844428661824257,Low,14.70284098863662,95.4,-18.3,0,96.2,Re-engagement Campaign
18913,114.0,0,0.04743583577838336,Low,5.407685278735703,100.0,-10.4,0,92.1,Re-engagement Campaign
17218,138.21,0,0.045954390619993186,Low,6.351356327589259,100.0,18.5,0,100.0,Customer Success Review
14680,321.21,0,0.037695019579211266,Low,12.10801723903845,74.5,16.8,0,93.3,Customer Success Review
16661,751.19,0,0.037480063588005715,Low,28.154648966674014,89.3,15.4,1,100.0,Priority Support
15897,103.52,0,0.02863044431214673,Low,2.9638235951934293,100.0,2.0,0,96.1,Customer Success Review
