status_id,customer_id,churn,churn_date,churn_reason
110001,10001,0,,Not Churned
110002,10002,0,,Not Churned
110003,10003,0,,Not Churned
110004,10004,0,,Not Churned
110005,10005,1,2029-10-04,Missing Features
110006,10006,1,2028-03-04,Poor User Experience
110007,10007,1,2025-04-05,Competitor
110008,10008,0,,Not Churned
110009,10009,1,2028-11-05,Competitor
110010,10010,1,2022-11-28,Contract Expired
110011,10011,0,,Not Churned
110012,10012,0,,Not Churned
110013,10013,0,,Not Churned
110014,10014,0,,Not Churned
110015,10015,0,,Not Churned
110016,10016,0,,Not Churned
110017,10017,0,,Not Churned
110018,10018,0,,Not Churned
110019,10019,0,,Not Churned
110020,10020,0,,Not Churned
110021,10021,1,2027-01-24,High Price
110022,10022,0,,Not Churned
110023,10023,1,2030-05-22,High Price
110024,10024,0,,Not Churned
110025,10025,1,2026-06-12,Competitor
110026,10026,1,2030-12-01,Competitor
110027,10027,0,,Not Churned
110028,10028,0,,Not Churned
110029,10029,0,,Not Churned
110030,10030,0,,Not Churned
110031,10031,0,,Not Churned
110032,10032,0,,Not Churned
110033,10033,0,,Not Churned
110034,10034,0,,Not Churned
110035,10035,1,2025-03-08,Contract Expired
110036,10036,0,,Not Churned
110037,10037,0,,Not Churned
110038,10038,0,,Not Churned
110039,10039,1,2023-12-18,Poor User Experience
110040,10040,0,,Not Churned
110041,10041,0,,Not Churned
110042,10042,1,2026-05-21,Competitor
110043,10043,0,,Not Churned
110044,10044,0,,Not Churned
110045,10045,0,,Not Churned
110046,10046,1,2024-12-31,Contract Expired
110047,10047,0,,Not Churned
110048,10048,0,,Not Churned
110049,10049,0,,Not Churned
110050,10050,0,,Not Churned
110051,10051,0,,Not Churned
110052,10052,0,,Not Churned
110053,10053,0,,Not Churned
110054,10054,0,,Not Churned
110055,10055,1,2029-08-23,Low Product Usage
110056,10056,1,2026-06-28,Business Closure
110057,10057,0,,Not Churned
110058,10058,1,2025-04-19,Competitor
110059,10059,0,,Not Churned
110060,10060,1,2029-08-12,Competitor
110061,10061,0,,Not Churned
110062,10062,1,2029-02-28,Business Closure
110063,10063,0,,Not Churned
110064,10064,0,,Not Churned
110065,10065,1,2026-11-07,Poor User Experience
110066,10066,0,,Not Churned
110067,10067,0,,Not Churned
110068,10068,0,,Not Churned
110069,10069,0,,Not Churned
110070,10070,1,2027-12-08,Poor Support
110071,10071,0,,Not Churned
110072,10072,0,,Not Churned
110073,10073,0,,Not Churned
110074,10074,0,,Not Churned
110075,10075,0,,Not Churned
110076,10076,0,,Not Churned
110077,10077,0,,Not Churned
110078,10078,1,2024-05-31,Poor User Experience
110079,10079,0,,Not Churned
110080,10080,0,,Not Churned
110081,10081,0,,Not Churned
110082,10082,0,,Not Churned
110083,10083,0,,Not Churned
110084,10084,0,,Not Churned
110085,10085,0,,Not Churned
110086,10086,0,,Not Churned
110087,10087,1,2027-01-09,Contract Expired
110088,10088,0,,Not Churned
110089,10089,1,2022-07-14,Competitor
110090,10090,1,2024-03-04,Low Product Usage
110091,10091,0,,Not Churned
110092,10092,0,,Not Churned
110093,10093,0,,Not Churned
110094,10094,0,,Not Churned
110095,10095,1,2027-01-27,Low Product Usage
110096,10096,1,2026-02-27,Competitor
110097,10097,0,,Not Churned
110098,10098,0,,Not Churned
110099,10099,0,,Not Churned
110100,10100,1,2027-01-26,Contract Expired
110101,10101,0,,Not Churned
110102,10102,0,,Not Churned
110103,10103,0,,Not Churned
110104,10104,0,,Not Churned
110105,10105,0,,Not Churned
110106,10106,0,,Not Churned
110107,10107,1,2024-05-03,Business Closure
110108,10108,0,,Not Churned
110109,10109,0,,Not Churned
110110,10110,0,,Not Churned
110111,10111,0,,Not Churned
110112,10112,0,,Not Churned
110113,10113,0,,Not Churned
110114,10114,0,,Not Churned
110115,10115,0,,Not Churned
110116,10116,0,,Not Churned
110117,10117,0,,Not Churned
110118,10118,0,,Not Churned
110119,10119,1,2026-04-11,Contract Expired
110120,10120,0,,Not Churned
110121,10121,0,,Not Churned
110122,10122,0,,Not Churned
110123,10123,0,,Not Churned
110124,10124,1,2026-01-30,Business Closure
110125,10125,1,2023-07-01,Contract Expired
110126,10126,0,,Not Churned
110127,10127,1,2027-05-04,Missing Features
110128,10128,0,,Not Churned
110129,10129,0,,Not Churned
110130,10130,0,,Not Churned
110131,10131,1,2024-07-15,High Price
110132,10132,0,,Not Churned
110133,10133,0,,Not Churned
110134,10134,1,2023-07-07,Poor User Experience
110135,10135,0,,Not Churned
110136,10136,1,2021-12-22,Competitor
110137,10137,1,2028-02-12,Business Closure
110138,10138,1,2023-08-12,Competitor
110139,10139,1,2028-05-01,Business Closure
110140,10140,0,,Not Churned
110141,10141,0,,Not Churned
110142,10142,0,,Not Churned
110143,10143,1,2026-04-21,Contract Expired
110144,10144,1,2027-11-13,Business Closure
110145,10145,1,2027-10-19,Contract Expired
110146,10146,0,,Not Churned
110147,10147,0,,Not Churned
110148,10148,0,,Not Churned
110149,10149,0,,Not Churned
110150,10150,0,,Not Churned
110151,10151,0,,Not Churned
110152,10152,0,,Not Churned
110153,10153,1,2027-12-10,Business Closure
110154,10154,0,,Not Churned
110155,10155,0,,Not Churned
110156,10156,1,2026-03-17,Poor User Experience
110157,10157,0,,Not Churned
110158,10158,0,,Not Churned
110159,10159,0,,Not Churned
110160,10160,1,2030-11-30,Competitor
110161,10161,0,,Not Churned
110162,10162,0,,Not Churned
110163,10163,0,,Not Churned
110164,10164,0,,Not Churned
110165,10165,0,,Not Churned
110166,10166,0,,Not Churned
110167,10167,1,2028-01-20,Competitor
110168,10168,0,,Not Churned
110169,10169,0,,Not Churned
110170,10170,0,,Not Churned
110171,10171,1,2028-06-22,Poor User Experience
110172,10172,1,2026-04-04,Poor User Experience
110173,10173,1,2025-07-27,Contract Expired
110174,10174,1,2024-04-09,Low Product Usage
110175,10175,0,,Not Churned
110176,10176,1,2024-06-16,Competitor
110177,10177,0,,Not Churned
110178,10178,0,,Not Churned
110179,10179,0,,Not Churned
110180,10180,0,,Not Churned
110181,10181,0,,Not Churned
110182,10182,0,,Not Churned
110183,10183,0,,Not Churned
110184,10184,0,,Not Churned
110185,10185,0,,Not Churned
110186,10186,0,,Not Churned
110187,10187,0,,Not Churned
110188,10188,1,2026-12-10,Competitor
110189,10189,1,2023-02-05,Poor Support
110190,10190,1,2024-12-26,Business Closure
110191,10191,0,,Not Churned
110192,10192,1,2024-02-24,Poor User Experience
110193,10193,0,,Not Churned
110194,10194,0,,Not Churned
110195,10195,0,,Not Churned
110196,10196,1,2027-02-25,Business Closure
110197,10197,0,,Not Churned
110198,10198,0,,Not Churned
110199,10199,0,,Not Churned
110200,10200,1,2027-03-10,Business Closure
110201,10201,1,2026-01-28,Competitor
110202,10202,0,,Not Churned
110203,10203,0,,Not Churned
110204,10204,0,,Not Churned
110205,10205,0,,Not Churned
110206,10206,0,,Not Churned
110207,10207,1,2023-08-12,Contract Expired
110208,10208,0,,Not Churned
110209,10209,0,,Not Churned
110210,10210,0,,Not Churned
110211,10211,0,,Not Churned
110212,10212,1,2027-08-27,High Price
110213,10213,1,2023-08-23,Contract Expired
110214,10214,0,,Not Churned
110215,10215,0,,Not Churned
110216,10216,0,,Not Churned
110217,10217,0,,Not Churned
110218,10218,0,,Not Churned
110219,10219,0,,Not Churned
110220,10220,0,,Not Churned
110221,10221,0,,Not Churned
110222,10222,0,,Not Churned
110223,10223,0,,Not Churned
110224,10224,0,,Not Churned
110225,10225,0,,Not Churned
110226,10226,0,,Not Churned
110227,10227,0,,Not Churned
110228,10228,0,,Not Churned
110229,10229,1,2022-11-09,Business Closure
110230,10230,1,2030-03-21,Competitor
110231,10231,1,2025-05-31,Business Closure
110232,10232,0,,Not Churned
110233,10233,0,,Not Churned
110234,10234,0,,Not Churned
110235,10235,0,,Not Churned
110236,10236,0,,Not Churned
110237,10237,0,,Not Churned
110238,10238,0,,Not Churned
110239,10239,1,2029-10-01,Poor User Experience
110240,10240,0,,Not Churned
110241,10241,0,,Not Churned
110242,10242,0,,Not Churned
110243,10243,1,2028-06-09,Poor Support
110244,10244,0,,Not Churned
110245,10245,0,,Not Churned
110246,10246,0,,Not Churned
110247,10247,1,2027-07-23,Competitor
110248,10248,0,,Not Churned
110249,10249,0,,Not Churned
110250,10250,0,,Not Churned
110251,10251,0,,Not Churned
110252,10252,0,,Not Churned
110253,10253,0,,Not Churned
110254,10254,0,,Not Churned
110255,10255,0,,Not Churned
110256,10256,1,2025-10-22,Poor User Experience
110257,10257,0,,Not Churned
110258,10258,0,,Not Churned
110259,10259,1,2024-11-17,Poor User Experience
110260,10260,0,,Not Churned
110261,10261,0,,Not Churned
110262,10262,1,2027-11-16,Business Closure
110263,10263,0,,Not Churned
110264,10264,1,2024-06-21,Competitor
110265,10265,0,,Not Churned
110266,10266,0,,Not Churned
110267,10267,1,2022-02-10,Competitor
110268,10268,0,,Not Churned
110269,10269,0,,Not Churned
110270,10270,0,,Not Churned
110271,10271,1,2028-07-30,Competitor
110272,10272,1,2026-08-21,Poor User Experience
110273,10273,0,,Not Churned
110274,10274,1,2024-05-08,Competitor
110275,10275,0,,Not Churned
110276,10276,0,,Not Churned
110277,10277,1,2023-09-27,Business Closure
110278,10278,0,,Not Churned
110279,10279,0,,Not Churned
110280,10280,0,,Not Churned
110281,10281,1,2024-11-26,Contract Expired
110282,10282,0,,Not Churned
110283,10283,0,,Not Churned
110284,10284,0,,Not Churned
110285,10285,0,,Not Churned
110286,10286,0,,Not Churned
110287,10287,0,,Not Churned
110288,10288,0,,Not Churned
110289,10289,0,,Not Churned
110290,10290,0,,Not Churned
110291,10291,0,,Not Churned
110292,10292,0,,Not Churned
110293,10293,1,2025-12-17,Missing Features
110294,10294,0,,Not Churned
110295,10295,0,,Not Churned
110296,10296,1,2023-01-24,Business Closure
110297,10297,0,,Not Churned
110298,10298,1,2022-06-19,Poor Support
110299,10299,0,,Not Churned
110300,10300,0,,Not Churned
110301,10301,0,,Not Churned
110302,10302,0,,Not Churned
110303,10303,0,,Not Churned
110304,10304,0,,Not Churned
110305,10305,1,2025-11-12,Poor User Experience
110306,10306,1,2027-01-18,Contract Expired
110307,10307,0,,Not Churned
110308,10308,0,,Not Churned
110309,10309,0,,Not Churned
110310,10310,0,,Not Churned
110311,10311,0,,Not Churned
110312,10312,1,2023-06-24,Poor User Experience
110313,10313,0,,Not Churned
110314,10314,0,,Not Churned
110315,10315,0,,Not Churned
110316,10316,1,2026-10-29,Poor User Experience
110317,10317,0,,Not Churned
110318,10318,0,,Not Churned
110319,10319,0,,Not Churned
110320,10320,0,,Not Churned
110321,10321,0,,Not Churned
110322,10322,0,,Not Churned
110323,10323,0,,Not Churned
110324,10324,0,,Not Churned
110325,10325,0,,Not Churned
110326,10326,0,,Not Churned
110327,10327,0,,Not Churned
110328,10328,0,,Not Churned
110329,10329,0,,Not Churned
110330,10330,1,2025-05-25,Poor User Experience
110331,10331,0,,Not Churned
110332,10332,0,,Not Churned
110333,10333,0,,Not Churned
110334,10334,1,2025-10-11,Business Closure
110335,10335,0,,Not Churned
110336,10336,0,,Not Churned
110337,10337,0,,Not Churned
110338,10338,1,2025-02-17,Low Product Usage
110339,10339,0,,Not Churned
110340,10340,0,,Not Churned
110341,10341,0,,Not Churned
110342,10342,1,2025-04-29,Business Closure
110343,10343,0,,Not Churned
110344,10344,0,,Not Churned
110345,10345,0,,Not Churned
110346,10346,0,,Not Churned
110347,10347,0,,Not Churned
110348,10348,0,,Not Churned
110349,10349,0,,Not Churned
110350,10350,0,,Not Churned
110351,10351,1,2029-01-17,Poor User Experience
110352,10352,1,2023-05-07,Competitor
110353,10353,0,,Not Churned
110354,10354,0,,Not Churned
110355,10355,0,,Not Churned
110356,10356,1,2027-10-24,Poor User Experience
110357,10357,1,2025-08-08,High Price
110358,10358,0,,Not Churned
110359,10359,1,2022-08-22,Competitor
110360,10360,1,2023-07-25,Poor Support
110361,10361,0,,Not Churned
110362,10362,0,,Not Churned
110363,10363,0,,Not Churned
110364,10364,0,,Not Churned
110365,10365,0,,Not Churned
110366,10366,1,2027-08-30,Business Closure
110367,10367,0,,Not Churned
110368,10368,1,2030-04-19,Contract Expired
110369,10369,0,,Not Churned
110370,10370,0,,Not Churned
110371,10371,1,2028-06-27,Poor User Experience
110372,10372,0,,Not Churned
110373,10373,0,,Not Churned
110374,10374,1,2025-04-21,Competitor
110375,10375,1,2025-08-23,Business Closure
110376,10376,0,,Not Churned
110377,10377,0,,Not Churned
110378,10378,1,2024-11-28,Competitor
110379,10379,1,2023-10-31,Business Closure
110380,10380,0,,Not Churned
110381,10381,0,,Not Churned
110382,10382,0,,Not Churned
110383,10383,0,,Not Churned
110384,10384,0,,Not Churned
110385,10385,0,,Not Churned
110386,10386,0,,Not Churned
110387,10387,0,,Not Churned
110388,10388,0,,Not Churned
110389,10389,0,,Not Churned
110390,10390,0,,Not Churned
110391,10391,0,,Not Churned
110392,10392,1,2024-02-15,Competitor
110393,10393,0,,Not Churned
110394,10394,0,,Not Churned
110395,10395,0,,Not Churned
110396,10396,0,,Not Churned
110397,10397,0,,Not Churned
110398,10398,1,2022-10-25,Poor User Experience
110399,10399,0,,Not Churned
110400,10400,0,,Not Churned
110401,10401,0,,Not Churned
110402,10402,1,2023-01-26,Poor User Experience
110403,10403,1,2028-05-10,High Price
110404,10404,0,,Not Churned
110405,10405,0,,Not Churned
110406,10406,1,2025-10-28,Competitor
110407,10407,1,2026-12-08,Poor User Experience
110408,10408,0,,Not Churned
110409,10409,0,,Not Churned
110410,10410,0,,Not Churned
110411,10411,0,,Not Churned
110412,10412,0,,Not Churned
110413,10413,0,,Not Churned
110414,10414,0,,Not Churned
110415,10415,0,,Not Churned
110416,10416,0,,Not Churned
110417,10417,0,,Not Churned
110418,10418,1,2026-09-28,Contract Expired
110419,10419,0,,Not Churned
110420,10420,0,,Not Churned
110421,10421,0,,Not Churned
110422,10422,0,,Not Churned
110423,10423,0,,Not Churned
110424,10424,0,,Not Churned
110425,10425,1,2022-01-14,Business Closure
110426,10426,0,,Not Churned
110427,10427,0,,Not Churned
110428,10428,1,2026-09-29,Competitor
110429,10429,0,,Not Churned
110430,10430,0,,Not Churned
110431,10431,0,,Not Churned
110432,10432,0,,Not Churned
110433,10433,0,,Not Churned
110434,10434,1,2023-04-09,Poor User Experience
110435,10435,0,,Not Churned
110436,10436,0,,Not Churned
110437,10437,0,,Not Churned
110438,10438,0,,Not Churned
110439,10439,0,,Not Churned
110440,10440,1,2027-12-20,Business Closure
110441,10441,1,2028-06-16,Business Closure
110442,10442,0,,Not Churned
110443,10443,0,,Not Churned
110444,10444,1,2027-07-06,Poor User Experience
110445,10445,0,,Not Churned
110446,10446,0,,Not Churned
110447,10447,1,2028-01-13,Business Closure
110448,10448,0,,Not Churned
110449,10449,0,,Not Churned
110450,10450,1,2027-09-09,Contract Expired
110451,10451,0,,Not Churned
110452,10452,0,,Not Churned
110453,10453,1,2025-01-25,Competitor
110454,10454,0,,Not Churned
110455,10455,0,,Not Churned
110456,10456,0,,Not Churned
110457,10457,1,2024-12-01,Poor User Experience
110458,10458,0,,Not Churned
110459,10459,0,,Not Churned
110460,10460,0,,Not Churned
110461,10461,0,,Not Churned
110462,10462,0,,Not Churned
110463,10463,0,,Not Churned
110464,10464,0,,Not Churned
110465,10465,0,,Not Churned
110466,10466,0,,Not Churned
110467,10467,1,2027-01-10,Competitor
110468,10468,0,,Not Churned
110469,10469,0,,Not Churned
110470,10470,0,,Not Churned
110471,10471,1,2026-11-19,Competitor
110472,10472,1,2022-10-18,Low Product Usage
110473,10473,0,,Not Churned
110474,10474,0,,Not Churned
110475,10475,0,,Not Churned
110476,10476,0,,Not Churned
110477,10477,1,2027-01-09,Poor Support
110478,10478,0,,Not Churned
110479,10479,1,2024-07-02,Contract Expired
110480,10480,0,,Not Churned
110481,10481,0,,Not Churned
110482,10482,0,,Not Churned
110483,10483,0,,Not Churned
110484,10484,0,,Not Churned
110485,10485,0,,Not Churned
110486,10486,0,,Not Churned
110487,10487,0,,Not Churned
110488,10488,0,,Not Churned
110489,10489,0,,Not Churned
110490,10490,0,,Not Churned
110491,10491,0,,Not Churned
110492,10492,0,,Not Churned
110493,10493,0,,Not Churned
110494,10494,0,,Not Churned
110495,10495,0,,Not Churned
110496,10496,0,,Not Churned
110497,10497,1,2025-05-10,Contract Expired
110498,10498,0,,Not Churned
110499,10499,0,,Not Churned
110500,10500,1,2024-11-21,Poor User Experience
110501,10501,0,,Not Churned
110502,10502,1,2026-06-21,Contract Expired
110503,10503,0,,Not Churned
110504,10504,0,,Not Churned
110505,10505,0,,Not Churned
110506,10506,0,,Not Churned
110507,10507,0,,Not Churned
110508,10508,0,,Not Churned
110509,10509,0,,Not Churned
110510,10510,0,,Not Churned
110511,10511,0,,Not Churned
110512,10512,1,2027-06-30,Business Closure
110513,10513,0,,Not Churned
110514,10514,1,2025-03-02,Poor Support
110515,10515,1,2023-06-12,Contract Expired
110516,10516,0,,Not Churned
110517,10517,1,2023-12-20,Poor User Experience
110518,10518,0,,Not Churned
110519,10519,0,,Not Churned
110520,10520,0,,Not Churned
110521,10521,0,,Not Churned
110522,10522,0,,Not Churned
110523,10523,0,,Not Churned
110524,10524,0,,Not Churned
110525,10525,0,,Not Churned
110526,10526,1,2024-05-12,Poor User Experience
110527,10527,0,,Not Churned
110528,10528,0,,Not Churned
110529,10529,1,2023-03-17,Low Product Usage
110530,10530,0,,Not Churned
110531,10531,0,,Not Churned
110532,10532,0,,Not Churned
110533,10533,0,,Not Churned
110534,10534,1,2022-07-31,Competitor
110535,10535,1,2028-01-07,Poor User Experience
110536,10536,0,,Not Churned
110537,10537,1,2023-03-12,Business Closure
110538,10538,0,,Not Churned
110539,10539,0,,Not Churned
110540,10540,0,,Not Churned
110541,10541,0,,Not Churned
110542,10542,1,2025-12-20,Poor User Experience
110543,10543,0,,Not Churned
110544,10544,0,,Not Churned
110545,10545,0,,Not Churned
110546,10546,1,2026-08-03,Contract Expired
110547,10547,1,2023-01-22,Contract Expired
110548,10548,0,,Not Churned
110549,10549,0,,Not Churned
110550,10550,0,,Not Churned
110551,10551,0,,Not Churned
110552,10552,1,2024-09-14,Poor User Experience
110553,10553,0,,Not Churned
110554,10554,1,2022-10-08,Poor User Experience
110555,10555,1,2027-10-23,Poor User Experience
110556,10556,0,,Not Churned
110557,10557,0,,Not Churned
110558,10558,0,,Not Churned
110559,10559,0,,Not Churned
110560,10560,0,,Not Churned
110561,10561,0,,Not Churned
110562,10562,0,,Not Churned
110563,10563,0,,Not Churned
110564,10564,1,2030-12-02,Low Product Usage
110565,10565,0,,Not Churned
110566,10566,0,,Not Churned
110567,10567,1,2026-09-27,Contract Expired
110568,10568,1,2031-02-28,Business Closure
110569,10569,0,,Not Churned
110570,10570,0,,Not Churned
110571,10571,1,2023-12-22,Competitor
110572,10572,0,,Not Churned
110573,10573,1,2026-11-08,Contract Expired
110574,10574,0,,Not Churned
110575,10575,1,2027-03-16,Business Closure
110576,10576,1,2025-08-07,Low Product Usage
110577,10577,1,2025-10-11,Poor User Experience
110578,10578,0,,Not Churned
110579,10579,0,,Not Churned
110580,10580,0,,Not Churned
110581,10581,0,,Not Churned
110582,10582,0,,Not Churned
110583,10583,0,,Not Churned
110584,10584,1,2027-01-01,Competitor
110585,10585,1,2022-12-09,Business Closure
110586,10586,1,2024-02-27,Contract Expired
110587,10587,0,,Not Churned
110588,10588,0,,Not Churned
110589,10589,0,,Not Churned
110590,10590,0,,Not Churned
110591,10591,0,,Not Churned
110592,10592,0,,Not Churned
110593,10593,0,,Not Churned
110594,10594,0,,Not Churned
110595,10595,1,2028-01-15,Poor User Experience
110596,10596,0,,Not Churned
110597,10597,1,2025-02-06,High Price
110598,10598,1,2028-08-21,Low Product Usage
110599,10599,0,,Not Churned
110600,10600,0,,Not Churned
110601,10601,1,2025-08-18,Competitor
110602,10602,0,,Not Churned
110603,10603,0,,Not Churned
110604,10604,0,,Not Churned
110605,10605,0,,Not Churned
110606,10606,0,,Not Churned
110607,10607,1,2029-12-03,Poor User Experience
110608,10608,0,,Not Churned
110609,10609,0,,Not Churned
110610,10610,0,,Not Churned
110611,10611,1,2029-05-07,Business Closure
110612,10612,0,,Not Churned
110613,10613,0,,Not Churned
110614,10614,0,,Not Churned
110615,10615,0,,Not Churned
110616,10616,0,,Not Churned
110617,10617,1,2023-06-12,Contract Expired
110618,10618,0,,Not Churned
110619,10619,0,,Not Churned
110620,10620,1,2030-09-17,Contract Expired
110621,10621,0,,Not Churned
110622,10622,0,,Not Churned
110623,10623,0,,Not Churned
110624,10624,0,,Not Churned
110625,10625,0,,Not Churned
110626,10626,0,,Not Churned
110627,10627,0,,Not Churned
110628,10628,0,,Not Churned
110629,10629,0,,Not Churned
110630,10630,0,,Not Churned
110631,10631,0,,Not Churned
110632,10632,1,2023-09-27,Poor User Experience
110633,10633,0,,Not Churned
110634,10634,0,,Not Churned
110635,10635,0,,Not Churned
110636,10636,0,,Not Churned
110637,10637,0,,Not Churned
110638,10638,1,2025-04-21,Contract Expired
110639,10639,1,2027-10-21,Poor User Experience
110640,10640,0,,Not Churned
110641,10641,0,,Not Churned
110642,10642,1,2029-10-13,Business Closure
110643,10643,0,,Not Churned
110644,10644,0,,Not Churned
110645,10645,0,,Not Churned
110646,10646,0,,Not Churned
110647,10647,0,,Not Churned
110648,10648,1,2025-10-03,Contract Expired
110649,10649,0,,Not Churned
110650,10650,0,,Not Churned
110651,10651,0,,Not Churned
110652,10652,0,,Not Churned
110653,10653,0,,Not Churned
110654,10654,0,,Not Churned
110655,10655,0,,Not Churned
110656,10656,0,,Not Churned
110657,10657,0,,Not Churned
110658,10658,0,,Not Churned
110659,10659,0,,Not Churned
110660,10660,1,2026-06-11,Business Closure
110661,10661,0,,Not Churned
110662,10662,0,,Not Churned
110663,10663,1,2027-06-23,Competitor
110664,10664,0,,Not Churned
110665,10665,1,2025-12-11,Competitor
110666,10666,1,2025-09-20,High Price
110667,10667,0,,Not Churned
110668,10668,0,,Not Churned
110669,10669,0,,Not Churned
110670,10670,1,2023-10-06,Contract Expired
110671,10671,0,,Not Churned
110672,10672,0,,Not Churned
110673,10673,0,,Not Churned
110674,10674,0,,Not Churned
110675,10675,1,2027-10-18,Poor User Experience
110676,10676,0,,Not Churned
110677,10677,0,,Not Churned
110678,10678,1,2027-06-23,Business Closure
110679,10679,0,,Not Churned
110680,10680,0,,Not Churned
110681,10681,0,,Not Churned
110682,10682,0,,Not Churned
110683,10683,0,,Not Churned
110684,10684,0,,Not Churned
110685,10685,1,2027-06-17,High Price
110686,10686,0,,Not Churned
110687,10687,0,,Not Churned
110688,10688,1,2026-06-13,Contract Expired
110689,10689,1,2025-02-25,Competitor
110690,10690,0,,Not Churned
110691,10691,0,,Not Churned
110692,10692,0,,Not Churned
110693,10693,0,,Not Churned
110694,10694,0,,Not Churned
110695,10695,1,2026-04-08,Contract Expired
110696,10696,0,,Not Churned
110697,10697,0,,Not Churned
110698,10698,0,,Not Churned
110699,10699,1,2023-11-03,Poor User Experience
110700,10700,1,2026-05-25,Competitor
110701,10701,1,2025-07-02,Competitor
110702,10702,0,,Not Churned
110703,10703,0,,Not Churned
110704,10704,0,,Not Churned
110705,10705,1,2029-01-01,Business Closure
110706,10706,0,,Not Churned
110707,10707,0,,Not Churned
110708,10708,0,,Not Churned
110709,10709,0,,Not Churned
110710,10710,0,,Not Churned
110711,10711,0,,Not Churned
110712,10712,0,,Not Churned
110713,10713,1,2028-05-19,Competitor
110714,10714,0,,Not Churned
110715,10715,0,,Not Churned
110716,10716,0,,Not Churned
110717,10717,0,,Not Churned
110718,10718,0,,Not Churned
110719,10719,0,,Not Churned
110720,10720,1,2026-01-26,Poor User Experience
110721,10721,0,,Not Churned
110722,10722,0,,Not Churned
110723,10723,0,,Not Churned
110724,10724,0,,Not Churned
110725,10725,0,,Not Churned
110726,10726,0,,Not Churned
110727,10727,0,,Not Churned
110728,10728,0,,Not Churned
110729,10729,0,,Not Churned
110730,10730,0,,Not Churned
110731,10731,0,,Not Churned
110732,10732,0,,Not Churned
110733,10733,0,,Not Churned
110734,10734,1,2027-09-05,Contract Expired
110735,10735,0,,Not Churned
110736,10736,1,2022-12-22,Contract Expired
110737,10737,0,,Not Churned
110738,10738,0,,Not Churned
110739,10739,0,,Not Churned
110740,10740,0,,Not Churned
110741,10741,0,,Not Churned
110742,10742,0,,Not Churned
110743,10743,0,,Not Churned
110744,10744,1,2023-08-23,Contract Expired
110745,10745,0,,Not Churned
110746,10746,1,2026-01-18,High Price
110747,10747,1,2027-04-06,Competitor
110748,10748,0,,Not Churned
110749,10749,0,,Not Churned
110750,10750,0,,Not Churned
110751,10751,1,2026-05-18,Poor User Experience
110752,10752,1,2023-03-03,Business Closure
110753,10753,0,,Not Churned
110754,10754,0,,Not Churned
110755,10755,0,,Not Churned
110756,10756,0,,Not Churned
110757,10757,1,2029-06-11,Business Closure
110758,10758,1,2026-11-30,Low Product Usage
110759,10759,0,,Not Churned
110760,10760,0,,Not Churned
110761,10761,1,2029-09-01,Competitor
110762,10762,0,,Not Churned
110763,10763,0,,Not Churned
110764,10764,1,2027-04-28,Missing Features
110765,10765,0,,Not Churned
110766,10766,0,,Not Churned
110767,10767,0,,Not Churned
110768,10768,0,,Not Churned
110769,10769,0,,Not Churned
110770,10770,0,,Not Churned
110771,10771,0,,Not Churned
110772,10772,0,,Not Churned
110773,10773,0,,Not Churned
110774,10774,0,,Not Churned
110775,10775,0,,Not Churned
110776,10776,0,,Not Churned
110777,10777,0,,Not Churned
110778,10778,0,,Not Churned
110779,10779,1,2028-10-17,Low Product Usage
110780,10780,1,2027-02-24,Poor User Experience
110781,10781,0,,Not Churned
110782,10782,0,,Not Churned
110783,10783,0,,Not Churned
110784,10784,0,,Not Churned
110785,10785,0,,Not Churned
110786,10786,0,,Not Churned
110787,10787,1,2026-01-26,Business Closure
110788,10788,1,2024-02-29,Business Closure
110789,10789,0,,Not Churned
110790,10790,1,2024-10-21,Poor User Experience
110791,10791,0,,Not Churned
110792,10792,0,,Not Churned
110793,10793,0,,Not Churned
110794,10794,0,,Not Churned
110795,10795,0,,Not Churned
110796,10796,0,,Not Churned
110797,10797,0,,Not Churned
110798,10798,1,2028-09-12,Poor User Experience
110799,10799,0,,Not Churned
110800,10800,0,,Not Churned
110801,10801,0,,Not Churned
110802,10802,1,2025-05-15,Poor User Experience
110803,10803,0,,Not Churned
110804,10804,0,,Not Churned
110805,10805,0,,Not Churned
110806,10806,0,,Not Churned
110807,10807,1,2025-01-20,Competitor
110808,10808,0,,Not Churned
110809,10809,0,,Not Churned
110810,10810,0,,Not Churned
110811,10811,1,2025-06-15,High Price
110812,10812,0,,Not Churned
110813,10813,0,,Not Churned
110814,10814,0,,Not Churned
110815,10815,1,2026-03-05,Low Product Usage
110816,10816,0,,Not Churned
110817,10817,0,,Not Churned
110818,10818,1,2029-09-05,Poor User Experience
110819,10819,0,,Not Churned
110820,10820,0,,Not Churned
110821,10821,0,,Not Churned
110822,10822,1,2026-11-22,Business Closure
110823,10823,0,,Not Churned
110824,10824,0,,Not Churned
110825,10825,0,,Not Churned
110826,10826,1,2027-02-25,Contract Expired
110827,10827,0,,Not Churned
110828,10828,0,,Not Churned
110829,10829,0,,Not Churned
110830,10830,0,,Not Churned
110831,10831,0,,Not Churned
110832,10832,1,2028-07-13,High Price
110833,10833,0,,Not Churned
110834,10834,0,,Not Churned
110835,10835,0,,Not Churned
110836,10836,0,,Not Churned
110837,10837,0,,Not Churned
110838,10838,1,2024-11-24,Low Product Usage
110839,10839,0,,Not Churned
110840,10840,0,,Not Churned
110841,10841,0,,Not Churned
110842,10842,1,2023-02-12,Business Closure
110843,10843,0,,Not Churned
110844,10844,0,,Not Churned
110845,10845,0,,Not Churned
110846,10846,0,,Not Churned
110847,10847,0,,Not Churned
110848,10848,1,2024-08-23,Contract Expired
110849,10849,0,,Not Churned
110850,10850,0,,Not Churned
110851,10851,0,,Not Churned
110852,10852,0,,Not Churned
110853,10853,0,,Not Churned
110854,10854,0,,Not Churned
110855,10855,0,,Not Churned
110856,10856,1,2027-03-19,Contract Expired
110857,10857,1,2028-11-03,Poor Support
110858,10858,1,2027-04-27,Business Closure
110859,10859,0,,Not Churned
110860,10860,0,,Not Churned
110861,10861,0,,Not Churned
110862,10862,0,,Not Churned
110863,10863,0,,Not Churned
110864,10864,0,,Not Churned
110865,10865,0,,Not Churned
110866,10866,0,,Not Churned
110867,10867,0,,Not Churned
110868,10868,0,,Not Churned
110869,10869,0,,Not Churned
110870,10870,0,,Not Churned
110871,10871,0,,Not Churned
110872,10872,1,2027-09-28,Contract Expired
110873,10873,0,,Not Churned
110874,10874,0,,Not Churned
110875,10875,1,2028-12-01,Poor User Experience
110876,10876,0,,Not Churned
110877,10877,0,,Not Churned
110878,10878,1,2026-10-10,Poor User Experience
110879,10879,0,,Not Churned
110880,10880,1,2025-03-01,Poor User Experience
110881,10881,1,2024-12-13,Poor Support
110882,10882,0,,Not Churned
110883,10883,1,2023-03-23,High Price
110884,10884,1,2022-11-25,Contract Expired
110885,10885,0,,Not Churned
110886,10886,0,,Not Churned
110887,10887,0,,Not Churned
110888,10888,0,,Not Churned
110889,10889,0,,Not Churned
110890,10890,0,,Not Churned
110891,10891,0,,Not Churned
110892,10892,0,,Not Churned
110893,10893,1,2021-12-15,Contract Expired
110894,10894,0,,Not Churned
110895,10895,1,2029-05-06,Business Closure
110896,10896,0,,Not Churned
110897,10897,1,2027-12-21,Competitor
110898,10898,0,,Not Churned
110899,10899,0,,Not Churned
110900,10900,0,,Not Churned
110901,10901,0,,Not Churned
110902,10902,1,2026-05-29,Business Closure
110903,10903,0,,Not Churned
110904,10904,0,,Not Churned
110905,10905,0,,Not Churned
110906,10906,0,,Not Churned
110907,10907,0,,Not Churned
110908,10908,0,,Not Churned
110909,10909,0,,Not Churned
110910,10910,0,,Not Churned
110911,10911,1,2027-04-24,Competitor
110912,10912,1,2029-02-25,Poor Support
110913,10913,0,,Not Churned
110914,10914,0,,Not Churned
110915,10915,0,,Not Churned
110916,10916,0,,Not Churned
110917,10917,0,,Not Churned
110918,10918,0,,Not Churned
110919,10919,0,,Not Churned
110920,10920,0,,Not Churned
110921,10921,0,,Not Churned
110922,10922,0,,Not Churned
110923,10923,0,,Not Churned
110924,10924,0,,Not Churned
110925,10925,0,,Not Churned
110926,10926,0,,Not Churned
110927,10927,0,,Not Churned
110928,10928,0,,Not Churned
110929,10929,0,,Not Churned
110930,10930,1,2025-12-27,Poor User Experience
110931,10931,0,,Not Churned
110932,10932,0,,Not Churned
110933,10933,1,2026-06-23,Business Closure
110934,10934,0,,Not Churned
110935,10935,0,,Not Churned
110936,10936,1,2026-01-15,Competitor
110937,10937,0,,Not Churned
110938,10938,0,,Not Churned
110939,10939,0,,Not Churned
110940,10940,1,2026-03-27,Poor User Experience
110941,10941,0,,Not Churned
110942,10942,0,,Not Churned
110943,10943,0,,Not Churned
110944,10944,1,2026-08-02,Competitor
110945,10945,0,,Not Churned
110946,10946,0,,Not Churned
110947,10947,0,,Not Churned
110948,10948,0,,Not Churned
110949,10949,0,,Not Churned
110950,10950,0,,Not Churned
110951,10951,0,,Not Churned
110952,10952,0,,Not Churned
110953,10953,0,,Not Churned
110954,10954,0,,Not Churned
110955,10955,1,2026-09-29,Business Closure
110956,10956,0,,Not Churned
110957,10957,0,,Not Churned
110958,10958,0,,Not Churned
110959,10959,0,,Not Churned
110960,10960,0,,Not Churned
110961,10961,0,,Not Churned
110962,10962,0,,Not Churned
110963,10963,1,2027-08-16,Poor User Experience
110964,10964,0,,Not Churned
110965,10965,1,2029-01-23,Poor User Experience
110966,10966,0,,Not Churned
110967,10967,0,,Not Churned
110968,10968,0,,Not Churned
110969,10969,0,,Not Churned
110970,10970,1,2028-04-29,Contract Expired
110971,10971,0,,Not Churned
110972,10972,1,2025-10-25,Poor User Experience
110973,10973,0,,Not Churned
110974,10974,0,,Not Churned
110975,10975,1,2024-10-14,Contract Expired
110976,10976,1,2027-09-09,Poor User Experience
110977,10977,1,2029-04-21,Contract Expired
110978,10978,1,2024-05-16,Business Closure
110979,10979,0,,Not Churned
110980,10980,1,2024-08-19,Missing Features
110981,10981,0,,Not Churned
110982,10982,0,,Not Churned
110983,10983,0,,Not Churned
110984,10984,1,2022-12-25,Competitor
110985,10985,1,2022-11-19,Business Closure
110986,10986,0,,Not Churned
110987,10987,0,,Not Churned
110988,10988,1,2027-09-18,Poor User Experience
110989,10989,1,2026-10-20,Competitor
110990,10990,0,,Not Churned
110991,10991,0,,Not Churned
110992,10992,1,2025-09-26,Contract Expired
110993,10993,0,,Not Churned
110994,10994,0,,Not Churned
110995,10995,0,,Not Churned
110996,10996,0,,Not Churned
110997,10997,0,,Not Churned
110998,10998,1,2027-11-25,Competitor
110999,10999,0,,Not Churned
111000,11000,1,2022-04-27,Competitor
111001,11001,0,,Not Churned
111002,11002,0,,Not Churned
111003,11003,0,,Not Churned
111004,11004,0,,Not Churned
111005,11005,0,,Not Churned
111006,11006,1,2025-09-09,High Price
111007,11007,0,,Not Churned
111008,11008,1,2027-04-01,Poor User Experience
111009,11009,0,,Not Churned
111010,11010,0,,Not Churned
111011,11011,0,,Not Churned
111012,11012,1,2028-03-14,Missing Features
111013,11013,0,,Not Churned
111014,11014,1,2022-06-19,Competitor
111015,11015,1,2025-06-02,Contract Expired
111016,11016,1,2026-05-25,Contract Expired
111017,11017,0,,Not Churned
111018,11018,0,,Not Churned
111019,11019,0,,Not Churned
111020,11020,0,,Not Churned
111021,11021,1,2030-11-15,Contract Expired
111022,11022,1,2024-04-30,Competitor
111023,11023,0,,Not Churned
111024,11024,0,,Not Churned
111025,11025,0,,Not Churned
111026,11026,0,,Not Churned
111027,11027,0,,Not Churned
111028,11028,0,,Not Churned
111029,11029,0,,Not Churned
111030,11030,0,,Not Churned
111031,11031,0,,Not Churned
111032,11032,0,,Not Churned
111033,11033,1,2025-01-08,Poor User Experience
111034,11034,0,,Not Churned
111035,11035,0,,Not Churned
111036,11036,1,2024-10-30,Business Closure
111037,11037,1,2030-10-15,Poor User Experience
111038,11038,0,,Not Churned
111039,11039,0,,Not Churned
111040,11040,0,,Not Churned
111041,11041,0,,Not Churned
111042,11042,1,2027-05-23,Business Closure
111043,11043,0,,Not Churned
111044,11044,0,,Not Churned
111045,11045,0,,Not Churned
111046,11046,0,,Not Churned
111047,11047,0,,Not Churned
111048,11048,0,,Not Churned
111049,11049,0,,Not Churned
111050,11050,1,2026-04-05,Business Closure
111051,11051,0,,Not Churned
111052,11052,0,,Not Churned
111053,11053,1,2026-09-02,Business Closure
111054,11054,0,,Not Churned
111055,11055,0,,Not Churned
111056,11056,0,,Not Churned
111057,11057,0,,Not Churned
111058,11058,1,2023-09-21,Competitor
111059,11059,0,,Not Churned
111060,11060,1,2023-11-25,Business Closure
111061,11061,0,,Not Churned
111062,11062,0,,Not Churned
111063,11063,0,,Not Churned
111064,11064,0,,Not Churned
111065,11065,0,,Not Churned
111066,11066,1,2022-04-22,Contract Expired
111067,11067,0,,Not Churned
111068,11068,1,2026-05-04,Low Product Usage
111069,11069,0,,Not Churned
111070,11070,1,2023-02-03,Business Closure
111071,11071,0,,Not Churned
111072,11072,0,,Not Churned
111073,11073,0,,Not Churned
111074,11074,1,2024-12-12,Poor Support
111075,11075,0,,Not Churned
111076,11076,1,2025-03-16,Poor User Experience
111077,11077,0,,Not Churned
111078,11078,0,,Not Churned
111079,11079,0,,Not Churned
111080,11080,0,,Not Churned
111081,11081,0,,Not Churned
111082,11082,0,,Not Churned
111083,11083,1,2028-01-11,Business Closure
111084,11084,1,2027-01-13,Poor User Experience
111085,11085,0,,Not Churned
111086,11086,0,,Not Churned
111087,11087,0,,Not Churned
111088,11088,0,,Not Churned
111089,11089,0,,Not Churned
111090,11090,0,,Not Churned
111091,11091,0,,Not Churned
111092,11092,0,,Not Churned
111093,11093,0,,Not Churned
111094,11094,0,,Not Churned
111095,11095,0,,Not Churned
111096,11096,0,,Not Churned
111097,11097,1,2028-04-28,Business Closure
111098,11098,0,,Not Churned
111099,11099,0,,Not Churned
111100,11100,0,,Not Churned
111101,11101,0,,Not Churned
111102,11102,0,,Not Churned
111103,11103,0,,Not Churned
111104,11104,0,,Not Churned
111105,11105,1,2027-07-31,Poor User Experience
111106,11106,0,,Not Churned
111107,11107,0,,Not Churned
111108,11108,0,,Not Churned
111109,11109,0,,Not Churned
111110,11110,1,2026-03-29,Contract Expired
111111,11111,0,,Not Churned
111112,11112,0,,Not Churned
111113,11113,0,,Not Churned
111114,11114,0,,Not Churned
111115,11115,0,,Not Churned
111116,11116,0,,Not Churned
111117,11117,0,,Not Churned
111118,11118,0,,Not Churned
111119,11119,0,,Not Churned
111120,11120,1,2027-08-16,Competitor
111121,11121,1,2028-06-28,Contract Expired
111122,11122,1,2024-02-29,Competitor
111123,11123,1,2030-02-14,High Price
111124,11124,1,2026-11-01,Business Closure
111125,11125,1,2028-03-20,High Price
111126,11126,1,2028-01-31,Business Closure
111127,11127,1,2028-03-29,Low Product Usage
111128,11128,1,2029-04-23,Contract Expired
111129,11129,0,,Not Churned
111130,11130,0,,Not Churned
111131,11131,1,2023-06-24,Contract Expired
111132,11132,0,,Not Churned
111133,11133,1,2024-09-26,Poor User Experience
111134,11134,1,2022-04-06,Competitor
111135,11135,0,,Not Churned
111136,11136,0,,Not Churned
111137,11137,1,2027-07-21,Business Closure
111138,11138,1,2027-10-24,Business Closure
111139,11139,0,,Not Churned
111140,11140,0,,Not Churned
111141,11141,0,,Not Churned
111142,11142,0,,Not Churned
111143,11143,1,2026-04-11,Contract Expired
111144,11144,0,,Not Churned
111145,11145,0,,Not Churned
111146,11146,0,,Not Churned
111147,11147,0,,Not Churned
111148,11148,0,,Not Churned
111149,11149,1,2026-06-27,Business Closure
111150,11150,0,,Not Churned
111151,11151,1,2029-08-03,Contract Expired
111152,11152,1,2026-01-21,Business Closure
111153,11153,1,2026-06-08,Competitor
111154,11154,1,2028-11-15,Poor User Experience
111155,11155,0,,Not Churned
111156,11156,0,,Not Churned
111157,11157,0,,Not Churned
111158,11158,1,2025-04-30,Business Closure
111159,11159,1,2023-04-05,Poor User Experience
111160,11160,0,,Not Churned
111161,11161,0,,Not Churned
111162,11162,0,,Not Churned
111163,11163,1,2030-10-26,Competitor
111164,11164,0,,Not Churned
111165,11165,0,,Not Churned
111166,11166,0,,Not Churned
111167,11167,1,2029-02-20,Low Product Usage
111168,11168,0,,Not Churned
111169,11169,0,,Not Churned
111170,11170,1,2023-05-19,Low Product Usage
111171,11171,0,,Not Churned
111172,11172,0,,Not Churned
111173,11173,0,,Not Churned
111174,11174,1,2024-10-04,Contract Expired
111175,11175,0,,Not Churned
111176,11176,0,,Not Churned
111177,11177,0,,Not Churned
111178,11178,0,,Not Churned
111179,11179,0,,Not Churned
111180,11180,1,2024-09-21,Business Closure
111181,11181,0,,Not Churned
111182,11182,0,,Not Churned
111183,11183,1,2026-06-29,Business Closure
111184,11184,1,2025-10-06,Poor User Experience
111185,11185,0,,Not Churned
111186,11186,0,,Not Churned
111187,11187,0,,Not Churned
111188,11188,0,,Not Churned
111189,11189,0,,Not Churned
111190,11190,0,,Not Churned
111191,11191,1,2025-09-24,Business Closure
111192,11192,0,,Not Churned
111193,11193,1,2026-07-12,Missing Features
111194,11194,0,,Not Churned
111195,11195,0,,Not Churned
111196,11196,0,,Not Churned
111197,11197,0,,Not Churned
111198,11198,0,,Not Churned
111199,11199,1,2025-08-16,Business Closure
111200,11200,0,,Not Churned
111201,11201,0,,Not Churned
111202,11202,0,,Not Churned
111203,11203,1,2028-05-18,Poor User Experience
111204,11204,0,,Not Churned
111205,11205,0,,Not Churned
111206,11206,0,,Not Churned
111207,11207,0,,Not Churned
111208,11208,0,,Not Churned
111209,11209,0,,Not Churned
111210,11210,0,,Not Churned
111211,11211,0,,Not Churned
111212,11212,1,2025-03-29,Low Product Usage
111213,11213,1,2027-03-31,Low Product Usage
111214,11214,0,,Not Churned
111215,11215,1,2024-09-25,Competitor
111216,11216,0,,Not Churned
111217,11217,0,,Not Churned
111218,11218,0,,Not Churned
111219,11219,0,,Not Churned
111220,11220,0,,Not Churned
111221,11221,0,,Not Churned
111222,11222,0,,Not Churned
111223,11223,0,,Not Churned
111224,11224,1,2025-10-28,Contract Expired
111225,11225,0,,Not Churned
111226,11226,0,,Not Churned
111227,11227,1,2029-05-04,Business Closure
111228,11228,1,2023-12-21,Business Closure
111229,11229,0,,Not Churned
111230,11230,0,,Not Churned
111231,11231,0,,Not Churned
111232,11232,0,,Not Churned
111233,11233,0,,Not Churned
111234,11234,0,,Not Churned
111235,11235,1,2026-05-17,Business Closure
111236,11236,0,,Not Churned
111237,11237,1,2023-09-17,Contract Expired
111238,11238,0,,Not Churned
111239,11239,0,,Not Churned
111240,11240,1,2026-07-25,Business Closure
111241,11241,0,,Not Churned
111242,11242,1,2025-08-07,Poor User Experience
111243,11243,0,,Not Churned
111244,11244,0,,Not Churned
111245,11245,0,,Not Churned
111246,11246,0,,Not Churned
111247,11247,0,,Not Churned
111248,11248,1,2024-09-14,Contract Expired
111249,11249,0,,Not Churned
111250,11250,0,,Not Churned
111251,11251,0,,Not Churned
111252,11252,1,2029-01-06,Business Closure
111253,11253,1,2026-10-16,Competitor
111254,11254,0,,Not Churned
111255,11255,0,,Not Churned
111256,11256,0,,Not Churned
111257,11257,0,,Not Churned
111258,11258,0,,Not Churned
111259,11259,0,,Not Churned
111260,11260,0,,Not Churned
111261,11261,0,,Not Churned
111262,11262,1,2027-03-04,Contract Expired
111263,11263,0,,Not Churned
111264,11264,1,2024-11-01,Competitor
111265,11265,0,,Not Churned
111266,11266,0,,Not Churned
111267,11267,0,,Not Churned
111268,11268,0,,Not Churned
111269,11269,0,,Not Churned
111270,11270,1,2024-06-13,Poor Support
111271,11271,0,,Not Churned
111272,11272,0,,Not Churned
111273,11273,0,,Not Churned
111274,11274,0,,Not Churned
111275,11275,0,,Not Churned
111276,11276,0,,Not Churned
111277,11277,0,,Not Churned
111278,11278,1,2024-09-03,Contract Expired
111279,11279,1,2027-08-26,Poor User Experience
111280,11280,0,,Not Churned
111281,11281,0,,Not Churned
111282,11282,0,,Not Churned
111283,11283,1,2027-05-31,Competitor
111284,11284,0,,Not Churned
111285,11285,0,,Not Churned
111286,11286,0,,Not Churned
111287,11287,0,,Not Churned
111288,11288,1,2023-12-03,Contract Expired
111289,11289,0,,Not Churned
111290,11290,1,2026-07-05,Poor User Experience
111291,11291,0,,Not Churned
111292,11292,0,,Not Churned
111293,11293,0,,Not Churned
111294,11294,0,,Not Churned
111295,11295,0,,Not Churned
111296,11296,0,,Not Churned
111297,11297,0,,Not Churned
111298,11298,0,,Not Churned
111299,11299,0,,Not Churned
111300,11300,0,,Not Churned
111301,11301,0,,Not Churned
111302,11302,0,,Not Churned
111303,11303,0,,Not Churned
111304,11304,0,,Not Churned
111305,11305,0,,Not Churned
111306,11306,0,,Not Churned
111307,11307,1,2028-11-14,Missing Features
111308,11308,1,2023-04-05,Poor Support
111309,11309,0,,Not Churned
111310,11310,0,,Not Churned
111311,11311,0,,Not Churned
111312,11312,1,2025-02-09,Contract Expired
111313,11313,0,,Not Churned
111314,11314,0,,Not Churned
111315,11315,0,,Not Churned
111316,11316,0,,Not Churned
111317,11317,1,2022-07-12,Poor User Experience
111318,11318,0,,Not Churned
111319,11319,0,,Not Churned
111320,11320,1,2025-12-10,Contract Expired
111321,11321,1,2029-04-24,Competitor
111322,11322,0,,Not Churned
111323,11323,0,,Not Churned
111324,11324,1,2030-01-28,Poor User Experience
111325,11325,0,,Not Churned
111326,11326,1,2029-08-14,Contract Expired
111327,11327,0,,Not Churned
111328,11328,1,2028-10-19,Contract Expired
111329,11329,1,2027-08-17,Business Closure
111330,11330,1,2028-02-25,Low Product Usage
111331,11331,0,,Not Churned
111332,11332,1,2024-11-28,Competitor
111333,11333,1,2026-07-28,Competitor
111334,11334,0,,Not Churned
111335,11335,0,,Not Churned
111336,11336,0,,Not Churned
111337,11337,0,,Not Churned
111338,11338,1,2023-09-18,Poor User Experience
111339,11339,0,,Not Churned
111340,11340,1,2029-01-08,High Price
111341,11341,0,,Not Churned
111342,11342,0,,Not Churned
111343,11343,1,2027-11-26,Business Closure
111344,11344,1,2028-08-14,Poor User Experience
111345,11345,0,,Not Churned
111346,11346,0,,Not Churned
111347,11347,0,,Not Churned
111348,11348,1,2028-03-08,Poor User Experience
111349,11349,0,,Not Churned
111350,11350,0,,Not Churned
111351,11351,0,,Not Churned
111352,11352,0,,Not Churned
111353,11353,0,,Not Churned
111354,11354,0,,Not Churned
111355,11355,0,,Not Churned
111356,11356,1,2029-04-01,Contract Expired
111357,11357,1,2026-05-07,Business Closure
111358,11358,0,,Not Churned
111359,11359,1,2027-10-17,Low Product Usage
111360,11360,0,,Not Churned
111361,11361,0,,Not Churned
111362,11362,0,,Not Churned
111363,11363,0,,Not Churned
111364,11364,0,,Not Churned
111365,11365,1,2023-12-06,Business Closure
111366,11366,1,2028-03-22,Low Product Usage
111367,11367,0,,Not Churned
111368,11368,0,,Not Churned
111369,11369,0,,Not Churned
111370,11370,0,,Not Churned
111371,11371,0,,Not Churned
111372,11372,0,,Not Churned
111373,11373,0,,Not Churned
111374,11374,0,,Not Churned
111375,11375,1,2026-08-12,Competitor
111376,11376,1,2025-09-05,Contract Expired
111377,11377,0,,Not Churned
111378,11378,1,2027-05-02,Poor User Experience
111379,11379,0,,Not Churned
111380,11380,0,,Not Churned
111381,11381,0,,Not Churned
111382,11382,0,,Not Churned
111383,11383,1,2029-05-28,Missing Features
111384,11384,0,,Not Churned
111385,11385,0,,Not Churned
111386,11386,0,,Not Churned
111387,11387,0,,Not Churned
111388,11388,0,,Not Churned
111389,11389,1,2026-08-09,Poor Support
111390,11390,1,2024-12-30,Low Product Usage
111391,11391,0,,Not Churned
111392,11392,0,,Not Churned
111393,11393,1,2029-06-29,Business Closure
111394,11394,0,,Not Churned
111395,11395,0,,Not Churned
111396,11396,0,,Not Churned
111397,11397,0,,Not Churned
111398,11398,0,,Not Churned
111399,11399,0,,Not Churned
111400,11400,0,,Not Churned
111401,11401,0,,Not Churned
111402,11402,0,,Not Churned
111403,11403,0,,Not Churned
111404,11404,0,,Not Churned
111405,11405,0,,Not Churned
111406,11406,1,2026-04-03,Contract Expired
111407,11407,0,,Not Churned
111408,11408,0,,Not Churned
111409,11409,1,2028-10-08,Business Closure
111410,11410,0,,Not Churned
111411,11411,0,,Not Churned
111412,11412,1,2028-12-12,Poor User Experience
111413,11413,0,,Not Churned
111414,11414,0,,Not Churned
111415,11415,0,,Not Churned
111416,11416,0,,Not Churned
111417,11417,0,,Not Churned
111418,11418,0,,Not Churned
111419,11419,0,,Not Churned
111420,11420,0,,Not Churned
111421,11421,0,,Not Churned
111422,11422,0,,Not Churned
111423,11423,0,,Not Churned
111424,11424,0,,Not Churned
111425,11425,1,2023-03-06,Competitor
111426,11426,0,,Not Churned
111427,11427,0,,Not Churned
111428,11428,0,,Not Churned
111429,11429,0,,Not Churned
111430,11430,1,2023-10-22,Contract Expired
111431,11431,1,2023-11-30,Business Closure
111432,11432,0,,Not Churned
111433,11433,0,,Not Churned
111434,11434,1,2027-09-05,Business Closure
111435,11435,1,2027-04-14,Business Closure
111436,11436,0,,Not Churned
111437,11437,0,,Not Churned
111438,11438,0,,Not Churned
111439,11439,0,,Not Churned
111440,11440,0,,Not Churned
111441,11441,0,,Not Churned
111442,11442,0,,Not Churned
111443,11443,0,,Not Churned
111444,11444,1,2029-03-01,Missing Features
111445,11445,0,,Not Churned
111446,11446,0,,Not Churned
111447,11447,0,,Not Churned
111448,11448,1,2027-06-24,Low Product Usage
111449,11449,0,,Not Churned
111450,11450,0,,Not Churned
111451,11451,1,2030-09-02,Poor User Experience
111452,11452,0,,Not Churned
111453,11453,0,,Not Churned
111454,11454,1,2024-09-14,Low Product Usage
111455,11455,1,2029-03-28,Poor Support
111456,11456,0,,Not Churned
111457,11457,0,,Not Churned
111458,11458,0,,Not Churned
111459,11459,0,,Not Churned
111460,11460,0,,Not Churned
111461,11461,0,,Not Churned
111462,11462,0,,Not Churned
111463,11463,0,,Not Churned
111464,11464,0,,Not Churned
111465,11465,1,2026-01-21,Business Closure
111466,11466,1,2027-09-08,Contract Expired
111467,11467,0,,Not Churned
111468,11468,1,2025-02-22,Low Product Usage
111469,11469,1,2024-12-29,Business Closure
111470,11470,0,,Not Churned
111471,11471,0,,Not Churned
111472,11472,0,,Not Churned
111473,11473,0,,Not Churned
111474,11474,0,,Not Churned
111475,11475,0,,Not Churned
111476,11476,0,,Not Churned
111477,11477,0,,Not Churned
111478,11478,0,,Not Churned
111479,11479,0,,Not Churned
111480,11480,0,,Not Churned
111481,11481,0,,Not Churned
111482,11482,0,,Not Churned
111483,11483,0,,Not Churned
111484,11484,0,,Not Churned
111485,11485,0,,Not Churned
111486,11486,0,,Not Churned
111487,11487,0,,Not Churned
111488,11488,0,,Not Churned
111489,11489,0,,Not Churned
111490,11490,0,,Not Churned
111491,11491,0,,Not Churned
111492,11492,0,,Not Churned
111493,11493,1,2027-08-22,Competitor
111494,11494,0,,Not Churned
111495,11495,1,2026-04-02,Competitor
111496,11496,0,,Not Churned
111497,11497,0,,Not Churned
111498,11498,1,2027-08-22,Poor User Experience
111499,11499,1,2026-08-11,Low Product Usage
111500,11500,0,,Not Churned
111501,11501,0,,Not Churned
111502,11502,1,2026-02-15,Poor User Experience
111503,11503,0,,Not Churned
111504,11504,1,2023-02-10,Contract Expired
111505,11505,0,,Not Churned
111506,11506,0,,Not Churned
111507,11507,1,2028-03-11,Business Closure
111508,11508,0,,Not Churned
111509,11509,1,2023-11-21,Poor User Experience
111510,11510,0,,Not Churned
111511,11511,0,,Not Churned
111512,11512,0,,Not Churned
111513,11513,0,,Not Churned
111514,11514,0,,Not Churned
111515,11515,1,2024-05-24,Business Closure
111516,11516,0,,Not Churned
111517,11517,0,,Not Churned
111518,11518,0,,Not Churned
111519,11519,0,,Not Churned
111520,11520,1,2029-03-13,Poor User Experience
111521,11521,0,,Not Churned
111522,11522,1,2029-04-22,Competitor
111523,11523,0,,Not Churned
111524,11524,1,2029-02-10,Business Closure
111525,11525,0,,Not Churned
111526,11526,1,2024-05-05,Poor User Experience
111527,11527,0,,Not Churned
111528,11528,1,2024-10-30,High Price
111529,11529,0,,Not Churned
111530,11530,0,,Not Churned
111531,11531,0,,Not Churned
111532,11532,0,,Not Churned
111533,11533,0,,Not Churned
111534,11534,1,2024-05-06,Business Closure
111535,11535,0,,Not Churned
111536,11536,0,,Not Churned
111537,11537,1,2028-01-26,Contract Expired
111538,11538,0,,Not Churned
111539,11539,0,,Not Churned
111540,11540,0,,Not Churned
111541,11541,0,,Not Churned
111542,11542,0,,Not Churned
111543,11543,0,,Not Churned
111544,11544,0,,Not Churned
111545,11545,1,2025-12-08,Contract Expired
111546,11546,0,,Not Churned
111547,11547,0,,Not Churned
111548,11548,0,,Not Churned
111549,11549,0,,Not Churned
111550,11550,1,2022-07-05,Contract Expired
111551,11551,0,,Not Churned
111552,11552,0,,Not Churned
111553,11553,1,2026-03-16,Competitor
111554,11554,0,,Not Churned
111555,11555,0,,Not Churned
111556,11556,1,2024-11-15,Competitor
111557,11557,1,2028-04-01,Poor Support
111558,11558,1,2025-12-30,High Price
111559,11559,0,,Not Churned
111560,11560,1,2024-10-25,Contract Expired
111561,11561,0,,Not Churned
111562,11562,0,,Not Churned
111563,11563,1,2023-12-28,Poor User Experience
111564,11564,1,2028-01-11,Business Closure
111565,11565,0,,Not Churned
111566,11566,0,,Not Churned
111567,11567,0,,Not Churned
111568,11568,0,,Not Churned
111569,11569,0,,Not Churned
111570,11570,0,,Not Churned
111571,11571,0,,Not Churned
111572,11572,0,,Not Churned
111573,11573,0,,Not Churned
111574,11574,1,2024-08-02,High Price
111575,11575,0,,Not Churned
111576,11576,0,,Not Churned
111577,11577,0,,Not Churned
111578,11578,0,,Not Churned
111579,11579,0,,Not Churned
111580,11580,0,,Not Churned
111581,11581,0,,Not Churned
111582,11582,0,,Not Churned
111583,11583,1,2027-08-25,Business Closure
111584,11584,0,,Not Churned
111585,11585,0,,Not Churned
111586,11586,0,,Not Churned
111587,11587,0,,Not Churned
111588,11588,0,,Not Churned
111589,11589,1,2023-10-21,Contract Expired
111590,11590,0,,Not Churned
111591,11591,0,,Not Churned
111592,11592,0,,Not Churned
111593,11593,0,,Not Churned
111594,11594,1,2027-04-24,High Price
111595,11595,0,,Not Churned
111596,11596,0,,Not Churned
111597,11597,0,,Not Churned
111598,11598,0,,Not Churned
111599,11599,0,,Not Churned
111600,11600,0,,Not Churned
111601,11601,0,,Not Churned
111602,11602,0,,Not Churned
111603,11603,0,,Not Churned
111604,11604,0,,Not Churned
111605,11605,0,,Not Churned
111606,11606,1,2028-10-24,Poor User Experience
111607,11607,0,,Not Churned
111608,11608,1,2027-06-25,Contract Expired
111609,11609,0,,Not Churned
111610,11610,0,,Not Churned
111611,11611,1,2028-12-11,Contract Expired
111612,11612,1,2026-02-12,Competitor
111613,11613,0,,Not Churned
111614,11614,0,,Not Churned
111615,11615,0,,Not Churned
111616,11616,1,2026-05-15,Poor User Experience
111617,11617,0,,Not Churned
111618,11618,0,,Not Churned
111619,11619,0,,Not Churned
111620,11620,0,,Not Churned
111621,11621,0,,Not Churned
111622,11622,0,,Not Churned
111623,11623,1,2022-02-11,Contract Expired
111624,11624,0,,Not Churned
111625,11625,0,,Not Churned
111626,11626,0,,Not Churned
111627,11627,0,,Not Churned
111628,11628,0,,Not Churned
111629,11629,0,,Not Churned
111630,11630,0,,Not Churned
111631,11631,0,,Not Churned
111632,11632,0,,Not Churned
111633,11633,0,,Not Churned
111634,11634,1,2022-05-22,Low Product Usage
111635,11635,0,,Not Churned
111636,11636,0,,Not Churned
111637,11637,0,,Not Churned
111638,11638,0,,Not Churned
111639,11639,0,,Not Churned
111640,11640,0,,Not Churned
111641,11641,0,,Not Churned
111642,11642,1,2029-09-13,Poor Support
111643,11643,1,2025-12-18,Competitor
111644,11644,0,,Not Churned
111645,11645,0,,Not Churned
111646,11646,1,2026-01-01,Business Closure
111647,11647,0,,Not Churned
111648,11648,0,,Not Churned
111649,11649,1,2029-09-09,Business Closure
111650,11650,0,,Not Churned
111651,11651,1,2028-06-28,Contract Expired
111652,11652,1,2027-08-02,Contract Expired
111653,11653,0,,Not Churned
111654,11654,0,,Not Churned
111655,11655,0,,Not Churned
111656,11656,1,2027-12-22,Business Closure
111657,11657,0,,Not Churned
111658,11658,0,,Not Churned
111659,11659,0,,Not Churned
111660,11660,0,,Not Churned
111661,11661,1,2027-09-26,Poor User Experience
111662,11662,0,,Not Churned
111663,11663,1,2024-04-01,Competitor
111664,11664,0,,Not Churned
111665,11665,1,2024-02-21,High Price
111666,11666,0,,Not Churned
111667,11667,1,2026-12-06,Competitor
111668,11668,1,2028-09-10,Low Product Usage
111669,11669,0,,Not Churned
111670,11670,0,,Not Churned
111671,11671,0,,Not Churned
111672,11672,0,,Not Churned
111673,11673,0,,Not Churned
111674,11674,0,,Not Churned
111675,11675,0,,Not Churned
111676,11676,0,,Not Churned
111677,11677,0,,Not Churned
111678,11678,0,,Not Churned
111679,11679,1,2023-08-21,Missing Features
111680,11680,0,,Not Churned
111681,11681,0,,Not Churned
111682,11682,0,,Not Churned
111683,11683,0,,Not Churned
111684,11684,0,,Not Churned
111685,11685,0,,Not Churned
111686,11686,0,,Not Churned
111687,11687,1,2025-07-15,Contract Expired
111688,11688,1,2024-08-18,Contract Expired
111689,11689,1,2028-10-22,Poor User Experience
111690,11690,0,,Not Churned
111691,11691,0,,Not Churned
111692,11692,0,,Not Churned
111693,11693,0,,Not Churned
111694,11694,0,,Not Churned
111695,11695,1,2025-11-08,Business Closure
111696,11696,0,,Not Churned
111697,11697,0,,Not Churned
111698,11698,0,,Not Churned
111699,11699,0,,Not Churned
111700,11700,0,,Not Churned
111701,11701,0,,Not Churned
111702,11702,0,,Not Churned
111703,11703,1,2022-12-28,Contract Expired
111704,11704,0,,Not Churned
111705,11705,0,,Not Churned
111706,11706,1,2025-04-14,Missing Features
111707,11707,0,,Not Churned
111708,11708,0,,Not Churned
111709,11709,0,,Not Churned
111710,11710,1,2030-04-20,High Price
111711,11711,1,2029-06-04,Competitor
111712,11712,0,,Not Churned
111713,11713,0,,Not Churned
111714,11714,1,2029-03-07,Poor User Experience
111715,11715,0,,Not Churned
111716,11716,1,2026-04-20,Business Closure
111717,11717,0,,Not Churned
111718,11718,0,,Not Churned
111719,11719,0,,Not Churned
111720,11720,1,2022-05-03,Business Closure
111721,11721,0,,Not Churned
111722,11722,0,,Not Churned
111723,11723,0,,Not Churned
111724,11724,1,2024-05-13,Poor User Experience
111725,11725,0,,Not Churned
111726,11726,0,,Not Churned
111727,11727,0,,Not Churned
111728,11728,0,,Not Churned
111729,11729,0,,Not Churned
111730,11730,0,,Not Churned
111731,11731,0,,Not Churned
111732,11732,0,,Not Churned
111733,11733,1,2027-11-29,Business Closure
111734,11734,0,,Not Churned
111735,11735,0,,Not Churned
111736,11736,0,,Not Churned
111737,11737,0,,Not Churned
111738,11738,0,,Not Churned
111739,11739,0,,Not Churned
111740,11740,1,2024-07-20,Low Product Usage
111741,11741,0,,Not Churned
111742,11742,1,2022-12-17,Poor User Experience
111743,11743,0,,Not Churned
111744,11744,0,,Not Churned
111745,11745,0,,Not Churned
111746,11746,0,,Not Churned
111747,11747,0,,Not Churned
111748,11748,0,,Not Churned
111749,11749,0,,Not Churned
111750,11750,1,2022-05-03,Poor Support
111751,11751,0,,Not Churned
111752,11752,1,2030-10-26,High Price
111753,11753,0,,Not Churned
111754,11754,1,2025-08-30,Poor User Experience
111755,11755,0,,Not Churned
111756,11756,0,,Not Churned
111757,11757,0,,Not Churned
111758,11758,0,,Not Churned
111759,11759,0,,Not Churned
111760,11760,0,,Not Churned
111761,11761,0,,Not Churned
111762,11762,0,,Not Churned
111763,11763,0,,Not Churned
111764,11764,0,,Not Churned
111765,11765,0,,Not Churned
111766,11766,0,,Not Churned
111767,11767,0,,Not Churned
111768,11768,1,2026-08-20,Business Closure
111769,11769,0,,Not Churned
111770,11770,0,,Not Churned
111771,11771,0,,Not Churned
111772,11772,0,,Not Churned
111773,11773,1,2028-03-05,Business Closure
111774,11774,0,,Not Churned
111775,11775,0,,Not Churned
111776,11776,1,2026-04-13,Competitor
111777,11777,1,2025-07-10,Competitor
111778,11778,0,,Not Churned
111779,11779,0,,Not Churned
111780,11780,0,,Not Churned
111781,11781,1,2027-05-10,Poor User Experience
111782,11782,0,,Not Churned
111783,11783,0,,Not Churned
111784,11784,0,,Not Churned
111785,11785,0,,Not Churned
111786,11786,0,,Not Churned
111787,11787,1,2026-09-23,Competitor
111788,11788,0,,Not Churned
111789,11789,1,2026-01-14,Competitor
111790,11790,0,,Not Churned
111791,11791,0,,Not Churned
111792,11792,0,,Not Churned
111793,11793,0,,Not Churned
111794,11794,1,2026-03-12,Missing Features
111795,11795,0,,Not Churned
111796,11796,1,2026-10-06,Poor User Experience
111797,11797,1,2025-10-11,Competitor
111798,11798,0,,Not Churned
111799,11799,0,,Not Churned
111800,11800,1,2024-12-26,Business Closure
111801,11801,1,2027-05-17,High Price
111802,11802,1,2027-06-12,Competitor
111803,11803,0,,Not Churned
111804,11804,0,,Not Churned
111805,11805,0,,Not Churned
111806,11806,0,,Not Churned
111807,11807,0,,Not Churned
111808,11808,1,2029-10-24,Contract Expired
111809,11809,0,,Not Churned
111810,11810,0,,Not Churned
111811,11811,0,,Not Churned
111812,11812,0,,Not Churned
111813,11813,0,,Not Churned
111814,11814,0,,Not Churned
111815,11815,0,,Not Churned
111816,11816,1,2024-02-19,Competitor
111817,11817,0,,Not Churned
111818,11818,0,,Not Churned
111819,11819,0,,Not Churned
111820,11820,0,,Not Churned
111821,11821,1,2030-09-30,Business Closure
111822,11822,0,,Not Churned
111823,11823,0,,Not Churned
111824,11824,0,,Not Churned
111825,11825,0,,Not Churned
111826,11826,0,,Not Churned
111827,11827,0,,Not Churned
111828,11828,0,,Not Churned
111829,11829,0,,Not Churned
111830,11830,0,,Not Churned
111831,11831,0,,Not Churned
111832,11832,0,,Not Churned
111833,11833,0,,Not Churned
111834,11834,1,2025-10-31,Competitor
111835,11835,0,,Not Churned
111836,11836,1,2024-09-10,Low Product Usage
111837,11837,1,2025-08-29,High Price
111838,11838,1,2029-06-07,Contract Expired
111839,11839,0,,Not Churned
111840,11840,0,,Not Churned
111841,11841,0,,Not Churned
111842,11842,0,,Not Churned
111843,11843,0,,Not Churned
111844,11844,0,,Not Churned
111845,11845,0,,Not Churned
111846,11846,1,2025-06-21,Business Closure
111847,11847,0,,Not Churned
111848,11848,0,,Not Churned
111849,11849,0,,Not Churned
111850,11850,0,,Not Churned
111851,11851,0,,Not Churned
111852,11852,1,2028-10-12,Competitor
111853,11853,0,,Not Churned
111854,11854,0,,Not Churned
111855,11855,0,,Not Churned
111856,11856,0,,Not Churned
111857,11857,0,,Not Churned
111858,11858,0,,Not Churned
111859,11859,0,,Not Churned
111860,11860,1,2025-09-03,Contract Expired
111861,11861,0,,Not Churned
111862,11862,0,,Not Churned
111863,11863,0,,Not Churned
111864,11864,0,,Not Churned
111865,11865,0,,Not Churned
111866,11866,0,,Not Churned
111867,11867,0,,Not Churned
111868,11868,1,2024-01-04,Business Closure
111869,11869,0,,Not Churned
111870,11870,1,2024-06-15,Competitor
111871,11871,0,,Not Churned
111872,11872,0,,Not Churned
111873,11873,0,,Not Churned
111874,11874,0,,Not Churned
111875,11875,0,,Not Churned
111876,11876,0,,Not Churned
111877,11877,0,,Not Churned
111878,11878,0,,Not Churned
111879,11879,0,,Not Churned
111880,11880,0,,Not Churned
111881,11881,0,,Not Churned
111882,11882,0,,Not Churned
111883,11883,0,,Not Churned
111884,11884,0,,Not Churned
111885,11885,1,2023-08-12,Low Product Usage
111886,11886,0,,Not Churned
111887,11887,1,2027-05-13,Poor Support
111888,11888,0,,Not Churned
111889,11889,0,,Not Churned
111890,11890,0,,Not Churned
111891,11891,0,,Not Churned
111892,11892,0,,Not Churned
111893,11893,0,,Not Churned
111894,11894,0,,Not Churned
111895,11895,0,,Not Churned
111896,11896,1,2027-11-20,High Price
111897,11897,1,2022-08-15,Competitor
111898,11898,0,,Not Churned
111899,11899,0,,Not Churned
111900,11900,0,,Not Churned
111901,11901,1,2026-02-21,Competitor
111902,11902,0,,Not Churned
111903,11903,0,,Not Churned
111904,11904,0,,Not Churned
111905,11905,0,,Not Churned
111906,11906,0,,Not Churned
111907,11907,0,,Not Churned
111908,11908,0,,Not Churned
111909,11909,0,,Not Churned
111910,11910,0,,Not Churned
111911,11911,0,,Not Churned
111912,11912,0,,Not Churned
111913,11913,0,,Not Churned
111914,11914,0,,Not Churned
111915,11915,0,,Not Churned
111916,11916,0,,Not Churned
111917,11917,0,,Not Churned
111918,11918,0,,Not Churned
111919,11919,1,2025-04-25,Poor User Experience
111920,11920,0,,Not Churned
111921,11921,0,,Not Churned
111922,11922,0,,Not Churned
111923,11923,0,,Not Churned
111924,11924,0,,Not Churned
111925,11925,0,,Not Churned
111926,11926,1,2027-02-04,Contract Expired
111927,11927,0,,Not Churned
111928,11928,0,,Not Churned
111929,11929,0,,Not Churned
111930,11930,0,,Not Churned
111931,11931,1,2025-05-13,Poor User Experience
111932,11932,0,,Not Churned
111933,11933,0,,Not Churned
111934,11934,1,2029-03-25,Poor User Experience
111935,11935,1,2030-12-27,Competitor
111936,11936,0,,Not Churned
111937,11937,0,,Not Churned
111938,11938,0,,Not Churned
111939,11939,1,2029-09-05,Contract Expired
111940,11940,0,,Not Churned
111941,11941,1,2025-06-27,Business Closure
111942,11942,0,,Not Churned
111943,11943,1,2028-10-22,Contract Expired
111944,11944,0,,Not Churned
111945,11945,1,2029-02-09,Competitor
111946,11946,1,2025-02-25,Poor User Experience
111947,11947,0,,Not Churned
111948,11948,0,,Not Churned
111949,11949,0,,Not Churned
111950,11950,0,,Not Churned
111951,11951,0,,Not Churned
111952,11952,0,,Not Churned
111953,11953,1,2024-10-15,Poor Support
111954,11954,0,,Not Churned
111955,11955,0,,Not Churned
111956,11956,0,,Not Churned
111957,11957,0,,Not Churned
111958,11958,0,,Not Churned
111959,11959,1,2023-12-28,Competitor
111960,11960,0,,Not Churned
111961,11961,0,,Not Churned
111962,11962,0,,Not Churned
111963,11963,0,,Not Churned
111964,11964,1,2028-07-06,Business Closure
111965,11965,0,,Not Churned
111966,11966,1,2024-10-23,Poor User Experience
111967,11967,0,,Not Churned
111968,11968,0,,Not Churned
111969,11969,0,,Not Churned
111970,11970,0,,Not Churned
111971,11971,0,,Not Churned
111972,11972,0,,Not Churned
111973,11973,0,,Not Churned
111974,11974,0,,Not Churned
111975,11975,0,,Not Churned
111976,11976,0,,Not Churned
111977,11977,1,2031-02-02,Contract Expired
111978,11978,0,,Not Churned
111979,11979,1,2022-09-18,Poor User Experience
111980,11980,0,,Not Churned
111981,11981,1,2030-11-02,Competitor
111982,11982,0,,Not Churned
111983,11983,1,2027-10-14,Contract Expired
111984,11984,1,2027-11-23,Business Closure
111985,11985,1,2028-03-02,Competitor
111986,11986,0,,Not Churned
111987,11987,1,2028-10-05,Competitor
111988,11988,0,,Not Churned
111989,11989,0,,Not Churned
111990,11990,0,,Not Churned
111991,11991,0,,Not Churned
111992,11992,0,,Not Churned
111993,11993,0,,Not Churned
111994,11994,1,2026-07-18,Contract Expired
111995,11995,1,2024-01-05,Competitor
111996,11996,0,,Not Churned
111997,11997,0,,Not Churned
111998,11998,1,2025-04-02,Poor User Experience
111999,11999,0,,Not Churned
112000,12000,0,,Not Churned
112001,12001,0,,Not Churned
112002,12002,0,,Not Churned
112003,12003,0,,Not Churned
112004,12004,0,,Not Churned
112005,12005,0,,Not Churned
112006,12006,1,2024-10-03,Business Closure
112007,12007,1,2028-02-25,Competitor
112008,12008,0,,Not Churned
112009,12009,0,,Not Churned
112010,12010,0,,Not Churned
112011,12011,0,,Not Churned
112012,12012,0,,Not Churned
112013,12013,0,,Not Churned
112014,12014,0,,Not Churned
112015,12015,1,2025-06-23,Competitor
112016,12016,0,,Not Churned
112017,12017,0,,Not Churned
112018,12018,1,2027-12-24,Poor User Experience
112019,12019,0,,Not Churned
112020,12020,1,2024-08-03,Poor User Experience
112021,12021,0,,Not Churned
112022,12022,0,,Not Churned
112023,12023,0,,Not Churned
112024,12024,1,2023-02-20,High Price
112025,12025,0,,Not Churned
112026,12026,0,,Not Churned
112027,12027,0,,Not Churned
112028,12028,1,2022-11-20,Business Closure
112029,12029,0,,Not Churned
112030,12030,0,,Not Churned
112031,12031,0,,Not Churned
112032,12032,0,,Not Churned
112033,12033,1,2025-10-19,Poor User Experience
112034,12034,1,2022-06-23,Contract Expired
112035,12035,0,,Not Churned
112036,12036,0,,Not Churned
112037,12037,0,,Not Churned
112038,12038,1,2028-03-16,Competitor
112039,12039,0,,Not Churned
112040,12040,0,,Not Churned
112041,12041,0,,Not Churned
112042,12042,0,,Not Churned
112043,12043,1,2025-08-06,Competitor
112044,12044,0,,Not Churned
112045,12045,0,,Not Churned
112046,12046,0,,Not Churned
112047,12047,1,2026-02-08,Poor User Experience
112048,12048,0,,Not Churned
112049,12049,0,,Not Churned
112050,12050,1,2027-02-07,Contract Expired
112051,12051,0,,Not Churned
112052,12052,0,,Not Churned
112053,12053,0,,Not Churned
112054,12054,0,,Not Churned
112055,12055,0,,Not Churned
112056,12056,0,,Not Churned
112057,12057,0,,Not Churned
112058,12058,0,,Not Churned
112059,12059,1,2029-09-29,Contract Expired
112060,12060,0,,Not Churned
112061,12061,0,,Not Churned
112062,12062,0,,Not Churned
112063,12063,1,2027-04-25,Business Closure
112064,12064,0,,Not Churned
112065,12065,0,,Not Churned
112066,12066,0,,Not Churned
112067,12067,0,,Not Churned
112068,12068,0,,Not Churned
112069,12069,0,,Not Churned
112070,12070,0,,Not Churned
112071,12071,0,,Not Churned
112072,12072,0,,Not Churned
112073,12073,0,,Not Churned
112074,12074,0,,Not Churned
112075,12075,0,,Not Churned
112076,12076,1,2024-09-12,Poor User Experience
112077,12077,1,2028-05-15,High Price
112078,12078,1,2029-08-15,Business Closure
112079,12079,0,,Not Churned
112080,12080,0,,Not Churned
112081,12081,1,2027-09-14,Poor User Experience
112082,12082,0,,Not Churned
112083,12083,0,,Not Churned
112084,12084,0,,Not Churned
112085,12085,1,2026-07-14,Contract Expired
112086,12086,1,2026-12-17,Poor Support
112087,12087,1,2023-04-23,Contract Expired
112088,12088,0,,Not Churned
112089,12089,0,,Not Churned
112090,12090,0,,Not Churned
112091,12091,0,,Not Churned
112092,12092,0,,Not Churned
112093,12093,0,,Not Churned
112094,12094,0,,Not Churned
112095,12095,0,,Not Churned
112096,12096,1,2028-11-06,Business Closure
112097,12097,0,,Not Churned
112098,12098,0,,Not Churned
112099,12099,1,2031-03-07,Contract Expired
112100,12100,0,,Not Churned
112101,12101,0,,Not Churned
112102,12102,1,2026-01-20,Poor User Experience
112103,12103,0,,Not Churned
112104,12104,1,2026-08-06,Competitor
112105,12105,0,,Not Churned
112106,12106,1,2028-10-18,Competitor
112107,12107,0,,Not Churned
112108,12108,0,,Not Churned
112109,12109,0,,Not Churned
112110,12110,0,,Not Churned
112111,12111,1,2026-12-27,Business Closure
112112,12112,1,2029-03-29,Missing Features
112113,12113,0,,Not Churned
112114,12114,0,,Not Churned
112115,12115,0,,Not Churned
112116,12116,0,,Not Churned
112117,12117,0,,Not Churned
112118,12118,0,,Not Churned
112119,12119,0,,Not Churned
112120,12120,1,2027-04-24,Competitor
112121,12121,1,2027-02-22,Business Closure
112122,12122,0,,Not Churned
112123,12123,0,,Not Churned
112124,12124,0,,Not Churned
112125,12125,0,,Not Churned
112126,12126,0,,Not Churned
112127,12127,0,,Not Churned
112128,12128,0,,Not Churned
112129,12129,0,,Not Churned
112130,12130,1,2028-05-25,Business Closure
112131,12131,1,2025-01-22,Contract Expired
112132,12132,0,,Not Churned
112133,12133,0,,Not Churned
112134,12134,0,,Not Churned
112135,12135,0,,Not Churned
112136,12136,1,2024-07-11,Low Product Usage
112137,12137,0,,Not Churned
112138,12138,0,,Not Churned
112139,12139,0,,Not Churned
112140,12140,1,2026-12-09,Business Closure
112141,12141,0,,Not Churned
112142,12142,0,,Not Churned
112143,12143,0,,Not Churned
112144,12144,1,2027-03-04,Contract Expired
112145,12145,0,,Not Churned
112146,12146,0,,Not Churned
112147,12147,0,,Not Churned
112148,12148,1,2029-10-20,High Price
112149,12149,0,,Not Churned
112150,12150,0,,Not Churned
112151,12151,1,2026-06-11,Missing Features
112152,12152,0,,Not Churned
112153,12153,0,,Not Churned
112154,12154,0,,Not Churned
112155,12155,0,,Not Churned
112156,12156,1,2028-04-17,Business Closure
112157,12157,1,2023-06-10,Poor Support
112158,12158,1,2023-01-26,Contract Expired
112159,12159,1,2027-10-21,Poor Support
112160,12160,0,,Not Churned
112161,12161,0,,Not Churned
112162,12162,0,,Not Churned
112163,12163,0,,Not Churned
112164,12164,0,,Not Churned
112165,12165,1,2023-08-16,Contract Expired
112166,12166,1,2027-03-11,Contract Expired
112167,12167,0,,Not Churned
112168,12168,0,,Not Churned
112169,12169,1,2027-07-29,Business Closure
112170,12170,1,2028-08-29,Poor User Experience
112171,12171,0,,Not Churned
112172,12172,0,,Not Churned
112173,12173,0,,Not Churned
112174,12174,0,,Not Churned
112175,12175,0,,Not Churned
112176,12176,0,,Not Churned
112177,12177,1,2024-01-29,High Price
112178,12178,1,2027-09-27,High Price
112179,12179,0,,Not Churned
112180,12180,1,2030-02-16,Business Closure
112181,12181,0,,Not Churned
112182,12182,0,,Not Churned
112183,12183,1,2023-08-07,Contract Expired
112184,12184,1,2030-09-27,Poor User Experience
112185,12185,0,,Not Churned
112186,12186,1,2025-04-09,Contract Expired
112187,12187,0,,Not Churned
112188,12188,0,,Not Churned
112189,12189,0,,Not Churned
112190,12190,0,,Not Churned
112191,12191,1,2023-09-16,Business Closure
112192,12192,0,,Not Churned
112193,12193,0,,Not Churned
112194,12194,0,,Not Churned
112195,12195,0,,Not Churned
112196,12196,1,2027-12-11,High Price
112197,12197,1,2029-05-11,Poor User Experience
112198,12198,1,2022-11-06,Poor User Experience
112199,12199,0,,Not Churned
112200,12200,0,,Not Churned
112201,12201,0,,Not Churned
112202,12202,0,,Not Churned
112203,12203,0,,Not Churned
112204,12204,0,,Not Churned
112205,12205,0,,Not Churned
112206,12206,1,2026-01-31,Contract Expired
112207,12207,0,,Not Churned
112208,12208,0,,Not Churned
112209,12209,0,,Not Churned
112210,12210,1,2028-06-14,Competitor
112211,12211,0,,Not Churned
112212,12212,1,2026-06-25,Low Product Usage
112213,12213,0,,Not Churned
112214,12214,0,,Not Churned
112215,12215,1,2025-08-16,Poor User Experience
112216,12216,0,,Not Churned
112217,12217,0,,Not Churned
112218,12218,0,,Not Churned
112219,12219,0,,Not Churned
112220,12220,0,,Not Churned
112221,12221,0,,Not Churned
112222,12222,0,,Not Churned
112223,12223,0,,Not Churned
112224,12224,0,,Not Churned
112225,12225,0,,Not Churned
112226,12226,0,,Not Churned
112227,12227,0,,Not Churned
112228,12228,0,,Not Churned
112229,12229,0,,Not Churned
112230,12230,0,,Not Churned
112231,12231,0,,Not Churned
112232,12232,1,2027-03-16,Poor User Experience
112233,12233,0,,Not Churned
112234,12234,0,,Not Churned
112235,12235,1,2026-07-22,Competitor
112236,12236,0,,Not Churned
112237,12237,0,,Not Churned
112238,12238,1,2027-05-18,Contract Expired
112239,12239,0,,Not Churned
112240,12240,0,,Not Churned
112241,12241,0,,Not Churned
112242,12242,0,,Not Churned
112243,12243,0,,Not Churned
112244,12244,0,,Not Churned
112245,12245,0,,Not Churned
112246,12246,0,,Not Churned
112247,12247,1,2022-03-28,Missing Features
112248,12248,0,,Not Churned
112249,12249,0,,Not Churned
112250,12250,1,2025-12-21,Low Product Usage
112251,12251,0,,Not Churned
112252,12252,1,2025-11-12,Poor User Experience
112253,12253,0,,Not Churned
112254,12254,0,,Not Churned
112255,12255,1,2024-04-22,Poor User Experience
112256,12256,1,2023-03-24,Business Closure
112257,12257,1,2024-02-17,Competitor
112258,12258,0,,Not Churned
112259,12259,0,,Not Churned
112260,12260,0,,Not Churned
112261,12261,0,,Not Churned
112262,12262,0,,Not Churned
112263,12263,1,2028-01-17,Competitor
112264,12264,0,,Not Churned
112265,12265,1,2025-12-21,Contract Expired
112266,12266,1,2023-05-07,Poor User Experience
112267,12267,0,,Not Churned
112268,12268,0,,Not Churned
112269,12269,0,,Not Churned
112270,12270,0,,Not Churned
112271,12271,0,,Not Churned
112272,12272,0,,Not Churned
112273,12273,0,,Not Churned
112274,12274,1,2028-09-21,Business Closure
112275,12275,0,,Not Churned
112276,12276,0,,Not Churned
112277,12277,0,,Not Churned
112278,12278,0,,Not Churned
112279,12279,1,2026-02-07,Poor Support
112280,12280,0,,Not Churned
112281,12281,0,,Not Churned
112282,12282,1,2028-04-05,Poor User Experience
112283,12283,0,,Not Churned
112284,12284,0,,Not Churned
112285,12285,0,,Not Churned
112286,12286,1,2023-06-06,Competitor
112287,12287,1,2023-09-13,Contract Expired
112288,12288,0,,Not Churned
112289,12289,1,2028-09-01,Poor User Experience
112290,12290,0,,Not Churned
112291,12291,0,,Not Churned
112292,12292,0,,Not Churned
112293,12293,1,2027-10-23,Contract Expired
112294,12294,0,,Not Churned
112295,12295,0,,Not Churned
112296,12296,1,2029-12-28,Poor User Experience
112297,12297,0,,Not Churned
112298,12298,1,2029-02-19,Missing Features
112299,12299,0,,Not Churned
112300,12300,0,,Not Churned
112301,12301,0,,Not Churned
112302,12302,0,,Not Churned
112303,12303,0,,Not Churned
112304,12304,0,,Not Churned
112305,12305,0,,Not Churned
112306,12306,0,,Not Churned
112307,12307,1,2024-07-28,Business Closure
112308,12308,0,,Not Churned
112309,12309,1,2022-06-26,High Price
112310,12310,0,,Not Churned
112311,12311,0,,Not Churned
112312,12312,0,,Not Churned
112313,12313,0,,Not Churned
112314,12314,0,,Not Churned
112315,12315,0,,Not Churned
112316,12316,0,,Not Churned
112317,12317,0,,Not Churned
112318,12318,0,,Not Churned
112319,12319,0,,Not Churned
112320,12320,0,,Not Churned
112321,12321,0,,Not Churned
112322,12322,1,2028-11-30,Low Product Usage
112323,12323,0,,Not Churned
112324,12324,0,,Not Churned
112325,12325,1,2027-08-31,Business Closure
112326,12326,0,,Not Churned
112327,12327,1,2025-08-30,Competitor
112328,12328,0,,Not Churned
112329,12329,0,,Not Churned
112330,12330,0,,Not Churned
112331,12331,0,,Not Churned
112332,12332,0,,Not Churned
112333,12333,0,,Not Churned
112334,12334,0,,Not Churned
112335,12335,0,,Not Churned
112336,12336,0,,Not Churned
112337,12337,0,,Not Churned
112338,12338,0,,Not Churned
112339,12339,0,,Not Churned
112340,12340,1,2024-07-02,Contract Expired
112341,12341,1,2024-05-19,Competitor
112342,12342,0,,Not Churned
112343,12343,0,,Not Churned
112344,12344,0,,Not Churned
112345,12345,0,,Not Churned
112346,12346,0,,Not Churned
112347,12347,0,,Not Churned
112348,12348,0,,Not Churned
112349,12349,1,2027-04-02,Business Closure
112350,12350,0,,Not Churned
112351,12351,1,2025-12-10,High Price
112352,12352,0,,Not Churned
112353,12353,0,,Not Churned
112354,12354,1,2023-08-10,Competitor
112355,12355,0,,Not Churned
112356,12356,0,,Not Churned
112357,12357,0,,Not Churned
112358,12358,0,,Not Churned
112359,12359,1,2029-07-29,Contract Expired
112360,12360,1,2026-01-01,Business Closure
112361,12361,0,,Not Churned
112362,12362,1,2029-07-17,Contract Expired
112363,12363,0,,Not Churned
112364,12364,0,,Not Churned
112365,12365,0,,Not Churned
112366,12366,0,,Not Churned
112367,12367,0,,Not Churned
112368,12368,0,,Not Churned
112369,12369,0,,Not Churned
112370,12370,0,,Not Churned
112371,12371,0,,Not Churned
112372,12372,0,,Not Churned
112373,12373,1,2023-01-29,Poor User Experience
112374,12374,1,2024-12-24,Poor Support
112375,12375,0,,Not Churned
112376,12376,0,,Not Churned
112377,12377,0,,Not Churned
112378,12378,1,2025-11-27,Contract Expired
112379,12379,0,,Not Churned
112380,12380,0,,Not Churned
112381,12381,0,,Not Churned
112382,12382,0,,Not Churned
112383,12383,0,,Not Churned
112384,12384,1,2025-12-26,Contract Expired
112385,12385,1,2026-03-15,Business Closure
112386,12386,0,,Not Churned
112387,12387,0,,Not Churned
112388,12388,0,,Not Churned
112389,12389,0,,Not Churned
112390,12390,0,,Not Churned
112391,12391,1,2023-12-13,Contract Expired
112392,12392,0,,Not Churned
112393,12393,1,2025-05-01,Low Product Usage
112394,12394,1,2027-06-16,Poor User Experience
112395,12395,0,,Not Churned
112396,12396,0,,Not Churned
112397,12397,0,,Not Churned
112398,12398,0,,Not Churned
112399,12399,1,2028-04-01,Contract Expired
112400,12400,0,,Not Churned
112401,12401,0,,Not Churned
112402,12402,0,,Not Churned
112403,12403,0,,Not Churned
112404,12404,0,,Not Churned
112405,12405,0,,Not Churned
112406,12406,0,,Not Churned
112407,12407,0,,Not Churned
112408,12408,0,,Not Churned
112409,12409,1,2029-03-15,Business Closure
112410,12410,1,2024-10-01,Competitor
112411,12411,0,,Not Churned
112412,12412,0,,Not Churned
112413,12413,0,,Not Churned
112414,12414,1,2030-01-26,Contract Expired
112415,12415,0,,Not Churned
112416,12416,1,2026-10-31,Competitor
112417,12417,0,,Not Churned
112418,12418,1,2023-06-12,Poor User Experience
112419,12419,0,,Not Churned
112420,12420,0,,Not Churned
112421,12421,0,,Not Churned
112422,12422,1,2028-06-18,Business Closure
112423,12423,0,,Not Churned
112424,12424,0,,Not Churned
112425,12425,0,,Not Churned
112426,12426,0,,Not Churned
112427,12427,1,2024-01-11,Business Closure
112428,12428,0,,Not Churned
112429,12429,0,,Not Churned
112430,12430,0,,Not Churned
112431,12431,1,2022-11-28,Business Closure
112432,12432,1,2026-06-24,Competitor
112433,12433,1,2028-10-27,Business Closure
112434,12434,0,,Not Churned
112435,12435,0,,Not Churned
112436,12436,0,,Not Churned
112437,12437,0,,Not Churned
112438,12438,0,,Not Churned
112439,12439,0,,Not Churned
112440,12440,0,,Not Churned
112441,12441,0,,Not Churned
112442,12442,0,,Not Churned
112443,12443,0,,Not Churned
112444,12444,0,,Not Churned
112445,12445,1,2026-02-09,Contract Expired
112446,12446,0,,Not Churned
112447,12447,0,,Not Churned
112448,12448,0,,Not Churned
112449,12449,0,,Not Churned
112450,12450,1,2023-10-30,Business Closure
112451,12451,0,,Not Churned
112452,12452,0,,Not Churned
112453,12453,0,,Not Churned
112454,12454,0,,Not Churned
112455,12455,0,,Not Churned
112456,12456,0,,Not Churned
112457,12457,1,2024-11-26,Contract Expired
112458,12458,0,,Not Churned
112459,12459,0,,Not Churned
112460,12460,0,,Not Churned
112461,12461,0,,Not Churned
112462,12462,0,,Not Churned
112463,12463,1,2027-07-02,Poor User Experience
112464,12464,0,,Not Churned
112465,12465,0,,Not Churned
112466,12466,1,2024-08-13,Business Closure
112467,12467,1,2029-11-22,Poor Support
112468,12468,0,,Not Churned
112469,12469,0,,Not Churned
112470,12470,0,,Not Churned
112471,12471,0,,Not Churned
112472,12472,0,,Not Churned
112473,12473,0,,Not Churned
112474,12474,0,,Not Churned
112475,12475,0,,Not Churned
112476,12476,1,2028-10-26,Competitor
112477,12477,1,2026-10-19,Poor User Experience
112478,12478,1,2027-04-30,Business Closure
112479,12479,0,,Not Churned
112480,12480,0,,Not Churned
112481,12481,0,,Not Churned
112482,12482,0,,Not Churned
112483,12483,0,,Not Churned
112484,12484,0,,Not Churned
112485,12485,0,,Not Churned
112486,12486,0,,Not Churned
112487,12487,1,2027-05-26,Poor User Experience
112488,12488,1,2025-06-15,Business Closure
112489,12489,0,,Not Churned
112490,12490,0,,Not Churned
112491,12491,0,,Not Churned
112492,12492,0,,Not Churned
112493,12493,0,,Not Churned
112494,12494,1,2027-12-01,Contract Expired
112495,12495,0,,Not Churned
112496,12496,1,2023-10-23,Competitor
112497,12497,0,,Not Churned
112498,12498,0,,Not Churned
112499,12499,0,,Not Churned
112500,12500,0,,Not Churned
112501,12501,0,,Not Churned
112502,12502,0,,Not Churned
112503,12503,0,,Not Churned
112504,12504,1,2025-06-19,Competitor
112505,12505,0,,Not Churned
112506,12506,0,,Not Churned
112507,12507,1,2026-09-02,Contract Expired
112508,12508,0,,Not Churned
112509,12509,1,2023-04-21,Business Closure
112510,12510,0,,Not Churned
112511,12511,0,,Not Churned
112512,12512,0,,Not Churned
112513,12513,1,2025-04-25,Business Closure
112514,12514,1,2023-07-30,Missing Features
112515,12515,1,2029-02-23,Business Closure
112516,12516,1,2025-03-02,Business Closure
112517,12517,0,,Not Churned
112518,12518,0,,Not Churned
112519,12519,0,,Not Churned
112520,12520,0,,Not Churned
112521,12521,0,,Not Churned
112522,12522,0,,Not Churned
112523,12523,0,,Not Churned
112524,12524,0,,Not Churned
112525,12525,0,,Not Churned
112526,12526,1,2027-09-09,Business Closure
112527,12527,0,,Not Churned
112528,12528,0,,Not Churned
112529,12529,0,,Not Churned
112530,12530,0,,Not Churned
112531,12531,0,,Not Churned
112532,12532,1,2026-12-24,Contract Expired
112533,12533,0,,Not Churned
112534,12534,0,,Not Churned
112535,12535,0,,Not Churned
112536,12536,0,,Not Churned
112537,12537,0,,Not Churned
112538,12538,0,,Not Churned
112539,12539,0,,Not Churned
112540,12540,0,,Not Churned
112541,12541,0,,Not Churned
112542,12542,1,2027-01-22,Business Closure
112543,12543,0,,Not Churned
112544,12544,0,,Not Churned
112545,12545,0,,Not Churned
112546,12546,0,,Not Churned
112547,12547,0,,Not Churned
112548,12548,0,,Not Churned
112549,12549,0,,Not Churned
112550,12550,1,2024-12-07,Poor User Experience
112551,12551,0,,Not Churned
112552,12552,0,,Not Churned
112553,12553,0,,Not Churned
112554,12554,0,,Not Churned
112555,12555,0,,Not Churned
112556,12556,0,,Not Churned
112557,12557,0,,Not Churned
112558,12558,0,,Not Churned
112559,12559,0,,Not Churned
112560,12560,0,,Not Churned
112561,12561,1,2026-08-24,Competitor
112562,12562,0,,Not Churned
112563,12563,0,,Not Churned
112564,12564,0,,Not Churned
112565,12565,0,,Not Churned
112566,12566,0,,Not Churned
112567,12567,0,,Not Churned
112568,12568,0,,Not Churned
112569,12569,0,,Not Churned
112570,12570,1,2027-05-28,Low Product Usage
112571,12571,1,2024-03-13,Competitor
112572,12572,0,,Not Churned
112573,12573,1,2026-10-11,Low Product Usage
112574,12574,0,,Not Churned
112575,12575,1,2026-12-21,Missing Features
112576,12576,1,2025-11-17,High Price
112577,12577,0,,Not Churned
112578,12578,1,2029-05-11,High Price
112579,12579,0,,Not Churned
112580,12580,0,,Not Churned
112581,12581,0,,Not Churned
112582,12582,1,2023-08-14,Business Closure
112583,12583,0,,Not Churned
112584,12584,0,,Not Churned
112585,12585,1,2025-01-31,Missing Features
112586,12586,0,,Not Churned
112587,12587,0,,Not Churned
112588,12588,0,,Not Churned
112589,12589,0,,Not Churned
112590,12590,1,2026-09-07,Poor User Experience
112591,12591,0,,Not Churned
112592,12592,0,,Not Churned
112593,12593,0,,Not Churned
112594,12594,0,,Not Churned
112595,12595,0,,Not Churned
112596,12596,0,,Not Churned
112597,12597,0,,Not Churned
112598,12598,0,,Not Churned
112599,12599,0,,Not Churned
112600,12600,0,,Not Churned
112601,12601,0,,Not Churned
112602,12602,0,,Not Churned
112603,12603,0,,Not Churned
112604,12604,1,2024-09-05,Poor User Experience
112605,12605,0,,Not Churned
112606,12606,0,,Not Churned
112607,12607,1,2024-02-05,High Price
112608,12608,0,,Not Churned
112609,12609,0,,Not Churned
112610,12610,0,,Not Churned
112611,12611,0,,Not Churned
112612,12612,0,,Not Churned
112613,12613,1,2028-05-19,Competitor
112614,12614,0,,Not Churned
112615,12615,1,2024-03-17,Poor User Experience
112616,12616,0,,Not Churned
112617,12617,0,,Not Churned
112618,12618,0,,Not Churned
112619,12619,1,2025-06-14,Contract Expired
112620,12620,0,,Not Churned
112621,12621,0,,Not Churned
112622,12622,0,,Not Churned
112623,12623,0,,Not Churned
112624,12624,0,,Not Churned
112625,12625,0,,Not Churned
112626,12626,1,2025-06-07,Business Closure
112627,12627,1,2027-03-10,Competitor
112628,12628,0,,Not Churned
112629,12629,1,2028-05-17,Competitor
112630,12630,0,,Not Churned
112631,12631,0,,Not Churned
112632,12632,0,,Not Churned
112633,12633,0,,Not Churned
112634,12634,0,,Not Churned
112635,12635,0,,Not Churned
112636,12636,0,,Not Churned
112637,12637,0,,Not Churned
112638,12638,0,,Not Churned
112639,12639,1,2027-03-23,Poor Support
112640,12640,0,,Not Churned
112641,12641,0,,Not Churned
112642,12642,1,2029-09-22,Contract Expired
112643,12643,0,,Not Churned
112644,12644,0,,Not Churned
112645,12645,0,,Not Churned
112646,12646,1,2024-10-12,Low Product Usage
112647,12647,0,,Not Churned
112648,12648,0,,Not Churned
112649,12649,0,,Not Churned
112650,12650,0,,Not Churned
112651,12651,1,2030-09-25,Business Closure
112652,12652,1,2024-06-07,Poor User Experience
112653,12653,0,,Not Churned
112654,12654,0,,Not Churned
112655,12655,1,2026-07-20,Contract Expired
112656,12656,0,,Not Churned
112657,12657,0,,Not Churned
112658,12658,0,,Not Churned
112659,12659,0,,Not Churned
112660,12660,0,,Not Churned
112661,12661,1,2024-12-01,Contract Expired
112662,12662,0,,Not Churned
112663,12663,0,,Not Churned
112664,12664,0,,Not Churned
112665,12665,0,,Not Churned
112666,12666,0,,Not Churned
112667,12667,1,2025-04-25,High Price
112668,12668,0,,Not Churned
112669,12669,0,,Not Churned
112670,12670,0,,Not Churned
112671,12671,0,,Not Churned
112672,12672,1,2027-06-28,Poor User Experience
112673,12673,0,,Not Churned
112674,12674,0,,Not Churned
112675,12675,1,2023-03-30,Contract Expired
112676,12676,0,,Not Churned
112677,12677,0,,Not Churned
112678,12678,0,,Not Churned
112679,12679,0,,Not Churned
112680,12680,0,,Not Churned
112681,12681,0,,Not Churned
112682,12682,0,,Not Churned
112683,12683,0,,Not Churned
112684,12684,0,,Not Churned
112685,12685,0,,Not Churned
112686,12686,0,,Not Churned
112687,12687,0,,Not Churned
112688,12688,0,,Not Churned
112689,12689,1,2028-02-05,Competitor
112690,12690,1,2027-05-16,Missing Features
112691,12691,1,2025-02-02,Poor User Experience
112692,12692,0,,Not Churned
112693,12693,0,,Not Churned
112694,12694,0,,Not Churned
112695,12695,0,,Not Churned
112696,12696,1,2028-01-06,Low Product Usage
112697,12697,0,,Not Churned
112698,12698,0,,Not Churned
112699,12699,1,2028-12-27,Competitor
112700,12700,0,,Not Churned
112701,12701,1,2024-12-14,Contract Expired
112702,12702,0,,Not Churned
112703,12703,0,,Not Churned
112704,12704,0,,Not Churned
112705,12705,1,2024-04-15,Poor User Experience
112706,12706,0,,Not Churned
112707,12707,1,2027-12-03,Business Closure
112708,12708,0,,Not Churned
112709,12709,0,,Not Churned
112710,12710,1,2026-05-09,Poor User Experience
112711,12711,0,,Not Churned
112712,12712,0,,Not Churned
112713,12713,1,2030-08-09,Low Product Usage
112714,12714,0,,Not Churned
112715,12715,0,,Not Churned
112716,12716,0,,Not Churned
112717,12717,0,,Not Churned
112718,12718,1,2027-09-16,Poor User Experience
112719,12719,0,,Not Churned
112720,12720,1,2023-10-11,Low Product Usage
112721,12721,0,,Not Churned
112722,12722,0,,Not Churned
112723,12723,0,,Not Churned
112724,12724,1,2023-10-01,Competitor
112725,12725,0,,Not Churned
112726,12726,1,2024-01-22,Poor User Experience
112727,12727,0,,Not Churned
112728,12728,0,,Not Churned
112729,12729,0,,Not Churned
112730,12730,1,2026-02-18,Missing Features
112731,12731,0,,Not Churned
112732,12732,0,,Not Churned
112733,12733,0,,Not Churned
112734,12734,0,,Not Churned
112735,12735,0,,Not Churned
112736,12736,0,,Not Churned
112737,12737,0,,Not Churned
112738,12738,0,,Not Churned
112739,12739,0,,Not Churned
112740,12740,0,,Not Churned
112741,12741,0,,Not Churned
112742,12742,0,,Not Churned
112743,12743,0,,Not Churned
112744,12744,1,2027-04-17,Poor User Experience
112745,12745,0,,Not Churned
112746,12746,1,2026-04-07,Business Closure
112747,12747,0,,Not Churned
112748,12748,1,2023-01-13,Poor User Experience
112749,12749,0,,Not Churned
112750,12750,0,,Not Churned
112751,12751,0,,Not Churned
112752,12752,0,,Not Churned
112753,12753,0,,Not Churned
112754,12754,0,,Not Churned
112755,12755,0,,Not Churned
112756,12756,0,,Not Churned
112757,12757,0,,Not Churned
112758,12758,0,,Not Churned
112759,12759,0,,Not Churned
112760,12760,0,,Not Churned
112761,12761,0,,Not Churned
112762,12762,0,,Not Churned
112763,12763,0,,Not Churned
112764,12764,0,,Not Churned
112765,12765,0,,Not Churned
112766,12766,1,2023-08-03,Business Closure
112767,12767,0,,Not Churned
112768,12768,0,,Not Churned
112769,12769,0,,Not Churned
112770,12770,0,,Not Churned
112771,12771,0,,Not Churned
112772,12772,0,,Not Churned
112773,12773,0,,Not Churned
112774,12774,0,,Not Churned
112775,12775,0,,Not Churned
112776,12776,0,,Not Churned
112777,12777,0,,Not Churned
112778,12778,0,,Not Churned
112779,12779,0,,Not Churned
112780,12780,0,,Not Churned
112781,12781,0,,Not Churned
112782,12782,0,,Not Churned
112783,12783,0,,Not Churned
112784,12784,1,2025-11-29,Competitor
112785,12785,1,2030-12-10,Contract Expired
112786,12786,0,,Not Churned
112787,12787,0,,Not Churned
112788,12788,1,2025-06-10,Contract Expired
112789,12789,0,,Not Churned
112790,12790,0,,Not Churned
112791,12791,1,2026-12-27,Competitor
112792,12792,0,,Not Churned
112793,12793,1,2029-12-04,Business Closure
112794,12794,1,2025-12-27,Business Closure
112795,12795,0,,Not Churned
112796,12796,1,2026-08-21,Poor User Experience
112797,12797,0,,Not Churned
112798,12798,0,,Not Churned
112799,12799,0,,Not Churned
112800,12800,0,,Not Churned
112801,12801,0,,Not Churned
112802,12802,1,2025-08-13,Contract Expired
112803,12803,0,,Not Churned
112804,12804,0,,Not Churned
112805,12805,1,2025-07-28,Business Closure
112806,12806,0,,Not Churned
112807,12807,0,,Not Churned
112808,12808,0,,Not Churned
112809,12809,0,,Not Churned
112810,12810,0,,Not Churned
112811,12811,0,,Not Churned
112812,12812,0,,Not Churned
112813,12813,0,,Not Churned
112814,12814,0,,Not Churned
112815,12815,1,2026-02-24,Poor User Experience
112816,12816,0,,Not Churned
112817,12817,0,,Not Churned
112818,12818,0,,Not Churned
112819,12819,1,2026-09-28,Competitor
112820,12820,1,2023-04-24,Competitor
112821,12821,1,2026-10-04,Contract Expired
112822,12822,0,,Not Churned
112823,12823,0,,Not Churned
112824,12824,0,,Not Churned
112825,12825,1,2025-03-23,Poor User Experience
112826,12826,0,,Not Churned
112827,12827,0,,Not Churned
112828,12828,0,,Not Churned
112829,12829,1,2026-11-21,Low Product Usage
112830,12830,0,,Not Churned
112831,12831,1,2026-05-09,Contract Expired
112832,12832,0,,Not Churned
112833,12833,1,2029-03-02,Business Closure
112834,12834,0,,Not Churned
112835,12835,0,,Not Churned
112836,12836,0,,Not Churned
112837,12837,0,,Not Churned
112838,12838,1,2029-10-28,Contract Expired
112839,12839,0,,Not Churned
112840,12840,1,2025-01-04,Missing Features
112841,12841,0,,Not Churned
112842,12842,0,,Not Churned
112843,12843,0,,Not Churned
112844,12844,1,2031-01-31,Contract Expired
112845,12845,0,,Not Churned
112846,12846,0,,Not Churned
112847,12847,0,,Not Churned
112848,12848,1,2023-07-28,Business Closure
112849,12849,0,,Not Churned
112850,12850,0,,Not Churned
112851,12851,1,2028-08-18,Business Closure
112852,12852,0,,Not Churned
112853,12853,0,,Not Churned
112854,12854,1,2024-12-31,Contract Expired
112855,12855,1,2026-02-06,Poor User Experience
112856,12856,0,,Not Churned
112857,12857,0,,Not Churned
112858,12858,0,,Not Churned
112859,12859,1,2023-08-31,Competitor
112860,12860,0,,Not Churned
112861,12861,0,,Not Churned
112862,12862,0,,Not Churned
112863,12863,1,2024-04-25,Contract Expired
112864,12864,0,,Not Churned
112865,12865,0,,Not Churned
112866,12866,0,,Not Churned
112867,12867,1,2028-04-12,Business Closure
112868,12868,1,2024-06-27,Competitor
112869,12869,0,,Not Churned
112870,12870,0,,Not Churned
112871,12871,0,,Not Churned
112872,12872,1,2025-05-17,Competitor
112873,12873,1,2023-07-14,Poor User Experience
112874,12874,0,,Not Churned
112875,12875,0,,Not Churned
112876,12876,1,2024-11-22,Business Closure
112877,12877,0,,Not Churned
112878,12878,0,,Not Churned
112879,12879,1,2027-10-26,Competitor
112880,12880,0,,Not Churned
112881,12881,0,,Not Churned
112882,12882,0,,Not Churned
112883,12883,0,,Not Churned
112884,12884,0,,Not Churned
112885,12885,0,,Not Churned
112886,12886,0,,Not Churned
112887,12887,0,,Not Churned
112888,12888,0,,Not Churned
112889,12889,0,,Not Churned
112890,12890,0,,Not Churned
112891,12891,0,,Not Churned
112892,12892,0,,Not Churned
112893,12893,1,2029-02-04,Competitor
112894,12894,0,,Not Churned
112895,12895,0,,Not Churned
112896,12896,1,2027-11-21,Poor Support
112897,12897,0,,Not Churned
112898,12898,0,,Not Churned
112899,12899,0,,Not Churned
112900,12900,0,,Not Churned
112901,12901,0,,Not Churned
112902,12902,0,,Not Churned
112903,12903,0,,Not Churned
112904,12904,0,,Not Churned
112905,12905,0,,Not Churned
112906,12906,0,,Not Churned
112907,12907,1,2028-04-28,Contract Expired
112908,12908,0,,Not Churned
112909,12909,0,,Not Churned
112910,12910,1,2028-06-19,Business Closure
112911,12911,1,2029-05-28,Poor Support
112912,12912,0,,Not Churned
112913,12913,0,,Not Churned
112914,12914,0,,Not Churned
112915,12915,1,2026-04-05,Competitor
112916,12916,1,2024-06-17,Contract Expired
112917,12917,0,,Not Churned
112918,12918,1,2023-04-10,Competitor
112919,12919,0,,Not Churned
112920,12920,0,,Not Churned
112921,12921,0,,Not Churned
112922,12922,0,,Not Churned
112923,12923,1,2022-07-09,Low Product Usage
112924,12924,0,,Not Churned
112925,12925,0,,Not Churned
112926,12926,0,,Not Churned
112927,12927,0,,Not Churned
112928,12928,1,2028-02-24,Business Closure
112929,12929,0,,Not Churned
112930,12930,0,,Not Churned
112931,12931,1,2028-11-23,Poor User Experience
112932,12932,1,2023-05-26,Competitor
112933,12933,0,,Not Churned
112934,12934,0,,Not Churned
112935,12935,0,,Not Churned
112936,12936,0,,Not Churned
112937,12937,1,2025-04-11,Business Closure
112938,12938,0,,Not Churned
112939,12939,0,,Not Churned
112940,12940,0,,Not Churned
112941,12941,0,,Not Churned
112942,12942,0,,Not Churned
112943,12943,1,2028-08-29,Contract Expired
112944,12944,0,,Not Churned
112945,12945,0,,Not Churned
112946,12946,0,,Not Churned
112947,12947,1,2026-07-11,Missing Features
112948,12948,1,2022-06-17,High Price
112949,12949,0,,Not Churned
112950,12950,0,,Not Churned
112951,12951,0,,Not Churned
112952,12952,1,2023-04-28,Poor User Experience
112953,12953,1,2026-02-20,Contract Expired
112954,12954,0,,Not Churned
112955,12955,0,,Not Churned
112956,12956,0,,Not Churned
112957,12957,0,,Not Churned
112958,12958,0,,Not Churned
112959,12959,1,2028-09-10,Contract Expired
112960,12960,0,,Not Churned
112961,12961,1,2029-02-03,Contract Expired
112962,12962,0,,Not Churned
112963,12963,0,,Not Churned
112964,12964,1,2024-05-20,Competitor
112965,12965,0,,Not Churned
112966,12966,1,2028-12-19,Competitor
112967,12967,1,2026-12-05,Competitor
112968,12968,0,,Not Churned
112969,12969,0,,Not Churned
112970,12970,1,2027-01-28,Competitor
112971,12971,0,,Not Churned
112972,12972,1,2026-07-09,Competitor
112973,12973,0,,Not Churned
112974,12974,0,,Not Churned
112975,12975,0,,Not Churned
112976,12976,0,,Not Churned
112977,12977,1,2024-12-27,Contract Expired
112978,12978,0,,Not Churned
112979,12979,1,2030-06-19,Business Closure
112980,12980,0,,Not Churned
112981,12981,0,,Not Churned
112982,12982,1,2026-09-17,Contract Expired
112983,12983,1,2024-12-26,High Price
112984,12984,0,,Not Churned
112985,12985,0,,Not Churned
112986,12986,0,,Not Churned
112987,12987,0,,Not Churned
112988,12988,0,,Not Churned
112989,12989,1,2027-01-09,Business Closure
112990,12990,0,,Not Churned
112991,12991,1,2025-11-21,Competitor
112992,12992,1,2027-09-19,Poor User Experience
112993,12993,0,,Not Churned
112994,12994,1,2023-05-17,Poor User Experience
112995,12995,0,,Not Churned
112996,12996,1,2025-05-17,Competitor
112997,12997,0,,Not Churned
112998,12998,0,,Not Churned
112999,12999,0,,Not Churned
113000,13000,0,,Not Churned
113001,13001,0,,Not Churned
113002,13002,0,,Not Churned
113003,13003,0,,Not Churned
113004,13004,0,,Not Churned
113005,13005,0,,Not Churned
113006,13006,0,,Not Churned
113007,13007,0,,Not Churned
113008,13008,0,,Not Churned
113009,13009,0,,Not Churned
113010,13010,0,,Not Churned
113011,13011,0,,Not Churned
113012,13012,0,,Not Churned
113013,13013,0,,Not Churned
113014,13014,0,,Not Churned
113015,13015,1,2024-09-15,Contract Expired
113016,13016,0,,Not Churned
113017,13017,0,,Not Churned
113018,13018,1,2022-03-31,Low Product Usage
113019,13019,0,,Not Churned
113020,13020,0,,Not Churned
113021,13021,0,,Not Churned
113022,13022,0,,Not Churned
113023,13023,1,2022-12-13,Poor User Experience
113024,13024,1,2023-04-22,Business Closure
113025,13025,0,,Not Churned
113026,13026,0,,Not Churned
113027,13027,0,,Not Churned
113028,13028,0,,Not Churned
113029,13029,0,,Not Churned
113030,13030,1,2028-12-24,Business Closure
113031,13031,0,,Not Churned
113032,13032,0,,Not Churned
113033,13033,0,,Not Churned
113034,13034,0,,Not Churned
113035,13035,1,2027-08-26,Business Closure
113036,13036,0,,Not Churned
113037,13037,0,,Not Churned
113038,13038,0,,Not Churned
113039,13039,0,,Not Churned
113040,13040,0,,Not Churned
113041,13041,1,2022-03-16,High Price
113042,13042,0,,Not Churned
113043,13043,0,,Not Churned
113044,13044,1,2026-03-02,Poor User Experience
113045,13045,0,,Not Churned
113046,13046,0,,Not Churned
113047,13047,1,2025-06-19,Poor User Experience
113048,13048,1,2028-09-11,Business Closure
113049,13049,1,2027-10-03,Business Closure
113050,13050,0,,Not Churned
113051,13051,0,,Not Churned
113052,13052,0,,Not Churned
113053,13053,1,2022-06-13,Competitor
113054,13054,0,,Not Churned
113055,13055,1,2027-08-04,Low Product Usage
113056,13056,0,,Not Churned
113057,13057,0,,Not Churned
113058,13058,0,,Not Churned
113059,13059,0,,Not Churned
113060,13060,0,,Not Churned
113061,13061,0,,Not Churned
113062,13062,0,,Not Churned
113063,13063,0,,Not Churned
113064,13064,0,,Not Churned
113065,13065,1,2025-05-22,Poor User Experience
113066,13066,0,,Not Churned
113067,13067,0,,Not Churned
113068,13068,0,,Not Churned
113069,13069,0,,Not Churned
113070,13070,0,,Not Churned
113071,13071,0,,Not Churned
113072,13072,0,,Not Churned
113073,13073,0,,Not Churned
113074,13074,0,,Not Churned
113075,13075,0,,Not Churned
113076,13076,0,,Not Churned
113077,13077,1,2028-03-02,Competitor
113078,13078,0,,Not Churned
113079,13079,1,2027-01-15,Competitor
113080,13080,0,,Not Churned
113081,13081,1,2026-09-27,Contract Expired
113082,13082,0,,Not Churned
113083,13083,1,2024-05-21,Contract Expired
113084,13084,0,,Not Churned
113085,13085,1,2026-11-19,Business Closure
113086,13086,0,,Not Churned
113087,13087,0,,Not Churned
113088,13088,1,2029-01-25,Business Closure
113089,13089,0,,Not Churned
113090,13090,1,2022-07-07,Business Closure
113091,13091,1,2024-02-04,Business Closure
113092,13092,0,,Not Churned
113093,13093,0,,Not Churned
113094,13094,0,,Not Churned
113095,13095,0,,Not Churned
113096,13096,0,,Not Churned
113097,13097,0,,Not Churned
113098,13098,0,,Not Churned
113099,13099,0,,Not Churned
113100,13100,0,,Not Churned
113101,13101,1,2030-02-23,Poor User Experience
113102,13102,1,2024-04-08,Contract Expired
113103,13103,0,,Not Churned
113104,13104,0,,Not Churned
113105,13105,0,,Not Churned
113106,13106,0,,Not Churned
113107,13107,1,2026-11-04,Competitor
113108,13108,0,,Not Churned
113109,13109,0,,Not Churned
113110,13110,0,,Not Churned
113111,13111,0,,Not Churned
113112,13112,0,,Not Churned
113113,13113,1,2028-03-28,Contract Expired
113114,13114,0,,Not Churned
113115,13115,0,,Not Churned
113116,13116,0,,Not Churned
113117,13117,1,2022-07-26,Competitor
113118,13118,0,,Not Churned
113119,13119,1,2026-08-29,Contract Expired
113120,13120,1,2028-06-21,Poor Support
113121,13121,0,,Not Churned
113122,13122,0,,Not Churned
113123,13123,0,,Not Churned
113124,13124,0,,Not Churned
113125,13125,0,,Not Churned
113126,13126,0,,Not Churned
113127,13127,0,,Not Churned
113128,13128,1,2029-06-05,High Price
113129,13129,0,,Not Churned
113130,13130,1,2030-05-29,Poor Support
113131,13131,0,,Not Churned
113132,13132,0,,Not Churned
113133,13133,0,,Not Churned
113134,13134,0,,Not Churned
113135,13135,0,,Not Churned
113136,13136,0,,Not Churned
113137,13137,0,,Not Churned
113138,13138,0,,Not Churned
113139,13139,0,,Not Churned
113140,13140,1,2027-08-27,Poor Support
113141,13141,0,,Not Churned
113142,13142,0,,Not Churned
113143,13143,0,,Not Churned
113144,13144,1,2026-02-03,Competitor
113145,13145,0,,Not Churned
113146,13146,0,,Not Churned
113147,13147,0,,Not Churned
113148,13148,0,,Not Churned
113149,13149,1,2027-08-22,Business Closure
113150,13150,1,2026-02-26,Poor User Experience
113151,13151,0,,Not Churned
113152,13152,0,,Not Churned
113153,13153,0,,Not Churned
113154,13154,0,,Not Churned
113155,13155,0,,Not Churned
113156,13156,0,,Not Churned
113157,13157,1,2030-06-03,Business Closure
113158,13158,0,,Not Churned
113159,13159,0,,Not Churned
113160,13160,0,,Not Churned
113161,13161,0,,Not Churned
113162,13162,0,,Not Churned
113163,13163,0,,Not Churned
113164,13164,0,,Not Churned
113165,13165,0,,Not Churned
113166,13166,1,2028-05-17,Poor User Experience
113167,13167,0,,Not Churned
113168,13168,0,,Not Churned
113169,13169,1,2024-03-28,Business Closure
113170,13170,0,,Not Churned
113171,13171,1,2024-01-01,Contract Expired
113172,13172,0,,Not Churned
113173,13173,0,,Not Churned
113174,13174,0,,Not Churned
113175,13175,0,,Not Churned
113176,13176,1,2026-07-31,Poor User Experience
113177,13177,0,,Not Churned
113178,13178,0,,Not Churned
113179,13179,1,2025-08-29,Contract Expired
113180,13180,0,,Not Churned
113181,13181,1,2027-01-12,Competitor
113182,13182,0,,Not Churned
113183,13183,0,,Not Churned
113184,13184,1,2028-02-28,Poor User Experience
113185,13185,0,,Not Churned
113186,13186,0,,Not Churned
113187,13187,0,,Not Churned
113188,13188,0,,Not Churned
113189,13189,0,,Not Churned
113190,13190,1,2031-01-28,Poor User Experience
113191,13191,0,,Not Churned
113192,13192,1,2024-02-08,Business Closure
113193,13193,1,2026-06-11,Poor User Experience
113194,13194,1,2028-09-06,Poor User Experience
113195,13195,0,,Not Churned
113196,13196,0,,Not Churned
113197,13197,1,2028-07-26,Poor User Experience
113198,13198,0,,Not Churned
113199,13199,0,,Not Churned
113200,13200,0,,Not Churned
113201,13201,1,2025-11-07,Poor User Experience
113202,13202,0,,Not Churned
113203,13203,0,,Not Churned
113204,13204,0,,Not Churned
113205,13205,1,2026-01-03,High Price
113206,13206,1,2026-05-07,Competitor
113207,13207,0,,Not Churned
113208,13208,0,,Not Churned
113209,13209,1,2026-07-10,Competitor
113210,13210,0,,Not Churned
113211,13211,1,2023-05-24,Low Product Usage
113212,13212,0,,Not Churned
113213,13213,0,,Not Churned
113214,13214,1,2027-06-20,High Price
113215,13215,0,,Not Churned
113216,13216,0,,Not Churned
113217,13217,1,2022-08-16,Business Closure
113218,13218,1,2023-08-05,Contract Expired
113219,13219,0,,Not Churned
113220,13220,1,2025-10-26,High Price
113221,13221,1,2026-03-19,Competitor
113222,13222,0,,Not Churned
113223,13223,0,,Not Churned
113224,13224,0,,Not Churned
113225,13225,0,,Not Churned
113226,13226,0,,Not Churned
113227,13227,0,,Not Churned
113228,13228,0,,Not Churned
113229,13229,0,,Not Churned
113230,13230,0,,Not Churned
113231,13231,0,,Not Churned
113232,13232,0,,Not Churned
113233,13233,0,,Not Churned
113234,13234,0,,Not Churned
113235,13235,0,,Not Churned
113236,13236,1,2026-06-25,Contract Expired
113237,13237,0,,Not Churned
113238,13238,0,,Not Churned
113239,13239,1,2027-07-19,Contract Expired
113240,13240,0,,Not Churned
113241,13241,0,,Not Churned
113242,13242,0,,Not Churned
113243,13243,0,,Not Churned
113244,13244,0,,Not Churned
113245,13245,0,,Not Churned
113246,13246,0,,Not Churned
113247,13247,1,2024-06-25,Business Closure
113248,13248,0,,Not Churned
113249,13249,0,,Not Churned
113250,13250,1,2024-12-18,Missing Features
113251,13251,1,2026-09-03,Competitor
113252,13252,1,2022-07-30,Competitor
113253,13253,0,,Not Churned
113254,13254,0,,Not Churned
113255,13255,0,,Not Churned
113256,13256,0,,Not Churned
113257,13257,0,,Not Churned
113258,13258,0,,Not Churned
113259,13259,0,,Not Churned
113260,13260,0,,Not Churned
113261,13261,1,2027-10-02,Business Closure
113262,13262,0,,Not Churned
113263,13263,0,,Not Churned
113264,13264,0,,Not Churned
113265,13265,0,,Not Churned
113266,13266,0,,Not Churned
113267,13267,0,,Not Churned
113268,13268,0,,Not Churned
113269,13269,0,,Not Churned
113270,13270,1,2024-03-18,Contract Expired
113271,13271,0,,Not Churned
113272,13272,0,,Not Churned
113273,13273,0,,Not Churned
113274,13274,0,,Not Churned
113275,13275,1,2026-03-24,Low Product Usage
113276,13276,0,,Not Churned
113277,13277,0,,Not Churned
113278,13278,0,,Not Churned
113279,13279,0,,Not Churned
113280,13280,1,2029-04-23,Missing Features
113281,13281,0,,Not Churned
113282,13282,1,2024-11-19,Business Closure
113283,13283,0,,Not Churned
113284,13284,0,,Not Churned
113285,13285,0,,Not Churned
113286,13286,1,2026-11-10,Poor User Experience
113287,13287,0,,Not Churned
113288,13288,1,2026-05-07,Business Closure
113289,13289,0,,Not Churned
113290,13290,0,,Not Churned
113291,13291,1,2025-11-23,Business Closure
113292,13292,1,2029-03-27,Contract Expired
113293,13293,0,,Not Churned
113294,13294,0,,Not Churned
113295,13295,0,,Not Churned
113296,13296,0,,Not Churned
113297,13297,0,,Not Churned
113298,13298,0,,Not Churned
113299,13299,0,,Not Churned
113300,13300,0,,Not Churned
113301,13301,0,,Not Churned
113302,13302,1,2025-03-30,Competitor
113303,13303,0,,Not Churned
113304,13304,0,,Not Churned
113305,13305,0,,Not Churned
113306,13306,1,2025-10-13,Poor Support
113307,13307,1,2026-04-27,Contract Expired
113308,13308,0,,Not Churned
113309,13309,1,2026-12-19,Contract Expired
113310,13310,0,,Not Churned
113311,13311,0,,Not Churned
113312,13312,0,,Not Churned
113313,13313,1,2023-07-14,Poor User Experience
113314,13314,0,,Not Churned
113315,13315,0,,Not Churned
113316,13316,1,2028-05-10,Business Closure
113317,13317,0,,Not Churned
113318,13318,1,2023-01-29,Contract Expired
113319,13319,0,,Not Churned
113320,13320,0,,Not Churned
113321,13321,0,,Not Churned
113322,13322,0,,Not Churned
113323,13323,0,,Not Churned
113324,13324,0,,Not Churned
113325,13325,0,,Not Churned
113326,13326,0,,Not Churned
113327,13327,0,,Not Churned
113328,13328,1,2025-10-05,Low Product Usage
113329,13329,0,,Not Churned
113330,13330,1,2026-12-06,Poor Support
113331,13331,0,,Not Churned
113332,13332,0,,Not Churned
113333,13333,0,,Not Churned
113334,13334,0,,Not Churned
113335,13335,0,,Not Churned
113336,13336,0,,Not Churned
113337,13337,1,2026-09-11,Contract Expired
113338,13338,0,,Not Churned
113339,13339,0,,Not Churned
113340,13340,1,2025-01-07,Business Closure
113341,13341,0,,Not Churned
113342,13342,0,,Not Churned
113343,13343,0,,Not Churned
113344,13344,0,,Not Churned
113345,13345,0,,Not Churned
113346,13346,0,,Not Churned
113347,13347,0,,Not Churned
113348,13348,1,2026-08-31,Contract Expired
113349,13349,0,,Not Churned
113350,13350,0,,Not Churned
113351,13351,0,,Not Churned
113352,13352,0,,Not Churned
113353,13353,0,,Not Churned
113354,13354,1,2027-07-30,Competitor
113355,13355,0,,Not Churned
113356,13356,0,,Not Churned
113357,13357,0,,Not Churned
113358,13358,1,2025-08-09,Contract Expired
113359,13359,1,2026-02-07,Contract Expired
113360,13360,0,,Not Churned
113361,13361,0,,Not Churned
113362,13362,0,,Not Churned
113363,13363,1,2024-01-27,Competitor
113364,13364,0,,Not Churned
113365,13365,0,,Not Churned
113366,13366,0,,Not Churned
113367,13367,0,,Not Churned
113368,13368,0,,Not Churned
113369,13369,0,,Not Churned
113370,13370,1,2024-08-31,Poor User Experience
113371,13371,0,,Not Churned
113372,13372,1,2025-12-12,Business Closure
113373,13373,0,,Not Churned
113374,13374,0,,Not Churned
113375,13375,0,,Not Churned
113376,13376,0,,Not Churned
113377,13377,0,,Not Churned
113378,13378,0,,Not Churned
113379,13379,0,,Not Churned
113380,13380,0,,Not Churned
113381,13381,0,,Not Churned
113382,13382,1,2029-03-23,Competitor
113383,13383,0,,Not Churned
113384,13384,0,,Not Churned
113385,13385,0,,Not Churned
113386,13386,0,,Not Churned
113387,13387,0,,Not Churned
113388,13388,0,,Not Churned
113389,13389,0,,Not Churned
113390,13390,1,2028-12-24,Poor Support
113391,13391,1,2024-04-14,Low Product Usage
113392,13392,0,,Not Churned
113393,13393,0,,Not Churned
113394,13394,1,2027-01-05,High Price
113395,13395,0,,Not Churned
113396,13396,0,,Not Churned
113397,13397,0,,Not Churned
113398,13398,0,,Not Churned
113399,13399,0,,Not Churned
113400,13400,0,,Not Churned
113401,13401,1,2029-06-20,Poor User Experience
113402,13402,1,2026-05-05,Poor User Experience
113403,13403,0,,Not Churned
113404,13404,0,,Not Churned
113405,13405,0,,Not Churned
113406,13406,1,2023-09-12,Business Closure
113407,13407,0,,Not Churned
113408,13408,0,,Not Churned
113409,13409,0,,Not Churned
113410,13410,0,,Not Churned
113411,13411,1,2025-06-01,Business Closure
113412,13412,0,,Not Churned
113413,13413,0,,Not Churned
113414,13414,0,,Not Churned
113415,13415,1,2023-05-26,Business Closure
113416,13416,0,,Not Churned
113417,13417,0,,Not Churned
113418,13418,0,,Not Churned
113419,13419,0,,Not Churned
113420,13420,0,,Not Churned
113421,13421,0,,Not Churned
113422,13422,0,,Not Churned
113423,13423,1,2028-04-21,Competitor
113424,13424,0,,Not Churned
113425,13425,1,2028-04-28,Poor User Experience
113426,13426,0,,Not Churned
113427,13427,0,,Not Churned
113428,13428,1,2025-10-21,Business Closure
113429,13429,0,,Not Churned
113430,13430,0,,Not Churned
113431,13431,0,,Not Churned
113432,13432,0,,Not Churned
113433,13433,0,,Not Churned
113434,13434,1,2027-02-03,Business Closure
113435,13435,1,2026-12-06,Contract Expired
113436,13436,1,2028-10-27,Poor User Experience
113437,13437,0,,Not Churned
113438,13438,0,,Not Churned
113439,13439,1,2023-01-30,Contract Expired
113440,13440,0,,Not Churned
113441,13441,0,,Not Churned
113442,13442,0,,Not Churned
113443,13443,1,2023-02-06,Low Product Usage
113444,13444,0,,Not Churned
113445,13445,0,,Not Churned
113446,13446,0,,Not Churned
113447,13447,1,2027-03-17,Poor User Experience
113448,13448,0,,Not Churned
113449,13449,1,2024-02-19,Competitor
113450,13450,0,,Not Churned
113451,13451,0,,Not Churned
113452,13452,1,2029-12-02,Business Closure
113453,13453,0,,Not Churned
113454,13454,1,2023-09-11,Missing Features
113455,13455,0,,Not Churned
113456,13456,0,,Not Churned
113457,13457,1,2023-03-16,Competitor
113458,13458,1,2030-07-06,Competitor
113459,13459,0,,Not Churned
113460,13460,0,,Not Churned
113461,13461,0,,Not Churned
113462,13462,0,,Not Churned
113463,13463,0,,Not Churned
113464,13464,0,,Not Churned
113465,13465,0,,Not Churned
113466,13466,0,,Not Churned
113467,13467,0,,Not Churned
113468,13468,0,,Not Churned
113469,13469,0,,Not Churned
113470,13470,0,,Not Churned
113471,13471,0,,Not Churned
113472,13472,0,,Not Churned
113473,13473,0,,Not Churned
113474,13474,0,,Not Churned
113475,13475,0,,Not Churned
113476,13476,0,,Not Churned
113477,13477,0,,Not Churned
113478,13478,0,,Not Churned
113479,13479,0,,Not Churned
113480,13480,0,,Not Churned
113481,13481,0,,Not Churned
113482,13482,0,,Not Churned
113483,13483,0,,Not Churned
113484,13484,0,,Not Churned
113485,13485,0,,Not Churned
113486,13486,1,2025-08-27,Business Closure
113487,13487,1,2027-09-29,Business Closure
113488,13488,1,2028-08-20,Contract Expired
113489,13489,0,,Not Churned
113490,13490,0,,Not Churned
113491,13491,0,,Not Churned
113492,13492,0,,Not Churned
113493,13493,0,,Not Churned
113494,13494,1,2025-08-13,Contract Expired
113495,13495,1,2022-07-15,Business Closure
113496,13496,0,,Not Churned
113497,13497,0,,Not Churned
113498,13498,0,,Not Churned
113499,13499,0,,Not Churned
113500,13500,1,2029-08-12,Competitor
113501,13501,0,,Not Churned
113502,13502,1,2025-08-05,Poor User Experience
113503,13503,1,2025-03-20,Business Closure
113504,13504,0,,Not Churned
113505,13505,1,2022-10-24,Contract Expired
113506,13506,1,2028-04-27,Competitor
113507,13507,1,2029-06-03,Poor User Experience
113508,13508,0,,Not Churned
113509,13509,0,,Not Churned
113510,13510,0,,Not Churned
113511,13511,1,2025-11-18,Poor User Experience
113512,13512,0,,Not Churned
113513,13513,0,,Not Churned
113514,13514,0,,Not Churned
113515,13515,1,2026-01-27,Contract Expired
113516,13516,0,,Not Churned
113517,13517,0,,Not Churned
113518,13518,0,,Not Churned
113519,13519,0,,Not Churned
113520,13520,1,2023-11-02,Poor User Experience
113521,13521,0,,Not Churned
113522,13522,0,,Not Churned
113523,13523,1,2022-04-01,Business Closure
113524,13524,1,2024-06-06,High Price
113525,13525,0,,Not Churned
113526,13526,0,,Not Churned
113527,13527,1,2022-06-30,Poor Support
113528,13528,0,,Not Churned
113529,13529,0,,Not Churned
113530,13530,1,2024-02-12,Contract Expired
113531,13531,0,,Not Churned
113532,13532,0,,Not Churned
113533,13533,1,2027-02-07,Competitor
113534,13534,1,2023-03-06,Competitor
113535,13535,0,,Not Churned
113536,13536,0,,Not Churned
113537,13537,0,,Not Churned
113538,13538,1,2025-04-08,Competitor
113539,13539,0,,Not Churned
113540,13540,0,,Not Churned
113541,13541,0,,Not Churned
113542,13542,0,,Not Churned
113543,13543,0,,Not Churned
113544,13544,0,,Not Churned
113545,13545,1,2029-06-06,Contract Expired
113546,13546,0,,Not Churned
113547,13547,0,,Not Churned
113548,13548,0,,Not Churned
113549,13549,0,,Not Churned
113550,13550,0,,Not Churned
113551,13551,1,2028-07-04,Business Closure
113552,13552,1,2026-07-31,Poor User Experience
113553,13553,0,,Not Churned
113554,13554,0,,Not Churned
113555,13555,0,,Not Churned
113556,13556,0,,Not Churned
113557,13557,0,,Not Churned
113558,13558,0,,Not Churned
113559,13559,0,,Not Churned
113560,13560,0,,Not Churned
113561,13561,1,2021-12-21,Contract Expired
113562,13562,0,,Not Churned
113563,13563,0,,Not Churned
113564,13564,0,,Not Churned
113565,13565,1,2028-09-14,Contract Expired
113566,13566,0,,Not Churned
113567,13567,0,,Not Churned
113568,13568,1,2022-09-19,Poor User Experience
113569,13569,0,,Not Churned
113570,13570,0,,Not Churned
113571,13571,1,2026-10-12,Poor User Experience
113572,13572,0,,Not Churned
113573,13573,1,2029-10-12,Business Closure
113574,13574,0,,Not Churned
113575,13575,0,,Not Churned
113576,13576,0,,Not Churned
113577,13577,0,,Not Churned
113578,13578,1,2029-01-01,Contract Expired
113579,13579,0,,Not Churned
113580,13580,0,,Not Churned
113581,13581,0,,Not Churned
113582,13582,0,,Not Churned
113583,13583,0,,Not Churned
113584,13584,0,,Not Churned
113585,13585,0,,Not Churned
113586,13586,0,,Not Churned
113587,13587,0,,Not Churned
113588,13588,0,,Not Churned
113589,13589,0,,Not Churned
113590,13590,1,2026-04-25,Poor Support
113591,13591,0,,Not Churned
113592,13592,0,,Not Churned
113593,13593,0,,Not Churned
113594,13594,0,,Not Churned
113595,13595,0,,Not Churned
113596,13596,0,,Not Churned
113597,13597,0,,Not Churned
113598,13598,1,2028-12-18,High Price
113599,13599,1,2026-05-05,Contract Expired
113600,13600,0,,Not Churned
113601,13601,0,,Not Churned
113602,13602,0,,Not Churned
113603,13603,0,,Not Churned
113604,13604,0,,Not Churned
113605,13605,0,,Not Churned
113606,13606,0,,Not Churned
113607,13607,0,,Not Churned
113608,13608,1,2026-03-09,Poor User Experience
113609,13609,1,2027-01-15,Competitor
113610,13610,0,,Not Churned
113611,13611,0,,Not Churned
113612,13612,0,,Not Churned
113613,13613,0,,Not Churned
113614,13614,0,,Not Churned
113615,13615,0,,Not Churned
113616,13616,0,,Not Churned
113617,13617,0,,Not Churned
113618,13618,1,2027-11-02,Contract Expired
113619,13619,0,,Not Churned
113620,13620,0,,Not Churned
113621,13621,0,,Not Churned
113622,13622,0,,Not Churned
113623,13623,0,,Not Churned
113624,13624,0,,Not Churned
113625,13625,0,,Not Churned
113626,13626,0,,Not Churned
113627,13627,0,,Not Churned
113628,13628,0,,Not Churned
113629,13629,0,,Not Churned
113630,13630,1,2026-10-27,Contract Expired
113631,13631,0,,Not Churned
113632,13632,0,,Not Churned
113633,13633,0,,Not Churned
113634,13634,0,,Not Churned
113635,13635,0,,Not Churned
113636,13636,0,,Not Churned
113637,13637,0,,Not Churned
113638,13638,0,,Not Churned
113639,13639,0,,Not Churned
113640,13640,0,,Not Churned
113641,13641,0,,Not Churned
113642,13642,1,2023-05-02,Business Closure
113643,13643,0,,Not Churned
113644,13644,0,,Not Churned
113645,13645,0,,Not Churned
113646,13646,0,,Not Churned
113647,13647,0,,Not Churned
113648,13648,0,,Not Churned
113649,13649,0,,Not Churned
113650,13650,0,,Not Churned
113651,13651,0,,Not Churned
113652,13652,1,2026-09-16,Competitor
113653,13653,0,,Not Churned
113654,13654,0,,Not Churned
113655,13655,1,2027-06-10,Poor User Experience
113656,13656,0,,Not Churned
113657,13657,0,,Not Churned
113658,13658,0,,Not Churned
113659,13659,0,,Not Churned
113660,13660,0,,Not Churned
113661,13661,1,2028-02-13,Business Closure
113662,13662,0,,Not Churned
113663,13663,0,,Not Churned
113664,13664,0,,Not Churned
113665,13665,0,,Not Churned
113666,13666,0,,Not Churned
113667,13667,1,2025-09-08,Business Closure
113668,13668,1,2023-07-10,High Price
113669,13669,0,,Not Churned
113670,13670,1,2026-04-02,Poor User Experience
113671,13671,0,,Not Churned
113672,13672,0,,Not Churned
113673,13673,1,2025-01-16,Competitor
113674,13674,0,,Not Churned
113675,13675,0,,Not Churned
113676,13676,0,,Not Churned
113677,13677,0,,Not Churned
113678,13678,0,,Not Churned
113679,13679,0,,Not Churned
113680,13680,0,,Not Churned
113681,13681,0,,Not Churned
113682,13682,0,,Not Churned
113683,13683,1,2029-08-19,Contract Expired
113684,13684,0,,Not Churned
113685,13685,1,2028-09-07,Poor User Experience
113686,13686,0,,Not Churned
113687,13687,0,,Not Churned
113688,13688,0,,Not Churned
113689,13689,0,,Not Churned
113690,13690,0,,Not Churned
113691,13691,0,,Not Churned
113692,13692,0,,Not Churned
113693,13693,0,,Not Churned
113694,13694,1,2026-08-24,Competitor
113695,13695,0,,Not Churned
113696,13696,1,2028-12-16,Missing Features
113697,13697,0,,Not Churned
113698,13698,1,2028-04-28,Contract Expired
113699,13699,0,,Not Churned
113700,13700,1,2022-08-19,Missing Features
113701,13701,0,,Not Churned
113702,13702,0,,Not Churned
113703,13703,0,,Not Churned
113704,13704,1,2024-07-21,Contract Expired
113705,13705,1,2024-09-10,Competitor
113706,13706,1,2022-11-04,Poor User Experience
113707,13707,0,,Not Churned
113708,13708,0,,Not Churned
113709,13709,0,,Not Churned
113710,13710,1,2027-03-28,High Price
113711,13711,0,,Not Churned
113712,13712,0,,Not Churned
113713,13713,0,,Not Churned
113714,13714,0,,Not Churned
113715,13715,0,,Not Churned
113716,13716,1,2026-06-24,Competitor
113717,13717,0,,Not Churned
113718,13718,0,,Not Churned
113719,13719,0,,Not Churned
113720,13720,0,,Not Churned
113721,13721,0,,Not Churned
113722,13722,1,2025-12-16,Competitor
113723,13723,0,,Not Churned
113724,13724,0,,Not Churned
113725,13725,0,,Not Churned
113726,13726,0,,Not Churned
113727,13727,0,,Not Churned
113728,13728,0,,Not Churned
113729,13729,0,,Not Churned
113730,13730,0,,Not Churned
113731,13731,0,,Not Churned
113732,13732,0,,Not Churned
113733,13733,0,,Not Churned
113734,13734,1,2027-10-23,Contract Expired
113735,13735,0,,Not Churned
113736,13736,0,,Not Churned
113737,13737,1,2027-08-24,Business Closure
113738,13738,0,,Not Churned
113739,13739,0,,Not Churned
113740,13740,0,,Not Churned
113741,13741,0,,Not Churned
113742,13742,0,,Not Churned
113743,13743,0,,Not Churned
113744,13744,0,,Not Churned
113745,13745,0,,Not Churned
113746,13746,0,,Not Churned
113747,13747,0,,Not Churned
113748,13748,1,2028-03-18,Competitor
113749,13749,1,2026-10-18,Contract Expired
113750,13750,0,,Not Churned
113751,13751,0,,Not Churned
113752,13752,0,,Not Churned
113753,13753,0,,Not Churned
113754,13754,1,2023-11-03,Poor User Experience
113755,13755,0,,Not Churned
113756,13756,1,2027-10-15,Contract Expired
113757,13757,0,,Not Churned
113758,13758,0,,Not Churned
113759,13759,0,,Not Churned
113760,13760,0,,Not Churned
113761,13761,0,,Not Churned
113762,13762,0,,Not Churned
113763,13763,0,,Not Churned
113764,13764,0,,Not Churned
113765,13765,0,,Not Churned
113766,13766,0,,Not Churned
113767,13767,0,,Not Churned
113768,13768,0,,Not Churned
113769,13769,0,,Not Churned
113770,13770,0,,Not Churned
113771,13771,0,,Not Churned
113772,13772,1,2025-01-26,Competitor
113773,13773,0,,Not Churned
113774,13774,1,2027-07-01,Competitor
113775,13775,0,,Not Churned
113776,13776,1,2023-05-22,Contract Expired
113777,13777,0,,Not Churned
113778,13778,1,2025-01-23,Contract Expired
113779,13779,1,2027-06-30,Poor User Experience
113780,13780,1,2024-08-01,Poor User Experience
113781,13781,0,,Not Churned
113782,13782,0,,Not Churned
113783,13783,0,,Not Churned
113784,13784,1,2022-12-18,Poor User Experience
113785,13785,0,,Not Churned
113786,13786,0,,Not Churned
113787,13787,0,,Not Churned
113788,13788,0,,Not Churned
113789,13789,1,2028-09-20,Low Product Usage
113790,13790,0,,Not Churned
113791,13791,1,2023-04-25,Business Closure
113792,13792,0,,Not Churned
113793,13793,0,,Not Churned
113794,13794,0,,Not Churned
113795,13795,1,2026-12-23,High Price
113796,13796,0,,Not Churned
113797,13797,0,,Not Churned
113798,13798,0,,Not Churned
113799,13799,0,,Not Churned
113800,13800,0,,Not Churned
113801,13801,0,,Not Churned
113802,13802,0,,Not Churned
113803,13803,0,,Not Churned
113804,13804,0,,Not Churned
113805,13805,1,2028-08-12,Poor User Experience
113806,13806,1,2025-10-01,Business Closure
113807,13807,1,2025-12-16,High Price
113808,13808,0,,Not Churned
113809,13809,0,,Not Churned
113810,13810,1,2025-02-19,Poor User Experience
113811,13811,1,2028-08-04,Business Closure
113812,13812,0,,Not Churned
113813,13813,0,,Not Churned
113814,13814,0,,Not Churned
113815,13815,0,,Not Churned
113816,13816,0,,Not Churned
113817,13817,1,2026-06-08,Competitor
113818,13818,1,2026-10-12,Poor User Experience
113819,13819,1,2024-07-27,Poor User Experience
113820,13820,0,,Not Churned
113821,13821,0,,Not Churned
113822,13822,0,,Not Churned
113823,13823,0,,Not Churned
113824,13824,1,2025-10-12,Business Closure
113825,13825,0,,Not Churned
113826,13826,0,,Not Churned
113827,13827,1,2024-07-08,Poor User Experience
113828,13828,0,,Not Churned
113829,13829,1,2024-06-28,Poor User Experience
113830,13830,1,2028-05-04,Poor User Experience
113831,13831,1,2025-12-25,Contract Expired
113832,13832,0,,Not Churned
113833,13833,0,,Not Churned
113834,13834,0,,Not Churned
113835,13835,0,,Not Churned
113836,13836,1,2026-08-07,Competitor
113837,13837,0,,Not Churned
113838,13838,0,,Not Churned
113839,13839,0,,Not Churned
113840,13840,1,2027-10-28,Business Closure
113841,13841,0,,Not Churned
113842,13842,0,,Not Churned
113843,13843,0,,Not Churned
113844,13844,0,,Not Churned
113845,13845,1,2026-05-23,Business Closure
113846,13846,0,,Not Churned
113847,13847,0,,Not Churned
113848,13848,0,,Not Churned
113849,13849,0,,Not Churned
113850,13850,1,2024-01-02,Contract Expired
113851,13851,0,,Not Churned
113852,13852,0,,Not Churned
113853,13853,0,,Not Churned
113854,13854,0,,Not Churned
113855,13855,0,,Not Churned
113856,13856,1,2023-06-22,Poor User Experience
113857,13857,0,,Not Churned
113858,13858,0,,Not Churned
113859,13859,0,,Not Churned
113860,13860,0,,Not Churned
113861,13861,0,,Not Churned
113862,13862,0,,Not Churned
113863,13863,1,2025-09-22,Competitor
113864,13864,0,,Not Churned
113865,13865,1,2025-10-09,Poor User Experience
113866,13866,0,,Not Churned
113867,13867,0,,Not Churned
113868,13868,0,,Not Churned
113869,13869,0,,Not Churned
113870,13870,0,,Not Churned
113871,13871,0,,Not Churned
113872,13872,0,,Not Churned
113873,13873,0,,Not Churned
113874,13874,0,,Not Churned
113875,13875,0,,Not Churned
113876,13876,0,,Not Churned
113877,13877,1,2025-12-29,Competitor
113878,13878,0,,Not Churned
113879,13879,0,,Not Churned
113880,13880,0,,Not Churned
113881,13881,0,,Not Churned
113882,13882,1,2023-11-07,Contract Expired
113883,13883,0,,Not Churned
113884,13884,0,,Not Churned
113885,13885,0,,Not Churned
113886,13886,0,,Not Churned
113887,13887,0,,Not Churned
113888,13888,0,,Not Churned
113889,13889,0,,Not Churned
113890,13890,0,,Not Churned
113891,13891,0,,Not Churned
113892,13892,0,,Not Churned
113893,13893,0,,Not Churned
113894,13894,0,,Not Churned
113895,13895,1,2028-10-01,Poor User Experience
113896,13896,1,2026-11-19,Poor User Experience
113897,13897,0,,Not Churned
113898,13898,0,,Not Churned
113899,13899,1,2028-04-24,Poor User Experience
113900,13900,0,,Not Churned
113901,13901,0,,Not Churned
113902,13902,0,,Not Churned
113903,13903,1,2023-10-08,Business Closure
113904,13904,0,,Not Churned
113905,13905,0,,Not Churned
113906,13906,0,,Not Churned
113907,13907,0,,Not Churned
113908,13908,0,,Not Churned
113909,13909,0,,Not Churned
113910,13910,0,,Not Churned
113911,13911,0,,Not Churned
113912,13912,1,2025-07-24,Contract Expired
113913,13913,0,,Not Churned
113914,13914,0,,Not Churned
113915,13915,0,,Not Churned
113916,13916,1,2023-11-04,Poor User Experience
113917,13917,1,2029-06-24,Competitor
113918,13918,0,,Not Churned
113919,13919,0,,Not Churned
113920,13920,0,,Not Churned
113921,13921,0,,Not Churned
113922,13922,0,,Not Churned
113923,13923,0,,Not Churned
113924,13924,0,,Not Churned
113925,13925,1,2028-09-29,Competitor
113926,13926,0,,Not Churned
113927,13927,0,,Not Churned
113928,13928,0,,Not Churned
113929,13929,0,,Not Churned
113930,13930,0,,Not Churned
113931,13931,0,,Not Churned
113932,13932,0,,Not Churned
113933,13933,0,,Not Churned
113934,13934,0,,Not Churned
113935,13935,0,,Not Churned
113936,13936,1,2023-11-12,Contract Expired
113937,13937,1,2024-09-07,High Price
113938,13938,1,2026-07-27,Business Closure
113939,13939,0,,Not Churned
113940,13940,0,,Not Churned
113941,13941,0,,Not Churned
113942,13942,1,2027-03-18,Competitor
113943,13943,0,,Not Churned
113944,13944,0,,Not Churned
113945,13945,0,,Not Churned
113946,13946,1,2028-05-21,Low Product Usage
113947,13947,0,,Not Churned
113948,13948,0,,Not Churned
113949,13949,0,,Not Churned
113950,13950,0,,Not Churned
113951,13951,0,,Not Churned
113952,13952,1,2027-06-13,Business Closure
113953,13953,0,,Not Churned
113954,13954,1,2025-02-17,Poor User Experience
113955,13955,0,,Not Churned
113956,13956,0,,Not Churned
113957,13957,0,,Not Churned
113958,13958,0,,Not Churned
113959,13959,0,,Not Churned
113960,13960,1,2026-04-26,High Price
113961,13961,0,,Not Churned
113962,13962,0,,Not Churned
113963,13963,0,,Not Churned
113964,13964,0,,Not Churned
113965,13965,0,,Not Churned
113966,13966,1,2028-06-05,Poor User Experience
113967,13967,0,,Not Churned
113968,13968,0,,Not Churned
113969,13969,0,,Not Churned
113970,13970,0,,Not Churned
113971,13971,0,,Not Churned
113972,13972,0,,Not Churned
113973,13973,0,,Not Churned
113974,13974,0,,Not Churned
113975,13975,1,2023-10-11,High Price
113976,13976,1,2024-11-30,Business Closure
113977,13977,1,2022-02-16,Poor Support
113978,13978,0,,Not Churned
113979,13979,0,,Not Churned
113980,13980,0,,Not Churned
113981,13981,0,,Not Churned
113982,13982,1,2024-01-19,Contract Expired
113983,13983,1,2022-01-14,Poor User Experience
113984,13984,0,,Not Churned
113985,13985,0,,Not Churned
113986,13986,0,,Not Churned
113987,13987,0,,Not Churned
113988,13988,0,,Not Churned
113989,13989,0,,Not Churned
113990,13990,0,,Not Churned
113991,13991,1,2026-03-17,Business Closure
113992,13992,0,,Not Churned
113993,13993,0,,Not Churned
113994,13994,0,,Not Churned
113995,13995,0,,Not Churned
113996,13996,1,2025-09-06,Poor User Experience
113997,13997,0,,Not Churned
113998,13998,0,,Not Churned
113999,13999,1,2028-05-01,Contract Expired
114000,14000,0,,Not Churned
114001,14001,0,,Not Churned
114002,14002,0,,Not Churned
114003,14003,0,,Not Churned
114004,14004,0,,Not Churned
114005,14005,1,2028-10-07,Business Closure
114006,14006,0,,Not Churned
114007,14007,0,,Not Churned
114008,14008,1,2030-08-13,Contract Expired
114009,14009,0,,Not Churned
114010,14010,0,,Not Churned
114011,14011,0,,Not Churned
114012,14012,0,,Not Churned
114013,14013,0,,Not Churned
114014,14014,0,,Not Churned
114015,14015,0,,Not Churned
114016,14016,0,,Not Churned
114017,14017,1,2023-11-08,Competitor
114018,14018,0,,Not Churned
114019,14019,0,,Not Churned
114020,14020,0,,Not Churned
114021,14021,0,,Not Churned
114022,14022,0,,Not Churned
114023,14023,0,,Not Churned
114024,14024,0,,Not Churned
114025,14025,0,,Not Churned
114026,14026,1,2023-03-21,Contract Expired
114027,14027,0,,Not Churned
114028,14028,1,2023-12-29,Competitor
114029,14029,1,2025-08-19,Poor User Experience
114030,14030,0,,Not Churned
114031,14031,1,2028-07-17,Contract Expired
114032,14032,1,2022-08-05,Competitor
114033,14033,1,2024-03-28,Contract Expired
114034,14034,1,2027-08-02,Contract Expired
114035,14035,1,2025-10-28,Poor User Experience
114036,14036,0,,Not Churned
114037,14037,1,2024-07-10,Competitor
114038,14038,0,,Not Churned
114039,14039,0,,Not Churned
114040,14040,1,2025-08-18,Poor User Experience
114041,14041,0,,Not Churned
114042,14042,0,,Not Churned
114043,14043,1,2028-10-14,Business Closure
114044,14044,0,,Not Churned
114045,14045,0,,Not Churned
114046,14046,0,,Not Churned
114047,14047,0,,Not Churned
114048,14048,0,,Not Churned
114049,14049,0,,Not Churned
114050,14050,0,,Not Churned
114051,14051,0,,Not Churned
114052,14052,1,2028-08-30,Contract Expired
114053,14053,0,,Not Churned
114054,14054,0,,Not Churned
114055,14055,0,,Not Churned
114056,14056,0,,Not Churned
114057,14057,0,,Not Churned
114058,14058,0,,Not Churned
114059,14059,0,,Not Churned
114060,14060,1,2023-11-29,Poor User Experience
114061,14061,0,,Not Churned
114062,14062,0,,Not Churned
114063,14063,0,,Not Churned
114064,14064,0,,Not Churned
114065,14065,1,2025-09-22,High Price
114066,14066,1,2025-10-07,Missing Features
114067,14067,0,,Not Churned
114068,14068,0,,Not Churned
114069,14069,0,,Not Churned
114070,14070,1,2022-08-03,Business Closure
114071,14071,1,2029-05-27,Business Closure
114072,14072,1,2025-05-10,Poor User Experience
114073,14073,0,,Not Churned
114074,14074,0,,Not Churned
114075,14075,1,2028-09-13,Poor User Experience
114076,14076,1,2029-06-19,Competitor
114077,14077,0,,Not Churned
114078,14078,0,,Not Churned
114079,14079,1,2025-08-11,Business Closure
114080,14080,1,2027-07-08,Business Closure
114081,14081,0,,Not Churned
114082,14082,0,,Not Churned
114083,14083,0,,Not Churned
114084,14084,0,,Not Churned
114085,14085,0,,Not Churned
114086,14086,1,2030-08-09,Poor User Experience
114087,14087,0,,Not Churned
114088,14088,1,2025-03-13,Business Closure
114089,14089,0,,Not Churned
114090,14090,1,2024-09-04,Low Product Usage
114091,14091,0,,Not Churned
114092,14092,0,,Not Churned
114093,14093,1,2026-02-16,High Price
114094,14094,1,2024-11-24,Competitor
114095,14095,0,,Not Churned
114096,14096,0,,Not Churned
114097,14097,0,,Not Churned
114098,14098,1,2024-11-17,Contract Expired
114099,14099,0,,Not Churned
114100,14100,0,,Not Churned
114101,14101,0,,Not Churned
114102,14102,0,,Not Churned
114103,14103,0,,Not Churned
114104,14104,0,,Not Churned
114105,14105,0,,Not Churned
114106,14106,1,2025-05-16,Poor User Experience
114107,14107,0,,Not Churned
114108,14108,0,,Not Churned
114109,14109,0,,Not Churned
114110,14110,0,,Not Churned
114111,14111,0,,Not Churned
114112,14112,1,2029-04-22,Business Closure
114113,14113,0,,Not Churned
114114,14114,1,2026-07-15,Poor User Experience
114115,14115,0,,Not Churned
114116,14116,0,,Not Churned
114117,14117,0,,Not Churned
114118,14118,0,,Not Churned
114119,14119,1,2023-07-29,Contract Expired
114120,14120,0,,Not Churned
114121,14121,0,,Not Churned
114122,14122,0,,Not Churned
114123,14123,1,2025-01-16,Business Closure
114124,14124,0,,Not Churned
114125,14125,0,,Not Churned
114126,14126,0,,Not Churned
114127,14127,1,2026-09-22,Competitor
114128,14128,0,,Not Churned
114129,14129,0,,Not Churned
114130,14130,0,,Not Churned
114131,14131,1,2029-07-24,Contract Expired
114132,14132,1,2029-03-28,Competitor
114133,14133,0,,Not Churned
114134,14134,0,,Not Churned
114135,14135,1,2026-12-20,Business Closure
114136,14136,1,2027-07-20,Poor User Experience
114137,14137,0,,Not Churned
114138,14138,0,,Not Churned
114139,14139,1,2023-06-09,Business Closure
114140,14140,0,,Not Churned
114141,14141,0,,Not Churned
114142,14142,1,2028-05-30,Business Closure
114143,14143,0,,Not Churned
114144,14144,0,,Not Churned
114145,14145,0,,Not Churned
114146,14146,0,,Not Churned
114147,14147,1,2025-05-26,Contract Expired
114148,14148,0,,Not Churned
114149,14149,0,,Not Churned
114150,14150,1,2028-04-16,Contract Expired
114151,14151,0,,Not Churned
114152,14152,0,,Not Churned
114153,14153,0,,Not Churned
114154,14154,1,2026-11-29,Poor User Experience
114155,14155,0,,Not Churned
114156,14156,0,,Not Churned
114157,14157,0,,Not Churned
114158,14158,1,2027-10-23,Business Closure
114159,14159,1,2027-08-08,Contract Expired
114160,14160,0,,Not Churned
114161,14161,1,2025-10-29,Poor User Experience
114162,14162,0,,Not Churned
114163,14163,0,,Not Churned
114164,14164,0,,Not Churned
114165,14165,0,,Not Churned
114166,14166,0,,Not Churned
114167,14167,0,,Not Churned
114168,14168,1,2025-06-03,Competitor
114169,14169,0,,Not Churned
114170,14170,0,,Not Churned
114171,14171,0,,Not Churned
114172,14172,0,,Not Churned
114173,14173,0,,Not Churned
114174,14174,0,,Not Churned
114175,14175,0,,Not Churned
114176,14176,0,,Not Churned
114177,14177,1,2025-12-01,Poor User Experience
114178,14178,0,,Not Churned
114179,14179,1,2024-01-15,Business Closure
114180,14180,1,2026-07-04,Contract Expired
114181,14181,0,,Not Churned
114182,14182,0,,Not Churned
114183,14183,0,,Not Churned
114184,14184,0,,Not Churned
114185,14185,0,,Not Churned
114186,14186,0,,Not Churned
114187,14187,0,,Not Churned
114188,14188,0,,Not Churned
114189,14189,1,2024-09-22,High Price
114190,14190,0,,Not Churned
114191,14191,0,,Not Churned
114192,14192,1,2025-05-01,Contract Expired
114193,14193,0,,Not Churned
114194,14194,0,,Not Churned
114195,14195,1,2025-06-04,Poor User Experience
114196,14196,0,,Not Churned
114197,14197,1,2028-01-05,Competitor
114198,14198,1,2029-10-29,Poor Support
114199,14199,0,,Not Churned
114200,14200,0,,Not Churned
114201,14201,0,,Not Churned
114202,14202,1,2030-06-04,Missing Features
114203,14203,0,,Not Churned
114204,14204,0,,Not Churned
114205,14205,1,2026-12-18,Contract Expired
114206,14206,0,,Not Churned
114207,14207,0,,Not Churned
114208,14208,0,,Not Churned
114209,14209,1,2027-03-06,Competitor
114210,14210,1,2024-02-25,Business Closure
114211,14211,1,2028-05-31,Business Closure
114212,14212,1,2024-06-14,Business Closure
114213,14213,0,,Not Churned
114214,14214,0,,Not Churned
114215,14215,0,,Not Churned
114216,14216,0,,Not Churned
114217,14217,0,,Not Churned
114218,14218,0,,Not Churned
114219,14219,0,,Not Churned
114220,14220,1,2029-01-07,Business Closure
114221,14221,0,,Not Churned
114222,14222,1,2029-05-31,Business Closure
114223,14223,1,2029-01-09,Poor User Experience
114224,14224,0,,Not Churned
114225,14225,0,,Not Churned
114226,14226,1,2028-05-02,High Price
114227,14227,0,,Not Churned
114228,14228,0,,Not Churned
114229,14229,0,,Not Churned
114230,14230,0,,Not Churned
114231,14231,0,,Not Churned
114232,14232,0,,Not Churned
114233,14233,0,,Not Churned
114234,14234,1,2025-10-06,Contract Expired
114235,14235,0,,Not Churned
114236,14236,0,,Not Churned
114237,14237,1,2029-12-10,Business Closure
114238,14238,1,2028-09-05,Contract Expired
114239,14239,0,,Not Churned
114240,14240,1,2029-08-26,Business Closure
114241,14241,0,,Not Churned
114242,14242,1,2025-06-25,Business Closure
114243,14243,0,,Not Churned
114244,14244,0,,Not Churned
114245,14245,1,2025-02-17,Missing Features
114246,14246,0,,Not Churned
114247,14247,0,,Not Churned
114248,14248,1,2026-03-19,Business Closure
114249,14249,0,,Not Churned
114250,14250,0,,Not Churned
114251,14251,0,,Not Churned
114252,14252,0,,Not Churned
114253,14253,0,,Not Churned
114254,14254,0,,Not Churned
114255,14255,0,,Not Churned
114256,14256,0,,Not Churned
114257,14257,1,2021-07-07,Poor Support
114258,14258,1,2023-04-12,Business Closure
114259,14259,0,,Not Churned
114260,14260,0,,Not Churned
114261,14261,0,,Not Churned
114262,14262,0,,Not Churned
114263,14263,0,,Not Churned
114264,14264,0,,Not Churned
114265,14265,0,,Not Churned
114266,14266,1,2027-06-06,Competitor
114267,14267,0,,Not Churned
114268,14268,0,,Not Churned
114269,14269,0,,Not Churned
114270,14270,1,2026-06-14,Business Closure
114271,14271,0,,Not Churned
114272,14272,1,2027-03-06,Competitor
114273,14273,1,2028-04-18,Contract Expired
114274,14274,0,,Not Churned
114275,14275,0,,Not Churned
114276,14276,0,,Not Churned
114277,14277,1,2025-06-25,Contract Expired
114278,14278,1,2025-06-20,Business Closure
114279,14279,0,,Not Churned
114280,14280,0,,Not Churned
114281,14281,0,,Not Churned
114282,14282,0,,Not Churned
114283,14283,1,2022-03-13,Competitor
114284,14284,1,2028-06-27,Low Product Usage
114285,14285,0,,Not Churned
114286,14286,0,,Not Churned
114287,14287,0,,Not Churned
114288,14288,1,2028-07-11,Poor User Experience
114289,14289,0,,Not Churned
114290,14290,0,,Not Churned
114291,14291,1,2028-05-09,Contract Expired
114292,14292,0,,Not Churned
114293,14293,0,,Not Churned
114294,14294,0,,Not Churned
114295,14295,0,,Not Churned
114296,14296,0,,Not Churned
114297,14297,0,,Not Churned
114298,14298,0,,Not Churned
114299,14299,0,,Not Churned
114300,14300,0,,Not Churned
114301,14301,0,,Not Churned
114302,14302,0,,Not Churned
114303,14303,0,,Not Churned
114304,14304,0,,Not Churned
114305,14305,1,2025-10-03,Business Closure
114306,14306,0,,Not Churned
114307,14307,1,2022-07-18,Business Closure
114308,14308,0,,Not Churned
114309,14309,0,,Not Churned
114310,14310,0,,Not Churned
114311,14311,0,,Not Churned
114312,14312,0,,Not Churned
114313,14313,0,,Not Churned
114314,14314,0,,Not Churned
114315,14315,0,,Not Churned
114316,14316,0,,Not Churned
114317,14317,1,2030-08-26,Business Closure
114318,14318,0,,Not Churned
114319,14319,1,2028-07-03,Contract Expired
114320,14320,0,,Not Churned
114321,14321,0,,Not Churned
114322,14322,0,,Not Churned
114323,14323,0,,Not Churned
114324,14324,0,,Not Churned
114325,14325,0,,Not Churned
114326,14326,0,,Not Churned
114327,14327,1,2028-01-09,Contract Expired
114328,14328,1,2022-10-12,Poor User Experience
114329,14329,1,2023-10-21,Competitor
114330,14330,1,2028-03-03,Competitor
114331,14331,0,,Not Churned
114332,14332,0,,Not Churned
114333,14333,0,,Not Churned
114334,14334,0,,Not Churned
114335,14335,0,,Not Churned
114336,14336,1,2026-05-03,Contract Expired
114337,14337,0,,Not Churned
114338,14338,1,2027-05-26,Contract Expired
114339,14339,0,,Not Churned
114340,14340,0,,Not Churned
114341,14341,0,,Not Churned
114342,14342,1,2027-06-21,Poor User Experience
114343,14343,0,,Not Churned
114344,14344,0,,Not Churned
114345,14345,1,2022-07-21,Business Closure
114346,14346,0,,Not Churned
114347,14347,0,,Not Churned
114348,14348,0,,Not Churned
114349,14349,0,,Not Churned
114350,14350,0,,Not Churned
114351,14351,0,,Not Churned
114352,14352,0,,Not Churned
114353,14353,1,2025-12-15,Poor User Experience
114354,14354,0,,Not Churned
114355,14355,0,,Not Churned
114356,14356,0,,Not Churned
114357,14357,0,,Not Churned
114358,14358,0,,Not Churned
114359,14359,1,2029-07-22,Competitor
114360,14360,1,2029-07-14,Competitor
114361,14361,0,,Not Churned
114362,14362,0,,Not Churned
114363,14363,0,,Not Churned
114364,14364,0,,Not Churned
114365,14365,0,,Not Churned
114366,14366,0,,Not Churned
114367,14367,0,,Not Churned
114368,14368,1,2025-04-29,Poor User Experience
114369,14369,1,2028-04-14,Business Closure
114370,14370,1,2023-10-30,Contract Expired
114371,14371,1,2024-05-05,Contract Expired
114372,14372,1,2029-12-08,Competitor
114373,14373,0,,Not Churned
114374,14374,1,2023-08-22,Competitor
114375,14375,0,,Not Churned
114376,14376,0,,Not Churned
114377,14377,0,,Not Churned
114378,14378,1,2025-08-27,Competitor
114379,14379,1,2023-09-28,Competitor
114380,14380,0,,Not Churned
114381,14381,0,,Not Churned
114382,14382,1,2024-08-22,Business Closure
114383,14383,1,2028-08-12,Low Product Usage
114384,14384,1,2026-10-18,Poor User Experience
114385,14385,0,,Not Churned
114386,14386,0,,Not Churned
114387,14387,1,2028-09-17,Contract Expired
114388,14388,0,,Not Churned
114389,14389,1,2026-11-13,Contract Expired
114390,14390,0,,Not Churned
114391,14391,0,,Not Churned
114392,14392,1,2026-12-17,Poor User Experience
114393,14393,0,,Not Churned
114394,14394,1,2025-05-25,Poor User Experience
114395,14395,0,,Not Churned
114396,14396,0,,Not Churned
114397,14397,1,2024-04-15,Business Closure
114398,14398,0,,Not Churned
114399,14399,0,,Not Churned
114400,14400,1,2024-04-19,High Price
114401,14401,0,,Not Churned
114402,14402,0,,Not Churned
114403,14403,1,2028-02-14,Competitor
114404,14404,0,,Not Churned
114405,14405,1,2025-04-01,Competitor
114406,14406,0,,Not Churned
114407,14407,1,2022-07-09,Poor Support
114408,14408,1,2021-07-22,Poor User Experience
114409,14409,0,,Not Churned
114410,14410,0,,Not Churned
114411,14411,0,,Not Churned
114412,14412,0,,Not Churned
114413,14413,0,,Not Churned
114414,14414,0,,Not Churned
114415,14415,0,,Not Churned
114416,14416,0,,Not Churned
114417,14417,0,,Not Churned
114418,14418,0,,Not Churned
114419,14419,0,,Not Churned
114420,14420,0,,Not Churned
114421,14421,0,,Not Churned
114422,14422,1,2026-12-08,Competitor
114423,14423,1,2029-08-23,Business Closure
114424,14424,0,,Not Churned
114425,14425,0,,Not Churned
114426,14426,0,,Not Churned
114427,14427,0,,Not Churned
114428,14428,0,,Not Churned
114429,14429,0,,Not Churned
114430,14430,0,,Not Churned
114431,14431,0,,Not Churned
114432,14432,1,2027-05-10,Business Closure
114433,14433,0,,Not Churned
114434,14434,1,2024-10-30,Poor User Experience
114435,14435,1,2025-01-19,Missing Features
114436,14436,1,2026-07-12,Business Closure
114437,14437,0,,Not Churned
114438,14438,0,,Not Churned
114439,14439,0,,Not Churned
114440,14440,0,,Not Churned
114441,14441,0,,Not Churned
114442,14442,0,,Not Churned
114443,14443,1,2024-09-24,Low Product Usage
114444,14444,0,,Not Churned
114445,14445,0,,Not Churned
114446,14446,1,2027-02-01,High Price
114447,14447,0,,Not Churned
114448,14448,1,2031-01-21,Business Closure
114449,14449,0,,Not Churned
114450,14450,0,,Not Churned
114451,14451,0,,Not Churned
114452,14452,1,2025-05-27,Contract Expired
114453,14453,0,,Not Churned
114454,14454,0,,Not Churned
114455,14455,0,,Not Churned
114456,14456,0,,Not Churned
114457,14457,0,,Not Churned
114458,14458,0,,Not Churned
114459,14459,0,,Not Churned
114460,14460,0,,Not Churned
114461,14461,0,,Not Churned
114462,14462,1,2024-07-31,Poor User Experience
114463,14463,0,,Not Churned
114464,14464,0,,Not Churned
114465,14465,0,,Not Churned
114466,14466,1,2028-12-28,Competitor
114467,14467,0,,Not Churned
114468,14468,0,,Not Churned
114469,14469,0,,Not Churned
114470,14470,0,,Not Churned
114471,14471,0,,Not Churned
114472,14472,0,,Not Churned
114473,14473,0,,Not Churned
114474,14474,1,2027-11-25,Contract Expired
114475,14475,0,,Not Churned
114476,14476,0,,Not Churned
114477,14477,0,,Not Churned
114478,14478,0,,Not Churned
114479,14479,1,2026-04-29,Business Closure
114480,14480,0,,Not Churned
114481,14481,0,,Not Churned
114482,14482,0,,Not Churned
114483,14483,1,2027-05-28,Business Closure
114484,14484,1,2023-10-02,Poor User Experience
114485,14485,0,,Not Churned
114486,14486,0,,Not Churned
114487,14487,0,,Not Churned
114488,14488,1,2023-03-03,Business Closure
114489,14489,0,,Not Churned
114490,14490,0,,Not Churned
114491,14491,1,2028-04-15,Competitor
114492,14492,1,2024-06-16,Contract Expired
114493,14493,0,,Not Churned
114494,14494,0,,Not Churned
114495,14495,0,,Not Churned
114496,14496,0,,Not Churned
114497,14497,1,2025-07-05,Poor User Experience
114498,14498,1,2028-02-02,Competitor
114499,14499,0,,Not Churned
114500,14500,0,,Not Churned
114501,14501,0,,Not Churned
114502,14502,0,,Not Churned
114503,14503,0,,Not Churned
114504,14504,1,2027-05-28,Low Product Usage
114505,14505,1,2028-06-10,Business Closure
114506,14506,0,,Not Churned
114507,14507,1,2023-12-28,Contract Expired
114508,14508,0,,Not Churned
114509,14509,0,,Not Churned
114510,14510,0,,Not Churned
114511,14511,0,,Not Churned
114512,14512,1,2025-02-09,Contract Expired
114513,14513,0,,Not Churned
114514,14514,0,,Not Churned
114515,14515,0,,Not Churned
114516,14516,0,,Not Churned
114517,14517,1,2027-05-13,Poor User Experience
114518,14518,0,,Not Churned
114519,14519,1,2025-04-01,Poor User Experience
114520,14520,1,2027-03-04,Business Closure
114521,14521,0,,Not Churned
114522,14522,0,,Not Churned
114523,14523,1,2027-09-18,Competitor
114524,14524,1,2023-06-06,Poor User Experience
114525,14525,0,,Not Churned
114526,14526,0,,Not Churned
114527,14527,0,,Not Churned
114528,14528,1,2029-01-10,Competitor
114529,14529,0,,Not Churned
114530,14530,0,,Not Churned
114531,14531,0,,Not Churned
114532,14532,0,,Not Churned
114533,14533,0,,Not Churned
114534,14534,0,,Not Churned
114535,14535,0,,Not Churned
114536,14536,0,,Not Churned
114537,14537,1,2028-06-09,Contract Expired
114538,14538,0,,Not Churned
114539,14539,1,2026-01-20,Competitor
114540,14540,0,,Not Churned
114541,14541,0,,Not Churned
114542,14542,0,,Not Churned
114543,14543,0,,Not Churned
114544,14544,0,,Not Churned
114545,14545,1,2025-12-20,Low Product Usage
114546,14546,0,,Not Churned
114547,14547,0,,Not Churned
114548,14548,0,,Not Churned
114549,14549,0,,Not Churned
114550,14550,0,,Not Churned
114551,14551,1,2026-05-03,Poor User Experience
114552,14552,0,,Not Churned
114553,14553,1,2025-11-16,Contract Expired
114554,14554,1,2028-07-03,Contract Expired
114555,14555,1,2025-12-08,Poor User Experience
114556,14556,0,,Not Churned
114557,14557,0,,Not Churned
114558,14558,0,,Not Churned
114559,14559,0,,Not Churned
114560,14560,0,,Not Churned
114561,14561,1,2022-05-22,Competitor
114562,14562,1,2028-03-27,Business Closure
114563,14563,0,,Not Churned
114564,14564,0,,Not Churned
114565,14565,0,,Not Churned
114566,14566,1,2024-12-01,Competitor
114567,14567,1,2027-01-02,Contract Expired
114568,14568,1,2025-01-21,Competitor
114569,14569,0,,Not Churned
114570,14570,0,,Not Churned
114571,14571,1,2028-01-28,Poor User Experience
114572,14572,0,,Not Churned
114573,14573,0,,Not Churned
114574,14574,0,,Not Churned
114575,14575,1,2025-06-29,Poor User Experience
114576,14576,0,,Not Churned
114577,14577,0,,Not Churned
114578,14578,0,,Not Churned
114579,14579,0,,Not Churned
114580,14580,0,,Not Churned
114581,14581,1,2027-02-11,Poor User Experience
114582,14582,0,,Not Churned
114583,14583,0,,Not Churned
114584,14584,0,,Not Churned
114585,14585,0,,Not Churned
114586,14586,1,2027-03-01,Contract Expired
114587,14587,0,,Not Churned
114588,14588,0,,Not Churned
114589,14589,0,,Not Churned
114590,14590,0,,Not Churned
114591,14591,0,,Not Churned
114592,14592,1,2022-06-24,Contract Expired
114593,14593,0,,Not Churned
114594,14594,0,,Not Churned
114595,14595,0,,Not Churned
114596,14596,0,,Not Churned
114597,14597,0,,Not Churned
114598,14598,0,,Not Churned
114599,14599,0,,Not Churned
114600,14600,1,2029-07-20,Low Product Usage
114601,14601,0,,Not Churned
114602,14602,0,,Not Churned
114603,14603,1,2023-10-03,Contract Expired
114604,14604,0,,Not Churned
114605,14605,1,2024-05-30,Poor User Experience
114606,14606,0,,Not Churned
114607,14607,0,,Not Churned
114608,14608,0,,Not Churned
114609,14609,0,,Not Churned
114610,14610,0,,Not Churned
114611,14611,0,,Not Churned
114612,14612,0,,Not Churned
114613,14613,1,2026-08-26,Poor User Experience
114614,14614,0,,Not Churned
114615,14615,0,,Not Churned
114616,14616,0,,Not Churned
114617,14617,0,,Not Churned
114618,14618,0,,Not Churned
114619,14619,0,,Not Churned
114620,14620,0,,Not Churned
114621,14621,0,,Not Churned
114622,14622,0,,Not Churned
114623,14623,0,,Not Churned
114624,14624,0,,Not Churned
114625,14625,1,2025-12-31,Contract Expired
114626,14626,0,,Not Churned
114627,14627,0,,Not Churned
114628,14628,0,,Not Churned
114629,14629,1,2027-09-02,Competitor
114630,14630,0,,Not Churned
114631,14631,0,,Not Churned
114632,14632,0,,Not Churned
114633,14633,0,,Not Churned
114634,14634,1,2025-04-08,Contract Expired
114635,14635,1,2029-03-07,High Price
114636,14636,0,,Not Churned
114637,14637,1,2028-04-19,Low Product Usage
114638,14638,0,,Not Churned
114639,14639,0,,Not Churned
114640,14640,0,,Not Churned
114641,14641,0,,Not Churned
114642,14642,1,2022-04-09,Poor User Experience
114643,14643,0,,Not Churned
114644,14644,1,2026-01-31,Contract Expired
114645,14645,0,,Not Churned
114646,14646,1,2024-07-01,Contract Expired
114647,14647,0,,Not Churned
114648,14648,0,,Not Churned
114649,14649,0,,Not Churned
114650,14650,0,,Not Churned
114651,14651,0,,Not Churned
114652,14652,0,,Not Churned
114653,14653,1,2030-03-13,Contract Expired
114654,14654,0,,Not Churned
114655,14655,0,,Not Churned
114656,14656,0,,Not Churned
114657,14657,0,,Not Churned
114658,14658,0,,Not Churned
114659,14659,0,,Not Churned
114660,14660,0,,Not Churned
114661,14661,0,,Not Churned
114662,14662,0,,Not Churned
114663,14663,0,,Not Churned
114664,14664,0,,Not Churned
114665,14665,1,2028-08-12,Competitor
114666,14666,0,,Not Churned
114667,14667,0,,Not Churned
114668,14668,0,,Not Churned
114669,14669,0,,Not Churned
114670,14670,1,2024-06-20,Poor User Experience
114671,14671,0,,Not Churned
114672,14672,0,,Not Churned
114673,14673,0,,Not Churned
114674,14674,0,,Not Churned
114675,14675,1,2026-07-18,Poor User Experience
114676,14676,0,,Not Churned
114677,14677,0,,Not Churned
114678,14678,1,2026-09-25,Contract Expired
114679,14679,0,,Not Churned
114680,14680,0,,Not Churned
114681,14681,0,,Not Churned
114682,14682,0,,Not Churned
114683,14683,0,,Not Churned
114684,14684,1,2023-11-08,Poor User Experience
114685,14685,1,2028-11-15,Business Closure
114686,14686,1,2027-04-04,Contract Expired
114687,14687,0,,Not Churned
114688,14688,0,,Not Churned
114689,14689,0,,Not Churned
114690,14690,0,,Not Churned
114691,14691,0,,Not Churned
114692,14692,1,2023-11-30,High Price
114693,14693,0,,Not Churned
114694,14694,0,,Not Churned
114695,14695,1,2025-05-05,Business Closure
114696,14696,0,,Not Churned
114697,14697,0,,Not Churned
114698,14698,0,,Not Churned
114699,14699,0,,Not Churned
114700,14700,1,2023-08-04,Contract Expired
114701,14701,0,,Not Churned
114702,14702,0,,Not Churned
114703,14703,0,,Not Churned
114704,14704,0,,Not Churned
114705,14705,0,,Not Churned
114706,14706,1,2024-08-21,Business Closure
114707,14707,1,2024-12-06,Poor User Experience
114708,14708,0,,Not Churned
114709,14709,0,,Not Churned
114710,14710,0,,Not Churned
114711,14711,1,2024-03-25,Low Product Usage
114712,14712,0,,Not Churned
114713,14713,0,,Not Churned
114714,14714,0,,Not Churned
114715,14715,0,,Not Churned
114716,14716,0,,Not Churned
114717,14717,0,,Not Churned
114718,14718,1,2024-03-04,Contract Expired
114719,14719,0,,Not Churned
114720,14720,0,,Not Churned
114721,14721,0,,Not Churned
114722,14722,1,2023-10-09,Business Closure
114723,14723,0,,Not Churned
114724,14724,0,,Not Churned
114725,14725,0,,Not Churned
114726,14726,0,,Not Churned
114727,14727,0,,Not Churned
114728,14728,0,,Not Churned
114729,14729,1,2028-06-27,Business Closure
114730,14730,0,,Not Churned
114731,14731,0,,Not Churned
114732,14732,0,,Not Churned
114733,14733,0,,Not Churned
114734,14734,0,,Not Churned
114735,14735,0,,Not Churned
114736,14736,0,,Not Churned
114737,14737,1,2025-06-22,Poor User Experience
114738,14738,0,,Not Churned
114739,14739,0,,Not Churned
114740,14740,1,2026-07-27,Poor User Experience
114741,14741,0,,Not Churned
114742,14742,1,2024-07-22,Missing Features
114743,14743,0,,Not Churned
114744,14744,0,,Not Churned
114745,14745,0,,Not Churned
114746,14746,0,,Not Churned
114747,14747,0,,Not Churned
114748,14748,1,2027-01-02,Poor User Experience
114749,14749,0,,Not Churned
114750,14750,0,,Not Churned
114751,14751,0,,Not Churned
114752,14752,0,,Not Churned
114753,14753,0,,Not Churned
114754,14754,0,,Not Churned
114755,14755,0,,Not Churned
114756,14756,0,,Not Churned
114757,14757,0,,Not Churned
114758,14758,1,2025-07-11,Contract Expired
114759,14759,0,,Not Churned
114760,14760,0,,Not Churned
114761,14761,1,2027-03-27,Business Closure
114762,14762,0,,Not Churned
114763,14763,0,,Not Churned
114764,14764,0,,Not Churned
114765,14765,1,2028-03-07,Poor Support
114766,14766,0,,Not Churned
114767,14767,1,2026-06-28,Business Closure
114768,14768,0,,Not Churned
114769,14769,0,,Not Churned
114770,14770,0,,Not Churned
114771,14771,0,,Not Churned
114772,14772,1,2027-12-15,Contract Expired
114773,14773,0,,Not Churned
114774,14774,0,,Not Churned
114775,14775,0,,Not Churned
114776,14776,0,,Not Churned
114777,14777,1,2026-12-12,Contract Expired
114778,14778,0,,Not Churned
114779,14779,0,,Not Churned
114780,14780,0,,Not Churned
114781,14781,0,,Not Churned
114782,14782,0,,Not Churned
114783,14783,0,,Not Churned
114784,14784,1,2026-08-27,Poor User Experience
114785,14785,0,,Not Churned
114786,14786,1,2023-11-25,Business Closure
114787,14787,0,,Not Churned
114788,14788,0,,Not Churned
114789,14789,0,,Not Churned
114790,14790,1,2025-10-21,Competitor
114791,14791,0,,Not Churned
114792,14792,0,,Not Churned
114793,14793,0,,Not Churned
114794,14794,0,,Not Churned
114795,14795,0,,Not Churned
114796,14796,1,2025-10-14,Contract Expired
114797,14797,0,,Not Churned
114798,14798,0,,Not Churned
114799,14799,0,,Not Churned
114800,14800,0,,Not Churned
114801,14801,0,,Not Churned
114802,14802,0,,Not Churned
114803,14803,0,,Not Churned
114804,14804,0,,Not Churned
114805,14805,0,,Not Churned
114806,14806,1,2025-04-20,Competitor
114807,14807,0,,Not Churned
114808,14808,1,2025-05-31,Contract Expired
114809,14809,0,,Not Churned
114810,14810,0,,Not Churned
114811,14811,0,,Not Churned
114812,14812,0,,Not Churned
114813,14813,1,2027-12-30,Contract Expired
114814,14814,0,,Not Churned
114815,14815,0,,Not Churned
114816,14816,0,,Not Churned
114817,14817,0,,Not Churned
114818,14818,0,,Not Churned
114819,14819,0,,Not Churned
114820,14820,1,2026-07-29,Competitor
114821,14821,0,,Not Churned
114822,14822,1,2024-07-30,Low Product Usage
114823,14823,0,,Not Churned
114824,14824,1,2022-01-02,Poor User Experience
114825,14825,0,,Not Churned
114826,14826,0,,Not Churned
114827,14827,0,,Not Churned
114828,14828,0,,Not Churned
114829,14829,0,,Not Churned
114830,14830,1,2027-05-07,Business Closure
114831,14831,0,,Not Churned
114832,14832,0,,Not Churned
114833,14833,0,,Not Churned
114834,14834,0,,Not Churned
114835,14835,0,,Not Churned
114836,14836,0,,Not Churned
114837,14837,1,2027-08-04,Business Closure
114838,14838,0,,Not Churned
114839,14839,0,,Not Churned
114840,14840,0,,Not Churned
114841,14841,0,,Not Churned
114842,14842,1,2028-01-11,Poor User Experience
114843,14843,0,,Not Churned
114844,14844,0,,Not Churned
114845,14845,0,,Not Churned
114846,14846,1,2027-07-05,Business Closure
114847,14847,0,,Not Churned
114848,14848,0,,Not Churned
114849,14849,0,,Not Churned
114850,14850,0,,Not Churned
114851,14851,0,,Not Churned
114852,14852,1,2024-07-09,Competitor
114853,14853,0,,Not Churned
114854,14854,0,,Not Churned
114855,14855,0,,Not Churned
114856,14856,1,2024-10-21,Poor User Experience
114857,14857,0,,Not Churned
114858,14858,1,2028-04-29,Contract Expired
114859,14859,0,,Not Churned
114860,14860,1,2024-10-21,Contract Expired
114861,14861,1,2021-12-20,Poor User Experience
114862,14862,0,,Not Churned
114863,14863,1,2024-12-05,Missing Features
114864,14864,0,,Not Churned
114865,14865,0,,Not Churned
114866,14866,0,,Not Churned
114867,14867,1,2025-10-13,Competitor
114868,14868,0,,Not Churned
114869,14869,0,,Not Churned
114870,14870,0,,Not Churned
114871,14871,0,,Not Churned
114872,14872,0,,Not Churned
114873,14873,0,,Not Churned
114874,14874,0,,Not Churned
114875,14875,0,,Not Churned
114876,14876,0,,Not Churned
114877,14877,0,,Not Churned
114878,14878,0,,Not Churned
114879,14879,0,,Not Churned
114880,14880,1,2022-07-27,Poor User Experience
114881,14881,0,,Not Churned
114882,14882,0,,Not Churned
114883,14883,0,,Not Churned
114884,14884,0,,Not Churned
114885,14885,0,,Not Churned
114886,14886,0,,Not Churned
114887,14887,0,,Not Churned
114888,14888,0,,Not Churned
114889,14889,0,,Not Churned
114890,14890,1,2024-02-23,Poor User Experience
114891,14891,1,2029-09-07,Poor Support
114892,14892,0,,Not Churned
114893,14893,0,,Not Churned
114894,14894,0,,Not Churned
114895,14895,0,,Not Churned
114896,14896,0,,Not Churned
114897,14897,0,,Not Churned
114898,14898,0,,Not Churned
114899,14899,0,,Not Churned
114900,14900,0,,Not Churned
114901,14901,0,,Not Churned
114902,14902,0,,Not Churned
114903,14903,0,,Not Churned
114904,14904,1,2025-08-27,Poor User Experience
114905,14905,0,,Not Churned
114906,14906,0,,Not Churned
114907,14907,1,2024-02-24,Business Closure
114908,14908,0,,Not Churned
114909,14909,0,,Not Churned
114910,14910,1,2029-04-23,Competitor
114911,14911,1,2029-01-16,Business Closure
114912,14912,0,,Not Churned
114913,14913,0,,Not Churned
114914,14914,0,,Not Churned
114915,14915,1,2025-05-04,Poor User Experience
114916,14916,0,,Not Churned
114917,14917,1,2026-04-07,Poor User Experience
114918,14918,0,,Not Churned
114919,14919,1,2026-10-12,High Price
114920,14920,0,,Not Churned
114921,14921,1,2023-07-23,Poor User Experience
114922,14922,0,,Not Churned
114923,14923,0,,Not Churned
114924,14924,0,,Not Churned
114925,14925,0,,Not Churned
114926,14926,1,2025-09-09,Competitor
114927,14927,0,,Not Churned
114928,14928,0,,Not Churned
114929,14929,0,,Not Churned
114930,14930,0,,Not Churned
114931,14931,0,,Not Churned
114932,14932,0,,Not Churned
114933,14933,0,,Not Churned
114934,14934,0,,Not Churned
114935,14935,0,,Not Churned
114936,14936,0,,Not Churned
114937,14937,0,,Not Churned
114938,14938,0,,Not Churned
114939,14939,1,2026-10-18,Business Closure
114940,14940,0,,Not Churned
114941,14941,0,,Not Churned
114942,14942,1,2027-06-15,Business Closure
114943,14943,0,,Not Churned
114944,14944,0,,Not Churned
114945,14945,0,,Not Churned
114946,14946,1,2022-12-12,Contract Expired
114947,14947,1,2025-11-07,Poor User Experience
114948,14948,1,2026-12-19,Competitor
114949,14949,1,2024-02-12,Competitor
114950,14950,0,,Not Churned
114951,14951,0,,Not Churned
114952,14952,0,,Not Churned
114953,14953,0,,Not Churned
114954,14954,0,,Not Churned
114955,14955,0,,Not Churned
114956,14956,0,,Not Churned
114957,14957,1,2025-07-10,Business Closure
114958,14958,0,,Not Churned
114959,14959,0,,Not Churned
114960,14960,0,,Not Churned
114961,14961,0,,Not Churned
114962,14962,0,,Not Churned
114963,14963,0,,Not Churned
114964,14964,0,,Not Churned
114965,14965,1,2025-01-11,Contract Expired
114966,14966,0,,Not Churned
114967,14967,0,,Not Churned
114968,14968,0,,Not Churned
114969,14969,0,,Not Churned
114970,14970,0,,Not Churned
114971,14971,1,2025-09-15,Poor User Experience
114972,14972,0,,Not Churned
114973,14973,0,,Not Churned
114974,14974,0,,Not Churned
114975,14975,0,,Not Churned
114976,14976,0,,Not Churned
114977,14977,0,,Not Churned
114978,14978,0,,Not Churned
114979,14979,0,,Not Churned
114980,14980,0,,Not Churned
114981,14981,0,,Not Churned
114982,14982,0,,Not Churned
114983,14983,1,2026-12-27,Business Closure
114984,14984,0,,Not Churned
114985,14985,1,2025-12-31,Poor User Experience
114986,14986,1,2026-05-01,Business Closure
114987,14987,0,,Not Churned
114988,14988,1,2024-11-15,Contract Expired
114989,14989,0,,Not Churned
114990,14990,1,2027-01-22,Business Closure
114991,14991,0,,Not Churned
114992,14992,1,2028-08-08,Missing Features
114993,14993,1,2030-04-24,Business Closure
114994,14994,1,2026-09-30,Competitor
114995,14995,1,2023-02-25,Poor Support
114996,14996,1,2024-11-15,Business Closure
114997,14997,0,,Not Churned
114998,14998,0,,Not Churned
114999,14999,0,,Not Churned
115000,15000,0,,Not Churned
115001,15001,0,,Not Churned
115002,15002,1,2028-10-27,Low Product Usage
115003,15003,1,2022-04-06,Low Product Usage
115004,15004,0,,Not Churned
115005,15005,1,2026-03-09,Business Closure
115006,15006,0,,Not Churned
115007,15007,1,2023-12-05,Contract Expired
115008,15008,0,,Not Churned
115009,15009,1,2028-08-18,Competitor
115010,15010,0,,Not Churned
115011,15011,1,2025-10-09,Missing Features
115012,15012,0,,Not Churned
115013,15013,0,,Not Churned
115014,15014,0,,Not Churned
115015,15015,0,,Not Churned
115016,15016,0,,Not Churned
115017,15017,0,,Not Churned
115018,15018,0,,Not Churned
115019,15019,1,2029-09-11,Business Closure
115020,15020,0,,Not Churned
115021,15021,1,2026-07-17,Competitor
115022,15022,0,,Not Churned
115023,15023,0,,Not Churned
115024,15024,1,2029-07-30,Business Closure
115025,15025,0,,Not Churned
115026,15026,0,,Not Churned
115027,15027,0,,Not Churned
115028,15028,1,2027-01-03,Low Product Usage
115029,15029,0,,Not Churned
115030,15030,0,,Not Churned
115031,15031,1,2024-05-06,Poor User Experience
115032,15032,0,,Not Churned
115033,15033,0,,Not Churned
115034,15034,0,,Not Churned
115035,15035,0,,Not Churned
115036,15036,1,2027-12-12,Poor User Experience
115037,15037,0,,Not Churned
115038,15038,0,,Not Churned
115039,15039,0,,Not Churned
115040,15040,0,,Not Churned
115041,15041,0,,Not Churned
115042,15042,0,,Not Churned
115043,15043,0,,Not Churned
115044,15044,0,,Not Churned
115045,15045,1,2025-09-14,Contract Expired
115046,15046,0,,Not Churned
115047,15047,1,2029-02-21,Missing Features
115048,15048,0,,Not Churned
115049,15049,1,2026-07-31,Low Product Usage
115050,15050,0,,Not Churned
115051,15051,1,2025-02-02,Low Product Usage
115052,15052,0,,Not Churned
115053,15053,0,,Not Churned
115054,15054,0,,Not Churned
115055,15055,0,,Not Churned
115056,15056,0,,Not Churned
115057,15057,0,,Not Churned
115058,15058,0,,Not Churned
115059,15059,0,,Not Churned
115060,15060,1,2022-12-26,Business Closure
115061,15061,0,,Not Churned
115062,15062,0,,Not Churned
115063,15063,0,,Not Churned
115064,15064,0,,Not Churned
115065,15065,0,,Not Churned
115066,15066,1,2028-02-10,Poor User Experience
115067,15067,0,,Not Churned
115068,15068,1,2026-09-27,Contract Expired
115069,15069,0,,Not Churned
115070,15070,0,,Not Churned
115071,15071,0,,Not Churned
115072,15072,0,,Not Churned
115073,15073,1,2027-10-25,Poor User Experience
115074,15074,0,,Not Churned
115075,15075,0,,Not Churned
115076,15076,0,,Not Churned
115077,15077,1,2025-11-05,Poor Support
115078,15078,0,,Not Churned
115079,15079,0,,Not Churned
115080,15080,1,2029-01-08,Contract Expired
115081,15081,1,2022-10-31,Business Closure
115082,15082,0,,Not Churned
115083,15083,0,,Not Churned
115084,15084,0,,Not Churned
115085,15085,0,,Not Churned
115086,15086,0,,Not Churned
115087,15087,0,,Not Churned
115088,15088,0,,Not Churned
115089,15089,0,,Not Churned
115090,15090,0,,Not Churned
115091,15091,0,,Not Churned
115092,15092,0,,Not Churned
115093,15093,0,,Not Churned
115094,15094,0,,Not Churned
115095,15095,0,,Not Churned
115096,15096,0,,Not Churned
115097,15097,1,2025-09-04,Contract Expired
115098,15098,0,,Not Churned
115099,15099,0,,Not Churned
115100,15100,1,2025-06-09,Competitor
115101,15101,0,,Not Churned
115102,15102,0,,Not Churned
115103,15103,0,,Not Churned
115104,15104,1,2026-10-11,Business Closure
115105,15105,1,2028-02-24,Competitor
115106,15106,0,,Not Churned
115107,15107,0,,Not Churned
115108,15108,1,2025-03-25,Competitor
115109,15109,0,,Not Churned
115110,15110,0,,Not Churned
115111,15111,0,,Not Churned
115112,15112,0,,Not Churned
115113,15113,0,,Not Churned
115114,15114,0,,Not Churned
115115,15115,0,,Not Churned
115116,15116,0,,Not Churned
115117,15117,0,,Not Churned
115118,15118,0,,Not Churned
115119,15119,1,2027-02-13,Contract Expired
115120,15120,0,,Not Churned
115121,15121,1,2027-03-24,High Price
115122,15122,0,,Not Churned
115123,15123,0,,Not Churned
115124,15124,0,,Not Churned
115125,15125,0,,Not Churned
115126,15126,1,2023-09-11,Business Closure
115127,15127,0,,Not Churned
115128,15128,0,,Not Churned
115129,15129,1,2029-09-14,Business Closure
115130,15130,0,,Not Churned
115131,15131,0,,Not Churned
115132,15132,1,2024-08-31,Competitor
115133,15133,0,,Not Churned
115134,15134,0,,Not Churned
115135,15135,1,2022-06-14,Competitor
115136,15136,0,,Not Churned
115137,15137,0,,Not Churned
115138,15138,1,2026-07-04,High Price
115139,15139,0,,Not Churned
115140,15140,0,,Not Churned
115141,15141,0,,Not Churned
115142,15142,0,,Not Churned
115143,15143,1,2026-10-26,Business Closure
115144,15144,0,,Not Churned
115145,15145,0,,Not Churned
115146,15146,0,,Not Churned
115147,15147,0,,Not Churned
115148,15148,0,,Not Churned
115149,15149,0,,Not Churned
115150,15150,0,,Not Churned
115151,15151,0,,Not Churned
115152,15152,0,,Not Churned
115153,15153,0,,Not Churned
115154,15154,0,,Not Churned
115155,15155,0,,Not Churned
115156,15156,0,,Not Churned
115157,15157,0,,Not Churned
115158,15158,0,,Not Churned
115159,15159,0,,Not Churned
115160,15160,1,2025-05-15,High Price
115161,15161,0,,Not Churned
115162,15162,0,,Not Churned
115163,15163,0,,Not Churned
115164,15164,0,,Not Churned
115165,15165,0,,Not Churned
115166,15166,0,,Not Churned
115167,15167,1,2022-05-03,Contract Expired
115168,15168,0,,Not Churned
115169,15169,1,2027-05-19,Business Closure
115170,15170,1,2030-01-07,Contract Expired
115171,15171,0,,Not Churned
115172,15172,1,2024-10-08,Poor User Experience
115173,15173,0,,Not Churned
115174,15174,0,,Not Churned
115175,15175,1,2028-03-29,Competitor
115176,15176,0,,Not Churned
115177,15177,1,2030-03-18,Poor User Experience
115178,15178,0,,Not Churned
115179,15179,0,,Not Churned
115180,15180,1,2024-03-15,Contract Expired
115181,15181,0,,Not Churned
115182,15182,0,,Not Churned
115183,15183,0,,Not Churned
115184,15184,0,,Not Churned
115185,15185,0,,Not Churned
115186,15186,0,,Not Churned
115187,15187,0,,Not Churned
115188,15188,0,,Not Churned
115189,15189,1,2024-09-06,Business Closure
115190,15190,0,,Not Churned
115191,15191,0,,Not Churned
115192,15192,0,,Not Churned
115193,15193,0,,Not Churned
115194,15194,0,,Not Churned
115195,15195,0,,Not Churned
115196,15196,0,,Not Churned
115197,15197,1,2023-09-05,Business Closure
115198,15198,0,,Not Churned
115199,15199,0,,Not Churned
115200,15200,0,,Not Churned
115201,15201,1,2027-01-07,Business Closure
115202,15202,1,2028-05-22,Poor Support
115203,15203,0,,Not Churned
115204,15204,0,,Not Churned
115205,15205,0,,Not Churned
115206,15206,1,2024-10-20,Business Closure
115207,15207,0,,Not Churned
115208,15208,0,,Not Churned
115209,15209,0,,Not Churned
115210,15210,0,,Not Churned
115211,15211,0,,Not Churned
115212,15212,0,,Not Churned
115213,15213,1,2023-03-18,Business Closure
115214,15214,0,,Not Churned
115215,15215,0,,Not Churned
115216,15216,0,,Not Churned
115217,15217,0,,Not Churned
115218,15218,1,2024-12-19,Business Closure
115219,15219,1,2026-02-23,Contract Expired
115220,15220,0,,Not Churned
115221,15221,1,2023-04-16,Contract Expired
115222,15222,0,,Not Churned
115223,15223,1,2024-02-12,Business Closure
115224,15224,0,,Not Churned
115225,15225,0,,Not Churned
115226,15226,0,,Not Churned
115227,15227,0,,Not Churned
115228,15228,0,,Not Churned
115229,15229,0,,Not Churned
115230,15230,0,,Not Churned
115231,15231,1,2022-11-13,Contract Expired
115232,15232,0,,Not Churned
115233,15233,0,,Not Churned
115234,15234,1,2029-02-27,Poor User Experience
115235,15235,1,2022-03-31,Competitor
115236,15236,1,2023-11-07,Contract Expired
115237,15237,0,,Not Churned
115238,15238,1,2029-02-26,Competitor
115239,15239,0,,Not Churned
115240,15240,0,,Not Churned
115241,15241,0,,Not Churned
115242,15242,0,,Not Churned
115243,15243,0,,Not Churned
115244,15244,0,,Not Churned
115245,15245,0,,Not Churned
115246,15246,0,,Not Churned
115247,15247,0,,Not Churned
115248,15248,0,,Not Churned
115249,15249,0,,Not Churned
115250,15250,0,,Not Churned
115251,15251,0,,Not Churned
115252,15252,0,,Not Churned
115253,15253,0,,Not Churned
115254,15254,1,2023-06-27,Poor User Experience
115255,15255,0,,Not Churned
115256,15256,1,2025-10-27,Business Closure
115257,15257,0,,Not Churned
115258,15258,0,,Not Churned
115259,15259,0,,Not Churned
115260,15260,0,,Not Churned
115261,15261,0,,Not Churned
115262,15262,0,,Not Churned
115263,15263,0,,Not Churned
115264,15264,1,2024-10-11,Competitor
115265,15265,0,,Not Churned
115266,15266,1,2025-06-23,Contract Expired
115267,15267,0,,Not Churned
115268,15268,0,,Not Churned
115269,15269,0,,Not Churned
115270,15270,1,2025-11-24,Poor User Experience
115271,15271,0,,Not Churned
115272,15272,0,,Not Churned
115273,15273,0,,Not Churned
115274,15274,1,2022-02-21,Contract Expired
115275,15275,1,2023-07-01,Poor User Experience
115276,15276,0,,Not Churned
115277,15277,0,,Not Churned
115278,15278,0,,Not Churned
115279,15279,1,2023-05-21,Business Closure
115280,15280,0,,Not Churned
115281,15281,0,,Not Churned
115282,15282,0,,Not Churned
115283,15283,0,,Not Churned
115284,15284,0,,Not Churned
115285,15285,0,,Not Churned
115286,15286,1,2023-06-16,Poor User Experience
115287,15287,0,,Not Churned
115288,15288,0,,Not Churned
115289,15289,1,2023-06-08,Business Closure
115290,15290,0,,Not Churned
115291,15291,0,,Not Churned
115292,15292,0,,Not Churned
115293,15293,0,,Not Churned
115294,15294,1,2029-12-13,Contract Expired
115295,15295,0,,Not Churned
115296,15296,0,,Not Churned
115297,15297,1,2028-03-27,Business Closure
115298,15298,1,2025-10-05,Competitor
115299,15299,1,2026-04-29,Contract Expired
115300,15300,0,,Not Churned
115301,15301,0,,Not Churned
115302,15302,0,,Not Churned
115303,15303,0,,Not Churned
115304,15304,0,,Not Churned
115305,15305,1,2026-09-04,Competitor
115306,15306,0,,Not Churned
115307,15307,0,,Not Churned
115308,15308,0,,Not Churned
115309,15309,0,,Not Churned
115310,15310,0,,Not Churned
115311,15311,1,2028-06-17,Competitor
115312,15312,0,,Not Churned
115313,15313,0,,Not Churned
115314,15314,0,,Not Churned
115315,15315,0,,Not Churned
115316,15316,0,,Not Churned
115317,15317,0,,Not Churned
115318,15318,1,2028-04-27,Business Closure
115319,15319,1,2024-01-12,High Price
115320,15320,0,,Not Churned
115321,15321,0,,Not Churned
115322,15322,0,,Not Churned
115323,15323,1,2026-06-08,Competitor
115324,15324,1,2026-12-29,Poor User Experience
115325,15325,0,,Not Churned
115326,15326,0,,Not Churned
115327,15327,0,,Not Churned
115328,15328,1,2027-02-14,Contract Expired
115329,15329,0,,Not Churned
115330,15330,0,,Not Churned
115331,15331,0,,Not Churned
115332,15332,0,,Not Churned
115333,15333,0,,Not Churned
115334,15334,0,,Not Churned
115335,15335,1,2030-02-28,Missing Features
115336,15336,0,,Not Churned
115337,15337,1,2026-07-31,Poor User Experience
115338,15338,0,,Not Churned
115339,15339,1,2026-04-16,Business Closure
115340,15340,0,,Not Churned
115341,15341,1,2027-06-20,Contract Expired
115342,15342,0,,Not Churned
115343,15343,1,2029-08-29,Competitor
115344,15344,0,,Not Churned
115345,15345,0,,Not Churned
115346,15346,0,,Not Churned
115347,15347,0,,Not Churned
115348,15348,0,,Not Churned
115349,15349,1,2027-04-17,Poor User Experience
115350,15350,1,2027-04-13,Business Closure
115351,15351,1,2028-07-21,Poor User Experience
115352,15352,0,,Not Churned
115353,15353,0,,Not Churned
115354,15354,0,,Not Churned
115355,15355,0,,Not Churned
115356,15356,0,,Not Churned
115357,15357,0,,Not Churned
115358,15358,0,,Not Churned
115359,15359,1,2028-10-10,Competitor
115360,15360,0,,Not Churned
115361,15361,0,,Not Churned
115362,15362,0,,Not Churned
115363,15363,0,,Not Churned
115364,15364,0,,Not Churned
115365,15365,0,,Not Churned
115366,15366,0,,Not Churned
115367,15367,0,,Not Churned
115368,15368,0,,Not Churned
115369,15369,0,,Not Churned
115370,15370,0,,Not Churned
115371,15371,0,,Not Churned
115372,15372,0,,Not Churned
115373,15373,1,2024-10-25,Contract Expired
115374,15374,0,,Not Churned
115375,15375,0,,Not Churned
115376,15376,1,2028-06-01,Competitor
115377,15377,0,,Not Churned
115378,15378,0,,Not Churned
115379,15379,1,2027-03-08,Business Closure
115380,15380,1,2026-09-10,Poor User Experience
115381,15381,0,,Not Churned
115382,15382,0,,Not Churned
115383,15383,0,,Not Churned
115384,15384,0,,Not Churned
115385,15385,0,,Not Churned
115386,15386,0,,Not Churned
115387,15387,1,2026-09-04,Poor User Experience
115388,15388,1,2028-11-04,Business Closure
115389,15389,1,2028-09-10,Poor User Experience
115390,15390,0,,Not Churned
115391,15391,0,,Not Churned
115392,15392,0,,Not Churned
115393,15393,0,,Not Churned
115394,15394,0,,Not Churned
115395,15395,0,,Not Churned
115396,15396,0,,Not Churned
115397,15397,1,2022-11-07,Competitor
115398,15398,0,,Not Churned
115399,15399,1,2024-12-02,Poor User Experience
115400,15400,1,2023-04-22,High Price
115401,15401,0,,Not Churned
115402,15402,0,,Not Churned
115403,15403,0,,Not Churned
115404,15404,0,,Not Churned
115405,15405,1,2025-12-18,Contract Expired
115406,15406,1,2028-05-21,Competitor
115407,15407,0,,Not Churned
115408,15408,0,,Not Churned
115409,15409,0,,Not Churned
115410,15410,0,,Not Churned
115411,15411,0,,Not Churned
115412,15412,0,,Not Churned
115413,15413,1,2025-07-23,Competitor
115414,15414,1,2028-06-01,Poor User Experience
115415,15415,1,2028-01-28,Business Closure
115416,15416,0,,Not Churned
115417,15417,0,,Not Churned
115418,15418,0,,Not Churned
115419,15419,1,2025-02-07,Competitor
115420,15420,1,2027-03-13,Contract Expired
115421,15421,0,,Not Churned
115422,15422,0,,Not Churned
115423,15423,0,,Not Churned
115424,15424,0,,Not Churned
115425,15425,0,,Not Churned
115426,15426,0,,Not Churned
115427,15427,1,2026-09-07,Contract Expired
115428,15428,1,2023-03-08,Poor User Experience
115429,15429,1,2025-02-14,Low Product Usage
115430,15430,0,,Not Churned
115431,15431,0,,Not Churned
115432,15432,0,,Not Churned
115433,15433,0,,Not Churned
115434,15434,0,,Not Churned
115435,15435,1,2027-06-14,Poor User Experience
115436,15436,0,,Not Churned
115437,15437,0,,Not Churned
115438,15438,0,,Not Churned
115439,15439,0,,Not Churned
115440,15440,0,,Not Churned
115441,15441,0,,Not Churned
115442,15442,0,,Not Churned
115443,15443,1,2027-12-22,Poor User Experience
115444,15444,1,2028-12-10,Poor User Experience
115445,15445,0,,Not Churned
115446,15446,0,,Not Churned
115447,15447,1,2023-07-14,Contract Expired
115448,15448,0,,Not Churned
115449,15449,1,2023-09-30,Competitor
115450,15450,0,,Not Churned
115451,15451,1,2026-01-26,Poor User Experience
115452,15452,0,,Not Churned
115453,15453,0,,Not Churned
115454,15454,0,,Not Churned
115455,15455,0,,Not Churned
115456,15456,0,,Not Churned
115457,15457,0,,Not Churned
115458,15458,1,2024-10-12,Poor User Experience
115459,15459,1,2026-06-13,Business Closure
115460,15460,0,,Not Churned
115461,15461,0,,Not Churned
115462,15462,0,,Not Churned
115463,15463,0,,Not Churned
115464,15464,0,,Not Churned
115465,15465,0,,Not Churned
115466,15466,0,,Not Churned
115467,15467,0,,Not Churned
115468,15468,0,,Not Churned
115469,15469,0,,Not Churned
115470,15470,0,,Not Churned
115471,15471,0,,Not Churned
115472,15472,0,,Not Churned
115473,15473,1,2025-02-08,Poor User Experience
115474,15474,0,,Not Churned
115475,15475,1,2029-03-04,Poor Support
115476,15476,0,,Not Churned
115477,15477,0,,Not Churned
115478,15478,1,2027-07-01,Low Product Usage
115479,15479,0,,Not Churned
115480,15480,0,,Not Churned
115481,15481,0,,Not Churned
115482,15482,0,,Not Churned
115483,15483,0,,Not Churned
115484,15484,1,2026-04-17,Contract Expired
115485,15485,0,,Not Churned
115486,15486,1,2027-11-09,Contract Expired
115487,15487,1,2022-10-15,Poor Support
115488,15488,1,2030-12-02,Poor User Experience
115489,15489,1,2027-06-07,Contract Expired
115490,15490,0,,Not Churned
115491,15491,0,,Not Churned
115492,15492,1,2025-12-27,Competitor
115493,15493,0,,Not Churned
115494,15494,0,,Not Churned
115495,15495,0,,Not Churned
115496,15496,0,,Not Churned
115497,15497,0,,Not Churned
115498,15498,1,2025-11-09,High Price
115499,15499,0,,Not Churned
115500,15500,1,2025-09-27,Poor User Experience
115501,15501,0,,Not Churned
115502,15502,0,,Not Churned
115503,15503,0,,Not Churned
115504,15504,0,,Not Churned
115505,15505,0,,Not Churned
115506,15506,0,,Not Churned
115507,15507,0,,Not Churned
115508,15508,0,,Not Churned
115509,15509,0,,Not Churned
115510,15510,0,,Not Churned
115511,15511,1,2029-02-15,Contract Expired
115512,15512,0,,Not Churned
115513,15513,1,2025-11-09,Business Closure
115514,15514,0,,Not Churned
115515,15515,1,2026-07-14,Competitor
115516,15516,0,,Not Churned
115517,15517,0,,Not Churned
115518,15518,1,2027-02-21,Poor User Experience
115519,15519,0,,Not Churned
115520,15520,0,,Not Churned
115521,15521,0,,Not Churned
115522,15522,0,,Not Churned
115523,15523,1,2028-05-11,Poor User Experience
115524,15524,1,2028-11-26,Business Closure
115525,15525,1,2024-12-28,Competitor
115526,15526,0,,Not Churned
115527,15527,1,2027-03-24,Business Closure
115528,15528,0,,Not Churned
115529,15529,1,2030-04-09,Poor User Experience
115530,15530,1,2030-05-11,Contract Expired
115531,15531,0,,Not Churned
115532,15532,0,,Not Churned
115533,15533,0,,Not Churned
115534,15534,0,,Not Churned
115535,15535,1,2023-05-23,Contract Expired
115536,15536,0,,Not Churned
115537,15537,1,2023-12-17,Competitor
115538,15538,0,,Not Churned
115539,15539,1,2026-03-27,Competitor
115540,15540,0,,Not Churned
115541,15541,0,,Not Churned
115542,15542,1,2023-02-11,Poor Support
115543,15543,0,,Not Churned
115544,15544,0,,Not Churned
115545,15545,0,,Not Churned
115546,15546,0,,Not Churned
115547,15547,0,,Not Churned
115548,15548,0,,Not Churned
115549,15549,0,,Not Churned
115550,15550,1,2026-04-28,Missing Features
115551,15551,1,2026-12-23,Business Closure
115552,15552,0,,Not Churned
115553,15553,1,2025-12-02,Competitor
115554,15554,0,,Not Churned
115555,15555,0,,Not Churned
115556,15556,0,,Not Churned
115557,15557,0,,Not Churned
115558,15558,1,2025-02-21,Poor User Experience
115559,15559,0,,Not Churned
115560,15560,1,2027-02-08,Business Closure
115561,15561,1,2023-01-31,Contract Expired
115562,15562,1,2030-12-05,Poor User Experience
115563,15563,0,,Not Churned
115564,15564,1,2029-02-11,Poor User Experience
115565,15565,0,,Not Churned
115566,15566,0,,Not Churned
115567,15567,0,,Not Churned
115568,15568,0,,Not Churned
115569,15569,1,2022-04-17,Business Closure
115570,15570,0,,Not Churned
115571,15571,0,,Not Churned
115572,15572,0,,Not Churned
115573,15573,0,,Not Churned
115574,15574,1,2025-05-05,Competitor
115575,15575,1,2029-03-11,Contract Expired
115576,15576,0,,Not Churned
115577,15577,0,,Not Churned
115578,15578,0,,Not Churned
115579,15579,0,,Not Churned
115580,15580,0,,Not Churned
115581,15581,0,,Not Churned
115582,15582,0,,Not Churned
115583,15583,0,,Not Churned
115584,15584,0,,Not Churned
115585,15585,0,,Not Churned
115586,15586,1,2025-11-13,Contract Expired
115587,15587,0,,Not Churned
115588,15588,0,,Not Churned
115589,15589,0,,Not Churned
115590,15590,0,,Not Churned
115591,15591,1,2027-10-08,Competitor
115592,15592,0,,Not Churned
115593,15593,0,,Not Churned
115594,15594,0,,Not Churned
115595,15595,0,,Not Churned
115596,15596,0,,Not Churned
115597,15597,1,2026-03-21,Poor User Experience
115598,15598,0,,Not Churned
115599,15599,0,,Not Churned
115600,15600,0,,Not Churned
115601,15601,0,,Not Churned
115602,15602,0,,Not Churned
115603,15603,1,2026-11-18,Business Closure
115604,15604,0,,Not Churned
115605,15605,1,2025-12-14,Business Closure
115606,15606,0,,Not Churned
115607,15607,0,,Not Churned
115608,15608,0,,Not Churned
115609,15609,1,2024-09-01,Poor User Experience
115610,15610,0,,Not Churned
115611,15611,1,2022-10-08,Competitor
115612,15612,0,,Not Churned
115613,15613,1,2026-05-25,Competitor
115614,15614,0,,Not Churned
115615,15615,0,,Not Churned
115616,15616,0,,Not Churned
115617,15617,0,,Not Churned
115618,15618,0,,Not Churned
115619,15619,1,2023-03-02,Contract Expired
115620,15620,1,2029-07-28,Competitor
115621,15621,0,,Not Churned
115622,15622,0,,Not Churned
115623,15623,0,,Not Churned
115624,15624,0,,Not Churned
115625,15625,0,,Not Churned
115626,15626,0,,Not Churned
115627,15627,1,2022-10-19,High Price
115628,15628,0,,Not Churned
115629,15629,0,,Not Churned
115630,15630,1,2026-03-15,Business Closure
115631,15631,0,,Not Churned
115632,15632,0,,Not Churned
115633,15633,0,,Not Churned
115634,15634,0,,Not Churned
115635,15635,0,,Not Churned
115636,15636,0,,Not Churned
115637,15637,0,,Not Churned
115638,15638,0,,Not Churned
115639,15639,0,,Not Churned
115640,15640,0,,Not Churned
115641,15641,1,2029-02-09,Low Product Usage
115642,15642,0,,Not Churned
115643,15643,0,,Not Churned
115644,15644,0,,Not Churned
115645,15645,1,2025-05-05,Business Closure
115646,15646,0,,Not Churned
115647,15647,0,,Not Churned
115648,15648,0,,Not Churned
115649,15649,0,,Not Churned
115650,15650,0,,Not Churned
115651,15651,0,,Not Churned
115652,15652,0,,Not Churned
115653,15653,0,,Not Churned
115654,15654,0,,Not Churned
115655,15655,0,,Not Churned
115656,15656,0,,Not Churned
115657,15657,0,,Not Churned
115658,15658,0,,Not Churned
115659,15659,1,2025-07-08,Business Closure
115660,15660,0,,Not Churned
115661,15661,0,,Not Churned
115662,15662,0,,Not Churned
115663,15663,0,,Not Churned
115664,15664,1,2026-10-25,Poor Support
115665,15665,1,2027-02-07,Low Product Usage
115666,15666,0,,Not Churned
115667,15667,0,,Not Churned
115668,15668,0,,Not Churned
115669,15669,0,,Not Churned
115670,15670,0,,Not Churned
115671,15671,0,,Not Churned
115672,15672,0,,Not Churned
115673,15673,0,,Not Churned
115674,15674,1,2029-04-29,Business Closure
115675,15675,1,2025-08-09,Poor Support
115676,15676,0,,Not Churned
115677,15677,1,2027-11-10,Contract Expired
115678,15678,0,,Not Churned
115679,15679,1,2027-11-07,Competitor
115680,15680,0,,Not Churned
115681,15681,0,,Not Churned
115682,15682,0,,Not Churned
115683,15683,0,,Not Churned
115684,15684,1,2025-11-21,Competitor
115685,15685,0,,Not Churned
115686,15686,0,,Not Churned
115687,15687,0,,Not Churned
115688,15688,1,2027-02-12,Business Closure
115689,15689,1,2027-01-15,Business Closure
115690,15690,0,,Not Churned
115691,15691,0,,Not Churned
115692,15692,0,,Not Churned
115693,15693,1,2026-12-18,Business Closure
115694,15694,1,2026-05-04,Contract Expired
115695,15695,1,2028-06-30,Business Closure
115696,15696,0,,Not Churned
115697,15697,0,,Not Churned
115698,15698,0,,Not Churned
115699,15699,0,,Not Churned
115700,15700,0,,Not Churned
115701,15701,0,,Not Churned
115702,15702,0,,Not Churned
115703,15703,0,,Not Churned
115704,15704,0,,Not Churned
115705,15705,0,,Not Churned
115706,15706,0,,Not Churned
115707,15707,1,2025-06-27,Competitor
115708,15708,0,,Not Churned
115709,15709,0,,Not Churned
115710,15710,1,2025-06-29,Business Closure
115711,15711,0,,Not Churned
115712,15712,0,,Not Churned
115713,15713,1,2025-09-06,High Price
115714,15714,0,,Not Churned
115715,15715,0,,Not Churned
115716,15716,0,,Not Churned
115717,15717,1,2025-12-18,Business Closure
115718,15718,0,,Not Churned
115719,15719,0,,Not Churned
115720,15720,1,2030-11-15,Contract Expired
115721,15721,0,,Not Churned
115722,15722,0,,Not Churned
115723,15723,0,,Not Churned
115724,15724,0,,Not Churned
115725,15725,1,2027-05-30,Contract Expired
115726,15726,0,,Not Churned
115727,15727,0,,Not Churned
115728,15728,0,,Not Churned
115729,15729,1,2031-02-26,Poor User Experience
115730,15730,0,,Not Churned
115731,15731,0,,Not Churned
115732,15732,0,,Not Churned
115733,15733,0,,Not Churned
115734,15734,0,,Not Churned
115735,15735,1,2029-04-10,Contract Expired
115736,15736,0,,Not Churned
115737,15737,1,2022-04-25,Contract Expired
115738,15738,0,,Not Churned
115739,15739,0,,Not Churned
115740,15740,0,,Not Churned
115741,15741,0,,Not Churned
115742,15742,1,2027-01-07,Poor User Experience
115743,15743,0,,Not Churned
115744,15744,1,2026-08-24,Competitor
115745,15745,0,,Not Churned
115746,15746,0,,Not Churned
115747,15747,0,,Not Churned
115748,15748,0,,Not Churned
115749,15749,1,2023-12-21,Business Closure
115750,15750,1,2024-03-02,Contract Expired
115751,15751,0,,Not Churned
115752,15752,0,,Not Churned
115753,15753,0,,Not Churned
115754,15754,1,2028-10-31,Poor User Experience
115755,15755,0,,Not Churned
115756,15756,0,,Not Churned
115757,15757,0,,Not Churned
115758,15758,0,,Not Churned
115759,15759,1,2022-07-02,Contract Expired
115760,15760,0,,Not Churned
115761,15761,0,,Not Churned
115762,15762,0,,Not Churned
115763,15763,0,,Not Churned
115764,15764,0,,Not Churned
115765,15765,0,,Not Churned
115766,15766,1,2026-07-06,Poor Support
115767,15767,0,,Not Churned
115768,15768,0,,Not Churned
115769,15769,0,,Not Churned
115770,15770,0,,Not Churned
115771,15771,0,,Not Churned
115772,15772,0,,Not Churned
115773,15773,1,2028-07-01,Poor User Experience
115774,15774,0,,Not Churned
115775,15775,0,,Not Churned
115776,15776,1,2025-06-21,Competitor
115777,15777,0,,Not Churned
115778,15778,0,,Not Churned
115779,15779,0,,Not Churned
115780,15780,1,2028-10-18,Competitor
115781,15781,0,,Not Churned
115782,15782,0,,Not Churned
115783,15783,0,,Not Churned
115784,15784,0,,Not Churned
115785,15785,1,2025-11-14,High Price
115786,15786,0,,Not Churned
115787,15787,1,2029-09-01,Competitor
115788,15788,1,2028-11-22,Contract Expired
115789,15789,0,,Not Churned
115790,15790,0,,Not Churned
115791,15791,0,,Not Churned
115792,15792,0,,Not Churned
115793,15793,1,2028-10-03,Competitor
115794,15794,0,,Not Churned
115795,15795,0,,Not Churned
115796,15796,0,,Not Churned
115797,15797,0,,Not Churned
115798,15798,0,,Not Churned
115799,15799,1,2030-12-01,Contract Expired
115800,15800,1,2025-09-27,Business Closure
115801,15801,0,,Not Churned
115802,15802,0,,Not Churned
115803,15803,0,,Not Churned
115804,15804,0,,Not Churned
115805,15805,1,2024-09-09,Contract Expired
115806,15806,1,2022-08-11,Competitor
115807,15807,0,,Not Churned
115808,15808,0,,Not Churned
115809,15809,1,2023-12-30,Business Closure
115810,15810,0,,Not Churned
115811,15811,1,2026-08-24,Business Closure
115812,15812,1,2026-06-03,Business Closure
115813,15813,0,,Not Churned
115814,15814,1,2023-07-27,Contract Expired
115815,15815,1,2028-08-15,Competitor
115816,15816,0,,Not Churned
115817,15817,0,,Not Churned
115818,15818,1,2027-06-06,Poor User Experience
115819,15819,0,,Not Churned
115820,15820,0,,Not Churned
115821,15821,0,,Not Churned
115822,15822,1,2028-10-18,Contract Expired
115823,15823,0,,Not Churned
115824,15824,0,,Not Churned
115825,15825,0,,Not Churned
115826,15826,0,,Not Churned
115827,15827,0,,Not Churned
115828,15828,0,,Not Churned
115829,15829,0,,Not Churned
115830,15830,0,,Not Churned
115831,15831,1,2026-12-25,Poor User Experience
115832,15832,1,2027-07-29,Contract Expired
115833,15833,0,,Not Churned
115834,15834,0,,Not Churned
115835,15835,0,,Not Churned
115836,15836,1,2028-12-21,Contract Expired
115837,15837,0,,Not Churned
115838,15838,0,,Not Churned
115839,15839,1,2027-11-12,Poor User Experience
115840,15840,0,,Not Churned
115841,15841,0,,Not Churned
115842,15842,1,2030-01-01,Poor User Experience
115843,15843,0,,Not Churned
115844,15844,0,,Not Churned
115845,15845,0,,Not Churned
115846,15846,0,,Not Churned
115847,15847,1,2027-05-03,Poor Support
115848,15848,0,,Not Churned
115849,15849,0,,Not Churned
115850,15850,0,,Not Churned
115851,15851,0,,Not Churned
115852,15852,0,,Not Churned
115853,15853,0,,Not Churned
115854,15854,0,,Not Churned
115855,15855,0,,Not Churned
115856,15856,0,,Not Churned
115857,15857,0,,Not Churned
115858,15858,0,,Not Churned
115859,15859,0,,Not Churned
115860,15860,0,,Not Churned
115861,15861,1,2028-01-21,Contract Expired
115862,15862,0,,Not Churned
115863,15863,0,,Not Churned
115864,15864,1,2025-04-04,Competitor
115865,15865,1,2029-05-28,Poor Support
115866,15866,0,,Not Churned
115867,15867,0,,Not Churned
115868,15868,1,2027-05-30,Business Closure
115869,15869,0,,Not Churned
115870,15870,0,,Not Churned
115871,15871,0,,Not Churned
115872,15872,1,2027-06-11,Business Closure
115873,15873,1,2025-04-03,Business Closure
115874,15874,1,2026-03-18,Poor Support
115875,15875,0,,Not Churned
115876,15876,0,,Not Churned
115877,15877,0,,Not Churned
115878,15878,0,,Not Churned
115879,15879,0,,Not Churned
115880,15880,0,,Not Churned
115881,15881,0,,Not Churned
115882,15882,0,,Not Churned
115883,15883,0,,Not Churned
115884,15884,0,,Not Churned
115885,15885,0,,Not Churned
115886,15886,0,,Not Churned
115887,15887,0,,Not Churned
115888,15888,0,,Not Churned
115889,15889,0,,Not Churned
115890,15890,0,,Not Churned
115891,15891,0,,Not Churned
115892,15892,1,2025-04-01,Competitor
115893,15893,0,,Not Churned
115894,15894,1,2023-06-04,Poor User Experience
115895,15895,1,2024-08-24,Competitor
115896,15896,0,,Not Churned
115897,15897,0,,Not Churned
115898,15898,0,,Not Churned
115899,15899,0,,Not Churned
115900,15900,1,2022-09-18,Competitor
115901,15901,1,2027-06-07,Competitor
115902,15902,1,2027-04-30,Business Closure
115903,15903,0,,Not Churned
115904,15904,0,,Not Churned
115905,15905,0,,Not Churned
115906,15906,0,,Not Churned
115907,15907,0,,Not Churned
115908,15908,0,,Not Churned
115909,15909,0,,Not Churned
115910,15910,0,,Not Churned
115911,15911,0,,Not Churned
115912,15912,1,2024-08-29,High Price
115913,15913,0,,Not Churned
115914,15914,0,,Not Churned
115915,15915,1,2027-12-19,Competitor
115916,15916,1,2028-08-22,Business Closure
115917,15917,1,2023-07-26,Business Closure
115918,15918,0,,Not Churned
115919,15919,0,,Not Churned
115920,15920,1,2027-11-24,Business Closure
115921,15921,1,2027-08-28,Poor User Experience
115922,15922,1,2029-01-15,Poor User Experience
115923,15923,0,,Not Churned
115924,15924,1,2030-01-24,Business Closure
115925,15925,1,2027-10-27,Business Closure
115926,15926,0,,Not Churned
115927,15927,0,,Not Churned
115928,15928,0,,Not Churned
115929,15929,0,,Not Churned
115930,15930,0,,Not Churned
115931,15931,1,2029-02-14,Contract Expired
115932,15932,0,,Not Churned
115933,15933,0,,Not Churned
115934,15934,0,,Not Churned
115935,15935,0,,Not Churned
115936,15936,1,2030-11-17,Contract Expired
115937,15937,1,2027-10-04,Business Closure
115938,15938,0,,Not Churned
115939,15939,0,,Not Churned
115940,15940,1,2024-12-31,Contract Expired
115941,15941,1,2025-01-01,Contract Expired
115942,15942,0,,Not Churned
115943,15943,1,2026-07-18,Competitor
115944,15944,1,2025-02-16,Poor User Experience
115945,15945,1,2026-11-25,Business Closure
115946,15946,0,,Not Churned
115947,15947,0,,Not Churned
115948,15948,0,,Not Churned
115949,15949,0,,Not Churned
115950,15950,0,,Not Churned
115951,15951,0,,Not Churned
115952,15952,0,,Not Churned
115953,15953,0,,Not Churned
115954,15954,1,2028-01-31,Contract Expired
115955,15955,0,,Not Churned
115956,15956,0,,Not Churned
115957,15957,0,,Not Churned
115958,15958,0,,Not Churned
115959,15959,0,,Not Churned
115960,15960,0,,Not Churned
115961,15961,0,,Not Churned
115962,15962,0,,Not Churned
115963,15963,0,,Not Churned
115964,15964,1,2025-12-02,Competitor
115965,15965,0,,Not Churned
115966,15966,0,,Not Churned
115967,15967,0,,Not Churned
115968,15968,0,,Not Churned
115969,15969,0,,Not Churned
115970,15970,1,2026-02-14,Poor User Experience
115971,15971,0,,Not Churned
115972,15972,0,,Not Churned
115973,15973,0,,Not Churned
115974,15974,1,2027-03-25,Contract Expired
115975,15975,0,,Not Churned
115976,15976,0,,Not Churned
115977,15977,0,,Not Churned
115978,15978,0,,Not Churned
115979,15979,0,,Not Churned
115980,15980,1,2029-02-20,Competitor
115981,15981,0,,Not Churned
115982,15982,0,,Not Churned
115983,15983,0,,Not Churned
115984,15984,0,,Not Churned
115985,15985,1,2029-11-21,Poor Support
115986,15986,0,,Not Churned
115987,15987,1,2025-08-12,Contract Expired
115988,15988,0,,Not Churned
115989,15989,1,2025-06-20,Competitor
115990,15990,1,2023-04-01,Competitor
115991,15991,0,,Not Churned
115992,15992,0,,Not Churned
115993,15993,0,,Not Churned
115994,15994,0,,Not Churned
115995,15995,0,,Not Churned
115996,15996,0,,Not Churned
115997,15997,1,2028-01-28,High Price
115998,15998,0,,Not Churned
115999,15999,0,,Not Churned
116000,16000,1,2028-10-28,Business Closure
116001,16001,1,2022-07-08,Missing Features
116002,16002,0,,Not Churned
116003,16003,1,2028-01-05,Contract Expired
116004,16004,1,2029-02-06,Poor User Experience
116005,16005,0,,Not Churned
116006,16006,1,2024-04-18,Competitor
116007,16007,1,2023-07-19,Contract Expired
116008,16008,0,,Not Churned
116009,16009,0,,Not Churned
116010,16010,1,2030-01-08,Business Closure
116011,16011,0,,Not Churned
116012,16012,1,2029-07-19,Competitor
116013,16013,0,,Not Churned
116014,16014,1,2025-03-02,Business Closure
116015,16015,1,2028-10-09,Missing Features
116016,16016,0,,Not Churned
116017,16017,1,2024-04-05,Contract Expired
116018,16018,0,,Not Churned
116019,16019,1,2026-04-28,Poor User Experience
116020,16020,0,,Not Churned
116021,16021,0,,Not Churned
116022,16022,1,2027-03-25,Poor Support
116023,16023,0,,Not Churned
116024,16024,0,,Not Churned
116025,16025,0,,Not Churned
116026,16026,0,,Not Churned
116027,16027,0,,Not Churned
116028,16028,0,,Not Churned
116029,16029,0,,Not Churned
116030,16030,0,,Not Churned
116031,16031,0,,Not Churned
116032,16032,1,2027-12-24,Contract Expired
116033,16033,0,,Not Churned
116034,16034,0,,Not Churned
116035,16035,0,,Not Churned
116036,16036,0,,Not Churned
116037,16037,0,,Not Churned
116038,16038,0,,Not Churned
116039,16039,1,2025-06-21,Contract Expired
116040,16040,0,,Not Churned
116041,16041,0,,Not Churned
116042,16042,0,,Not Churned
116043,16043,0,,Not Churned
116044,16044,0,,Not Churned
116045,16045,0,,Not Churned
116046,16046,0,,Not Churned
116047,16047,0,,Not Churned
116048,16048,0,,Not Churned
116049,16049,0,,Not Churned
116050,16050,1,2023-08-29,Business Closure
116051,16051,0,,Not Churned
116052,16052,0,,Not Churned
116053,16053,0,,Not Churned
116054,16054,0,,Not Churned
116055,16055,0,,Not Churned
116056,16056,0,,Not Churned
116057,16057,0,,Not Churned
116058,16058,0,,Not Churned
116059,16059,1,2025-07-20,Low Product Usage
116060,16060,0,,Not Churned
116061,16061,0,,Not Churned
116062,16062,0,,Not Churned
116063,16063,0,,Not Churned
116064,16064,0,,Not Churned
116065,16065,0,,Not Churned
116066,16066,0,,Not Churned
116067,16067,1,2025-08-15,Contract Expired
116068,16068,0,,Not Churned
116069,16069,0,,Not Churned
116070,16070,0,,Not Churned
116071,16071,0,,Not Churned
116072,16072,1,2024-03-15,Business Closure
116073,16073,0,,Not Churned
116074,16074,0,,Not Churned
116075,16075,0,,Not Churned
116076,16076,0,,Not Churned
116077,16077,0,,Not Churned
116078,16078,1,2029-03-09,Contract Expired
116079,16079,0,,Not Churned
116080,16080,0,,Not Churned
116081,16081,0,,Not Churned
116082,16082,0,,Not Churned
116083,16083,0,,Not Churned
116084,16084,1,2024-02-03,Poor User Experience
116085,16085,0,,Not Churned
116086,16086,0,,Not Churned
116087,16087,0,,Not Churned
116088,16088,0,,Not Churned
116089,16089,1,2028-12-18,Poor User Experience
116090,16090,0,,Not Churned
116091,16091,0,,Not Churned
116092,16092,1,2027-09-03,Low Product Usage
116093,16093,1,2024-10-05,Competitor
116094,16094,0,,Not Churned
116095,16095,0,,Not Churned
116096,16096,1,2025-04-13,Poor User Experience
116097,16097,1,2026-02-18,Competitor
116098,16098,0,,Not Churned
116099,16099,1,2026-11-12,Contract Expired
116100,16100,1,2027-04-16,Competitor
116101,16101,0,,Not Churned
116102,16102,1,2024-03-10,Business Closure
116103,16103,0,,Not Churned
116104,16104,1,2024-10-14,Contract Expired
116105,16105,0,,Not Churned
116106,16106,0,,Not Churned
116107,16107,1,2027-06-27,Contract Expired
116108,16108,0,,Not Churned
116109,16109,0,,Not Churned
116110,16110,0,,Not Churned
116111,16111,0,,Not Churned
116112,16112,1,2026-01-07,Low Product Usage
116113,16113,0,,Not Churned
116114,16114,0,,Not Churned
116115,16115,0,,Not Churned
116116,16116,0,,Not Churned
116117,16117,0,,Not Churned
116118,16118,0,,Not Churned
116119,16119,0,,Not Churned
116120,16120,0,,Not Churned
116121,16121,1,2027-08-09,Missing Features
116122,16122,0,,Not Churned
116123,16123,1,2026-08-31,Contract Expired
116124,16124,0,,Not Churned
116125,16125,0,,Not Churned
116126,16126,0,,Not Churned
116127,16127,0,,Not Churned
116128,16128,0,,Not Churned
116129,16129,1,2027-07-27,Competitor
116130,16130,0,,Not Churned
116131,16131,0,,Not Churned
116132,16132,0,,Not Churned
116133,16133,0,,Not Churned
116134,16134,0,,Not Churned
116135,16135,0,,Not Churned
116136,16136,0,,Not Churned
116137,16137,0,,Not Churned
116138,16138,0,,Not Churned
116139,16139,0,,Not Churned
116140,16140,0,,Not Churned
116141,16141,1,2027-05-22,Business Closure
116142,16142,1,2025-10-01,Business Closure
116143,16143,0,,Not Churned
116144,16144,0,,Not Churned
116145,16145,1,2022-09-15,Business Closure
116146,16146,0,,Not Churned
116147,16147,0,,Not Churned
116148,16148,0,,Not Churned
116149,16149,1,2026-07-24,Business Closure
116150,16150,0,,Not Churned
116151,16151,1,2025-03-14,Competitor
116152,16152,0,,Not Churned
116153,16153,0,,Not Churned
116154,16154,1,2024-09-19,Contract Expired
116155,16155,0,,Not Churned
116156,16156,0,,Not Churned
116157,16157,0,,Not Churned
116158,16158,1,2025-07-27,Low Product Usage
116159,16159,1,2026-10-19,Competitor
116160,16160,0,,Not Churned
116161,16161,1,2026-09-25,Competitor
116162,16162,0,,Not Churned
116163,16163,1,2027-09-05,Poor User Experience
116164,16164,0,,Not Churned
116165,16165,0,,Not Churned
116166,16166,1,2028-01-08,Competitor
116167,16167,0,,Not Churned
116168,16168,0,,Not Churned
116169,16169,0,,Not Churned
116170,16170,0,,Not Churned
116171,16171,0,,Not Churned
116172,16172,0,,Not Churned
116173,16173,0,,Not Churned
116174,16174,0,,Not Churned
116175,16175,0,,Not Churned
116176,16176,0,,Not Churned
116177,16177,0,,Not Churned
116178,16178,0,,Not Churned
116179,16179,0,,Not Churned
116180,16180,0,,Not Churned
116181,16181,0,,Not Churned
116182,16182,0,,Not Churned
116183,16183,0,,Not Churned
116184,16184,0,,Not Churned
116185,16185,0,,Not Churned
116186,16186,0,,Not Churned
116187,16187,1,2024-09-14,High Price
116188,16188,0,,Not Churned
116189,16189,1,2029-05-06,Business Closure
116190,16190,1,2026-09-09,Competitor
116191,16191,1,2025-08-19,Business Closure
116192,16192,0,,Not Churned
116193,16193,0,,Not Churned
116194,16194,0,,Not Churned
116195,16195,0,,Not Churned
116196,16196,0,,Not Churned
116197,16197,0,,Not Churned
116198,16198,0,,Not Churned
116199,16199,1,2027-04-16,Contract Expired
116200,16200,1,2026-06-28,Contract Expired
116201,16201,1,2025-11-16,Competitor
116202,16202,1,2024-01-13,Poor Support
116203,16203,0,,Not Churned
116204,16204,0,,Not Churned
116205,16205,0,,Not Churned
116206,16206,0,,Not Churned
116207,16207,0,,Not Churned
116208,16208,0,,Not Churned
116209,16209,0,,Not Churned
116210,16210,0,,Not Churned
116211,16211,0,,Not Churned
116212,16212,0,,Not Churned
116213,16213,0,,Not Churned
116214,16214,1,2025-10-09,Contract Expired
116215,16215,1,2025-11-13,Competitor
116216,16216,1,2023-09-29,Competitor
116217,16217,0,,Not Churned
116218,16218,0,,Not Churned
116219,16219,1,2027-09-16,Business Closure
116220,16220,0,,Not Churned
116221,16221,0,,Not Churned
116222,16222,1,2023-07-13,Missing Features
116223,16223,0,,Not Churned
116224,16224,0,,Not Churned
116225,16225,1,2029-06-10,Competitor
116226,16226,0,,Not Churned
116227,16227,1,2028-02-13,Poor User Experience
116228,16228,0,,Not Churned
116229,16229,0,,Not Churned
116230,16230,0,,Not Churned
116231,16231,0,,Not Churned
116232,16232,0,,Not Churned
116233,16233,1,2025-05-04,Poor Support
116234,16234,1,2031-02-16,Poor User Experience
116235,16235,1,2028-04-30,Competitor
116236,16236,0,,Not Churned
116237,16237,0,,Not Churned
116238,16238,0,,Not Churned
116239,16239,1,2026-10-31,Business Closure
116240,16240,1,2024-01-09,Competitor
116241,16241,0,,Not Churned
116242,16242,0,,Not Churned
116243,16243,0,,Not Churned
116244,16244,0,,Not Churned
116245,16245,0,,Not Churned
116246,16246,1,2024-07-01,Business Closure
116247,16247,0,,Not Churned
116248,16248,0,,Not Churned
116249,16249,0,,Not Churned
116250,16250,0,,Not Churned
116251,16251,0,,Not Churned
116252,16252,1,2027-02-21,Poor Support
116253,16253,0,,Not Churned
116254,16254,1,2023-07-23,Poor User Experience
116255,16255,0,,Not Churned
116256,16256,0,,Not Churned
116257,16257,0,,Not Churned
116258,16258,1,2025-05-15,Contract Expired
116259,16259,0,,Not Churned
116260,16260,0,,Not Churned
116261,16261,1,2027-02-26,Contract Expired
116262,16262,0,,Not Churned
116263,16263,0,,Not Churned
116264,16264,0,,Not Churned
116265,16265,0,,Not Churned
116266,16266,0,,Not Churned
116267,16267,0,,Not Churned
116268,16268,0,,Not Churned
116269,16269,0,,Not Churned
116270,16270,0,,Not Churned
116271,16271,0,,Not Churned
116272,16272,0,,Not Churned
116273,16273,0,,Not Churned
116274,16274,0,,Not Churned
116275,16275,1,2026-05-29,Business Closure
116276,16276,0,,Not Churned
116277,16277,0,,Not Churned
116278,16278,0,,Not Churned
116279,16279,1,2024-08-23,Poor User Experience
116280,16280,0,,Not Churned
116281,16281,0,,Not Churned
116282,16282,0,,Not Churned
116283,16283,0,,Not Churned
116284,16284,0,,Not Churned
116285,16285,1,2026-10-21,Low Product Usage
116286,16286,0,,Not Churned
116287,16287,0,,Not Churned
116288,16288,0,,Not Churned
116289,16289,0,,Not Churned
116290,16290,0,,Not Churned
116291,16291,0,,Not Churned
116292,16292,0,,Not Churned
116293,16293,0,,Not Churned
116294,16294,0,,Not Churned
116295,16295,0,,Not Churned
116296,16296,0,,Not Churned
116297,16297,0,,Not Churned
116298,16298,0,,Not Churned
116299,16299,0,,Not Churned
116300,16300,0,,Not Churned
116301,16301,0,,Not Churned
116302,16302,0,,Not Churned
116303,16303,0,,Not Churned
116304,16304,0,,Not Churned
116305,16305,1,2029-07-16,High Price
116306,16306,0,,Not Churned
116307,16307,0,,Not Churned
116308,16308,0,,Not Churned
116309,16309,0,,Not Churned
116310,16310,0,,Not Churned
116311,16311,1,2025-08-05,Competitor
116312,16312,1,2026-09-01,Competitor
116313,16313,0,,Not Churned
116314,16314,0,,Not Churned
116315,16315,0,,Not Churned
116316,16316,0,,Not Churned
116317,16317,0,,Not Churned
116318,16318,0,,Not Churned
116319,16319,0,,Not Churned
116320,16320,0,,Not Churned
116321,16321,1,2023-01-11,Contract Expired
116322,16322,0,,Not Churned
116323,16323,0,,Not Churned
116324,16324,0,,Not Churned
116325,16325,0,,Not Churned
116326,16326,0,,Not Churned
116327,16327,0,,Not Churned
116328,16328,0,,Not Churned
116329,16329,0,,Not Churned
116330,16330,1,2029-12-17,Business Closure
116331,16331,1,2029-11-10,Competitor
116332,16332,0,,Not Churned
116333,16333,1,2024-05-25,Poor User Experience
116334,16334,0,,Not Churned
116335,16335,1,2024-03-15,Competitor
116336,16336,0,,Not Churned
116337,16337,0,,Not Churned
116338,16338,0,,Not Churned
116339,16339,0,,Not Churned
116340,16340,0,,Not Churned
116341,16341,0,,Not Churned
116342,16342,0,,Not Churned
116343,16343,0,,Not Churned
116344,16344,1,2025-08-30,Competitor
116345,16345,0,,Not Churned
116346,16346,0,,Not Churned
116347,16347,1,2024-12-28,Contract Expired
116348,16348,0,,Not Churned
116349,16349,0,,Not Churned
116350,16350,1,2025-02-20,Competitor
116351,16351,0,,Not Churned
116352,16352,0,,Not Churned
116353,16353,0,,Not Churned
116354,16354,0,,Not Churned
116355,16355,0,,Not Churned
116356,16356,0,,Not Churned
116357,16357,0,,Not Churned
116358,16358,0,,Not Churned
116359,16359,0,,Not Churned
116360,16360,0,,Not Churned
116361,16361,0,,Not Churned
116362,16362,1,2025-09-18,Competitor
116363,16363,0,,Not Churned
116364,16364,0,,Not Churned
116365,16365,0,,Not Churned
116366,16366,0,,Not Churned
116367,16367,0,,Not Churned
116368,16368,0,,Not Churned
116369,16369,0,,Not Churned
116370,16370,1,2024-09-27,Business Closure
116371,16371,0,,Not Churned
116372,16372,0,,Not Churned
116373,16373,0,,Not Churned
116374,16374,0,,Not Churned
116375,16375,0,,Not Churned
116376,16376,1,2023-02-18,Contract Expired
116377,16377,1,2025-07-31,Business Closure
116378,16378,0,,Not Churned
116379,16379,0,,Not Churned
116380,16380,0,,Not Churned
116381,16381,0,,Not Churned
116382,16382,0,,Not Churned
116383,16383,0,,Not Churned
116384,16384,0,,Not Churned
116385,16385,1,2025-08-23,Competitor
116386,16386,0,,Not Churned
116387,16387,0,,Not Churned
116388,16388,0,,Not Churned
116389,16389,0,,Not Churned
116390,16390,0,,Not Churned
116391,16391,0,,Not Churned
116392,16392,0,,Not Churned
116393,16393,0,,Not Churned
116394,16394,0,,Not Churned
116395,16395,0,,Not Churned
116396,16396,0,,Not Churned
116397,16397,0,,Not Churned
116398,16398,1,2025-07-17,Business Closure
116399,16399,0,,Not Churned
116400,16400,1,2023-12-17,Competitor
116401,16401,1,2023-04-20,Business Closure
116402,16402,0,,Not Churned
116403,16403,0,,Not Churned
116404,16404,0,,Not Churned
116405,16405,0,,Not Churned
116406,16406,0,,Not Churned
116407,16407,0,,Not Churned
116408,16408,0,,Not Churned
116409,16409,0,,Not Churned
116410,16410,1,2024-04-15,Missing Features
116411,16411,0,,Not Churned
116412,16412,0,,Not Churned
116413,16413,1,2027-11-06,Competitor
116414,16414,0,,Not Churned
116415,16415,0,,Not Churned
116416,16416,0,,Not Churned
116417,16417,0,,Not Churned
116418,16418,1,2024-07-27,High Price
116419,16419,0,,Not Churned
116420,16420,1,2026-07-22,Business Closure
116421,16421,0,,Not Churned
116422,16422,1,2022-07-31,Contract Expired
116423,16423,0,,Not Churned
116424,16424,0,,Not Churned
116425,16425,0,,Not Churned
116426,16426,0,,Not Churned
116427,16427,0,,Not Churned
116428,16428,0,,Not Churned
116429,16429,0,,Not Churned
116430,16430,0,,Not Churned
116431,16431,0,,Not Churned
116432,16432,0,,Not Churned
116433,16433,1,2025-06-11,Contract Expired
116434,16434,0,,Not Churned
116435,16435,0,,Not Churned
116436,16436,0,,Not Churned
116437,16437,0,,Not Churned
116438,16438,0,,Not Churned
116439,16439,0,,Not Churned
116440,16440,0,,Not Churned
116441,16441,0,,Not Churned
116442,16442,0,,Not Churned
116443,16443,0,,Not Churned
116444,16444,0,,Not Churned
116445,16445,0,,Not Churned
116446,16446,0,,Not Churned
116447,16447,0,,Not Churned
116448,16448,0,,Not Churned
116449,16449,0,,Not Churned
116450,16450,1,2028-07-12,Business Closure
116451,16451,0,,Not Churned
116452,16452,0,,Not Churned
116453,16453,0,,Not Churned
116454,16454,0,,Not Churned
116455,16455,0,,Not Churned
116456,16456,0,,Not Churned
116457,16457,0,,Not Churned
116458,16458,0,,Not Churned
116459,16459,0,,Not Churned
116460,16460,0,,Not Churned
116461,16461,1,2026-12-03,Business Closure
116462,16462,0,,Not Churned
116463,16463,0,,Not Churned
116464,16464,1,2028-07-20,Competitor
116465,16465,0,,Not Churned
116466,16466,1,2027-12-01,Contract Expired
116467,16467,0,,Not Churned
116468,16468,1,2028-06-28,Competitor
116469,16469,0,,Not Churned
116470,16470,0,,Not Churned
116471,16471,1,2026-06-24,Business Closure
116472,16472,0,,Not Churned
116473,16473,1,2029-11-21,Business Closure
116474,16474,0,,Not Churned
116475,16475,1,2026-02-12,Poor Support
116476,16476,0,,Not Churned
116477,16477,1,2023-12-06,Business Closure
116478,16478,0,,Not Churned
116479,16479,1,2028-06-16,Business Closure
116480,16480,0,,Not Churned
116481,16481,0,,Not Churned
116482,16482,0,,Not Churned
116483,16483,0,,Not Churned
116484,16484,1,2025-04-25,Business Closure
116485,16485,0,,Not Churned
116486,16486,0,,Not Churned
116487,16487,0,,Not Churned
116488,16488,0,,Not Churned
116489,16489,1,2026-11-25,Contract Expired
116490,16490,0,,Not Churned
116491,16491,0,,Not Churned
116492,16492,0,,Not Churned
116493,16493,0,,Not Churned
116494,16494,0,,Not Churned
116495,16495,0,,Not Churned
116496,16496,0,,Not Churned
116497,16497,0,,Not Churned
116498,16498,0,,Not Churned
116499,16499,0,,Not Churned
116500,16500,1,2024-02-12,Poor Support
116501,16501,0,,Not Churned
116502,16502,1,2025-11-04,Competitor
116503,16503,0,,Not Churned
116504,16504,0,,Not Churned
116505,16505,0,,Not Churned
116506,16506,0,,Not Churned
116507,16507,0,,Not Churned
116508,16508,0,,Not Churned
116509,16509,0,,Not Churned
116510,16510,1,2025-03-30,Business Closure
116511,16511,0,,Not Churned
116512,16512,0,,Not Churned
116513,16513,0,,Not Churned
116514,16514,0,,Not Churned
116515,16515,1,2025-11-05,Competitor
116516,16516,0,,Not Churned
116517,16517,0,,Not Churned
116518,16518,1,2030-12-23,Competitor
116519,16519,0,,Not Churned
116520,16520,0,,Not Churned
116521,16521,0,,Not Churned
116522,16522,0,,Not Churned
116523,16523,0,,Not Churned
116524,16524,0,,Not Churned
116525,16525,0,,Not Churned
116526,16526,0,,Not Churned
116527,16527,0,,Not Churned
116528,16528,0,,Not Churned
116529,16529,1,2027-09-28,Business Closure
116530,16530,0,,Not Churned
116531,16531,0,,Not Churned
116532,16532,0,,Not Churned
116533,16533,0,,Not Churned
116534,16534,0,,Not Churned
116535,16535,0,,Not Churned
116536,16536,0,,Not Churned
116537,16537,0,,Not Churned
116538,16538,0,,Not Churned
116539,16539,0,,Not Churned
116540,16540,0,,Not Churned
116541,16541,0,,Not Churned
116542,16542,1,2028-10-27,Business Closure
116543,16543,0,,Not Churned
116544,16544,0,,Not Churned
116545,16545,0,,Not Churned
116546,16546,0,,Not Churned
116547,16547,0,,Not Churned
116548,16548,0,,Not Churned
116549,16549,0,,Not Churned
116550,16550,0,,Not Churned
116551,16551,0,,Not Churned
116552,16552,0,,Not Churned
116553,16553,1,2026-02-27,Poor Support
116554,16554,0,,Not Churned
116555,16555,0,,Not Churned
116556,16556,0,,Not Churned
116557,16557,0,,Not Churned
116558,16558,0,,Not Churned
116559,16559,0,,Not Churned
116560,16560,0,,Not Churned
116561,16561,1,2023-01-31,Poor User Experience
116562,16562,0,,Not Churned
116563,16563,0,,Not Churned
116564,16564,0,,Not Churned
116565,16565,0,,Not Churned
116566,16566,0,,Not Churned
116567,16567,0,,Not Churned
116568,16568,1,2029-05-21,Poor User Experience
116569,16569,0,,Not Churned
116570,16570,0,,Not Churned
116571,16571,1,2029-02-03,Contract Expired
116572,16572,0,,Not Churned
116573,16573,0,,Not Churned
116574,16574,0,,Not Churned
116575,16575,1,2025-05-04,Business Closure
116576,16576,0,,Not Churned
116577,16577,0,,Not Churned
116578,16578,0,,Not Churned
116579,16579,0,,Not Churned
116580,16580,0,,Not Churned
116581,16581,0,,Not Churned
116582,16582,1,2028-07-25,Poor User Experience
116583,16583,0,,Not Churned
116584,16584,1,2024-07-04,Contract Expired
116585,16585,0,,Not Churned
116586,16586,0,,Not Churned
116587,16587,0,,Not Churned
116588,16588,0,,Not Churned
116589,16589,0,,Not Churned
116590,16590,0,,Not Churned
116591,16591,0,,Not Churned
116592,16592,0,,Not Churned
116593,16593,1,2026-10-22,Contract Expired
116594,16594,0,,Not Churned
116595,16595,0,,Not Churned
116596,16596,0,,Not Churned
116597,16597,1,2026-03-13,Contract Expired
116598,16598,1,2029-10-18,Business Closure
116599,16599,0,,Not Churned
116600,16600,1,2022-11-19,Business Closure
116601,16601,1,2027-05-19,Poor User Experience
116602,16602,0,,Not Churned
116603,16603,0,,Not Churned
116604,16604,0,,Not Churned
116605,16605,0,,Not Churned
116606,16606,1,2025-07-03,Business Closure
116607,16607,0,,Not Churned
116608,16608,0,,Not Churned
116609,16609,1,2022-04-17,Missing Features
116610,16610,1,2025-03-22,Poor User Experience
116611,16611,0,,Not Churned
116612,16612,1,2027-01-12,Business Closure
116613,16613,0,,Not Churned
116614,16614,0,,Not Churned
116615,16615,0,,Not Churned
116616,16616,0,,Not Churned
116617,16617,0,,Not Churned
116618,16618,0,,Not Churned
116619,16619,1,2023-05-04,Business Closure
116620,16620,0,,Not Churned
116621,16621,1,2025-12-09,Contract Expired
116622,16622,0,,Not Churned
116623,16623,0,,Not Churned
116624,16624,0,,Not Churned
116625,16625,0,,Not Churned
116626,16626,0,,Not Churned
116627,16627,0,,Not Churned
116628,16628,0,,Not Churned
116629,16629,0,,Not Churned
116630,16630,0,,Not Churned
116631,16631,0,,Not Churned
116632,16632,0,,Not Churned
116633,16633,0,,Not Churned
116634,16634,0,,Not Churned
116635,16635,0,,Not Churned
116636,16636,0,,Not Churned
116637,16637,0,,Not Churned
116638,16638,1,2028-09-03,Business Closure
116639,16639,0,,Not Churned
116640,16640,1,2025-10-03,Competitor
116641,16641,0,,Not Churned
116642,16642,0,,Not Churned
116643,16643,0,,Not Churned
116644,16644,1,2027-01-02,Business Closure
116645,16645,1,2022-09-26,High Price
116646,16646,0,,Not Churned
116647,16647,0,,Not Churned
116648,16648,0,,Not Churned
116649,16649,0,,Not Churned
116650,16650,0,,Not Churned
116651,16651,1,2023-02-25,Low Product Usage
116652,16652,0,,Not Churned
116653,16653,0,,Not Churned
116654,16654,1,2028-01-20,Business Closure
116655,16655,0,,Not Churned
116656,16656,0,,Not Churned
116657,16657,0,,Not Churned
116658,16658,0,,Not Churned
116659,16659,0,,Not Churned
116660,16660,1,2026-03-13,Poor User Experience
116661,16661,0,,Not Churned
116662,16662,0,,Not Churned
116663,16663,0,,Not Churned
116664,16664,0,,Not Churned
116665,16665,1,2023-12-13,Poor User Experience
116666,16666,0,,Not Churned
116667,16667,1,2027-02-23,Contract Expired
116668,16668,1,2023-04-20,Business Closure
116669,16669,0,,Not Churned
116670,16670,0,,Not Churned
116671,16671,0,,Not Churned
116672,16672,0,,Not Churned
116673,16673,0,,Not Churned
116674,16674,0,,Not Churned
116675,16675,1,2025-01-26,Low Product Usage
116676,16676,0,,Not Churned
116677,16677,1,2024-09-19,Contract Expired
116678,16678,0,,Not Churned
116679,16679,1,2023-05-29,Low Product Usage
116680,16680,0,,Not Churned
116681,16681,0,,Not Churned
116682,16682,0,,Not Churned
116683,16683,0,,Not Churned
116684,16684,0,,Not Churned
116685,16685,1,2024-11-21,Contract Expired
116686,16686,1,2025-08-16,Business Closure
116687,16687,0,,Not Churned
116688,16688,1,2022-11-06,Competitor
116689,16689,0,,Not Churned
116690,16690,0,,Not Churned
116691,16691,0,,Not Churned
116692,16692,0,,Not Churned
116693,16693,0,,Not Churned
116694,16694,0,,Not Churned
116695,16695,0,,Not Churned
116696,16696,0,,Not Churned
116697,16697,0,,Not Churned
116698,16698,0,,Not Churned
116699,16699,1,2026-07-18,Business Closure
116700,16700,0,,Not Churned
116701,16701,0,,Not Churned
116702,16702,1,2022-06-23,Competitor
116703,16703,0,,Not Churned
116704,16704,1,2026-07-14,Business Closure
116705,16705,1,2022-12-21,Missing Features
116706,16706,0,,Not Churned
116707,16707,0,,Not Churned
116708,16708,1,2024-05-31,Business Closure
116709,16709,1,2026-10-21,Contract Expired
116710,16710,0,,Not Churned
116711,16711,0,,Not Churned
116712,16712,0,,Not Churned
116713,16713,0,,Not Churned
116714,16714,1,2026-11-13,Business Closure
116715,16715,0,,Not Churned
116716,16716,0,,Not Churned
116717,16717,0,,Not Churned
116718,16718,0,,Not Churned
116719,16719,0,,Not Churned
116720,16720,1,2026-05-09,Poor User Experience
116721,16721,0,,Not Churned
116722,16722,0,,Not Churned
116723,16723,0,,Not Churned
116724,16724,0,,Not Churned
116725,16725,0,,Not Churned
116726,16726,0,,Not Churned
116727,16727,1,2023-01-03,Competitor
116728,16728,0,,Not Churned
116729,16729,1,2029-03-26,Poor User Experience
116730,16730,1,2027-03-21,Competitor
116731,16731,0,,Not Churned
116732,16732,0,,Not Churned
116733,16733,0,,Not Churned
116734,16734,0,,Not Churned
116735,16735,0,,Not Churned
116736,16736,0,,Not Churned
116737,16737,0,,Not Churned
116738,16738,0,,Not Churned
116739,16739,0,,Not Churned
116740,16740,0,,Not Churned
116741,16741,0,,Not Churned
116742,16742,0,,Not Churned
116743,16743,0,,Not Churned
116744,16744,0,,Not Churned
116745,16745,0,,Not Churned
116746,16746,0,,Not Churned
116747,16747,0,,Not Churned
116748,16748,1,2023-03-25,Contract Expired
116749,16749,0,,Not Churned
116750,16750,1,2025-06-27,Low Product Usage
116751,16751,0,,Not Churned
116752,16752,0,,Not Churned
116753,16753,0,,Not Churned
116754,16754,0,,Not Churned
116755,16755,0,,Not Churned
116756,16756,0,,Not Churned
116757,16757,1,2024-03-31,Business Closure
116758,16758,0,,Not Churned
116759,16759,0,,Not Churned
116760,16760,0,,Not Churned
116761,16761,0,,Not Churned
116762,16762,0,,Not Churned
116763,16763,1,2027-06-13,Contract Expired
116764,16764,0,,Not Churned
116765,16765,0,,Not Churned
116766,16766,0,,Not Churned
116767,16767,0,,Not Churned
116768,16768,0,,Not Churned
116769,16769,0,,Not Churned
116770,16770,0,,Not Churned
116771,16771,0,,Not Churned
116772,16772,0,,Not Churned
116773,16773,1,2026-01-29,Poor User Experience
116774,16774,0,,Not Churned
116775,16775,0,,Not Churned
116776,16776,0,,Not Churned
116777,16777,0,,Not Churned
116778,16778,0,,Not Churned
116779,16779,1,2025-11-09,Contract Expired
116780,16780,0,,Not Churned
116781,16781,1,2029-01-17,Competitor
116782,16782,0,,Not Churned
116783,16783,0,,Not Churned
116784,16784,0,,Not Churned
116785,16785,0,,Not Churned
116786,16786,0,,Not Churned
116787,16787,0,,Not Churned
116788,16788,0,,Not Churned
116789,16789,0,,Not Churned
116790,16790,0,,Not Churned
116791,16791,1,2026-08-05,Poor User Experience
116792,16792,0,,Not Churned
116793,16793,0,,Not Churned
116794,16794,0,,Not Churned
116795,16795,0,,Not Churned
116796,16796,0,,Not Churned
116797,16797,0,,Not Churned
116798,16798,0,,Not Churned
116799,16799,0,,Not Churned
116800,16800,0,,Not Churned
116801,16801,0,,Not Churned
116802,16802,1,2029-02-06,Missing Features
116803,16803,1,2026-01-22,Low Product Usage
116804,16804,0,,Not Churned
116805,16805,0,,Not Churned
116806,16806,0,,Not Churned
116807,16807,0,,Not Churned
116808,16808,1,2027-09-05,Contract Expired
116809,16809,0,,Not Churned
116810,16810,0,,Not Churned
116811,16811,1,2028-02-17,Competitor
116812,16812,0,,Not Churned
116813,16813,0,,Not Churned
116814,16814,1,2027-01-15,Contract Expired
116815,16815,0,,Not Churned
116816,16816,0,,Not Churned
116817,16817,0,,Not Churned
116818,16818,0,,Not Churned
116819,16819,0,,Not Churned
116820,16820,0,,Not Churned
116821,16821,0,,Not Churned
116822,16822,1,2027-06-30,Competitor
116823,16823,0,,Not Churned
116824,16824,0,,Not Churned
116825,16825,0,,Not Churned
116826,16826,0,,Not Churned
116827,16827,0,,Not Churned
116828,16828,1,2028-10-19,Contract Expired
116829,16829,0,,Not Churned
116830,16830,1,2026-07-26,Business Closure
116831,16831,0,,Not Churned
116832,16832,0,,Not Churned
116833,16833,0,,Not Churned
116834,16834,1,2027-05-27,Business Closure
116835,16835,0,,Not Churned
116836,16836,1,2023-12-18,Poor User Experience
116837,16837,1,2024-11-30,Business Closure
116838,16838,0,,Not Churned
116839,16839,1,2025-09-29,Competitor
116840,16840,0,,Not Churned
116841,16841,0,,Not Churned
116842,16842,1,2024-03-13,Competitor
116843,16843,0,,Not Churned
116844,16844,0,,Not Churned
116845,16845,1,2022-10-21,Contract Expired
116846,16846,0,,Not Churned
116847,16847,0,,Not Churned
116848,16848,0,,Not Churned
116849,16849,0,,Not Churned
116850,16850,1,2022-11-12,Competitor
116851,16851,0,,Not Churned
116852,16852,0,,Not Churned
116853,16853,0,,Not Churned
116854,16854,0,,Not Churned
116855,16855,0,,Not Churned
116856,16856,0,,Not Churned
116857,16857,0,,Not Churned
116858,16858,1,2029-04-18,Competitor
116859,16859,0,,Not Churned
116860,16860,0,,Not Churned
116861,16861,0,,Not Churned
116862,16862,1,2027-01-20,Business Closure
116863,16863,0,,Not Churned
116864,16864,0,,Not Churned
116865,16865,1,2030-09-08,High Price
116866,16866,0,,Not Churned
116867,16867,0,,Not Churned
116868,16868,0,,Not Churned
116869,16869,0,,Not Churned
116870,16870,0,,Not Churned
116871,16871,0,,Not Churned
116872,16872,1,2024-11-29,High Price
116873,16873,0,,Not Churned
116874,16874,0,,Not Churned
116875,16875,1,2026-11-14,Poor User Experience
116876,16876,0,,Not Churned
116877,16877,0,,Not Churned
116878,16878,0,,Not Churned
116879,16879,0,,Not Churned
116880,16880,1,2028-07-09,Competitor
116881,16881,0,,Not Churned
116882,16882,0,,Not Churned
116883,16883,0,,Not Churned
116884,16884,1,2029-01-10,Business Closure
116885,16885,0,,Not Churned
116886,16886,0,,Not Churned
116887,16887,0,,Not Churned
116888,16888,0,,Not Churned
116889,16889,0,,Not Churned
116890,16890,0,,Not Churned
116891,16891,0,,Not Churned
116892,16892,0,,Not Churned
116893,16893,0,,Not Churned
116894,16894,0,,Not Churned
116895,16895,0,,Not Churned
116896,16896,0,,Not Churned
116897,16897,0,,Not Churned
116898,16898,1,2022-04-16,Competitor
116899,16899,0,,Not Churned
116900,16900,0,,Not Churned
116901,16901,0,,Not Churned
116902,16902,1,2026-09-21,Contract Expired
116903,16903,0,,Not Churned
116904,16904,0,,Not Churned
116905,16905,0,,Not Churned
116906,16906,0,,Not Churned
116907,16907,0,,Not Churned
116908,16908,0,,Not Churned
116909,16909,0,,Not Churned
116910,16910,1,2028-07-22,Low Product Usage
116911,16911,0,,Not Churned
116912,16912,1,2026-03-26,Business Closure
116913,16913,0,,Not Churned
116914,16914,0,,Not Churned
116915,16915,0,,Not Churned
116916,16916,1,2026-01-05,Poor Support
116917,16917,0,,Not Churned
116918,16918,0,,Not Churned
116919,16919,1,2026-05-22,Business Closure
116920,16920,0,,Not Churned
116921,16921,1,2025-04-26,Contract Expired
116922,16922,0,,Not Churned
116923,16923,1,2025-10-02,Poor User Experience
116924,16924,1,2024-09-24,Business Closure
116925,16925,1,2028-04-18,Poor User Experience
116926,16926,1,2027-07-28,Competitor
116927,16927,0,,Not Churned
116928,16928,0,,Not Churned
116929,16929,0,,Not Churned
116930,16930,0,,Not Churned
116931,16931,0,,Not Churned
116932,16932,0,,Not Churned
116933,16933,0,,Not Churned
116934,16934,0,,Not Churned
116935,16935,0,,Not Churned
116936,16936,1,2028-03-24,Business Closure
116937,16937,0,,Not Churned
116938,16938,0,,Not Churned
116939,16939,1,2027-08-25,High Price
116940,16940,1,2025-08-13,Competitor
116941,16941,1,2023-11-27,Competitor
116942,16942,0,,Not Churned
116943,16943,1,2029-05-22,Competitor
116944,16944,0,,Not Churned
116945,16945,1,2026-09-16,Low Product Usage
116946,16946,0,,Not Churned
116947,16947,0,,Not Churned
116948,16948,0,,Not Churned
116949,16949,1,2027-03-28,Poor User Experience
116950,16950,1,2030-07-12,Contract Expired
116951,16951,1,2027-10-03,Competitor
116952,16952,1,2025-06-10,Poor User Experience
116953,16953,0,,Not Churned
116954,16954,1,2026-01-28,Poor User Experience
116955,16955,0,,Not Churned
116956,16956,1,2026-11-28,Business Closure
116957,16957,1,2029-01-31,Contract Expired
116958,16958,0,,Not Churned
116959,16959,0,,Not Churned
116960,16960,0,,Not Churned
116961,16961,1,2024-08-14,Poor User Experience
116962,16962,0,,Not Churned
116963,16963,0,,Not Churned
116964,16964,0,,Not Churned
116965,16965,0,,Not Churned
116966,16966,1,2028-04-10,Poor Support
116967,16967,0,,Not Churned
116968,16968,0,,Not Churned
116969,16969,0,,Not Churned
116970,16970,1,2030-04-22,Contract Expired
116971,16971,0,,Not Churned
116972,16972,0,,Not Churned
116973,16973,1,2023-10-21,Poor User Experience
116974,16974,0,,Not Churned
116975,16975,0,,Not Churned
116976,16976,0,,Not Churned
116977,16977,1,2028-02-20,Business Closure
116978,16978,0,,Not Churned
116979,16979,1,2025-10-23,Competitor
116980,16980,0,,Not Churned
116981,16981,0,,Not Churned
116982,16982,0,,Not Churned
116983,16983,0,,Not Churned
116984,16984,0,,Not Churned
116985,16985,0,,Not Churned
116986,16986,0,,Not Churned
116987,16987,0,,Not Churned
116988,16988,0,,Not Churned
116989,16989,0,,Not Churned
116990,16990,0,,Not Churned
116991,16991,0,,Not Churned
116992,16992,0,,Not Churned
116993,16993,0,,Not Churned
116994,16994,0,,Not Churned
116995,16995,0,,Not Churned
116996,16996,1,2029-01-14,Business Closure
116997,16997,1,2027-09-11,Poor User Experience
116998,16998,0,,Not Churned
116999,16999,0,,Not Churned
117000,17000,0,,Not Churned
117001,17001,0,,Not Churned
117002,17002,0,,Not Churned
117003,17003,0,,Not Churned
117004,17004,0,,Not Churned
117005,17005,1,2026-02-22,Business Closure
117006,17006,0,,Not Churned
117007,17007,0,,Not Churned
117008,17008,0,,Not Churned
117009,17009,0,,Not Churned
117010,17010,1,2025-10-28,Poor User Experience
117011,17011,0,,Not Churned
117012,17012,0,,Not Churned
117013,17013,0,,Not Churned
117014,17014,0,,Not Churned
117015,17015,0,,Not Churned
117016,17016,0,,Not Churned
117017,17017,0,,Not Churned
117018,17018,1,2029-03-02,Contract Expired
117019,17019,1,2026-11-24,High Price
117020,17020,0,,Not Churned
117021,17021,0,,Not Churned
117022,17022,0,,Not Churned
117023,17023,0,,Not Churned
117024,17024,0,,Not Churned
117025,17025,1,2026-05-01,Business Closure
117026,17026,0,,Not Churned
117027,17027,0,,Not Churned
117028,17028,0,,Not Churned
117029,17029,0,,Not Churned
117030,17030,0,,Not Churned
117031,17031,0,,Not Churned
117032,17032,0,,Not Churned
117033,17033,0,,Not Churned
117034,17034,0,,Not Churned
117035,17035,0,,Not Churned
117036,17036,0,,Not Churned
117037,17037,0,,Not Churned
117038,17038,0,,Not Churned
117039,17039,0,,Not Churned
117040,17040,1,2026-02-03,Business Closure
117041,17041,0,,Not Churned
117042,17042,1,2027-05-08,Contract Expired
117043,17043,0,,Not Churned
117044,17044,1,2028-09-01,Poor User Experience
117045,17045,0,,Not Churned
117046,17046,0,,Not Churned
117047,17047,0,,Not Churned
117048,17048,0,,Not Churned
117049,17049,0,,Not Churned
117050,17050,1,2023-09-29,Competitor
117051,17051,0,,Not Churned
117052,17052,0,,Not Churned
117053,17053,0,,Not Churned
117054,17054,0,,Not Churned
117055,17055,0,,Not Churned
117056,17056,1,2025-01-09,Competitor
117057,17057,1,2028-09-07,High Price
117058,17058,0,,Not Churned
117059,17059,0,,Not Churned
117060,17060,1,2022-07-10,Competitor
117061,17061,1,2028-06-26,Business Closure
117062,17062,0,,Not Churned
117063,17063,0,,Not Churned
117064,17064,0,,Not Churned
117065,17065,1,2025-07-09,Business Closure
117066,17066,0,,Not Churned
117067,17067,1,2027-10-09,Contract Expired
117068,17068,0,,Not Churned
117069,17069,0,,Not Churned
117070,17070,0,,Not Churned
117071,17071,1,2023-03-03,Contract Expired
117072,17072,0,,Not Churned
117073,17073,0,,Not Churned
117074,17074,0,,Not Churned
117075,17075,1,2027-05-05,Business Closure
117076,17076,1,2023-04-16,High Price
117077,17077,1,2027-07-30,High Price
117078,17078,0,,Not Churned
117079,17079,0,,Not Churned
117080,17080,0,,Not Churned
117081,17081,1,2024-06-02,High Price
117082,17082,0,,Not Churned
117083,17083,0,,Not Churned
117084,17084,0,,Not Churned
117085,17085,0,,Not Churned
117086,17086,0,,Not Churned
117087,17087,0,,Not Churned
117088,17088,1,2025-02-01,Competitor
117089,17089,0,,Not Churned
117090,17090,0,,Not Churned
117091,17091,0,,Not Churned
117092,17092,1,2025-10-14,Poor User Experience
117093,17093,0,,Not Churned
117094,17094,0,,Not Churned
117095,17095,1,2023-06-24,Low Product Usage
117096,17096,0,,Not Churned
117097,17097,1,2024-01-12,Competitor
117098,17098,0,,Not Churned
117099,17099,0,,Not Churned
117100,17100,0,,Not Churned
117101,17101,0,,Not Churned
117102,17102,0,,Not Churned
117103,17103,0,,Not Churned
117104,17104,0,,Not Churned
117105,17105,0,,Not Churned
117106,17106,0,,Not Churned
117107,17107,1,2024-06-21,Missing Features
117108,17108,0,,Not Churned
117109,17109,0,,Not Churned
117110,17110,0,,Not Churned
117111,17111,1,2029-02-25,Competitor
117112,17112,1,2027-10-26,Business Closure
117113,17113,0,,Not Churned
117114,17114,0,,Not Churned
117115,17115,0,,Not Churned
117116,17116,0,,Not Churned
117117,17117,0,,Not Churned
117118,17118,0,,Not Churned
117119,17119,0,,Not Churned
117120,17120,0,,Not Churned
117121,17121,1,2024-11-16,High Price
117122,17122,0,,Not Churned
117123,17123,0,,Not Churned
117124,17124,0,,Not Churned
117125,17125,0,,Not Churned
117126,17126,0,,Not Churned
117127,17127,1,2025-01-20,Competitor
117128,17128,0,,Not Churned
117129,17129,1,2028-10-08,Competitor
117130,17130,0,,Not Churned
117131,17131,0,,Not Churned
117132,17132,0,,Not Churned
117133,17133,0,,Not Churned
117134,17134,0,,Not Churned
117135,17135,1,2025-08-26,Contract Expired
117136,17136,1,2026-11-20,Business Closure
117137,17137,0,,Not Churned
117138,17138,1,2029-05-27,Contract Expired
117139,17139,0,,Not Churned
117140,17140,0,,Not Churned
117141,17141,0,,Not Churned
117142,17142,0,,Not Churned
117143,17143,1,2023-08-08,Poor User Experience
117144,17144,0,,Not Churned
117145,17145,0,,Not Churned
117146,17146,0,,Not Churned
117147,17147,1,2030-06-25,Poor User Experience
117148,17148,0,,Not Churned
117149,17149,1,2029-04-23,Business Closure
117150,17150,1,2023-05-07,Low Product Usage
117151,17151,0,,Not Churned
117152,17152,0,,Not Churned
117153,17153,0,,Not Churned
117154,17154,0,,Not Churned
117155,17155,0,,Not Churned
117156,17156,1,2022-05-03,Competitor
117157,17157,1,2025-07-06,Contract Expired
117158,17158,0,,Not Churned
117159,17159,1,2026-06-11,Competitor
117160,17160,0,,Not Churned
117161,17161,1,2022-10-22,Missing Features
117162,17162,0,,Not Churned
117163,17163,0,,Not Churned
117164,17164,0,,Not Churned
117165,17165,0,,Not Churned
117166,17166,0,,Not Churned
117167,17167,0,,Not Churned
117168,17168,0,,Not Churned
117169,17169,0,,Not Churned
117170,17170,0,,Not Churned
117171,17171,0,,Not Churned
117172,17172,0,,Not Churned
117173,17173,0,,Not Churned
117174,17174,0,,Not Churned
117175,17175,0,,Not Churned
117176,17176,0,,Not Churned
117177,17177,1,2026-12-29,High Price
117178,17178,0,,Not Churned
117179,17179,0,,Not Churned
117180,17180,0,,Not Churned
117181,17181,0,,Not Churned
117182,17182,0,,Not Churned
117183,17183,0,,Not Churned
117184,17184,1,2026-05-31,Contract Expired
117185,17185,0,,Not Churned
117186,17186,0,,Not Churned
117187,17187,0,,Not Churned
117188,17188,0,,Not Churned
117189,17189,0,,Not Churned
117190,17190,0,,Not Churned
117191,17191,0,,Not Churned
117192,17192,1,2026-08-22,Contract Expired
117193,17193,0,,Not Churned
117194,17194,1,2029-08-12,Business Closure
117195,17195,1,2023-11-09,Poor User Experience
117196,17196,0,,Not Churned
117197,17197,1,2024-04-27,Missing Features
117198,17198,0,,Not Churned
117199,17199,1,2022-12-03,Poor User Experience
117200,17200,0,,Not Churned
117201,17201,0,,Not Churned
117202,17202,0,,Not Churned
117203,17203,1,2026-01-29,Competitor
117204,17204,0,,Not Churned
117205,17205,0,,Not Churned
117206,17206,0,,Not Churned
117207,17207,0,,Not Churned
117208,17208,0,,Not Churned
117209,17209,0,,Not Churned
117210,17210,0,,Not Churned
117211,17211,0,,Not Churned
117212,17212,0,,Not Churned
117213,17213,0,,Not Churned
117214,17214,0,,Not Churned
117215,17215,0,,Not Churned
117216,17216,0,,Not Churned
117217,17217,0,,Not Churned
117218,17218,0,,Not Churned
117219,17219,0,,Not Churned
117220,17220,0,,Not Churned
117221,17221,0,,Not Churned
117222,17222,1,2025-06-10,Poor User Experience
117223,17223,1,2026-08-14,Contract Expired
117224,17224,1,2030-12-06,Competitor
117225,17225,0,,Not Churned
117226,17226,0,,Not Churned
117227,17227,0,,Not Churned
117228,17228,0,,Not Churned
117229,17229,1,2024-12-29,Poor User Experience
117230,17230,0,,Not Churned
117231,17231,1,2029-06-26,Business Closure
117232,17232,1,2025-08-18,Poor Support
117233,17233,0,,Not Churned
117234,17234,1,2026-08-25,Competitor
117235,17235,1,2025-08-23,Low Product Usage
117236,17236,0,,Not Churned
117237,17237,0,,Not Churned
117238,17238,1,2027-11-19,Low Product Usage
117239,17239,0,,Not Churned
117240,17240,1,2027-05-23,Contract Expired
117241,17241,0,,Not Churned
117242,17242,0,,Not Churned
117243,17243,1,2026-11-12,Poor User Experience
117244,17244,0,,Not Churned
117245,17245,0,,Not Churned
117246,17246,0,,Not Churned
117247,17247,0,,Not Churned
117248,17248,0,,Not Churned
117249,17249,0,,Not Churned
117250,17250,1,2027-03-14,Competitor
117251,17251,0,,Not Churned
117252,17252,0,,Not Churned
117253,17253,0,,Not Churned
117254,17254,1,2023-03-08,High Price
117255,17255,1,2022-04-25,Business Closure
117256,17256,1,2028-08-28,Business Closure
117257,17257,0,,Not Churned
117258,17258,0,,Not Churned
117259,17259,1,2030-10-22,Contract Expired
117260,17260,1,2023-11-03,Business Closure
117261,17261,0,,Not Churned
117262,17262,1,2025-08-11,Contract Expired
117263,17263,1,2028-04-22,Competitor
117264,17264,0,,Not Churned
117265,17265,0,,Not Churned
117266,17266,0,,Not Churned
117267,17267,1,2025-01-02,Poor User Experience
117268,17268,0,,Not Churned
117269,17269,0,,Not Churned
117270,17270,0,,Not Churned
117271,17271,0,,Not Churned
117272,17272,1,2027-12-05,Business Closure
117273,17273,0,,Not Churned
117274,17274,0,,Not Churned
117275,17275,0,,Not Churned
117276,17276,0,,Not Churned
117277,17277,0,,Not Churned
117278,17278,0,,Not Churned
117279,17279,0,,Not Churned
117280,17280,0,,Not Churned
117281,17281,1,2026-08-13,Low Product Usage
117282,17282,0,,Not Churned
117283,17283,0,,Not Churned
117284,17284,0,,Not Churned
117285,17285,0,,Not Churned
117286,17286,1,2024-12-07,Poor User Experience
117287,17287,0,,Not Churned
117288,17288,0,,Not Churned
117289,17289,1,2021-08-22,Poor User Experience
117290,17290,0,,Not Churned
117291,17291,0,,Not Churned
117292,17292,0,,Not Churned
117293,17293,0,,Not Churned
117294,17294,0,,Not Churned
117295,17295,0,,Not Churned
117296,17296,0,,Not Churned
117297,17297,0,,Not Churned
117298,17298,1,2027-02-11,Competitor
117299,17299,0,,Not Churned
117300,17300,0,,Not Churned
117301,17301,0,,Not Churned
117302,17302,0,,Not Churned
117303,17303,1,2024-05-12,Competitor
117304,17304,0,,Not Churned
117305,17305,0,,Not Churned
117306,17306,0,,Not Churned
117307,17307,0,,Not Churned
117308,17308,0,,Not Churned
117309,17309,1,2026-08-10,Competitor
117310,17310,0,,Not Churned
117311,17311,0,,Not Churned
117312,17312,0,,Not Churned
117313,17313,0,,Not Churned
117314,17314,0,,Not Churned
117315,17315,0,,Not Churned
117316,17316,0,,Not Churned
117317,17317,0,,Not Churned
117318,17318,1,2026-12-31,Poor User Experience
117319,17319,0,,Not Churned
117320,17320,0,,Not Churned
117321,17321,0,,Not Churned
117322,17322,0,,Not Churned
117323,17323,0,,Not Churned
117324,17324,0,,Not Churned
117325,17325,0,,Not Churned
117326,17326,0,,Not Churned
117327,17327,0,,Not Churned
117328,17328,0,,Not Churned
117329,17329,0,,Not Churned
117330,17330,1,2027-09-01,Business Closure
117331,17331,0,,Not Churned
117332,17332,0,,Not Churned
117333,17333,0,,Not Churned
117334,17334,0,,Not Churned
117335,17335,0,,Not Churned
117336,17336,0,,Not Churned
117337,17337,1,2027-10-12,Contract Expired
117338,17338,0,,Not Churned
117339,17339,0,,Not Churned
117340,17340,1,2021-07-12,Competitor
117341,17341,0,,Not Churned
117342,17342,0,,Not Churned
117343,17343,0,,Not Churned
117344,17344,0,,Not Churned
117345,17345,1,2025-01-09,Contract Expired
117346,17346,0,,Not Churned
117347,17347,0,,Not Churned
117348,17348,0,,Not Churned
117349,17349,1,2025-02-08,Poor User Experience
117350,17350,0,,Not Churned
117351,17351,0,,Not Churned
117352,17352,0,,Not Churned
117353,17353,0,,Not Churned
117354,17354,0,,Not Churned
117355,17355,1,2026-07-21,Poor User Experience
117356,17356,1,2024-02-11,Contract Expired
117357,17357,1,2028-04-30,Competitor
117358,17358,1,2030-08-22,Poor User Experience
117359,17359,0,,Not Churned
117360,17360,0,,Not Churned
117361,17361,0,,Not Churned
117362,17362,0,,Not Churned
117363,17363,0,,Not Churned
117364,17364,0,,Not Churned
117365,17365,0,,Not Churned
117366,17366,0,,Not Churned
117367,17367,1,2027-10-12,Poor Support
117368,17368,0,,Not Churned
117369,17369,0,,Not Churned
117370,17370,1,2026-01-06,Poor User Experience
117371,17371,0,,Not Churned
117372,17372,1,2022-04-27,High Price
117373,17373,0,,Not Churned
117374,17374,0,,Not Churned
117375,17375,0,,Not Churned
117376,17376,0,,Not Churned
117377,17377,0,,Not Churned
117378,17378,0,,Not Churned
117379,17379,0,,Not Churned
117380,17380,0,,Not Churned
117381,17381,0,,Not Churned
117382,17382,0,,Not Churned
117383,17383,0,,Not Churned
117384,17384,0,,Not Churned
117385,17385,0,,Not Churned
117386,17386,0,,Not Churned
117387,17387,0,,Not Churned
117388,17388,0,,Not Churned
117389,17389,0,,Not Churned
117390,17390,0,,Not Churned
117391,17391,0,,Not Churned
117392,17392,0,,Not Churned
117393,17393,0,,Not Churned
117394,17394,0,,Not Churned
117395,17395,0,,Not Churned
117396,17396,0,,Not Churned
117397,17397,0,,Not Churned
117398,17398,0,,Not Churned
117399,17399,0,,Not Churned
117400,17400,0,,Not Churned
117401,17401,1,2025-12-22,Contract Expired
117402,17402,0,,Not Churned
117403,17403,0,,Not Churned
117404,17404,1,2028-09-05,Competitor
117405,17405,0,,Not Churned
117406,17406,0,,Not Churned
117407,17407,1,2025-07-12,Contract Expired
117408,17408,0,,Not Churned
117409,17409,0,,Not Churned
117410,17410,0,,Not Churned
117411,17411,0,,Not Churned
117412,17412,0,,Not Churned
117413,17413,0,,Not Churned
117414,17414,0,,Not Churned
117415,17415,0,,Not Churned
117416,17416,0,,Not Churned
117417,17417,1,2025-05-30,Contract Expired
117418,17418,0,,Not Churned
117419,17419,0,,Not Churned
117420,17420,0,,Not Churned
117421,17421,0,,Not Churned
117422,17422,0,,Not Churned
117423,17423,0,,Not Churned
117424,17424,0,,Not Churned
117425,17425,0,,Not Churned
117426,17426,1,2028-05-20,Poor User Experience
117427,17427,0,,Not Churned
117428,17428,1,2024-05-06,Competitor
117429,17429,0,,Not Churned
117430,17430,0,,Not Churned
117431,17431,0,,Not Churned
117432,17432,0,,Not Churned
117433,17433,1,2028-03-09,Competitor
117434,17434,0,,Not Churned
117435,17435,0,,Not Churned
117436,17436,0,,Not Churned
117437,17437,0,,Not Churned
117438,17438,0,,Not Churned
117439,17439,0,,Not Churned
117440,17440,1,2027-09-30,Low Product Usage
117441,17441,0,,Not Churned
117442,17442,1,2022-04-25,Business Closure
117443,17443,0,,Not Churned
117444,17444,0,,Not Churned
117445,17445,0,,Not Churned
117446,17446,0,,Not Churned
117447,17447,0,,Not Churned
117448,17448,1,2024-09-19,Contract Expired
117449,17449,0,,Not Churned
117450,17450,0,,Not Churned
117451,17451,0,,Not Churned
117452,17452,0,,Not Churned
117453,17453,0,,Not Churned
117454,17454,0,,Not Churned
117455,17455,1,2024-09-23,Business Closure
117456,17456,0,,Not Churned
117457,17457,0,,Not Churned
117458,17458,0,,Not Churned
117459,17459,1,2025-09-25,Business Closure
117460,17460,1,2031-04-03,Poor User Experience
117461,17461,1,2026-07-10,Business Closure
117462,17462,0,,Not Churned
117463,17463,0,,Not Churned
117464,17464,0,,Not Churned
117465,17465,0,,Not Churned
117466,17466,0,,Not Churned
117467,17467,0,,Not Churned
117468,17468,1,2029-01-12,Contract Expired
117469,17469,0,,Not Churned
117470,17470,1,2028-08-10,Business Closure
117471,17471,0,,Not Churned
117472,17472,0,,Not Churned
117473,17473,1,2024-05-24,Competitor
117474,17474,1,2023-08-13,Poor User Experience
117475,17475,0,,Not Churned
117476,17476,1,2027-03-19,Poor Support
117477,17477,0,,Not Churned
117478,17478,1,2024-04-01,Contract Expired
117479,17479,0,,Not Churned
117480,17480,1,2024-09-27,Competitor
117481,17481,0,,Not Churned
117482,17482,0,,Not Churned
117483,17483,0,,Not Churned
117484,17484,0,,Not Churned
117485,17485,1,2025-06-28,Business Closure
117486,17486,0,,Not Churned
117487,17487,1,2028-06-23,Poor User Experience
117488,17488,0,,Not Churned
117489,17489,0,,Not Churned
117490,17490,1,2030-01-04,Competitor
117491,17491,1,2027-12-15,Low Product Usage
117492,17492,0,,Not Churned
117493,17493,0,,Not Churned
117494,17494,1,2022-10-14,Missing Features
117495,17495,0,,Not Churned
117496,17496,0,,Not Churned
117497,17497,0,,Not Churned
117498,17498,0,,Not Churned
117499,17499,0,,Not Churned
117500,17500,0,,Not Churned
117501,17501,0,,Not Churned
117502,17502,0,,Not Churned
117503,17503,1,2025-10-20,Poor User Experience
117504,17504,1,2027-02-24,Contract Expired
117505,17505,0,,Not Churned
117506,17506,0,,Not Churned
117507,17507,0,,Not Churned
117508,17508,0,,Not Churned
117509,17509,0,,Not Churned
117510,17510,1,2025-12-17,Competitor
117511,17511,0,,Not Churned
117512,17512,1,2022-06-21,Missing Features
117513,17513,0,,Not Churned
117514,17514,0,,Not Churned
117515,17515,0,,Not Churned
117516,17516,0,,Not Churned
117517,17517,0,,Not Churned
117518,17518,1,2025-07-22,Competitor
117519,17519,0,,Not Churned
117520,17520,0,,Not Churned
117521,17521,0,,Not Churned
117522,17522,0,,Not Churned
117523,17523,0,,Not Churned
117524,17524,0,,Not Churned
117525,17525,0,,Not Churned
117526,17526,1,2027-09-27,Competitor
117527,17527,0,,Not Churned
117528,17528,0,,Not Churned
117529,17529,0,,Not Churned
117530,17530,0,,Not Churned
117531,17531,0,,Not Churned
117532,17532,0,,Not Churned
117533,17533,0,,Not Churned
117534,17534,1,2029-01-18,Contract Expired
117535,17535,1,2026-07-29,Poor Support
117536,17536,1,2024-08-31,Low Product Usage
117537,17537,0,,Not Churned
117538,17538,0,,Not Churned
117539,17539,0,,Not Churned
117540,17540,0,,Not Churned
117541,17541,0,,Not Churned
117542,17542,0,,Not Churned
117543,17543,0,,Not Churned
117544,17544,0,,Not Churned
117545,17545,1,2029-09-03,Business Closure
117546,17546,0,,Not Churned
117547,17547,0,,Not Churned
117548,17548,0,,Not Churned
117549,17549,0,,Not Churned
117550,17550,1,2023-02-18,Low Product Usage
117551,17551,0,,Not Churned
117552,17552,0,,Not Churned
117553,17553,0,,Not Churned
117554,17554,1,2028-09-25,Competitor
117555,17555,1,2027-03-22,Contract Expired
117556,17556,0,,Not Churned
117557,17557,0,,Not Churned
117558,17558,0,,Not Churned
117559,17559,0,,Not Churned
117560,17560,0,,Not Churned
117561,17561,0,,Not Churned
117562,17562,1,2030-02-23,High Price
117563,17563,0,,Not Churned
117564,17564,1,2024-10-18,Poor User Experience
117565,17565,0,,Not Churned
117566,17566,0,,Not Churned
117567,17567,1,2027-02-09,Contract Expired
117568,17568,0,,Not Churned
117569,17569,0,,Not Churned
117570,17570,1,2024-07-02,Poor User Experience
117571,17571,0,,Not Churned
117572,17572,0,,Not Churned
117573,17573,0,,Not Churned
117574,17574,0,,Not Churned
117575,17575,1,2024-05-16,Competitor
117576,17576,0,,Not Churned
117577,17577,0,,Not Churned
117578,17578,0,,Not Churned
117579,17579,0,,Not Churned
117580,17580,0,,Not Churned
117581,17581,0,,Not Churned
117582,17582,0,,Not Churned
117583,17583,0,,Not Churned
117584,17584,0,,Not Churned
117585,17585,0,,Not Churned
117586,17586,0,,Not Churned
117587,17587,0,,Not Churned
117588,17588,0,,Not Churned
117589,17589,0,,Not Churned
117590,17590,0,,Not Churned
117591,17591,1,2025-01-24,Contract Expired
117592,17592,0,,Not Churned
117593,17593,0,,Not Churned
117594,17594,1,2030-05-14,Competitor
117595,17595,0,,Not Churned
117596,17596,0,,Not Churned
117597,17597,0,,Not Churned
117598,17598,1,2023-09-07,Competitor
117599,17599,0,,Not Churned
117600,17600,0,,Not Churned
117601,17601,0,,Not Churned
117602,17602,0,,Not Churned
117603,17603,1,2026-12-24,Contract Expired
117604,17604,1,2027-08-14,High Price
117605,17605,1,2025-09-04,Business Closure
117606,17606,0,,Not Churned
117607,17607,0,,Not Churned
117608,17608,1,2026-03-29,Contract Expired
117609,17609,0,,Not Churned
117610,17610,0,,Not Churned
117611,17611,0,,Not Churned
117612,17612,1,2026-03-26,Poor User Experience
117613,17613,0,,Not Churned
117614,17614,1,2024-05-30,High Price
117615,17615,0,,Not Churned
117616,17616,1,2024-05-31,Contract Expired
117617,17617,1,2026-10-15,Business Closure
117618,17618,0,,Not Churned
117619,17619,0,,Not Churned
117620,17620,1,2022-08-29,Contract Expired
117621,17621,0,,Not Churned
117622,17622,0,,Not Churned
117623,17623,1,2027-03-28,Missing Features
117624,17624,0,,Not Churned
117625,17625,0,,Not Churned
117626,17626,0,,Not Churned
117627,17627,0,,Not Churned
117628,17628,0,,Not Churned
117629,17629,1,2028-07-11,Missing Features
117630,17630,0,,Not Churned
117631,17631,0,,Not Churned
117632,17632,1,2027-07-08,Low Product Usage
117633,17633,0,,Not Churned
117634,17634,0,,Not Churned
117635,17635,1,2023-12-13,Low Product Usage
117636,17636,0,,Not Churned
117637,17637,1,2022-04-17,Business Closure
117638,17638,0,,Not Churned
117639,17639,0,,Not Churned
117640,17640,0,,Not Churned
117641,17641,0,,Not Churned
117642,17642,0,,Not Churned
117643,17643,0,,Not Churned
117644,17644,0,,Not Churned
117645,17645,0,,Not Churned
117646,17646,1,2027-12-16,Contract Expired
117647,17647,0,,Not Churned
117648,17648,0,,Not Churned
117649,17649,0,,Not Churned
117650,17650,1,2025-03-14,Poor User Experience
117651,17651,1,2027-06-30,Poor User Experience
117652,17652,1,2030-02-20,Business Closure
117653,17653,0,,Not Churned
117654,17654,0,,Not Churned
117655,17655,0,,Not Churned
117656,17656,0,,Not Churned
117657,17657,0,,Not Churned
117658,17658,0,,Not Churned
117659,17659,0,,Not Churned
117660,17660,0,,Not Churned
117661,17661,1,2029-02-23,Contract Expired
117662,17662,0,,Not Churned
117663,17663,1,2028-12-05,Competitor
117664,17664,1,2023-07-13,Business Closure
117665,17665,0,,Not Churned
117666,17666,1,2028-02-14,Competitor
117667,17667,0,,Not Churned
117668,17668,0,,Not Churned
117669,17669,0,,Not Churned
117670,17670,0,,Not Churned
117671,17671,0,,Not Churned
117672,17672,1,2025-04-03,Business Closure
117673,17673,1,2025-11-17,Contract Expired
117674,17674,0,,Not Churned
117675,17675,0,,Not Churned
117676,17676,0,,Not Churned
117677,17677,0,,Not Churned
117678,17678,0,,Not Churned
117679,17679,1,2023-06-11,Poor Support
117680,17680,0,,Not Churned
117681,17681,0,,Not Churned
117682,17682,0,,Not Churned
117683,17683,0,,Not Churned
117684,17684,0,,Not Churned
117685,17685,0,,Not Churned
117686,17686,0,,Not Churned
117687,17687,0,,Not Churned
117688,17688,0,,Not Churned
117689,17689,0,,Not Churned
117690,17690,0,,Not Churned
117691,17691,0,,Not Churned
117692,17692,1,2025-09-28,High Price
117693,17693,0,,Not Churned
117694,17694,0,,Not Churned
117695,17695,1,2027-04-04,Contract Expired
117696,17696,0,,Not Churned
117697,17697,0,,Not Churned
117698,17698,0,,Not Churned
117699,17699,0,,Not Churned
117700,17700,0,,Not Churned
117701,17701,0,,Not Churned
117702,17702,1,2023-09-19,Poor User Experience
117703,17703,0,,Not Churned
117704,17704,0,,Not Churned
117705,17705,0,,Not Churned
117706,17706,0,,Not Churned
117707,17707,0,,Not Churned
117708,17708,0,,Not Churned
117709,17709,0,,Not Churned
117710,17710,0,,Not Churned
117711,17711,0,,Not Churned
117712,17712,0,,Not Churned
117713,17713,0,,Not Churned
117714,17714,0,,Not Churned
117715,17715,0,,Not Churned
117716,17716,0,,Not Churned
117717,17717,0,,Not Churned
117718,17718,0,,Not Churned
117719,17719,0,,Not Churned
117720,17720,0,,Not Churned
117721,17721,0,,Not Churned
117722,17722,1,2021-12-24,High Price
117723,17723,0,,Not Churned
117724,17724,1,2023-09-07,High Price
117725,17725,0,,Not Churned
117726,17726,0,,Not Churned
117727,17727,0,,Not Churned
117728,17728,0,,Not Churned
117729,17729,0,,Not Churned
117730,17730,0,,Not Churned
117731,17731,0,,Not Churned
117732,17732,0,,Not Churned
117733,17733,0,,Not Churned
117734,17734,0,,Not Churned
117735,17735,1,2027-02-02,Competitor
117736,17736,0,,Not Churned
117737,17737,1,2027-10-20,Competitor
117738,17738,0,,Not Churned
117739,17739,1,2026-06-22,Poor User Experience
117740,17740,0,,Not Churned
117741,17741,0,,Not Churned
117742,17742,0,,Not Churned
117743,17743,0,,Not Churned
117744,17744,0,,Not Churned
117745,17745,0,,Not Churned
117746,17746,0,,Not Churned
117747,17747,0,,Not Churned
117748,17748,0,,Not Churned
117749,17749,0,,Not Churned
117750,17750,1,2024-10-07,Business Closure
117751,17751,0,,Not Churned
117752,17752,0,,Not Churned
117753,17753,0,,Not Churned
117754,17754,0,,Not Churned
117755,17755,0,,Not Churned
117756,17756,0,,Not Churned
117757,17757,1,2027-06-23,Competitor
117758,17758,0,,Not Churned
117759,17759,0,,Not Churned
117760,17760,0,,Not Churned
117761,17761,0,,Not Churned
117762,17762,1,2025-07-31,Poor User Experience
117763,17763,1,2026-01-06,Poor User Experience
117764,17764,0,,Not Churned
117765,17765,0,,Not Churned
117766,17766,1,2024-09-27,Business Closure
117767,17767,0,,Not Churned
117768,17768,1,2023-04-10,Missing Features
117769,17769,0,,Not Churned
117770,17770,1,2022-12-11,High Price
117771,17771,0,,Not Churned
117772,17772,0,,Not Churned
117773,17773,1,2022-11-14,Competitor
117774,17774,0,,Not Churned
117775,17775,0,,Not Churned
117776,17776,1,2024-01-06,Business Closure
117777,17777,0,,Not Churned
117778,17778,0,,Not Churned
117779,17779,1,2024-06-30,Competitor
117780,17780,0,,Not Churned
117781,17781,1,2023-09-19,Business Closure
117782,17782,0,,Not Churned
117783,17783,0,,Not Churned
117784,17784,1,2025-10-19,Missing Features
117785,17785,1,2026-01-03,Missing Features
117786,17786,0,,Not Churned
117787,17787,0,,Not Churned
117788,17788,0,,Not Churned
117789,17789,0,,Not Churned
117790,17790,0,,Not Churned
117791,17791,0,,Not Churned
117792,17792,0,,Not Churned
117793,17793,1,2022-11-30,Competitor
117794,17794,1,2027-12-26,Low Product Usage
117795,17795,0,,Not Churned
117796,17796,0,,Not Churned
117797,17797,0,,Not Churned
117798,17798,0,,Not Churned
117799,17799,0,,Not Churned
117800,17800,0,,Not Churned
117801,17801,0,,Not Churned
117802,17802,1,2026-11-12,Contract Expired
117803,17803,0,,Not Churned
117804,17804,1,2029-06-21,Contract Expired
117805,17805,0,,Not Churned
117806,17806,1,2028-08-03,Competitor
117807,17807,0,,Not Churned
117808,17808,0,,Not Churned
117809,17809,0,,Not Churned
117810,17810,0,,Not Churned
117811,17811,0,,Not Churned
117812,17812,1,2028-09-26,Business Closure
117813,17813,1,2025-06-06,Business Closure
117814,17814,0,,Not Churned
117815,17815,0,,Not Churned
117816,17816,0,,Not Churned
117817,17817,0,,Not Churned
117818,17818,0,,Not Churned
117819,17819,1,2028-07-29,Contract Expired
117820,17820,0,,Not Churned
117821,17821,1,2027-01-13,Contract Expired
117822,17822,0,,Not Churned
117823,17823,1,2023-01-09,Poor User Experience
117824,17824,1,2022-02-16,Business Closure
117825,17825,0,,Not Churned
117826,17826,0,,Not Churned
117827,17827,0,,Not Churned
117828,17828,0,,Not Churned
117829,17829,0,,Not Churned
117830,17830,1,2027-05-29,Contract Expired
117831,17831,0,,Not Churned
117832,17832,0,,Not Churned
117833,17833,0,,Not Churned
117834,17834,1,2022-09-22,Poor Support
117835,17835,0,,Not Churned
117836,17836,0,,Not Churned
117837,17837,1,2024-12-25,Business Closure
117838,17838,0,,Not Churned
117839,17839,0,,Not Churned
117840,17840,0,,Not Churned
117841,17841,0,,Not Churned
117842,17842,0,,Not Churned
117843,17843,0,,Not Churned
117844,17844,0,,Not Churned
117845,17845,0,,Not Churned
117846,17846,1,2027-01-14,Competitor
117847,17847,0,,Not Churned
117848,17848,0,,Not Churned
117849,17849,1,2028-12-22,Competitor
117850,17850,0,,Not Churned
117851,17851,1,2027-01-15,Competitor
117852,17852,0,,Not Churned
117853,17853,0,,Not Churned
117854,17854,0,,Not Churned
117855,17855,1,2024-08-12,Business Closure
117856,17856,0,,Not Churned
117857,17857,1,2024-09-02,Poor User Experience
117858,17858,0,,Not Churned
117859,17859,1,2026-08-25,Missing Features
117860,17860,0,,Not Churned
117861,17861,1,2025-02-18,Poor User Experience
117862,17862,0,,Not Churned
117863,17863,1,2028-12-15,Poor User Experience
117864,17864,0,,Not Churned
117865,17865,1,2024-07-28,Competitor
117866,17866,0,,Not Churned
117867,17867,0,,Not Churned
117868,17868,0,,Not Churned
117869,17869,0,,Not Churned
117870,17870,0,,Not Churned
117871,17871,0,,Not Churned
117872,17872,1,2022-11-18,Competitor
117873,17873,1,2023-11-17,Poor User Experience
117874,17874,0,,Not Churned
117875,17875,0,,Not Churned
117876,17876,0,,Not Churned
117877,17877,0,,Not Churned
117878,17878,0,,Not Churned
117879,17879,0,,Not Churned
117880,17880,1,2024-09-21,Competitor
117881,17881,1,2029-09-23,Business Closure
117882,17882,0,,Not Churned
117883,17883,0,,Not Churned
117884,17884,0,,Not Churned
117885,17885,0,,Not Churned
117886,17886,0,,Not Churned
117887,17887,0,,Not Churned
117888,17888,0,,Not Churned
117889,17889,0,,Not Churned
117890,17890,0,,Not Churned
117891,17891,0,,Not Churned
117892,17892,0,,Not Churned
117893,17893,0,,Not Churned
117894,17894,0,,Not Churned
117895,17895,1,2025-08-07,Competitor
117896,17896,0,,Not Churned
117897,17897,0,,Not Churned
117898,17898,1,2023-07-21,Poor User Experience
117899,17899,0,,Not Churned
117900,17900,0,,Not Churned
117901,17901,0,,Not Churned
117902,17902,0,,Not Churned
117903,17903,0,,Not Churned
117904,17904,0,,Not Churned
117905,17905,1,2025-04-20,Poor User Experience
117906,17906,0,,Not Churned
117907,17907,0,,Not Churned
117908,17908,0,,Not Churned
117909,17909,0,,Not Churned
117910,17910,0,,Not Churned
117911,17911,0,,Not Churned
117912,17912,0,,Not Churned
117913,17913,1,2029-06-15,Contract Expired
117914,17914,0,,Not Churned
117915,17915,0,,Not Churned
117916,17916,1,2023-01-17,Contract Expired
117917,17917,0,,Not Churned
117918,17918,0,,Not Churned
117919,17919,0,,Not Churned
117920,17920,0,,Not Churned
117921,17921,0,,Not Churned
117922,17922,0,,Not Churned
117923,17923,0,,Not Churned
117924,17924,0,,Not Churned
117925,17925,0,,Not Churned
117926,17926,0,,Not Churned
117927,17927,0,,Not Churned
117928,17928,1,2028-12-20,Competitor
117929,17929,0,,Not Churned
117930,17930,0,,Not Churned
117931,17931,0,,Not Churned
117932,17932,0,,Not Churned
117933,17933,1,2026-07-19,Contract Expired
117934,17934,1,2027-04-25,High Price
117935,17935,0,,Not Churned
117936,17936,0,,Not Churned
117937,17937,0,,Not Churned
117938,17938,0,,Not Churned
117939,17939,0,,Not Churned
117940,17940,0,,Not Churned
117941,17941,0,,Not Churned
117942,17942,1,2030-09-12,Competitor
117943,17943,0,,Not Churned
117944,17944,1,2024-12-15,Competitor
117945,17945,0,,Not Churned
117946,17946,0,,Not Churned
117947,17947,0,,Not Churned
117948,17948,0,,Not Churned
117949,17949,0,,Not Churned
117950,17950,0,,Not Churned
117951,17951,1,2023-08-06,High Price
117952,17952,1,2023-02-16,Low Product Usage
117953,17953,1,2023-09-24,Business Closure
117954,17954,0,,Not Churned
117955,17955,0,,Not Churned
117956,17956,1,2023-07-12,Business Closure
117957,17957,0,,Not Churned
117958,17958,0,,Not Churned
117959,17959,0,,Not Churned
117960,17960,0,,Not Churned
117961,17961,0,,Not Churned
117962,17962,0,,Not Churned
117963,17963,0,,Not Churned
117964,17964,0,,Not Churned
117965,17965,0,,Not Churned
117966,17966,1,2026-06-14,Contract Expired
117967,17967,0,,Not Churned
117968,17968,1,2024-09-25,Poor User Experience
117969,17969,0,,Not Churned
117970,17970,0,,Not Churned
117971,17971,1,2023-11-25,Competitor
117972,17972,1,2026-09-08,Competitor
117973,17973,0,,Not Churned
117974,17974,1,2030-02-08,Contract Expired
117975,17975,0,,Not Churned
117976,17976,0,,Not Churned
117977,17977,0,,Not Churned
117978,17978,0,,Not Churned
117979,17979,0,,Not Churned
117980,17980,1,2023-08-01,High Price
117981,17981,1,2023-12-09,Business Closure
117982,17982,0,,Not Churned
117983,17983,0,,Not Churned
117984,17984,0,,Not Churned
117985,17985,0,,Not Churned
117986,17986,1,2024-11-13,Competitor
117987,17987,0,,Not Churned
117988,17988,1,2027-12-11,Business Closure
117989,17989,0,,Not Churned
117990,17990,0,,Not Churned
117991,17991,1,2023-03-13,Competitor
117992,17992,1,2025-03-28,Poor User Experience
117993,17993,0,,Not Churned
117994,17994,0,,Not Churned
117995,17995,0,,Not Churned
117996,17996,0,,Not Churned
117997,17997,0,,Not Churned
117998,17998,1,2028-09-12,Competitor
117999,17999,0,,Not Churned
118000,18000,1,2028-04-06,Competitor
118001,18001,1,2028-11-19,Business Closure
118002,18002,0,,Not Churned
118003,18003,0,,Not Churned
118004,18004,0,,Not Churned
118005,18005,0,,Not Churned
118006,18006,1,2024-11-07,Poor User Experience
118007,18007,0,,Not Churned
118008,18008,0,,Not Churned
118009,18009,0,,Not Churned
118010,18010,0,,Not Churned
118011,18011,0,,Not Churned
118012,18012,0,,Not Churned
118013,18013,0,,Not Churned
118014,18014,1,2027-03-13,Contract Expired
118015,18015,0,,Not Churned
118016,18016,1,2025-10-26,Competitor
118017,18017,0,,Not Churned
118018,18018,0,,Not Churned
118019,18019,0,,Not Churned
118020,18020,1,2026-06-01,Poor User Experience
118021,18021,0,,Not Churned
118022,18022,0,,Not Churned
118023,18023,0,,Not Churned
118024,18024,0,,Not Churned
118025,18025,0,,Not Churned
118026,18026,0,,Not Churned
118027,18027,0,,Not Churned
118028,18028,1,2027-11-30,Contract Expired
118029,18029,0,,Not Churned
118030,18030,0,,Not Churned
118031,18031,0,,Not Churned
118032,18032,0,,Not Churned
118033,18033,0,,Not Churned
118034,18034,0,,Not Churned
118035,18035,0,,Not Churned
118036,18036,0,,Not Churned
118037,18037,0,,Not Churned
118038,18038,1,2024-07-03,Business Closure
118039,18039,0,,Not Churned
118040,18040,0,,Not Churned
118041,18041,0,,Not Churned
118042,18042,0,,Not Churned
118043,18043,0,,Not Churned
118044,18044,0,,Not Churned
118045,18045,0,,Not Churned
118046,18046,0,,Not Churned
118047,18047,0,,Not Churned
118048,18048,0,,Not Churned
118049,18049,0,,Not Churned
118050,18050,0,,Not Churned
118051,18051,0,,Not Churned
118052,18052,0,,Not Churned
118053,18053,0,,Not Churned
118054,18054,0,,Not Churned
118055,18055,0,,Not Churned
118056,18056,0,,Not Churned
118057,18057,0,,Not Churned
118058,18058,0,,Not Churned
118059,18059,0,,Not Churned
118060,18060,0,,Not Churned
118061,18061,0,,Not Churned
118062,18062,1,2028-07-21,Missing Features
118063,18063,1,2025-05-03,Competitor
118064,18064,1,2021-09-24,High Price
118065,18065,0,,Not Churned
118066,18066,0,,Not Churned
118067,18067,1,2022-05-29,Business Closure
118068,18068,1,2025-07-18,Business Closure
118069,18069,0,,Not Churned
118070,18070,0,,Not Churned
118071,18071,0,,Not Churned
118072,18072,0,,Not Churned
118073,18073,0,,Not Churned
118074,18074,0,,Not Churned
118075,18075,0,,Not Churned
118076,18076,0,,Not Churned
118077,18077,0,,Not Churned
118078,18078,0,,Not Churned
118079,18079,0,,Not Churned
118080,18080,1,2028-11-29,Contract Expired
118081,18081,0,,Not Churned
118082,18082,0,,Not Churned
118083,18083,0,,Not Churned
118084,18084,0,,Not Churned
118085,18085,0,,Not Churned
118086,18086,0,,Not Churned
118087,18087,1,2027-06-20,Competitor
118088,18088,0,,Not Churned
118089,18089,1,2026-10-20,Business Closure
118090,18090,0,,Not Churned
118091,18091,0,,Not Churned
118092,18092,0,,Not Churned
118093,18093,0,,Not Churned
118094,18094,0,,Not Churned
118095,18095,1,2027-03-10,Contract Expired
118096,18096,0,,Not Churned
118097,18097,1,2026-03-17,Low Product Usage
118098,18098,0,,Not Churned
118099,18099,0,,Not Churned
118100,18100,0,,Not Churned
118101,18101,0,,Not Churned
118102,18102,0,,Not Churned
118103,18103,0,,Not Churned
118104,18104,1,2025-05-29,Business Closure
118105,18105,0,,Not Churned
118106,18106,0,,Not Churned
118107,18107,0,,Not Churned
118108,18108,0,,Not Churned
118109,18109,0,,Not Churned
118110,18110,1,2030-01-08,Contract Expired
118111,18111,0,,Not Churned
118112,18112,1,2024-11-28,Contract Expired
118113,18113,0,,Not Churned
118114,18114,1,2023-07-06,Contract Expired
118115,18115,0,,Not Churned
118116,18116,0,,Not Churned
118117,18117,0,,Not Churned
118118,18118,0,,Not Churned
118119,18119,1,2024-05-21,Poor Support
118120,18120,0,,Not Churned
118121,18121,0,,Not Churned
118122,18122,0,,Not Churned
118123,18123,0,,Not Churned
118124,18124,1,2022-12-19,Poor User Experience
118125,18125,0,,Not Churned
118126,18126,0,,Not Churned
118127,18127,0,,Not Churned
118128,18128,0,,Not Churned
118129,18129,0,,Not Churned
118130,18130,0,,Not Churned
118131,18131,1,2023-08-06,Competitor
118132,18132,1,2028-10-07,Business Closure
118133,18133,0,,Not Churned
118134,18134,0,,Not Churned
118135,18135,0,,Not Churned
118136,18136,0,,Not Churned
118137,18137,0,,Not Churned
118138,18138,0,,Not Churned
118139,18139,0,,Not Churned
118140,18140,1,2029-05-02,Poor User Experience
118141,18141,0,,Not Churned
118142,18142,1,2024-12-08,Poor User Experience
118143,18143,0,,Not Churned
118144,18144,0,,Not Churned
118145,18145,0,,Not Churned
118146,18146,0,,Not Churned
118147,18147,1,2026-06-20,Contract Expired
118148,18148,0,,Not Churned
118149,18149,0,,Not Churned
118150,18150,0,,Not Churned
118151,18151,1,2027-05-26,Business Closure
118152,18152,0,,Not Churned
118153,18153,1,2029-04-09,Poor User Experience
118154,18154,0,,Not Churned
118155,18155,0,,Not Churned
118156,18156,0,,Not Churned
118157,18157,0,,Not Churned
118158,18158,0,,Not Churned
118159,18159,0,,Not Churned
118160,18160,0,,Not Churned
118161,18161,0,,Not Churned
118162,18162,0,,Not Churned
118163,18163,0,,Not Churned
118164,18164,0,,Not Churned
118165,18165,1,2025-04-25,Poor Support
118166,18166,1,2027-05-05,Contract Expired
118167,18167,0,,Not Churned
118168,18168,0,,Not Churned
118169,18169,0,,Not Churned
118170,18170,0,,Not Churned
118171,18171,1,2027-12-15,Contract Expired
118172,18172,0,,Not Churned
118173,18173,0,,Not Churned
118174,18174,0,,Not Churned
118175,18175,1,2023-07-09,Business Closure
118176,18176,0,,Not Churned
118177,18177,1,2028-11-09,Business Closure
118178,18178,0,,Not Churned
118179,18179,0,,Not Churned
118180,18180,0,,Not Churned
118181,18181,0,,Not Churned
118182,18182,0,,Not Churned
118183,18183,0,,Not Churned
118184,18184,0,,Not Churned
118185,18185,0,,Not Churned
118186,18186,0,,Not Churned
118187,18187,0,,Not Churned
118188,18188,0,,Not Churned
118189,18189,1,2029-03-06,High Price
118190,18190,1,2024-02-29,High Price
118191,18191,0,,Not Churned
118192,18192,0,,Not Churned
118193,18193,0,,Not Churned
118194,18194,1,2025-09-21,Business Closure
118195,18195,0,,Not Churned
118196,18196,0,,Not Churned
118197,18197,0,,Not Churned
118198,18198,0,,Not Churned
118199,18199,0,,Not Churned
118200,18200,0,,Not Churned
118201,18201,0,,Not Churned
118202,18202,1,2026-07-04,Poor User Experience
118203,18203,1,2028-01-26,Competitor
118204,18204,0,,Not Churned
118205,18205,1,2024-01-27,Poor User Experience
118206,18206,1,2027-10-19,Competitor
118207,18207,0,,Not Churned
118208,18208,0,,Not Churned
118209,18209,0,,Not Churned
118210,18210,1,2026-05-19,Contract Expired
118211,18211,1,2023-06-25,Contract Expired
118212,18212,0,,Not Churned
118213,18213,0,,Not Churned
118214,18214,1,2022-11-15,Contract Expired
118215,18215,0,,Not Churned
118216,18216,0,,Not Churned
118217,18217,0,,Not Churned
118218,18218,0,,Not Churned
118219,18219,0,,Not Churned
118220,18220,0,,Not Churned
118221,18221,0,,Not Churned
118222,18222,0,,Not Churned
118223,18223,0,,Not Churned
118224,18224,0,,Not Churned
118225,18225,1,2025-09-16,Competitor
118226,18226,0,,Not Churned
118227,18227,1,2025-02-21,Competitor
118228,18228,0,,Not Churned
118229,18229,0,,Not Churned
118230,18230,0,,Not Churned
118231,18231,0,,Not Churned
118232,18232,0,,Not Churned
118233,18233,1,2027-07-03,High Price
118234,18234,0,,Not Churned
118235,18235,1,2022-04-29,Competitor
118236,18236,0,,Not Churned
118237,18237,0,,Not Churned
118238,18238,1,2024-11-24,Low Product Usage
118239,18239,0,,Not Churned
118240,18240,0,,Not Churned
118241,18241,0,,Not Churned
118242,18242,1,2023-01-23,Contract Expired
118243,18243,0,,Not Churned
118244,18244,0,,Not Churned
118245,18245,0,,Not Churned
118246,18246,1,2023-03-16,Contract Expired
118247,18247,0,,Not Churned
118248,18248,0,,Not Churned
118249,18249,1,2028-09-01,Poor User Experience
118250,18250,0,,Not Churned
118251,18251,0,,Not Churned
118252,18252,1,2027-01-10,Competitor
118253,18253,0,,Not Churned
118254,18254,0,,Not Churned
118255,18255,1,2027-01-09,Poor User Experience
118256,18256,1,2026-11-04,High Price
118257,18257,1,2025-03-23,Business Closure
118258,18258,0,,Not Churned
118259,18259,0,,Not Churned
118260,18260,0,,Not Churned
118261,18261,0,,Not Churned
118262,18262,0,,Not Churned
118263,18263,0,,Not Churned
118264,18264,0,,Not Churned
118265,18265,0,,Not Churned
118266,18266,1,2024-01-16,Competitor
118267,18267,0,,Not Churned
118268,18268,0,,Not Churned
118269,18269,1,2023-11-25,Poor User Experience
118270,18270,1,2023-09-27,Poor User Experience
118271,18271,0,,Not Churned
118272,18272,1,2024-06-11,Business Closure
118273,18273,1,2026-12-12,Poor Support
118274,18274,0,,Not Churned
118275,18275,0,,Not Churned
118276,18276,1,2023-12-15,Competitor
118277,18277,1,2027-05-16,Competitor
118278,18278,1,2024-01-24,Competitor
118279,18279,1,2025-11-17,Contract Expired
118280,18280,0,,Not Churned
118281,18281,1,2024-12-29,Competitor
118282,18282,0,,Not Churned
118283,18283,1,2024-08-06,Poor User Experience
118284,18284,0,,Not Churned
118285,18285,1,2028-08-26,Missing Features
118286,18286,0,,Not Churned
118287,18287,0,,Not Churned
118288,18288,0,,Not Churned
118289,18289,0,,Not Churned
118290,18290,1,2026-02-03,Missing Features
118291,18291,0,,Not Churned
118292,18292,1,2025-03-25,Contract Expired
118293,18293,0,,Not Churned
118294,18294,1,2022-12-03,Missing Features
118295,18295,0,,Not Churned
118296,18296,0,,Not Churned
118297,18297,0,,Not Churned
118298,18298,0,,Not Churned
118299,18299,0,,Not Churned
118300,18300,1,2026-06-04,Poor Support
118301,18301,1,2026-09-23,Business Closure
118302,18302,1,2028-03-05,Competitor
118303,18303,0,,Not Churned
118304,18304,0,,Not Churned
118305,18305,1,2028-12-15,Poor User Experience
118306,18306,1,2028-07-04,Poor User Experience
118307,18307,0,,Not Churned
118308,18308,0,,Not Churned
118309,18309,1,2026-12-02,Poor User Experience
118310,18310,0,,Not Churned
118311,18311,0,,Not Churned
118312,18312,0,,Not Churned
118313,18313,0,,Not Churned
118314,18314,0,,Not Churned
118315,18315,0,,Not Churned
118316,18316,1,2026-01-30,Competitor
118317,18317,1,2026-08-05,Competitor
118318,18318,0,,Not Churned
118319,18319,0,,Not Churned
118320,18320,0,,Not Churned
118321,18321,0,,Not Churned
118322,18322,0,,Not Churned
118323,18323,0,,Not Churned
118324,18324,0,,Not Churned
118325,18325,0,,Not Churned
118326,18326,1,2025-08-21,Contract Expired
118327,18327,1,2025-03-11,Business Closure
118328,18328,0,,Not Churned
118329,18329,1,2028-07-10,Contract Expired
118330,18330,0,,Not Churned
118331,18331,1,2026-03-04,Competitor
118332,18332,0,,Not Churned
118333,18333,1,2023-11-30,Missing Features
118334,18334,0,,Not Churned
118335,18335,0,,Not Churned
118336,18336,0,,Not Churned
118337,18337,0,,Not Churned
118338,18338,1,2027-04-27,Competitor
118339,18339,0,,Not Churned
118340,18340,1,2028-07-28,Competitor
118341,18341,0,,Not Churned
118342,18342,1,2029-04-26,Contract Expired
118343,18343,0,,Not Churned
118344,18344,1,2024-07-24,High Price
118345,18345,0,,Not Churned
118346,18346,1,2024-08-31,High Price
118347,18347,1,2025-12-20,Competitor
118348,18348,0,,Not Churned
118349,18349,0,,Not Churned
118350,18350,0,,Not Churned
118351,18351,0,,Not Churned
118352,18352,0,,Not Churned
118353,18353,1,2026-04-02,Low Product Usage
118354,18354,0,,Not Churned
118355,18355,1,2024-04-15,Contract Expired
118356,18356,0,,Not Churned
118357,18357,0,,Not Churned
118358,18358,0,,Not Churned
118359,18359,0,,Not Churned
118360,18360,0,,Not Churned
118361,18361,0,,Not Churned
118362,18362,0,,Not Churned
118363,18363,0,,Not Churned
118364,18364,0,,Not Churned
118365,18365,0,,Not Churned
118366,18366,0,,Not Churned
118367,18367,1,2025-05-04,Competitor
118368,18368,0,,Not Churned
118369,18369,0,,Not Churned
118370,18370,1,2025-11-06,Competitor
118371,18371,1,2024-07-26,Low Product Usage
118372,18372,0,,Not Churned
118373,18373,0,,Not Churned
118374,18374,1,2025-07-11,Business Closure
118375,18375,0,,Not Churned
118376,18376,1,2026-04-12,Contract Expired
118377,18377,0,,Not Churned
118378,18378,1,2024-08-23,Business Closure
118379,18379,0,,Not Churned
118380,18380,0,,Not Churned
118381,18381,0,,Not Churned
118382,18382,0,,Not Churned
118383,18383,0,,Not Churned
118384,18384,1,2029-07-13,Contract Expired
118385,18385,0,,Not Churned
118386,18386,1,2030-01-02,Poor User Experience
118387,18387,0,,Not Churned
118388,18388,0,,Not Churned
118389,18389,0,,Not Churned
118390,18390,0,,Not Churned
118391,18391,0,,Not Churned
118392,18392,0,,Not Churned
118393,18393,0,,Not Churned
118394,18394,0,,Not Churned
118395,18395,0,,Not Churned
118396,18396,0,,Not Churned
118397,18397,0,,Not Churned
118398,18398,0,,Not Churned
118399,18399,0,,Not Churned
118400,18400,0,,Not Churned
118401,18401,0,,Not Churned
118402,18402,0,,Not Churned
118403,18403,1,2027-12-07,Competitor
118404,18404,1,2029-06-12,Poor User Experience
118405,18405,0,,Not Churned
118406,18406,0,,Not Churned
118407,18407,0,,Not Churned
118408,18408,1,2025-12-08,Competitor
118409,18409,0,,Not Churned
118410,18410,0,,Not Churned
118411,18411,1,2022-12-21,Contract Expired
118412,18412,0,,Not Churned
118413,18413,0,,Not Churned
118414,18414,0,,Not Churned
118415,18415,1,2029-01-14,Low Product Usage
118416,18416,0,,Not Churned
118417,18417,0,,Not Churned
118418,18418,1,2024-01-10,Business Closure
118419,18419,0,,Not Churned
118420,18420,0,,Not Churned
118421,18421,0,,Not Churned
118422,18422,0,,Not Churned
118423,18423,1,2025-06-16,Business Closure
118424,18424,0,,Not Churned
118425,18425,0,,Not Churned
118426,18426,1,2025-07-31,Competitor
118427,18427,0,,Not Churned
118428,18428,1,2023-12-06,Contract Expired
118429,18429,1,2025-01-10,Poor User Experience
118430,18430,0,,Not Churned
118431,18431,1,2027-06-11,Poor User Experience
118432,18432,0,,Not Churned
118433,18433,0,,Not Churned
118434,18434,0,,Not Churned
118435,18435,1,2027-12-14,Business Closure
118436,18436,0,,Not Churned
118437,18437,0,,Not Churned
118438,18438,0,,Not Churned
118439,18439,0,,Not Churned
118440,18440,0,,Not Churned
118441,18441,0,,Not Churned
118442,18442,1,2025-04-13,Competitor
118443,18443,0,,Not Churned
118444,18444,0,,Not Churned
118445,18445,0,,Not Churned
118446,18446,0,,Not Churned
118447,18447,0,,Not Churned
118448,18448,0,,Not Churned
118449,18449,0,,Not Churned
118450,18450,0,,Not Churned
118451,18451,0,,Not Churned
118452,18452,0,,Not Churned
118453,18453,0,,Not Churned
118454,18454,0,,Not Churned
118455,18455,0,,Not Churned
118456,18456,1,2030-03-01,Poor User Experience
118457,18457,0,,Not Churned
118458,18458,0,,Not Churned
118459,18459,0,,Not Churned
118460,18460,0,,Not Churned
118461,18461,0,,Not Churned
118462,18462,0,,Not Churned
118463,18463,1,2025-06-07,Competitor
118464,18464,1,2028-07-12,Competitor
118465,18465,0,,Not Churned
118466,18466,0,,Not Churned
118467,18467,0,,Not Churned
118468,18468,0,,Not Churned
118469,18469,0,,Not Churned
118470,18470,0,,Not Churned
118471,18471,0,,Not Churned
118472,18472,1,2024-02-18,Contract Expired
118473,18473,0,,Not Churned
118474,18474,0,,Not Churned
118475,18475,1,2022-08-30,Competitor
118476,18476,1,2027-12-08,Business Closure
118477,18477,0,,Not Churned
118478,18478,1,2024-04-22,Competitor
118479,18479,1,2027-01-05,Contract Expired
118480,18480,0,,Not Churned
118481,18481,0,,Not Churned
118482,18482,1,2022-05-06,Business Closure
118483,18483,0,,Not Churned
118484,18484,1,2025-12-13,Poor User Experience
118485,18485,0,,Not Churned
118486,18486,0,,Not Churned
118487,18487,0,,Not Churned
118488,18488,0,,Not Churned
118489,18489,1,2027-02-18,Contract Expired
118490,18490,0,,Not Churned
118491,18491,0,,Not Churned
118492,18492,0,,Not Churned
118493,18493,0,,Not Churned
118494,18494,0,,Not Churned
118495,18495,0,,Not Churned
118496,18496,1,2025-12-10,Contract Expired
118497,18497,0,,Not Churned
118498,18498,1,2027-03-21,Business Closure
118499,18499,1,2025-10-06,Contract Expired
118500,18500,0,,Not Churned
118501,18501,0,,Not Churned
118502,18502,0,,Not Churned
118503,18503,0,,Not Churned
118504,18504,0,,Not Churned
118505,18505,1,2026-07-29,Poor User Experience
118506,18506,0,,Not Churned
118507,18507,0,,Not Churned
118508,18508,0,,Not Churned
118509,18509,0,,Not Churned
118510,18510,0,,Not Churned
118511,18511,0,,Not Churned
118512,18512,0,,Not Churned
118513,18513,0,,Not Churned
118514,18514,0,,Not Churned
118515,18515,0,,Not Churned
118516,18516,0,,Not Churned
118517,18517,0,,Not Churned
118518,18518,0,,Not Churned
118519,18519,1,2024-04-06,Business Closure
118520,18520,0,,Not Churned
118521,18521,0,,Not Churned
118522,18522,0,,Not Churned
118523,18523,0,,Not Churned
118524,18524,0,,Not Churned
118525,18525,0,,Not Churned
118526,18526,0,,Not Churned
118527,18527,1,2027-07-04,Contract Expired
118528,18528,0,,Not Churned
118529,18529,0,,Not Churned
118530,18530,1,2028-01-13,Poor User Experience
118531,18531,1,2028-01-17,Competitor
118532,18532,0,,Not Churned
118533,18533,0,,Not Churned
118534,18534,1,2026-06-15,Poor User Experience
118535,18535,0,,Not Churned
118536,18536,1,2028-05-16,Business Closure
118537,18537,1,2025-03-03,Contract Expired
118538,18538,1,2027-01-23,Poor User Experience
118539,18539,0,,Not Churned
118540,18540,0,,Not Churned
118541,18541,0,,Not Churned
118542,18542,0,,Not Churned
118543,18543,1,2030-02-28,Poor User Experience
118544,18544,0,,Not Churned
118545,18545,0,,Not Churned
118546,18546,0,,Not Churned
118547,18547,0,,Not Churned
118548,18548,0,,Not Churned
118549,18549,1,2024-11-17,Poor User Experience
118550,18550,1,2026-06-24,Poor User Experience
118551,18551,1,2025-08-25,Business Closure
118552,18552,1,2026-08-15,Business Closure
118553,18553,0,,Not Churned
118554,18554,0,,Not Churned
118555,18555,1,2029-06-15,Business Closure
118556,18556,0,,Not Churned
118557,18557,0,,Not Churned
118558,18558,0,,Not Churned
118559,18559,1,2027-05-24,Contract Expired
118560,18560,1,2027-05-10,High Price
118561,18561,0,,Not Churned
118562,18562,1,2028-06-14,Poor User Experience
118563,18563,1,2024-08-25,Competitor
118564,18564,0,,Not Churned
118565,18565,0,,Not Churned
118566,18566,1,2021-04-29,Contract Expired
118567,18567,0,,Not Churned
118568,18568,0,,Not Churned
118569,18569,0,,Not Churned
118570,18570,0,,Not Churned
118571,18571,0,,Not Churned
118572,18572,0,,Not Churned
118573,18573,0,,Not Churned
118574,18574,1,2027-04-27,Poor User Experience
118575,18575,0,,Not Churned
118576,18576,0,,Not Churned
118577,18577,0,,Not Churned
118578,18578,0,,Not Churned
118579,18579,1,2024-03-18,Contract Expired
118580,18580,0,,Not Churned
118581,18581,0,,Not Churned
118582,18582,0,,Not Churned
118583,18583,1,2029-06-20,Contract Expired
118584,18584,0,,Not Churned
118585,18585,0,,Not Churned
118586,18586,0,,Not Churned
118587,18587,0,,Not Churned
118588,18588,0,,Not Churned
118589,18589,0,,Not Churned
118590,18590,0,,Not Churned
118591,18591,0,,Not Churned
118592,18592,1,2026-01-26,Business Closure
118593,18593,0,,Not Churned
118594,18594,0,,Not Churned
118595,18595,0,,Not Churned
118596,18596,0,,Not Churned
118597,18597,0,,Not Churned
118598,18598,1,2026-02-26,Poor Support
118599,18599,0,,Not Churned
118600,18600,0,,Not Churned
118601,18601,0,,Not Churned
118602,18602,0,,Not Churned
118603,18603,0,,Not Churned
118604,18604,0,,Not Churned
118605,18605,1,2022-11-08,Business Closure
118606,18606,0,,Not Churned
118607,18607,0,,Not Churned
118608,18608,0,,Not Churned
118609,18609,0,,Not Churned
118610,18610,0,,Not Churned
118611,18611,1,2028-07-03,Business Closure
118612,18612,0,,Not Churned
118613,18613,0,,Not Churned
118614,18614,0,,Not Churned
118615,18615,0,,Not Churned
118616,18616,1,2026-07-27,Competitor
118617,18617,1,2029-08-10,Business Closure
118618,18618,0,,Not Churned
118619,18619,0,,Not Churned
118620,18620,0,,Not Churned
118621,18621,1,2026-10-09,Poor User Experience
118622,18622,0,,Not Churned
118623,18623,0,,Not Churned
118624,18624,0,,Not Churned
118625,18625,0,,Not Churned
118626,18626,0,,Not Churned
118627,18627,0,,Not Churned
118628,18628,1,2026-06-02,Business Closure
118629,18629,0,,Not Churned
118630,18630,0,,Not Churned
118631,18631,1,2030-03-29,Poor User Experience
118632,18632,0,,Not Churned
118633,18633,0,,Not Churned
118634,18634,1,2028-11-02,Low Product Usage
118635,18635,1,2029-07-11,Poor User Experience
118636,18636,0,,Not Churned
118637,18637,0,,Not Churned
118638,18638,1,2026-06-24,High Price
118639,18639,1,2024-09-05,Contract Expired
118640,18640,0,,Not Churned
118641,18641,0,,Not Churned
118642,18642,0,,Not Churned
118643,18643,1,2022-11-04,Business Closure
118644,18644,0,,Not Churned
118645,18645,1,2029-08-04,Competitor
118646,18646,0,,Not Churned
118647,18647,0,,Not Churned
118648,18648,0,,Not Churned
118649,18649,1,2024-12-04,Contract Expired
118650,18650,0,,Not Churned
118651,18651,1,2023-04-01,Competitor
118652,18652,0,,Not Churned
118653,18653,0,,Not Churned
118654,18654,0,,Not Churned
118655,18655,0,,Not Churned
118656,18656,0,,Not Churned
118657,18657,0,,Not Churned
118658,18658,0,,Not Churned
118659,18659,0,,Not Churned
118660,18660,0,,Not Churned
118661,18661,1,2028-04-06,Poor User Experience
118662,18662,0,,Not Churned
118663,18663,0,,Not Churned
118664,18664,0,,Not Churned
118665,18665,0,,Not Churned
118666,18666,1,2024-04-01,Poor User Experience
118667,18667,0,,Not Churned
118668,18668,0,,Not Churned
118669,18669,0,,Not Churned
118670,18670,0,,Not Churned
118671,18671,1,2024-03-03,Business Closure
118672,18672,1,2023-08-27,Poor User Experience
118673,18673,0,,Not Churned
118674,18674,0,,Not Churned
118675,18675,0,,Not Churned
118676,18676,0,,Not Churned
118677,18677,0,,Not Churned
118678,18678,0,,Not Churned
118679,18679,0,,Not Churned
118680,18680,0,,Not Churned
118681,18681,0,,Not Churned
118682,18682,0,,Not Churned
118683,18683,1,2024-07-23,Competitor
118684,18684,0,,Not Churned
118685,18685,0,,Not Churned
118686,18686,0,,Not Churned
118687,18687,0,,Not Churned
118688,18688,0,,Not Churned
118689,18689,1,2026-05-10,Business Closure
118690,18690,0,,Not Churned
118691,18691,0,,Not Churned
118692,18692,0,,Not Churned
118693,18693,0,,Not Churned
118694,18694,0,,Not Churned
118695,18695,0,,Not Churned
118696,18696,0,,Not Churned
118697,18697,1,2023-02-20,Poor Support
118698,18698,0,,Not Churned
118699,18699,0,,Not Churned
118700,18700,0,,Not Churned
118701,18701,1,2025-01-19,Business Closure
118702,18702,0,,Not Churned
118703,18703,0,,Not Churned
118704,18704,0,,Not Churned
118705,18705,0,,Not Churned
118706,18706,0,,Not Churned
118707,18707,1,2024-12-05,Competitor
118708,18708,0,,Not Churned
118709,18709,0,,Not Churned
118710,18710,1,2025-11-24,Contract Expired
118711,18711,1,2025-10-13,Competitor
118712,18712,0,,Not Churned
118713,18713,0,,Not Churned
118714,18714,0,,Not Churned
118715,18715,0,,Not Churned
118716,18716,1,2029-02-01,Competitor
118717,18717,1,2027-06-27,Poor User Experience
118718,18718,0,,Not Churned
118719,18719,0,,Not Churned
118720,18720,0,,Not Churned
118721,18721,0,,Not Churned
118722,18722,0,,Not Churned
118723,18723,0,,Not Churned
118724,18724,0,,Not Churned
118725,18725,0,,Not Churned
118726,18726,0,,Not Churned
118727,18727,0,,Not Churned
118728,18728,0,,Not Churned
118729,18729,1,2027-05-12,High Price
118730,18730,0,,Not Churned
118731,18731,0,,Not Churned
118732,18732,0,,Not Churned
118733,18733,0,,Not Churned
118734,18734,0,,Not Churned
118735,18735,1,2027-01-30,Business Closure
118736,18736,0,,Not Churned
118737,18737,1,2027-09-06,Missing Features
118738,18738,1,2023-02-08,Poor User Experience
118739,18739,0,,Not Churned
118740,18740,0,,Not Churned
118741,18741,0,,Not Churned
118742,18742,0,,Not Churned
118743,18743,0,,Not Churned
118744,18744,1,2025-03-27,Contract Expired
118745,18745,1,2024-03-14,Competitor
118746,18746,0,,Not Churned
118747,18747,0,,Not Churned
118748,18748,0,,Not Churned
118749,18749,0,,Not Churned
118750,18750,0,,Not Churned
118751,18751,1,2028-02-24,Contract Expired
118752,18752,0,,Not Churned
118753,18753,0,,Not Churned
118754,18754,0,,Not Churned
118755,18755,0,,Not Churned
118756,18756,1,2023-12-12,Contract Expired
118757,18757,0,,Not Churned
118758,18758,0,,Not Churned
118759,18759,0,,Not Churned
118760,18760,0,,Not Churned
118761,18761,0,,Not Churned
118762,18762,0,,Not Churned
118763,18763,0,,Not Churned
118764,18764,0,,Not Churned
118765,18765,1,2025-04-18,Contract Expired
118766,18766,0,,Not Churned
118767,18767,0,,Not Churned
118768,18768,0,,Not Churned
118769,18769,0,,Not Churned
118770,18770,0,,Not Churned
118771,18771,1,2024-04-20,Contract Expired
118772,18772,0,,Not Churned
118773,18773,0,,Not Churned
118774,18774,0,,Not Churned
118775,18775,1,2027-02-26,Low Product Usage
118776,18776,0,,Not Churned
118777,18777,0,,Not Churned
118778,18778,0,,Not Churned
118779,18779,0,,Not Churned
118780,18780,0,,Not Churned
118781,18781,0,,Not Churned
118782,18782,0,,Not Churned
118783,18783,1,2025-10-06,Contract Expired
118784,18784,1,2026-06-18,Poor User Experience
118785,18785,0,,Not Churned
118786,18786,1,2026-05-16,Competitor
118787,18787,0,,Not Churned
118788,18788,0,,Not Churned
118789,18789,1,2022-08-27,Business Closure
118790,18790,1,2023-08-08,Contract Expired
118791,18791,0,,Not Churned
118792,18792,0,,Not Churned
118793,18793,1,2023-01-08,Competitor
118794,18794,0,,Not Churned
118795,18795,0,,Not Churned
118796,18796,0,,Not Churned
118797,18797,0,,Not Churned
118798,18798,1,2025-01-29,Competitor
118799,18799,0,,Not Churned
118800,18800,1,2030-05-14,High Price
118801,18801,1,2028-02-04,Competitor
118802,18802,1,2028-09-30,Poor User Experience
118803,18803,0,,Not Churned
118804,18804,1,2024-01-14,Poor User Experience
118805,18805,0,,Not Churned
118806,18806,1,2025-04-15,Missing Features
118807,18807,1,2027-05-16,Business Closure
118808,18808,0,,Not Churned
118809,18809,0,,Not Churned
118810,18810,0,,Not Churned
118811,18811,0,,Not Churned
118812,18812,0,,Not Churned
118813,18813,1,2026-07-01,Competitor
118814,18814,0,,Not Churned
118815,18815,0,,Not Churned
118816,18816,0,,Not Churned
118817,18817,0,,Not Churned
118818,18818,0,,Not Churned
118819,18819,0,,Not Churned
118820,18820,0,,Not Churned
118821,18821,0,,Not Churned
118822,18822,1,2027-06-14,Missing Features
118823,18823,0,,Not Churned
118824,18824,1,2029-06-04,Low Product Usage
118825,18825,0,,Not Churned
118826,18826,0,,Not Churned
118827,18827,0,,Not Churned
118828,18828,0,,Not Churned
118829,18829,1,2026-03-22,Business Closure
118830,18830,0,,Not Churned
118831,18831,1,2029-06-01,Poor User Experience
118832,18832,1,2025-07-11,Low Product Usage
118833,18833,0,,Not Churned
118834,18834,0,,Not Churned
118835,18835,0,,Not Churned
118836,18836,0,,Not Churned
118837,18837,0,,Not Churned
118838,18838,0,,Not Churned
118839,18839,0,,Not Churned
118840,18840,0,,Not Churned
118841,18841,0,,Not Churned
118842,18842,0,,Not Churned
118843,18843,0,,Not Churned
118844,18844,1,2022-05-21,Business Closure
118845,18845,0,,Not Churned
118846,18846,0,,Not Churned
118847,18847,1,2027-06-25,Business Closure
118848,18848,0,,Not Churned
118849,18849,0,,Not Churned
118850,18850,0,,Not Churned
118851,18851,0,,Not Churned
118852,18852,0,,Not Churned
118853,18853,0,,Not Churned
118854,18854,0,,Not Churned
118855,18855,0,,Not Churned
118856,18856,1,2025-08-25,Competitor
118857,18857,1,2024-11-03,Competitor
118858,18858,1,2025-10-05,High Price
118859,18859,1,2028-05-12,Business Closure
118860,18860,1,2027-02-10,Poor User Experience
118861,18861,0,,Not Churned
118862,18862,1,2029-05-17,Business Closure
118863,18863,0,,Not Churned
118864,18864,0,,Not Churned
118865,18865,1,2028-03-30,Business Closure
118866,18866,1,2027-11-02,Contract Expired
118867,18867,0,,Not Churned
118868,18868,1,2024-10-02,Business Closure
118869,18869,0,,Not Churned
118870,18870,0,,Not Churned
118871,18871,0,,Not Churned
118872,18872,0,,Not Churned
118873,18873,0,,Not Churned
118874,18874,0,,Not Churned
118875,18875,0,,Not Churned
118876,18876,0,,Not Churned
118877,18877,0,,Not Churned
118878,18878,1,2022-01-03,Business Closure
118879,18879,1,2024-07-27,Poor User Experience
118880,18880,1,2026-04-18,Poor Support
118881,18881,1,2024-08-11,Poor User Experience
118882,18882,0,,Not Churned
118883,18883,0,,Not Churned
118884,18884,0,,Not Churned
118885,18885,0,,Not Churned
118886,18886,0,,Not Churned
118887,18887,0,,Not Churned
118888,18888,0,,Not Churned
118889,18889,0,,Not Churned
118890,18890,1,2023-05-10,Low Product Usage
118891,18891,0,,Not Churned
118892,18892,1,2023-05-25,Business Closure
118893,18893,1,2025-02-18,Low Product Usage
118894,18894,0,,Not Churned
118895,18895,0,,Not Churned
118896,18896,1,2027-03-14,Poor User Experience
118897,18897,0,,Not Churned
118898,18898,0,,Not Churned
118899,18899,0,,Not Churned
118900,18900,0,,Not Churned
118901,18901,1,2025-01-13,High Price
118902,18902,0,,Not Churned
118903,18903,0,,Not Churned
118904,18904,0,,Not Churned
118905,18905,0,,Not Churned
118906,18906,0,,Not Churned
118907,18907,0,,Not Churned
118908,18908,0,,Not Churned
118909,18909,0,,Not Churned
118910,18910,1,2023-04-30,Competitor
118911,18911,0,,Not Churned
118912,18912,0,,Not Churned
118913,18913,0,,Not Churned
118914,18914,0,,Not Churned
118915,18915,0,,Not Churned
118916,18916,0,,Not Churned
118917,18917,0,,Not Churned
118918,18918,0,,Not Churned
118919,18919,0,,Not Churned
118920,18920,0,,Not Churned
118921,18921,0,,Not Churned
118922,18922,0,,Not Churned
118923,18923,0,,Not Churned
118924,18924,0,,Not Churned
118925,18925,0,,Not Churned
118926,18926,0,,Not Churned
118927,18927,0,,Not Churned
118928,18928,0,,Not Churned
118929,18929,0,,Not Churned
118930,18930,0,,Not Churned
118931,18931,0,,Not Churned
118932,18932,0,,Not Churned
118933,18933,1,2028-06-24,Competitor
118934,18934,0,,Not Churned
118935,18935,0,,Not Churned
118936,18936,1,2022-06-08,Contract Expired
118937,18937,0,,Not Churned
118938,18938,0,,Not Churned
118939,18939,0,,Not Churned
118940,18940,0,,Not Churned
118941,18941,0,,Not Churned
118942,18942,0,,Not Churned
118943,18943,0,,Not Churned
118944,18944,1,2024-02-23,Competitor
118945,18945,0,,Not Churned
118946,18946,0,,Not Churned
118947,18947,0,,Not Churned
118948,18948,0,,Not Churned
118949,18949,0,,Not Churned
118950,18950,0,,Not Churned
118951,18951,1,2026-11-04,Contract Expired
118952,18952,0,,Not Churned
118953,18953,0,,Not Churned
118954,18954,0,,Not Churned
118955,18955,0,,Not Churned
118956,18956,0,,Not Churned
118957,18957,0,,Not Churned
118958,18958,0,,Not Churned
118959,18959,0,,Not Churned
118960,18960,0,,Not Churned
118961,18961,0,,Not Churned
118962,18962,0,,Not Churned
118963,18963,0,,Not Churned
118964,18964,1,2026-02-20,Poor User Experience
118965,18965,1,2023-09-19,Contract Expired
118966,18966,0,,Not Churned
118967,18967,0,,Not Churned
118968,18968,0,,Not Churned
118969,18969,0,,Not Churned
118970,18970,0,,Not Churned
118971,18971,0,,Not Churned
118972,18972,0,,Not Churned
118973,18973,0,,Not Churned
118974,18974,1,2025-05-05,Poor Support
118975,18975,0,,Not Churned
118976,18976,1,2027-05-24,Competitor
118977,18977,0,,Not Churned
118978,18978,1,2029-03-25,Contract Expired
118979,18979,0,,Not Churned
118980,18980,0,,Not Churned
118981,18981,0,,Not Churned
118982,18982,1,2029-08-18,High Price
118983,18983,1,2025-08-30,Competitor
118984,18984,0,,Not Churned
118985,18985,0,,Not Churned
118986,18986,0,,Not Churned
118987,18987,0,,Not Churned
118988,18988,1,2029-02-21,Contract Expired
118989,18989,1,2026-10-15,Business Closure
118990,18990,0,,Not Churned
118991,18991,0,,Not Churned
118992,18992,1,2028-01-24,Contract Expired
118993,18993,0,,Not Churned
118994,18994,1,2024-06-24,Competitor
118995,18995,0,,Not Churned
118996,18996,0,,Not Churned
118997,18997,0,,Not Churned
118998,18998,0,,Not Churned
118999,18999,1,2030-04-17,Contract Expired
119000,19000,0,,Not Churned
119001,19001,1,2028-09-08,Competitor
119002,19002,1,2030-01-04,Contract Expired
119003,19003,1,2024-03-10,Competitor
119004,19004,0,,Not Churned
119005,19005,0,,Not Churned
119006,19006,0,,Not Churned
119007,19007,0,,Not Churned
119008,19008,0,,Not Churned
119009,19009,0,,Not Churned
119010,19010,0,,Not Churned
119011,19011,1,2028-11-05,Contract Expired
119012,19012,0,,Not Churned
119013,19013,0,,Not Churned
119014,19014,1,2027-09-25,Business Closure
119015,19015,0,,Not Churned
119016,19016,1,2023-04-19,Poor User Experience
119017,19017,0,,Not Churned
119018,19018,1,2027-02-19,Poor User Experience
119019,19019,0,,Not Churned
119020,19020,1,2029-04-07,Competitor
119021,19021,0,,Not Churned
119022,19022,1,2030-02-26,Contract Expired
119023,19023,0,,Not Churned
119024,19024,0,,Not Churned
119025,19025,0,,Not Churned
119026,19026,0,,Not Churned
119027,19027,0,,Not Churned
119028,19028,1,2025-02-28,Competitor
119029,19029,0,,Not Churned
119030,19030,0,,Not Churned
119031,19031,0,,Not Churned
119032,19032,0,,Not Churned
119033,19033,0,,Not Churned
119034,19034,0,,Not Churned
119035,19035,0,,Not Churned
119036,19036,0,,Not Churned
119037,19037,0,,Not Churned
119038,19038,0,,Not Churned
119039,19039,0,,Not Churned
119040,19040,0,,Not Churned
119041,19041,0,,Not Churned
119042,19042,0,,Not Churned
119043,19043,1,2023-10-10,Poor User Experience
119044,19044,0,,Not Churned
119045,19045,0,,Not Churned
119046,19046,0,,Not Churned
119047,19047,0,,Not Churned
119048,19048,0,,Not Churned
119049,19049,1,2027-12-13,Business Closure
119050,19050,0,,Not Churned
119051,19051,0,,Not Churned
119052,19052,0,,Not Churned
119053,19053,0,,Not Churned
119054,19054,0,,Not Churned
119055,19055,0,,Not Churned
119056,19056,0,,Not Churned
119057,19057,0,,Not Churned
119058,19058,0,,Not Churned
119059,19059,0,,Not Churned
119060,19060,1,2026-08-26,Contract Expired
119061,19061,1,2024-06-18,Contract Expired
119062,19062,0,,Not Churned
119063,19063,0,,Not Churned
119064,19064,0,,Not Churned
119065,19065,0,,Not Churned
119066,19066,0,,Not Churned
119067,19067,0,,Not Churned
119068,19068,0,,Not Churned
119069,19069,0,,Not Churned
119070,19070,0,,Not Churned
119071,19071,0,,Not Churned
119072,19072,0,,Not Churned
119073,19073,0,,Not Churned
119074,19074,0,,Not Churned
119075,19075,1,2025-09-19,High Price
119076,19076,0,,Not Churned
119077,19077,0,,Not Churned
119078,19078,0,,Not Churned
119079,19079,0,,Not Churned
119080,19080,0,,Not Churned
119081,19081,1,2029-10-07,Contract Expired
119082,19082,1,2027-01-22,Contract Expired
119083,19083,0,,Not Churned
119084,19084,1,2028-08-02,Low Product Usage
119085,19085,0,,Not Churned
119086,19086,1,2024-09-25,Contract Expired
119087,19087,1,2026-06-01,Competitor
119088,19088,0,,Not Churned
119089,19089,1,2030-02-23,Poor User Experience
119090,19090,0,,Not Churned
119091,19091,1,2029-03-10,Contract Expired
119092,19092,1,2024-03-06,High Price
119093,19093,1,2023-08-12,Contract Expired
119094,19094,0,,Not Churned
119095,19095,1,2025-10-30,Poor User Experience
119096,19096,0,,Not Churned
119097,19097,0,,Not Churned
119098,19098,0,,Not Churned
119099,19099,0,,Not Churned
119100,19100,1,2027-09-29,Competitor
119101,19101,0,,Not Churned
119102,19102,1,2027-03-25,Low Product Usage
119103,19103,0,,Not Churned
119104,19104,1,2028-03-28,Contract Expired
119105,19105,1,2025-09-23,Contract Expired
119106,19106,0,,Not Churned
119107,19107,0,,Not Churned
119108,19108,1,2023-02-01,Poor User Experience
119109,19109,0,,Not Churned
119110,19110,0,,Not Churned
119111,19111,1,2025-03-02,Business Closure
119112,19112,1,2025-10-26,High Price
119113,19113,0,,Not Churned
119114,19114,1,2022-10-03,Poor User Experience
119115,19115,0,,Not Churned
119116,19116,1,2026-06-18,Business Closure
119117,19117,0,,Not Churned
119118,19118,1,2023-11-16,Low Product Usage
119119,19119,0,,Not Churned
119120,19120,1,2024-08-10,Competitor
119121,19121,0,,Not Churned
119122,19122,1,2024-10-19,High Price
119123,19123,1,2026-10-13,Poor Support
119124,19124,0,,Not Churned
119125,19125,1,2023-10-27,Poor User Experience
119126,19126,0,,Not Churned
119127,19127,0,,Not Churned
119128,19128,0,,Not Churned
119129,19129,0,,Not Churned
119130,19130,0,,Not Churned
119131,19131,1,2023-05-19,Competitor
119132,19132,0,,Not Churned
119133,19133,1,2028-04-21,Business Closure
119134,19134,0,,Not Churned
119135,19135,0,,Not Churned
119136,19136,0,,Not Churned
119137,19137,1,2027-10-10,Contract Expired
119138,19138,0,,Not Churned
119139,19139,0,,Not Churned
119140,19140,0,,Not Churned
119141,19141,1,2025-08-31,Business Closure
119142,19142,1,2027-05-04,Contract Expired
119143,19143,1,2025-05-10,Poor User Experience
119144,19144,0,,Not Churned
119145,19145,1,2025-09-14,Contract Expired
119146,19146,0,,Not Churned
119147,19147,0,,Not Churned
119148,19148,1,2027-02-06,Poor User Experience
119149,19149,0,,Not Churned
119150,19150,1,2023-09-15,Low Product Usage
119151,19151,0,,Not Churned
119152,19152,1,2025-03-20,Contract Expired
119153,19153,0,,Not Churned
119154,19154,0,,Not Churned
119155,19155,0,,Not Churned
119156,19156,1,2027-10-31,Competitor
119157,19157,0,,Not Churned
119158,19158,0,,Not Churned
119159,19159,1,2026-12-03,Business Closure
119160,19160,1,2029-02-08,Poor User Experience
119161,19161,0,,Not Churned
119162,19162,0,,Not Churned
119163,19163,0,,Not Churned
119164,19164,1,2030-07-26,Business Closure
119165,19165,0,,Not Churned
119166,19166,0,,Not Churned
119167,19167,0,,Not Churned
119168,19168,0,,Not Churned
119169,19169,0,,Not Churned
119170,19170,0,,Not Churned
119171,19171,0,,Not Churned
119172,19172,0,,Not Churned
119173,19173,0,,Not Churned
119174,19174,1,2024-09-28,Competitor
119175,19175,0,,Not Churned
119176,19176,0,,Not Churned
119177,19177,0,,Not Churned
119178,19178,0,,Not Churned
119179,19179,0,,Not Churned
119180,19180,0,,Not Churned
119181,19181,1,2023-08-10,Poor User Experience
119182,19182,0,,Not Churned
119183,19183,0,,Not Churned
119184,19184,0,,Not Churned
119185,19185,0,,Not Churned
119186,19186,1,2026-07-02,Poor User Experience
119187,19187,1,2025-04-27,Low Product Usage
119188,19188,0,,Not Churned
119189,19189,1,2028-09-06,Poor User Experience
119190,19190,0,,Not Churned
119191,19191,0,,Not Churned
119192,19192,0,,Not Churned
119193,19193,0,,Not Churned
119194,19194,1,2029-09-08,Poor User Experience
119195,19195,0,,Not Churned
119196,19196,0,,Not Churned
119197,19197,0,,Not Churned
119198,19198,0,,Not Churned
119199,19199,0,,Not Churned
119200,19200,0,,Not Churned
119201,19201,0,,Not Churned
119202,19202,0,,Not Churned
119203,19203,1,2025-05-14,Poor User Experience
119204,19204,0,,Not Churned
119205,19205,0,,Not Churned
119206,19206,0,,Not Churned
119207,19207,0,,Not Churned
119208,19208,1,2028-12-04,Contract Expired
119209,19209,0,,Not Churned
119210,19210,0,,Not Churned
119211,19211,0,,Not Churned
119212,19212,0,,Not Churned
119213,19213,0,,Not Churned
119214,19214,1,2024-08-17,Competitor
119215,19215,1,2025-05-24,Poor User Experience
119216,19216,0,,Not Churned
119217,19217,0,,Not Churned
119218,19218,0,,Not Churned
119219,19219,0,,Not Churned
119220,19220,0,,Not Churned
119221,19221,1,2025-06-15,Poor User Experience
119222,19222,0,,Not Churned
119223,19223,1,2022-05-10,Competitor
119224,19224,0,,Not Churned
119225,19225,0,,Not Churned
119226,19226,0,,Not Churned
119227,19227,0,,Not Churned
119228,19228,0,,Not Churned
119229,19229,0,,Not Churned
119230,19230,0,,Not Churned
119231,19231,1,2024-10-25,Business Closure
119232,19232,0,,Not Churned
119233,19233,0,,Not Churned
119234,19234,1,2026-06-04,Poor User Experience
119235,19235,0,,Not Churned
119236,19236,0,,Not Churned
119237,19237,0,,Not Churned
119238,19238,1,2028-01-16,High Price
119239,19239,0,,Not Churned
119240,19240,1,2027-03-26,High Price
119241,19241,0,,Not Churned
119242,19242,0,,Not Churned
119243,19243,1,2026-10-03,Low Product Usage
119244,19244,0,,Not Churned
119245,19245,0,,Not Churned
119246,19246,1,2026-07-09,High Price
119247,19247,0,,Not Churned
119248,19248,0,,Not Churned
119249,19249,0,,Not Churned
119250,19250,0,,Not Churned
119251,19251,0,,Not Churned
119252,19252,0,,Not Churned
119253,19253,0,,Not Churned
119254,19254,0,,Not Churned
119255,19255,0,,Not Churned
119256,19256,0,,Not Churned
119257,19257,1,2024-11-02,Missing Features
119258,19258,0,,Not Churned
119259,19259,0,,Not Churned
119260,19260,0,,Not Churned
119261,19261,0,,Not Churned
119262,19262,0,,Not Churned
119263,19263,1,2025-11-23,Low Product Usage
119264,19264,0,,Not Churned
119265,19265,1,2028-10-21,Business Closure
119266,19266,1,2025-09-15,Contract Expired
119267,19267,1,2024-10-30,Contract Expired
119268,19268,1,2023-12-03,Competitor
119269,19269,1,2029-03-06,Competitor
119270,19270,0,,Not Churned
119271,19271,0,,Not Churned
119272,19272,1,2024-03-22,Competitor
119273,19273,0,,Not Churned
119274,19274,0,,Not Churned
119275,19275,0,,Not Churned
119276,19276,0,,Not Churned
119277,19277,0,,Not Churned
119278,19278,1,2022-10-27,Missing Features
119279,19279,1,2027-11-04,Business Closure
119280,19280,1,2025-09-17,Contract Expired
119281,19281,1,2028-01-07,Competitor
119282,19282,0,,Not Churned
119283,19283,1,2024-06-02,Competitor
119284,19284,1,2026-06-17,Poor User Experience
119285,19285,0,,Not Churned
119286,19286,0,,Not Churned
119287,19287,0,,Not Churned
119288,19288,0,,Not Churned
119289,19289,0,,Not Churned
119290,19290,1,2023-03-07,Business Closure
119291,19291,1,2024-08-04,Poor User Experience
119292,19292,0,,Not Churned
119293,19293,0,,Not Churned
119294,19294,0,,Not Churned
119295,19295,1,2030-01-13,Contract Expired
119296,19296,1,2023-03-01,Contract Expired
119297,19297,0,,Not Churned
119298,19298,0,,Not Churned
119299,19299,0,,Not Churned
119300,19300,1,2024-03-24,Poor User Experience
119301,19301,0,,Not Churned
119302,19302,0,,Not Churned
119303,19303,0,,Not Churned
119304,19304,0,,Not Churned
119305,19305,0,,Not Churned
119306,19306,1,2024-10-28,Poor User Experience
119307,19307,0,,Not Churned
119308,19308,0,,Not Churned
119309,19309,1,2026-09-03,Poor User Experience
119310,19310,1,2027-08-06,Business Closure
119311,19311,1,2025-11-27,Business Closure
119312,19312,0,,Not Churned
119313,19313,1,2026-06-04,Competitor
119314,19314,0,,Not Churned
119315,19315,0,,Not Churned
119316,19316,1,2025-04-01,Poor User Experience
119317,19317,1,2028-10-04,Contract Expired
119318,19318,1,2023-05-04,Low Product Usage
119319,19319,0,,Not Churned
119320,19320,0,,Not Churned
119321,19321,0,,Not Churned
119322,19322,0,,Not Churned
119323,19323,0,,Not Churned
119324,19324,0,,Not Churned
119325,19325,1,2027-11-18,Contract Expired
119326,19326,0,,Not Churned
119327,19327,0,,Not Churned
119328,19328,0,,Not Churned
119329,19329,1,2023-06-19,Contract Expired
119330,19330,0,,Not Churned
119331,19331,0,,Not Churned
119332,19332,0,,Not Churned
119333,19333,0,,Not Churned
119334,19334,0,,Not Churned
119335,19335,0,,Not Churned
119336,19336,0,,Not Churned
119337,19337,0,,Not Churned
119338,19338,0,,Not Churned
119339,19339,0,,Not Churned
119340,19340,0,,Not Churned
119341,19341,0,,Not Churned
119342,19342,0,,Not Churned
119343,19343,1,2029-07-29,Competitor
119344,19344,0,,Not Churned
119345,19345,0,,Not Churned
119346,19346,0,,Not Churned
119347,19347,1,2025-09-26,Poor User Experience
119348,19348,0,,Not Churned
119349,19349,0,,Not Churned
119350,19350,1,2025-05-05,Competitor
119351,19351,0,,Not Churned
119352,19352,0,,Not Churned
119353,19353,1,2025-03-20,Poor User Experience
119354,19354,0,,Not Churned
119355,19355,1,2030-08-08,Poor Support
119356,19356,0,,Not Churned
119357,19357,1,2027-10-30,Business Closure
119358,19358,0,,Not Churned
119359,19359,0,,Not Churned
119360,19360,0,,Not Churned
119361,19361,1,2024-11-18,Competitor
119362,19362,0,,Not Churned
119363,19363,0,,Not Churned
119364,19364,0,,Not Churned
119365,19365,1,2028-01-22,Poor User Experience
119366,19366,1,2026-06-03,Poor User Experience
119367,19367,1,2024-10-27,Business Closure
119368,19368,0,,Not Churned
119369,19369,0,,Not Churned
119370,19370,0,,Not Churned
119371,19371,1,2026-06-13,Poor Support
119372,19372,0,,Not Churned
119373,19373,0,,Not Churned
119374,19374,0,,Not Churned
119375,19375,0,,Not Churned
119376,19376,0,,Not Churned
119377,19377,0,,Not Churned
119378,19378,0,,Not Churned
119379,19379,0,,Not Churned
119380,19380,0,,Not Churned
119381,19381,0,,Not Churned
119382,19382,0,,Not Churned
119383,19383,1,2028-03-08,Poor User Experience
119384,19384,0,,Not Churned
119385,19385,1,2027-09-26,Poor User Experience
119386,19386,0,,Not Churned
119387,19387,1,2024-05-25,Contract Expired
119388,19388,0,,Not Churned
119389,19389,1,2027-09-09,Poor User Experience
119390,19390,0,,Not Churned
119391,19391,1,2027-04-15,Poor User Experience
119392,19392,1,2026-09-27,Contract Expired
119393,19393,0,,Not Churned
119394,19394,0,,Not Churned
119395,19395,1,2023-07-24,High Price
119396,19396,0,,Not Churned
119397,19397,0,,Not Churned
119398,19398,0,,Not Churned
119399,19399,0,,Not Churned
119400,19400,1,2025-07-17,Business Closure
119401,19401,0,,Not Churned
119402,19402,0,,Not Churned
119403,19403,0,,Not Churned
119404,19404,0,,Not Churned
119405,19405,1,2028-06-27,Contract Expired
119406,19406,0,,Not Churned
119407,19407,0,,Not Churned
119408,19408,0,,Not Churned
119409,19409,0,,Not Churned
119410,19410,0,,Not Churned
119411,19411,0,,Not Churned
119412,19412,0,,Not Churned
119413,19413,0,,Not Churned
119414,19414,0,,Not Churned
119415,19415,0,,Not Churned
119416,19416,0,,Not Churned
119417,19417,1,2023-12-28,Competitor
119418,19418,0,,Not Churned
119419,19419,0,,Not Churned
119420,19420,0,,Not Churned
119421,19421,1,2026-10-18,Business Closure
119422,19422,0,,Not Churned
119423,19423,0,,Not Churned
119424,19424,0,,Not Churned
119425,19425,0,,Not Churned
119426,19426,1,2028-05-17,Poor Support
119427,19427,1,2025-12-06,Poor User Experience
119428,19428,0,,Not Churned
119429,19429,0,,Not Churned
119430,19430,0,,Not Churned
119431,19431,0,,Not Churned
119432,19432,0,,Not Churned
119433,19433,0,,Not Churned
119434,19434,0,,Not Churned
119435,19435,0,,Not Churned
119436,19436,0,,Not Churned
119437,19437,0,,Not Churned
119438,19438,0,,Not Churned
119439,19439,1,2024-08-24,Poor User Experience
119440,19440,0,,Not Churned
119441,19441,1,2024-09-03,High Price
119442,19442,0,,Not Churned
119443,19443,0,,Not Churned
119444,19444,0,,Not Churned
119445,19445,1,2022-09-12,Poor User Experience
119446,19446,0,,Not Churned
119447,19447,1,2029-11-03,Poor User Experience
119448,19448,0,,Not Churned
119449,19449,0,,Not Churned
119450,19450,0,,Not Churned
119451,19451,0,,Not Churned
119452,19452,1,2024-12-23,Poor User Experience
119453,19453,0,,Not Churned
119454,19454,0,,Not Churned
119455,19455,0,,Not Churned
119456,19456,0,,Not Churned
119457,19457,0,,Not Churned
119458,19458,0,,Not Churned
119459,19459,1,2026-05-14,Business Closure
119460,19460,1,2026-01-03,Poor User Experience
119461,19461,0,,Not Churned
119462,19462,1,2030-08-30,Competitor
119463,19463,0,,Not Churned
119464,19464,0,,Not Churned
119465,19465,1,2023-02-09,Business Closure
119466,19466,0,,Not Churned
119467,19467,1,2023-10-01,Poor User Experience
119468,19468,0,,Not Churned
119469,19469,1,2022-05-01,Poor Support
119470,19470,0,,Not Churned
119471,19471,1,2024-04-08,Contract Expired
119472,19472,1,2027-12-31,Business Closure
119473,19473,0,,Not Churned
119474,19474,0,,Not Churned
119475,19475,0,,Not Churned
119476,19476,0,,Not Churned
119477,19477,1,2030-01-27,Poor User Experience
119478,19478,0,,Not Churned
119479,19479,0,,Not Churned
119480,19480,1,2022-03-22,Business Closure
119481,19481,0,,Not Churned
119482,19482,0,,Not Churned
119483,19483,0,,Not Churned
119484,19484,0,,Not Churned
119485,19485,0,,Not Churned
119486,19486,0,,Not Churned
119487,19487,0,,Not Churned
119488,19488,0,,Not Churned
119489,19489,0,,Not Churned
119490,19490,0,,Not Churned
119491,19491,1,2025-03-13,Business Closure
119492,19492,0,,Not Churned
119493,19493,0,,Not Churned
119494,19494,1,2025-07-31,Poor User Experience
119495,19495,0,,Not Churned
119496,19496,0,,Not Churned
119497,19497,0,,Not Churned
119498,19498,0,,Not Churned
119499,19499,0,,Not Churned
119500,19500,0,,Not Churned
119501,19501,0,,Not Churned
119502,19502,1,2024-09-29,Business Closure
119503,19503,1,2029-08-25,Poor User Experience
119504,19504,0,,Not Churned
119505,19505,0,,Not Churned
119506,19506,0,,Not Churned
119507,19507,1,2027-05-30,Business Closure
119508,19508,1,2025-09-28,Contract Expired
119509,19509,0,,Not Churned
119510,19510,0,,Not Churned
119511,19511,0,,Not Churned
119512,19512,0,,Not Churned
119513,19513,0,,Not Churned
119514,19514,1,2026-10-21,High Price
119515,19515,0,,Not Churned
119516,19516,1,2025-07-13,High Price
119517,19517,0,,Not Churned
119518,19518,1,2027-05-09,Competitor
119519,19519,0,,Not Churned
119520,19520,0,,Not Churned
119521,19521,0,,Not Churned
119522,19522,0,,Not Churned
119523,19523,1,2028-06-10,Competitor
119524,19524,0,,Not Churned
119525,19525,0,,Not Churned
119526,19526,1,2029-07-02,Business Closure
119527,19527,1,2030-07-17,Poor User Experience
119528,19528,0,,Not Churned
119529,19529,0,,Not Churned
119530,19530,0,,Not Churned
119531,19531,0,,Not Churned
119532,19532,1,2024-08-20,Contract Expired
119533,19533,0,,Not Churned
119534,19534,0,,Not Churned
119535,19535,0,,Not Churned
119536,19536,0,,Not Churned
119537,19537,1,2023-03-17,Contract Expired
119538,19538,1,2025-04-21,Business Closure
119539,19539,1,2030-12-05,Business Closure
119540,19540,0,,Not Churned
119541,19541,1,2024-03-09,Contract Expired
119542,19542,1,2026-02-16,Poor User Experience
119543,19543,1,2023-12-06,Poor User Experience
119544,19544,0,,Not Churned
119545,19545,0,,Not Churned
119546,19546,0,,Not Churned
119547,19547,0,,Not Churned
119548,19548,1,2027-09-03,Competitor
119549,19549,0,,Not Churned
119550,19550,0,,Not Churned
119551,19551,0,,Not Churned
119552,19552,0,,Not Churned
119553,19553,0,,Not Churned
119554,19554,0,,Not Churned
119555,19555,0,,Not Churned
119556,19556,1,2028-05-22,Missing Features
119557,19557,0,,Not Churned
119558,19558,0,,Not Churned
119559,19559,1,2025-11-02,Poor User Experience
119560,19560,0,,Not Churned
119561,19561,0,,Not Churned
119562,19562,1,2024-09-04,Contract Expired
119563,19563,0,,Not Churned
119564,19564,0,,Not Churned
119565,19565,0,,Not Churned
119566,19566,0,,Not Churned
119567,19567,0,,Not Churned
119568,19568,0,,Not Churned
119569,19569,0,,Not Churned
119570,19570,0,,Not Churned
119571,19571,0,,Not Churned
119572,19572,1,2025-03-01,Competitor
119573,19573,0,,Not Churned
119574,19574,0,,Not Churned
119575,19575,0,,Not Churned
119576,19576,0,,Not Churned
119577,19577,1,2029-06-16,Poor Support
119578,19578,0,,Not Churned
119579,19579,0,,Not Churned
119580,19580,1,2027-06-27,Poor User Experience
119581,19581,0,,Not Churned
119582,19582,0,,Not Churned
119583,19583,0,,Not Churned
119584,19584,0,,Not Churned
119585,19585,0,,Not Churned
119586,19586,0,,Not Churned
119587,19587,1,2024-03-11,Competitor
119588,19588,0,,Not Churned
119589,19589,1,2024-06-06,Poor User Experience
119590,19590,1,2027-01-19,Competitor
119591,19591,0,,Not Churned
119592,19592,1,2023-11-24,Low Product Usage
119593,19593,1,2024-12-24,Poor User Experience
119594,19594,1,2023-05-05,Poor Support
119595,19595,1,2027-03-14,Contract Expired
119596,19596,0,,Not Churned
119597,19597,0,,Not Churned
119598,19598,0,,Not Churned
119599,19599,0,,Not Churned
119600,19600,0,,Not Churned
119601,19601,0,,Not Churned
119602,19602,0,,Not Churned
119603,19603,1,2024-07-26,Poor User Experience
119604,19604,0,,Not Churned
119605,19605,0,,Not Churned
119606,19606,0,,Not Churned
119607,19607,1,2025-03-17,Poor User Experience
119608,19608,1,2029-08-27,Missing Features
119609,19609,0,,Not Churned
119610,19610,0,,Not Churned
119611,19611,0,,Not Churned
119612,19612,0,,Not Churned
119613,19613,1,2026-07-22,Contract Expired
119614,19614,0,,Not Churned
119615,19615,0,,Not Churned
119616,19616,0,,Not Churned
119617,19617,0,,Not Churned
119618,19618,0,,Not Churned
119619,19619,0,,Not Churned
119620,19620,0,,Not Churned
119621,19621,1,2027-08-04,Contract Expired
119622,19622,1,2023-03-22,Poor Support
119623,19623,0,,Not Churned
119624,19624,0,,Not Churned
119625,19625,1,2023-09-22,Contract Expired
119626,19626,1,2022-09-28,Poor User Experience
119627,19627,1,2029-01-03,Business Closure
119628,19628,0,,Not Churned
119629,19629,0,,Not Churned
119630,19630,0,,Not Churned
119631,19631,1,2026-02-07,High Price
119632,19632,0,,Not Churned
119633,19633,0,,Not Churned
119634,19634,0,,Not Churned
119635,19635,0,,Not Churned
119636,19636,0,,Not Churned
119637,19637,0,,Not Churned
119638,19638,0,,Not Churned
119639,19639,1,2028-01-19,Contract Expired
119640,19640,0,,Not Churned
119641,19641,0,,Not Churned
119642,19642,0,,Not Churned
119643,19643,0,,Not Churned
119644,19644,0,,Not Churned
119645,19645,1,2028-07-22,Poor User Experience
119646,19646,0,,Not Churned
119647,19647,0,,Not Churned
119648,19648,0,,Not Churned
119649,19649,0,,Not Churned
119650,19650,1,2025-06-14,Business Closure
119651,19651,1,2029-04-08,Poor User Experience
119652,19652,0,,Not Churned
119653,19653,1,2024-04-16,Poor User Experience
119654,19654,1,2030-04-26,Contract Expired
119655,19655,0,,Not Churned
119656,19656,0,,Not Churned
119657,19657,0,,Not Churned
119658,19658,0,,Not Churned
119659,19659,0,,Not Churned
119660,19660,0,,Not Churned
119661,19661,0,,Not Churned
119662,19662,0,,Not Churned
119663,19663,0,,Not Churned
119664,19664,0,,Not Churned
119665,19665,1,2027-09-05,High Price
119666,19666,0,,Not Churned
119667,19667,1,2024-09-04,Business Closure
119668,19668,0,,Not Churned
119669,19669,1,2029-09-02,Contract Expired
119670,19670,0,,Not Churned
119671,19671,1,2023-04-11,Competitor
119672,19672,0,,Not Churned
119673,19673,0,,Not Churned
119674,19674,0,,Not Churned
119675,19675,0,,Not Churned
119676,19676,0,,Not Churned
119677,19677,0,,Not Churned
119678,19678,1,2026-09-30,Contract Expired
119679,19679,0,,Not Churned
119680,19680,0,,Not Churned
119681,19681,1,2023-08-04,Poor User Experience
119682,19682,0,,Not Churned
119683,19683,0,,Not Churned
119684,19684,1,2030-03-28,Poor User Experience
119685,19685,0,,Not Churned
119686,19686,0,,Not Churned
119687,19687,0,,Not Churned
119688,19688,0,,Not Churned
119689,19689,0,,Not Churned
119690,19690,0,,Not Churned
119691,19691,0,,Not Churned
119692,19692,0,,Not Churned
119693,19693,0,,Not Churned
119694,19694,0,,Not Churned
119695,19695,0,,Not Churned
119696,19696,0,,Not Churned
119697,19697,0,,Not Churned
119698,19698,1,2025-04-07,High Price
119699,19699,1,2027-06-24,Competitor
119700,19700,0,,Not Churned
119701,19701,1,2028-12-20,Contract Expired
119702,19702,0,,Not Churned
119703,19703,0,,Not Churned
119704,19704,0,,Not Churned
119705,19705,0,,Not Churned
119706,19706,1,2021-09-08,Business Closure
119707,19707,1,2023-04-23,Business Closure
119708,19708,0,,Not Churned
119709,19709,0,,Not Churned
119710,19710,0,,Not Churned
119711,19711,0,,Not Churned
119712,19712,1,2028-10-22,Poor User Experience
119713,19713,0,,Not Churned
119714,19714,0,,Not Churned
119715,19715,0,,Not Churned
119716,19716,1,2022-01-29,Competitor
119717,19717,0,,Not Churned
119718,19718,0,,Not Churned
119719,19719,0,,Not Churned
119720,19720,0,,Not Churned
119721,19721,1,2023-09-21,Business Closure
119722,19722,0,,Not Churned
119723,19723,1,2026-06-07,Contract Expired
119724,19724,0,,Not Churned
119725,19725,0,,Not Churned
119726,19726,0,,Not Churned
119727,19727,0,,Not Churned
119728,19728,1,2027-06-19,Competitor
119729,19729,0,,Not Churned
119730,19730,0,,Not Churned
119731,19731,0,,Not Churned
119732,19732,1,2027-11-03,Contract Expired
119733,19733,0,,Not Churned
119734,19734,0,,Not Churned
119735,19735,0,,Not Churned
119736,19736,0,,Not Churned
119737,19737,0,,Not Churned
119738,19738,0,,Not Churned
119739,19739,0,,Not Churned
119740,19740,1,2026-12-19,Low Product Usage
119741,19741,0,,Not Churned
119742,19742,1,2023-02-06,Business Closure
119743,19743,0,,Not Churned
119744,19744,1,2025-09-21,Low Product Usage
119745,19745,0,,Not Churned
119746,19746,1,2025-06-05,Poor User Experience
119747,19747,0,,Not Churned
119748,19748,0,,Not Churned
119749,19749,0,,Not Churned
119750,19750,1,2029-10-01,Competitor
119751,19751,0,,Not Churned
119752,19752,1,2025-10-30,Contract Expired
119753,19753,1,2027-03-19,Competitor
119754,19754,0,,Not Churned
119755,19755,1,2028-12-16,Business Closure
119756,19756,0,,Not Churned
119757,19757,0,,Not Churned
119758,19758,0,,Not Churned
119759,19759,0,,Not Churned
119760,19760,0,,Not Churned
119761,19761,1,2029-10-25,Poor User Experience
119762,19762,1,2027-08-26,Contract Expired
119763,19763,0,,Not Churned
119764,19764,0,,Not Churned
119765,19765,1,2026-04-11,Competitor
119766,19766,1,2027-06-10,Competitor
119767,19767,0,,Not Churned
119768,19768,0,,Not Churned
119769,19769,0,,Not Churned
119770,19770,0,,Not Churned
119771,19771,0,,Not Churned
119772,19772,0,,Not Churned
119773,19773,0,,Not Churned
119774,19774,0,,Not Churned
119775,19775,1,2028-08-12,Low Product Usage
119776,19776,1,2026-03-03,Competitor
119777,19777,0,,Not Churned
119778,19778,0,,Not Churned
119779,19779,0,,Not Churned
119780,19780,0,,Not Churned
119781,19781,0,,Not Churned
119782,19782,0,,Not Churned
119783,19783,0,,Not Churned
119784,19784,0,,Not Churned
119785,19785,0,,Not Churned
119786,19786,0,,Not Churned
119787,19787,1,2024-02-27,Business Closure
119788,19788,0,,Not Churned
119789,19789,0,,Not Churned
119790,19790,0,,Not Churned
119791,19791,1,2027-11-01,Business Closure
119792,19792,0,,Not Churned
119793,19793,0,,Not Churned
119794,19794,0,,Not Churned
119795,19795,0,,Not Churned
119796,19796,0,,Not Churned
119797,19797,0,,Not Churned
119798,19798,0,,Not Churned
119799,19799,1,2025-03-05,Business Closure
119800,19800,0,,Not Churned
119801,19801,1,2023-11-26,Missing Features
119802,19802,0,,Not Churned
119803,19803,0,,Not Churned
119804,19804,1,2028-03-22,Poor User Experience
119805,19805,0,,Not Churned
119806,19806,0,,Not Churned
119807,19807,1,2027-07-27,Contract Expired
119808,19808,0,,Not Churned
119809,19809,0,,Not Churned
119810,19810,0,,Not Churned
119811,19811,1,2026-06-06,Competitor
119812,19812,0,,Not Churned
119813,19813,0,,Not Churned
119814,19814,0,,Not Churned
119815,19815,0,,Not Churned
119816,19816,0,,Not Churned
119817,19817,0,,Not Churned
119818,19818,0,,Not Churned
119819,19819,0,,Not Churned
119820,19820,0,,Not Churned
119821,19821,0,,Not Churned
119822,19822,0,,Not Churned
119823,19823,1,2029-07-16,Business Closure
119824,19824,0,,Not Churned
119825,19825,1,2024-03-15,Business Closure
119826,19826,1,2026-12-18,Business Closure
119827,19827,0,,Not Churned
119828,19828,0,,Not Churned
119829,19829,0,,Not Churned
119830,19830,0,,Not Churned
119831,19831,0,,Not Churned
119832,19832,0,,Not Churned
119833,19833,0,,Not Churned
119834,19834,1,2027-09-27,Contract Expired
119835,19835,1,2025-07-14,High Price
119836,19836,0,,Not Churned
119837,19837,1,2030-02-02,Poor User Experience
119838,19838,0,,Not Churned
119839,19839,1,2026-09-23,Contract Expired
119840,19840,1,2021-12-11,Poor User Experience
119841,19841,0,,Not Churned
119842,19842,0,,Not Churned
119843,19843,0,,Not Churned
119844,19844,0,,Not Churned
119845,19845,0,,Not Churned
119846,19846,1,2027-05-22,High Price
119847,19847,0,,Not Churned
119848,19848,0,,Not Churned
119849,19849,0,,Not Churned
119850,19850,0,,Not Churned
119851,19851,0,,Not Churned
119852,19852,0,,Not Churned
119853,19853,0,,Not Churned
119854,19854,0,,Not Churned
119855,19855,0,,Not Churned
119856,19856,0,,Not Churned
119857,19857,0,,Not Churned
119858,19858,0,,Not Churned
119859,19859,1,2022-03-22,Poor User Experience
119860,19860,0,,Not Churned
119861,19861,0,,Not Churned
119862,19862,0,,Not Churned
119863,19863,1,2027-11-29,Poor User Experience
119864,19864,0,,Not Churned
119865,19865,0,,Not Churned
119866,19866,1,2026-01-12,Poor Support
119867,19867,0,,Not Churned
119868,19868,0,,Not Churned
119869,19869,0,,Not Churned
119870,19870,1,2025-02-10,Business Closure
119871,19871,0,,Not Churned
119872,19872,0,,Not Churned
119873,19873,0,,Not Churned
119874,19874,1,2023-01-08,Business Closure
119875,19875,1,2024-10-24,Business Closure
119876,19876,1,2026-03-30,Business Closure
119877,19877,0,,Not Churned
119878,19878,0,,Not Churned
119879,19879,0,,Not Churned
119880,19880,1,2026-08-03,Poor User Experience
119881,19881,1,2025-11-14,Business Closure
119882,19882,0,,Not Churned
119883,19883,0,,Not Churned
119884,19884,0,,Not Churned
119885,19885,0,,Not Churned
119886,19886,0,,Not Churned
119887,19887,1,2028-07-05,Business Closure
119888,19888,0,,Not Churned
119889,19889,0,,Not Churned
119890,19890,0,,Not Churned
119891,19891,0,,Not Churned
119892,19892,0,,Not Churned
119893,19893,1,2023-10-07,Poor User Experience
119894,19894,0,,Not Churned
119895,19895,0,,Not Churned
119896,19896,1,2030-11-19,Contract Expired
119897,19897,1,2027-06-25,Poor User Experience
119898,19898,0,,Not Churned
119899,19899,0,,Not Churned
119900,19900,0,,Not Churned
119901,19901,1,2025-05-27,Contract Expired
119902,19902,0,,Not Churned
119903,19903,0,,Not Churned
119904,19904,1,2024-12-23,Contract Expired
119905,19905,0,,Not Churned
119906,19906,0,,Not Churned
119907,19907,0,,Not Churned
119908,19908,0,,Not Churned
119909,19909,0,,Not Churned
119910,19910,0,,Not Churned
119911,19911,0,,Not Churned
119912,19912,1,2023-05-14,Contract Expired
119913,19913,0,,Not Churned
119914,19914,0,,Not Churned
119915,19915,0,,Not Churned
119916,19916,0,,Not Churned
119917,19917,0,,Not Churned
119918,19918,0,,Not Churned
119919,19919,0,,Not Churned
119920,19920,0,,Not Churned
119921,19921,0,,Not Churned
119922,19922,0,,Not Churned
119923,19923,0,,Not Churned
119924,19924,1,2027-05-10,Competitor
119925,19925,1,2028-09-15,Business Closure
119926,19926,0,,Not Churned
119927,19927,0,,Not Churned
119928,19928,0,,Not Churned
119929,19929,1,2024-11-11,Contract Expired
119930,19930,0,,Not Churned
119931,19931,1,2026-11-20,Business Closure
119932,19932,0,,Not Churned
119933,19933,1,2029-01-19,Competitor
119934,19934,1,2028-06-24,Business Closure
119935,19935,1,2026-12-24,Business Closure
119936,19936,0,,Not Churned
119937,19937,0,,Not Churned
119938,19938,0,,Not Churned
119939,19939,0,,Not Churned
119940,19940,0,,Not Churned
119941,19941,0,,Not Churned
119942,19942,1,2022-11-27,Poor User Experience
119943,19943,1,2022-10-19,Poor User Experience
119944,19944,1,2028-12-29,Contract Expired
119945,19945,0,,Not Churned
119946,19946,0,,Not Churned
119947,19947,0,,Not Churned
119948,19948,0,,Not Churned
119949,19949,1,2028-02-13,Contract Expired
119950,19950,0,,Not Churned
119951,19951,0,,Not Churned
119952,19952,0,,Not Churned
119953,19953,1,2023-05-22,Poor User Experience
119954,19954,1,2030-09-16,Contract Expired
119955,19955,1,2025-11-22,Poor User Experience
119956,19956,1,2029-12-17,Business Closure
119957,19957,0,,Not Churned
119958,19958,0,,Not Churned
119959,19959,1,2024-12-14,Contract Expired
119960,19960,0,,Not Churned
119961,19961,0,,Not Churned
119962,19962,0,,Not Churned
119963,19963,0,,Not Churned
119964,19964,0,,Not Churned
119965,19965,0,,Not Churned
119966,19966,0,,Not Churned
119967,19967,1,2030-01-28,Low Product Usage
119968,19968,0,,Not Churned
119969,19969,0,,Not Churned
119970,19970,0,,Not Churned
119971,19971,0,,Not Churned
119972,19972,0,,Not Churned
119973,19973,0,,Not Churned
119974,19974,0,,Not Churned
119975,19975,1,2027-05-16,Low Product Usage
119976,19976,0,,Not Churned
119977,19977,0,,Not Churned
119978,19978,0,,Not Churned
119979,19979,0,,Not Churned
119980,19980,0,,Not Churned
119981,19981,0,,Not Churned
119982,19982,1,2024-09-03,Contract Expired
119983,19983,0,,Not Churned
119984,19984,1,2027-12-19,Contract Expired
119985,19985,1,2023-09-03,Poor User Experience
119986,19986,0,,Not Churned
119987,19987,0,,Not Churned
119988,19988,0,,Not Churned
119989,19989,0,,Not Churned
119990,19990,0,,Not Churned
119991,19991,1,2028-05-23,Contract Expired
119992,19992,0,,Not Churned
119993,19993,0,,Not Churned
119994,19994,0,,Not Churned
119995,19995,0,,Not Churned
119996,19996,1,2029-06-28,Competitor
119997,19997,0,,Not Churned
119998,19998,0,,Not Churned
119999,19999,0,,Not Churned
120000,20000,0,,Not Churned
