customer_id,company_size,industry,country,signup_date
10001,Medium,Professional Services,USA,2025-04-11
10002,Enterprise,Media,Australia,2023-01-05
10003,Large,Retail,UK,2024-09-24
10004,Medium,Healthcare,India,2025-04-29
10005,Small,Education,India,2025-06-08
10006,Small,Media,India,2026-08-05
10007,Small,Manufacturing,USA,2021-08-08
10008,Large,Finance,UK,2024-05-12
10009,Medium,Finance,UK,2025-09-25
10010,Large,Finance,India,2021-07-21
10011,Small,Professional Services,India,2026-03-05
10012,Enterprise,Manufacturing,India,2026-09-11
10013,Large,Technology,Singapore,2025-09-10
10014,Small,Manufacturing,USA,2023-01-23
10015,Small,Technology,Germany,2023-10-14
10016,Small,Finance,Germany,2021-04-25
10017,Small,Retail,UK,2024-05-30
10018,Medium,Retail,Canada,2022-04-14
10019,Medium,Media,India,2022-03-02
10020,Small,Technology,Canada,2025-04-25
10021,Medium,Finance,USA,2026-02-09
10022,Small,Manufacturing,Germany,2023-04-14
10023,Small,Retail,India,2026-07-22
10024,Medium,Technology,Australia,2021-01-11
10025,Medium,Media,India,2024-11-09
10026,Large,Manufacturing,Germany,2026-09-21
10027,Small,Finance,USA,2025-09-22
10028,Medium,Healthcare,Canada,2023-08-31
10029,Medium,Finance,USA,2022-08-27
10030,Small,Professional Services,USA,2021-08-01
10031,Medium,Finance,Canada,2022-06-24
10032,Small,Media,Singapore,2022-12-07
10033,Small,Manufacturing,India,2025-10-25
10034,Enterprise,Media,Singapore,2025-08-12
10035,Enterprise,Manufacturing,UK,2024-03-04
10036,Large,Education,Germany,2022-05-13
10037,Small,Education,USA,2023-02-21
10038,Small,Manufacturing,USA,2026-03-25
10039,Medium,Manufacturing,Germany,2021-05-06
10040,Medium,Healthcare,USA,2025-03-07
10041,Small,Healthcare,UK,2023-04-21
10042,Medium,Finance,India,2023-09-10
10043,Small,Media,India,2024-09-03
10044,Enterprise,Professional Services,Canada,2021-01-12
10045,Small,Media,Canada,2025-02-09
10046,Medium,Retail,UK,2024-08-10
10047,Small,Media,India,2025-01-03
10048,Medium,Professional Services,USA,2026-01-05
10049,Medium,Healthcare,USA,2022-05-31
10050,Small,Finance,USA,2025-08-31
10051,Enterprise,Professional Services,Germany,2024-02-22
10052,Large,Media,Australia,2025-03-29
10053,Enterprise,Technology,India,2026-09-18
10054,Large,Education,Germany,2023-09-06
10055,Medium,Professional Services,USA,2026-06-30
10056,Enterprise,Retail,Australia,2026-01-21
10057,Small,Finance,India,2021-08-12
10058,Small,Professional Services,Canada,2021-10-07
10059,Small,Manufacturing,India,2024-04-08
10060,Small,Media,USA,2025-12-25
10061,Medium,Technology,India,2025-10-24
10062,Small,Education,India,2026-08-08
10063,Large,Technology,India,2021-09-05
10064,Medium,Finance,India,2024-10-16
10065,Small,Media,India,2024-10-04
10066,Medium,Healthcare,Canada,2021-02-14
10067,Small,Education,India,2026-09-17
10068,Large,Media,UK,2022-02-20
10069,Small,Technology,India,2024-06-29
10070,Enterprise,Healthcare,Singapore,2023-12-21
10071,Large,Retail,Singapore,2024-02-17
10072,Small,Finance,India,2021-03-28
10073,Small,Finance,UK,2021-08-16
10074,Large,Education,India,2026-01-13
10075,Large,Technology,Singapore,2022-09-15
10076,Large,Retail,UK,2025-05-26
10077,Large,Manufacturing,India,2022-04-30
10078,Small,Education,USA,2021-01-25
10079,Medium,Media,India,2025-12-20
10080,Small,Manufacturing,USA,2024-05-10
10081,Large,Education,Canada,2024-06-02
10082,Medium,Technology,USA,2023-02-18
10083,Small,Retail,USA,2023-07-20
10084,Small,Technology,India,2025-05-22
10085,Small,Finance,India,2025-05-02
10086,Small,Manufacturing,India,2023-01-23
10087,Large,Healthcare,Germany,2025-09-10
10088,Medium,Professional Services,India,2024-01-06
10089,Large,Media,UK,2022-03-02
10090,Medium,Finance,USA,2022-10-22
10091,Small,Finance,India,2025-02-26
10092,Large,Manufacturing,Canada,2022-07-01
10093,Large,Media,USA,2024-01-06
10094,Medium,Education,USA,2025-02-05
10095,Large,Finance,UK,2025-01-02
10096,Medium,Professional Services,USA,2025-10-02
10097,Medium,Retail,USA,2025-11-07
10098,Medium,Finance,UK,2024-09-05
10099,Small,Retail,Canada,2024-10-26
10100,Small,Technology,India,2024-05-24
10101,Small,Media,USA,2021-02-18
10102,Medium,Education,India,2025-12-26
10103,Small,Retail,India,2025-10-13
10104,Medium,Finance,UK,2022-05-11
10105,Enterprise,Education,Germany,2022-09-26
10106,Small,Professional Services,Germany,2022-08-25
10107,Medium,Education,India,2021-06-25
10108,Large,Retail,USA,2022-10-01
10109,Small,Media,UK,2021-10-24
10110,Small,Retail,India,2024-07-07
10111,Small,Healthcare,Australia,2026-02-18
10112,Small,Healthcare,Australia,2022-04-20
10113,Enterprise,Education,Singapore,2025-07-05
10114,Large,Manufacturing,India,2026-05-13
10115,Medium,Media,India,2023-11-27
10116,Large,Manufacturing,Germany,2025-11-24
10117,Large,Healthcare,Canada,2021-01-25
10118,Small,Finance,Germany,2021-12-15
10119,Large,Technology,India,2022-09-29
10120,Medium,Education,UK,2021-08-15
10121,Large,Technology,UK,2024-10-03
10122,Large,Healthcare,India,2021-02-07
10123,Small,Retail,UK,2024-11-07
10124,Small,Professional Services,UK,2024-04-19
10125,Small,Education,India,2021-12-14
10126,Medium,Healthcare,USA,2024-04-18
10127,Large,Media,Canada,2023-09-10
10128,Large,Finance,USA,2023-01-02
10129,Small,Professional Services,Germany,2023-12-03
10130,Medium,Education,USA,2025-02-12
10131,Medium,Education,USA,2024-02-16
10132,Small,Media,Singapore,2025-05-14
10133,Small,Manufacturing,Singapore,2025-12-15
10134,Small,Retail,India,2022-03-29
10135,Enterprise,Education,Australia,2025-10-30
10136,Small,Retail,India,2021-06-13
10137,Medium,Healthcare,India,2024-12-18
10138,Large,Finance,USA,2021-04-12
10139,Medium,Professional Services,USA,2024-12-23
10140,Enterprise,Professional Services,Germany,2022-11-22
10141,Enterprise,Finance,Canada,2024-12-21
10142,Small,Education,Singapore,2026-05-21
10143,Medium,Education,Canada,2022-06-20
10144,Small,Healthcare,USA,2026-07-19
10145,Small,Manufacturing,Canada,2025-08-28
10146,Small,Manufacturing,Singapore,2025-01-03
10147,Medium,Manufacturing,Canada,2025-06-18
10148,Medium,Retail,Australia,2026-02-22
10149,Small,Manufacturing,Singapore,2021-05-04
10150,Small,Finance,India,2021-09-06
10151,Enterprise,Professional Services,Canada,2026-05-26
10152,Small,Professional Services,Germany,2024-07-18
10153,Small,Retail,Singapore,2024-12-23
10154,Medium,Healthcare,India,2025-05-13
10155,Enterprise,Finance,UK,2022-12-14
10156,Small,Professional Services,Canada,2021-09-04
10157,Medium,Finance,India,2022-04-26
10158,Large,Professional Services,UK,2024-12-19
10159,Small,Technology,USA,2023-10-26
10160,Large,Healthcare,USA,2026-07-07
10161,Medium,Healthcare,USA,2022-04-04
10162,Medium,Media,UK,2022-08-16
10163,Medium,Technology,USA,2022-05-13
10164,Medium,Retail,USA,2024-08-09
10165,Small,Professional Services,USA,2021-07-16
10166,Large,Media,India,2021-01-27
10167,Small,Professional Services,India,2025-09-14
10168,Small,Professional Services,India,2024-01-19
10169,Small,Manufacturing,UK,2024-12-09
10170,Medium,Manufacturing,Australia,2022-08-26
10171,Medium,Manufacturing,India,2023-12-28
10172,Small,Manufacturing,India,2021-12-28
10173,Medium,Manufacturing,Australia,2024-07-07
10174,Small,Technology,USA,2023-12-23
10175,Medium,Healthcare,Singapore,2026-07-09
10176,Small,Retail,Canada,2023-08-30
10177,Medium,Finance,USA,2025-09-12
10178,Medium,Manufacturing,USA,2025-07-05
10179,Enterprise,Technology,UK,2025-09-23
10180,Small,Media,India,2023-06-27
10181,Small,Media,India,2021-09-03
10182,Small,Professional Services,India,2021-12-13
10183,Enterprise,Retail,Australia,2026-05-15
10184,Large,Media,UK,2022-01-07
10185,Small,Retail,India,2023-03-20
10186,Medium,Retail,Canada,2021-06-09
10187,Large,Technology,USA,2024-02-25
10188,Medium,Finance,UK,2024-08-27
10189,Medium,Manufacturing,India,2022-06-02
10190,Small,Retail,UK,2024-07-12
10191,Small,Technology,Singapore,2023-01-16
10192,Large,Professional Services,India,2022-02-24
10193,Enterprise,Healthcare,USA,2025-04-01
10194,Medium,Professional Services,India,2021-05-20
10195,Small,Technology,India,2026-01-07
10196,Small,Technology,USA,2022-12-08
10197,Large,Technology,Germany,2022-11-29
10198,Large,Retail,Singapore,2022-04-20
10199,Large,Technology,India,2025-07-19
10200,Large,Healthcare,UK,2026-03-17
10201,Medium,Retail,Canada,2022-05-26
10202,Small,Professional Services,UK,2022-06-22
10203,Small,Healthcare,USA,2025-03-17
10204,Large,Media,India,2024-07-12
10205,Medium,Education,USA,2024-09-28
10206,Small,Professional Services,USA,2023-11-28
10207,Small,Technology,Australia,2021-08-21
10208,Medium,Manufacturing,Australia,2021-11-04
10209,Small,Manufacturing,India,2022-02-07
10210,Small,Retail,India,2023-09-24
10211,Medium,Manufacturing,Singapore,2024-07-08
10212,Medium,Professional Services,UK,2025-02-08
10213,Medium,Retail,Germany,2023-01-20
10214,Small,Professional Services,India,2024-02-04
10215,Large,Technology,UK,2021-10-31
10216,Small,Finance,UK,2025-01-10
10217,Small,Finance,Germany,2023-11-28
10218,Large,Healthcare,India,2023-05-05
10219,Medium,Technology,India,2023-12-06
10220,Large,Manufacturing,USA,2025-10-12
10221,Medium,Technology,Germany,2025-06-17
10222,Medium,Education,Singapore,2024-06-08
10223,Small,Finance,Singapore,2023-03-29
10224,Medium,Manufacturing,Singapore,2025-10-04
10225,Small,Professional Services,India,2023-08-31
10226,Small,Professional Services,India,2021-02-07
10227,Enterprise,Finance,India,2024-03-24
10228,Medium,Technology,USA,2021-04-15
10229,Large,Manufacturing,Germany,2021-09-12
10230,Medium,Healthcare,Germany,2026-06-05
10231,Large,Professional Services,India,2022-08-14
10232,Medium,Technology,UK,2022-06-09
10233,Medium,Healthcare,Singapore,2022-01-05
10234,Medium,Media,USA,2021-04-12
10235,Small,Manufacturing,India,2022-10-26
10236,Large,Finance,USA,2022-11-21
10237,Small,Media,USA,2026-04-11
10238,Small,Education,UK,2025-03-16
10239,Medium,Media,USA,2026-07-22
10240,Small,Retail,India,2023-07-20
10241,Enterprise,Finance,Singapore,2026-01-31
10242,Enterprise,Healthcare,UK,2026-06-13
10243,Enterprise,Technology,USA,2026-03-01
10244,Medium,Media,Singapore,2023-09-05
10245,Small,Professional Services,India,2026-06-18
10246,Enterprise,Manufacturing,India,2022-01-15
10247,Medium,Media,Germany,2025-02-22
10248,Enterprise,Finance,USA,2024-02-23
10249,Enterprise,Professional Services,Australia,2026-09-17
10250,Large,Professional Services,USA,2023-02-20
10251,Small,Education,India,2021-11-06
10252,Medium,Manufacturing,UK,2022-07-10
10253,Large,Media,India,2022-02-01
10254,Small,Healthcare,Australia,2026-02-27
10255,Small,Manufacturing,Canada,2024-03-15
10256,Medium,Media,Singapore,2021-07-20
10257,Enterprise,Manufacturing,Australia,2026-03-06
10258,Medium,Technology,India,2021-01-12
10259,Medium,Retail,Germany,2023-12-12
10260,Small,Media,Canada,2026-05-31
10261,Medium,Professional Services,Canada,2024-08-18
10262,Enterprise,Healthcare,Germany,2026-03-11
10263,Small,Media,UK,2023-07-09
10264,Medium,Media,USA,2023-05-21
10265,Large,Technology,Canada,2022-01-01
10266,Large,Professional Services,USA,2022-10-19
10267,Medium,Retail,India,2021-06-10
10268,Large,Technology,UK,2021-06-24
10269,Medium,Retail,India,2025-02-12
10270,Small,Retail,India,2022-06-29
10271,Large,Retail,India,2025-10-28
10272,Large,Technology,UK,2023-08-15
10273,Large,Manufacturing,USA,2022-03-28
10274,Enterprise,Media,Australia,2021-03-23
10275,Medium,Retail,USA,2024-05-21
10276,Medium,Manufacturing,USA,2023-03-27
10277,Large,Media,USA,2022-03-23
10278,Medium,Professional Services,Canada,2025-06-08
10279,Large,Media,USA,2025-11-29
10280,Large,Professional Services,Singapore,2023-01-19
10281,Large,Healthcare,Singapore,2024-03-19
10282,Small,Education,Germany,2026-03-25
10283,Medium,Manufacturing,Singapore,2025-04-06
10284,Small,Media,USA,2022-10-08
10285,Medium,Professional Services,UK,2022-01-14
10286,Small,Education,Australia,2024-02-15
10287,Medium,Retail,Canada,2023-07-26
10288,Medium,Education,Germany,2026-07-07
10289,Small,Education,Canada,2022-10-24
10290,Medium,Retail,Singapore,2024-09-02
10291,Small,Manufacturing,USA,2023-05-26
10292,Small,Media,Germany,2021-01-12
10293,Large,Retail,Canada,2024-01-19
10294,Medium,Healthcare,Canada,2022-01-23
10295,Small,Finance,USA,2026-04-04
10296,Medium,Media,Australia,2022-01-31
10297,Large,Technology,Singapore,2022-10-02
10298,Small,Retail,India,2021-04-10
10299,Medium,Retail,Canada,2022-04-02
10300,Small,Education,USA,2026-07-16
10301,Small,Healthcare,Singapore,2021-03-15
10302,Medium,Professional Services,USA,2026-02-07
10303,Medium,Professional Services,India,2021-06-24
10304,Medium,Education,USA,2025-10-27
10305,Large,Manufacturing,Canada,2022-05-12
10306,Enterprise,Media,India,2024-07-16
10307,Medium,Retail,UK,2022-03-04
10308,Small,Media,Singapore,2021-02-04
10309,Large,Media,Germany,2024-10-26
10310,Small,Retail,India,2024-10-12
10311,Medium,Education,Singapore,2021-06-25
10312,Small,Media,Canada,2022-08-15
10313,Small,Retail,India,2024-04-01
10314,Enterprise,Manufacturing,India,2023-07-03
10315,Large,Media,India,2024-07-14
10316,Medium,Finance,Germany,2025-05-06
10317,Medium,Technology,India,2024-07-26
10318,Small,Technology,India,2024-08-19
10319,Small,Technology,Australia,2023-08-11
10320,Small,Finance,UK,2023-05-11
10321,Medium,Retail,Australia,2024-06-23
10322,Large,Education,Australia,2021-08-22
10323,Medium,Professional Services,India,2025-01-02
10324,Small,Healthcare,Germany,2025-12-15
10325,Enterprise,Retail,India,2024-03-18
10326,Large,Finance,UK,2021-02-25
10327,Medium,Media,Canada,2023-03-24
10328,Medium,Manufacturing,India,2026-01-24
10329,Medium,Finance,Singapore,2026-05-14
10330,Small,Media,USA,2023-12-23
10331,Medium,Professional Services,India,2023-03-17
10332,Large,Technology,Singapore,2025-04-25
10333,Small,Retail,UK,2022-08-23
10334,Small,Professional Services,Canada,2022-09-04
10335,Small,Technology,UK,2024-05-23
10336,Small,Healthcare,Germany,2026-05-04
10337,Large,Media,India,2025-03-11
10338,Large,Media,USA,2022-07-15
10339,Medium,Manufacturing,USA,2022-09-19
10340,Small,Technology,India,2025-05-30
10341,Medium,Healthcare,Canada,2022-11-06
10342,Medium,Media,USA,2021-02-18
10343,Small,Finance,USA,2024-10-18
10344,Medium,Technology,India,2026-03-18
10345,Medium,Technology,Canada,2022-09-19
10346,Medium,Education,Germany,2021-10-04
10347,Medium,Manufacturing,USA,2026-09-26
10348,Small,Manufacturing,UK,2021-08-04
10349,Medium,Professional Services,India,2021-08-18
10350,Medium,Finance,Canada,2025-08-13
10351,Medium,Education,India,2024-08-03
10352,Large,Professional Services,USA,2021-02-15
10353,Medium,Healthcare,Canada,2026-01-11
10354,Small,Professional Services,Singapore,2023-11-04
10355,Small,Healthcare,USA,2022-09-25
10356,Medium,Finance,Australia,2023-09-14
10357,Small,Media,UK,2021-11-29
10358,Medium,Manufacturing,Singapore,2026-02-23
10359,Enterprise,Media,USA,2022-05-22
10360,Medium,Healthcare,USA,2021-04-27
10361,Medium,Finance,Germany,2023-08-01
10362,Medium,Media,India,2022-09-28
10363,Medium,Professional Services,India,2025-05-09
10364,Medium,Healthcare,India,2025-01-02
10365,Enterprise,Retail,Germany,2026-06-15
10366,Medium,Technology,India,2023-05-19
10367,Enterprise,Professional Services,Germany,2024-07-18
10368,Enterprise,Manufacturing,USA,2025-10-01
10369,Small,Media,India,2021-04-23
10370,Small,Professional Services,USA,2022-03-03
10371,Small,Retail,India,2024-03-04
10372,Small,Finance,Canada,2023-12-03
10373,Small,Finance,Canada,2021-10-11
10374,Medium,Professional Services,USA,2023-04-14
10375,Small,Retail,India,2021-08-18
10376,Small,Media,Canada,2026-04-04
10377,Large,Professional Services,Germany,2025-07-25
10378,Small,Technology,Australia,2022-01-20
10379,Large,Technology,Germany,2021-06-08
10380,Small,Education,India,2023-04-04
10381,Small,Healthcare,Germany,2021-07-27
10382,Medium,Education,USA,2021-06-23
10383,Medium,Media,India,2025-12-29
10384,Large,Technology,Germany,2024-01-10
10385,Large,Retail,Singapore,2023-11-08
10386,Large,Healthcare,Canada,2023-10-14
10387,Small,Media,India,2022-12-09
10388,Small,Retail,USA,2024-10-15
10389,Large,Media,USA,2026-03-07
10390,Large,Education,Germany,2024-07-26
10391,Enterprise,Finance,India,2022-11-08
10392,Medium,Retail,Germany,2022-10-24
10393,Medium,Education,USA,2025-04-13
10394,Large,Education,Germany,2024-06-14
10395,Small,Education,Singapore,2021-12-24
10396,Enterprise,Finance,USA,2024-08-01
10397,Large,Finance,USA,2024-08-09
10398,Medium,Professional Services,Germany,2022-02-23
10399,Large,Finance,UK,2025-01-31
10400,Large,Healthcare,Canada,2022-10-04
10401,Small,Finance,Canada,2025-05-13
10402,Enterprise,Finance,India,2022-05-22
10403,Medium,Finance,Germany,2025-08-09
10404,Large,Media,India,2025-02-10
10405,Small,Retail,Singapore,2024-10-17
10406,Large,Finance,USA,2021-11-08
10407,Medium,Healthcare,Australia,2025-07-16
10408,Small,Media,USA,2021-09-02
10409,Enterprise,Education,USA,2022-04-22
10410,Small,Retail,USA,2022-09-07
10411,Small,Technology,Australia,2021-09-07
10412,Enterprise,Media,UK,2025-05-15
10413,Enterprise,Finance,Germany,2025-11-09
10414,Medium,Media,USA,2026-04-14
10415,Medium,Professional Services,Canada,2026-02-19
10416,Medium,Professional Services,Australia,2022-05-26
10417,Small,Media,India,2025-07-28
10418,Small,Education,USA,2026-02-16
10419,Medium,Education,USA,2023-02-13
10420,Large,Retail,USA,2024-09-27
10421,Large,Professional Services,USA,2023-07-13
10422,Large,Technology,Canada,2021-03-15
10423,Small,Manufacturing,India,2023-03-20
10424,Medium,Professional Services,Canada,2023-11-12
10425,Small,Media,Singapore,2021-08-23
10426,Medium,Professional Services,UK,2022-10-04
10427,Medium,Healthcare,UK,2022-09-13
10428,Large,Manufacturing,India,2023-09-12
10429,Medium,Education,Germany,2024-07-22
10430,Small,Manufacturing,USA,2025-06-06
10431,Small,Professional Services,UK,2025-12-01
10432,Large,Education,Singapore,2023-05-10
10433,Medium,Manufacturing,UK,2026-09-17
10434,Small,Education,Australia,2022-01-12
10435,Small,Education,USA,2026-03-13
10436,Large,Retail,India,2022-01-11
10437,Small,Technology,Australia,2025-05-24
10438,Large,Education,India,2022-08-18
10439,Large,Healthcare,Canada,2023-12-02
10440,Small,Professional Services,India,2026-07-01
10441,Small,Professional Services,Germany,2023-11-18
10442,Enterprise,Healthcare,India,2022-09-21
10443,Medium,Finance,UK,2025-03-13
10444,Medium,Education,UK,2026-01-05
10445,Large,Media,USA,2024-03-29
10446,Enterprise,Education,USA,2023-01-16
10447,Enterprise,Education,USA,2024-07-01
10448,Large,Media,USA,2026-05-06
10449,Medium,Manufacturing,USA,2024-08-18
10450,Small,Education,USA,2024-03-17
10451,Large,Education,UK,2021-08-09
10452,Medium,Healthcare,India,2026-02-15
10453,Medium,Technology,Singapore,2022-11-15
10454,Enterprise,Technology,UK,2023-05-26
10455,Small,Finance,India,2023-11-21
10456,Medium,Healthcare,USA,2026-05-17
10457,Small,Education,Germany,2021-12-15
10458,Medium,Technology,India,2021-08-07
10459,Small,Retail,Canada,2023-10-20
10460,Small,Retail,UK,2022-03-26
10461,Small,Retail,India,2022-05-19
10462,Medium,Education,Germany,2021-03-27
10463,Large,Education,USA,2024-07-12
10464,Medium,Media,USA,2022-06-07
10465,Enterprise,Finance,Germany,2022-09-22
10466,Medium,Professional Services,Canada,2021-01-18
10467,Small,Finance,Germany,2024-06-22
10468,Large,Finance,Canada,2024-03-22
10469,Small,Manufacturing,Australia,2025-06-21
10470,Enterprise,Retail,Germany,2022-05-15
10471,Small,Education,India,2022-04-03
10472,Enterprise,Retail,Australia,2021-04-25
10473,Small,Finance,UK,2023-01-23
10474,Large,Education,India,2023-02-08
10475,Medium,Healthcare,UK,2026-02-14
10476,Enterprise,Media,India,2021-11-18
10477,Small,Technology,Australia,2026-05-27
10478,Medium,Technology,UK,2021-08-14
10479,Enterprise,Finance,Singapore,2021-12-27
10480,Medium,Professional Services,India,2025-04-04
10481,Medium,Retail,UK,2023-04-14
10482,Medium,Healthcare,India,2021-04-22
10483,Medium,Education,UK,2021-07-31
10484,Medium,Professional Services,Australia,2024-06-10
10485,Medium,Retail,Australia,2023-08-06
10486,Enterprise,Finance,Germany,2021-06-08
10487,Small,Retail,Germany,2026-03-24
10488,Small,Finance,India,2024-09-09
10489,Enterprise,Manufacturing,USA,2024-06-25
10490,Large,Technology,Canada,2023-06-30
10491,Medium,Professional Services,USA,2022-02-08
10492,Medium,Technology,India,2026-01-16
10493,Small,Retail,UK,2025-08-18
10494,Small,Healthcare,USA,2025-01-03
10495,Medium,Education,USA,2024-06-10
10496,Medium,Finance,Germany,2021-07-12
10497,Medium,Education,USA,2024-01-28
10498,Small,Technology,India,2026-05-29
10499,Enterprise,Media,India,2025-07-01
10500,Enterprise,Healthcare,Germany,2023-09-27
10501,Medium,Healthcare,Singapore,2025-10-06
10502,Medium,Education,Canada,2022-06-07
10503,Small,Technology,USA,2021-12-16
10504,Large,Media,Singapore,2025-10-07
10505,Medium,Education,Canada,2026-04-29
10506,Small,Retail,Germany,2025-04-10
10507,Enterprise,Healthcare,Australia,2022-10-14
10508,Large,Healthcare,USA,2022-09-27
10509,Enterprise,Retail,USA,2025-12-07
10510,Large,Technology,India,2022-08-16
10511,Medium,Healthcare,USA,2024-05-16
10512,Medium,Professional Services,Australia,2023-01-26
10513,Enterprise,Media,Germany,2024-07-23
10514,Large,Manufacturing,Australia,2022-05-12
10515,Small,Manufacturing,USA,2023-02-12
10516,Small,Manufacturing,India,2025-05-18
10517,Medium,Finance,India,2021-07-03
10518,Large,Professional Services,USA,2021-02-01
10519,Enterprise,Finance,USA,2021-10-10
10520,Small,Technology,UK,2023-04-16
10521,Medium,Retail,India,2024-12-26
10522,Medium,Education,Singapore,2022-11-17
10523,Enterprise,Professional Services,USA,2022-04-07
10524,Large,Media,Germany,2023-05-21
10525,Large,Technology,UK,2022-01-03
10526,Medium,Education,India,2021-06-15
10527,Medium,Technology,Australia,2025-09-25
10528,Small,Finance,Canada,2022-08-25
10529,Small,Manufacturing,UK,2021-02-07
10530,Large,Retail,UK,2021-12-14
10531,Large,Finance,India,2024-05-21
10532,Enterprise,Retail,Canada,2026-07-15
10533,Enterprise,Professional Services,Singapore,2023-01-04
10534,Medium,Education,India,2022-03-02
10535,Large,Technology,USA,2024-06-24
10536,Enterprise,Healthcare,Singapore,2022-10-10
10537,Large,Healthcare,USA,2021-11-16
10538,Small,Retail,Canada,2022-05-27
10539,Medium,Manufacturing,UK,2025-09-19
10540,Small,Manufacturing,UK,2025-10-23
10541,Enterprise,Retail,USA,2025-11-13
10542,Medium,Finance,USA,2025-03-20
10543,Small,Healthcare,India,2023-07-27
10544,Medium,Finance,Australia,2023-02-04
10545,Medium,Education,Australia,2022-10-15
10546,Medium,Healthcare,Canada,2022-04-26
10547,Small,Education,Canada,2022-05-31
10548,Medium,Technology,India,2025-07-22
10549,Medium,Finance,India,2021-07-06
10550,Large,Retail,Germany,2021-05-26
10551,Medium,Healthcare,USA,2023-10-03
10552,Large,Finance,USA,2021-06-01
10553,Medium,Retail,India,2024-10-18
10554,Medium,Technology,India,2021-04-03
10555,Large,Healthcare,USA,2026-01-24
10556,Medium,Education,Germany,2022-08-25
10557,Small,Technology,Singapore,2021-02-18
10558,Small,Manufacturing,Germany,2026-03-18
10559,Large,Retail,Singapore,2023-02-14
10560,Medium,Media,Singapore,2022-06-30
10561,Large,Healthcare,UK,2025-01-03
10562,Small,Healthcare,India,2024-06-14
10563,Small,Professional Services,Australia,2022-10-12
10564,Small,Professional Services,India,2026-07-17
10565,Medium,Technology,USA,2023-12-17
10566,Medium,Healthcare,India,2021-06-24
10567,Medium,Retail,UK,2024-05-22
10568,Medium,Technology,USA,2026-09-06
10569,Enterprise,Education,India,2026-04-26
10570,Small,Technology,USA,2024-02-17
10571,Medium,Technology,Germany,2021-05-27
10572,Large,Media,UK,2023-05-18
10573,Medium,Education,Germany,2026-02-27
10574,Medium,Manufacturing,India,2023-01-13
10575,Large,Professional Services,India,2025-03-03
10576,Enterprise,Retail,UK,2022-12-11
10577,Small,Manufacturing,USA,2024-09-12
10578,Enterprise,Manufacturing,Canada,2023-12-30
10579,Medium,Manufacturing,Australia,2026-05-07
10580,Small,Professional Services,Australia,2025-05-25
10581,Medium,Finance,Singapore,2025-08-09
10582,Enterprise,Professional Services,USA,2026-01-29
10583,Medium,Manufacturing,India,2022-07-15
10584,Small,Finance,UK,2023-06-11
10585,Medium,Education,India,2022-08-20
10586,Small,Professional Services,USA,2022-03-26
10587,Small,Retail,India,2026-08-14
10588,Small,Manufacturing,USA,2025-12-31
10589,Small,Healthcare,India,2024-06-03
10590,Small,Education,India,2024-03-19
10591,Small,Finance,Canada,2025-08-11
10592,Medium,Professional Services,UK,2024-04-13
10593,Small,Retail,Canada,2023-10-07
10594,Small,Technology,Canada,2025-11-07
10595,Large,Retail,India,2025-09-04
10596,Medium,Retail,USA,2022-03-16
10597,Medium,Manufacturing,India,2024-08-01
10598,Small,Manufacturing,Germany,2026-07-24
10599,Small,Professional Services,Australia,2026-05-22
10600,Small,Professional Services,India,2021-09-03
10601,Small,Media,USA,2025-03-23
10602,Small,Finance,Singapore,2024-05-22
10603,Small,Media,UK,2025-06-02
10604,Small,Professional Services,Germany,2025-09-21
10605,Small,Finance,USA,2023-08-11
10606,Medium,Manufacturing,India,2021-10-10
10607,Small,Manufacturing,Australia,2026-04-25
10608,Medium,Healthcare,Canada,2021-06-21
10609,Medium,Healthcare,Canada,2024-05-29
10610,Medium,Education,UK,2024-01-24
10611,Small,Manufacturing,UK,2026-02-26
10612,Large,Technology,Australia,2026-09-23
10613,Medium,Healthcare,USA,2022-08-24
10614,Small,Finance,USA,2026-07-17
10615,Large,Retail,Germany,2022-04-12
10616,Enterprise,Professional Services,USA,2025-10-05
10617,Small,Professional Services,UK,2021-10-24
10618,Small,Education,Canada,2023-10-17
10619,Large,Healthcare,Singapore,2025-03-28
10620,Large,Retail,USA,2026-03-14
10621,Small,Retail,USA,2022-10-23
10622,Small,Healthcare,Germany,2022-10-16
10623,Medium,Technology,Germany,2023-03-13
10624,Medium,Technology,Australia,2021-12-07
10625,Medium,Education,USA,2022-12-05
10626,Medium,Media,USA,2023-05-03
10627,Medium,Technology,UK,2021-11-02
10628,Large,Education,Germany,2026-04-18
10629,Small,Media,Germany,2025-11-23
10630,Small,Media,India,2023-05-24
10631,Large,Finance,USA,2025-05-01
10632,Large,Media,USA,2022-05-10
10633,Medium,Healthcare,Singapore,2025-08-13
10634,Medium,Media,Canada,2025-05-25
10635,Small,Retail,USA,2025-03-18
10636,Medium,Education,India,2025-06-24
10637,Medium,Professional Services,UK,2023-06-15
10638,Small,Technology,India,2024-03-13
10639,Small,Professional Services,Germany,2026-02-05
10640,Medium,Education,Australia,2023-01-27
10641,Small,Manufacturing,USA,2021-01-31
10642,Small,Education,USA,2026-06-17
10643,Small,Technology,Germany,2026-10-01
10644,Small,Manufacturing,USA,2021-08-31
10645,Small,Manufacturing,India,2022-11-17
10646,Large,Media,Singapore,2025-06-24
10647,Medium,Technology,Germany,2024-12-11
10648,Medium,Manufacturing,Germany,2025-02-07
10649,Large,Healthcare,India,2024-11-16
10650,Medium,Retail,India,2024-11-13
10651,Small,Professional Services,India,2022-07-27
10652,Medium,Healthcare,India,2026-06-15
10653,Medium,Healthcare,Australia,2024-12-02
10654,Large,Technology,India,2024-04-27
10655,Medium,Media,Australia,2025-07-18
10656,Small,Technology,USA,2022-08-22
10657,Small,Professional Services,USA,2021-03-11
10658,Medium,Retail,Singapore,2024-10-25
10659,Medium,Education,India,2025-07-08
10660,Medium,Healthcare,USA,2025-03-19
10661,Medium,Manufacturing,USA,2022-04-12
10662,Enterprise,Retail,India,2022-07-11
10663,Medium,Healthcare,USA,2023-06-13
10664,Small,Education,USA,2023-04-16
10665,Small,Media,Canada,2024-08-03
10666,Small,Manufacturing,Germany,2022-09-10
10667,Small,Healthcare,UK,2024-08-10
10668,Small,Finance,India,2025-02-13
10669,Small,Professional Services,UK,2021-05-14
10670,Small,Retail,India,2021-01-08
10671,Small,Professional Services,UK,2026-09-07
10672,Large,Technology,Canada,2023-02-22
10673,Small,Healthcare,India,2024-08-26
10674,Medium,Manufacturing,Germany,2022-06-25
10675,Medium,Manufacturing,Singapore,2023-11-24
10676,Enterprise,Retail,Germany,2026-08-17
10677,Small,Retail,USA,2026-09-19
10678,Medium,Professional Services,UK,2023-06-28
10679,Enterprise,Manufacturing,Singapore,2024-08-13
10680,Large,Manufacturing,USA,2021-11-18
10681,Large,Manufacturing,Germany,2023-01-03
10682,Small,Healthcare,India,2024-11-19
10683,Small,Manufacturing,India,2024-10-12
10684,Medium,Technology,Australia,2024-09-21
10685,Enterprise,Manufacturing,Australia,2026-08-30
10686,Medium,Technology,Australia,2026-03-30
10687,Medium,Healthcare,Singapore,2022-07-03
10688,Small,Retail,India,2024-07-06
10689,Large,Media,India,2022-08-28
10690,Small,Technology,Singapore,2025-09-19
10691,Small,Healthcare,India,2025-05-01
10692,Medium,Media,Canada,2022-12-16
10693,Medium,Media,UK,2023-07-14
10694,Small,Manufacturing,India,2021-02-27
10695,Small,Healthcare,USA,2022-03-10
10696,Medium,Media,UK,2025-11-20
10697,Small,Manufacturing,Germany,2022-04-28
10698,Medium,Professional Services,Canada,2022-01-02
10699,Small,Healthcare,Canada,2023-06-08
10700,Medium,Media,USA,2026-01-27
10701,Medium,Retail,USA,2024-09-16
10702,Small,Technology,India,2025-09-20
10703,Small,Professional Services,USA,2024-06-12
10704,Small,Retail,India,2022-02-15
10705,Small,Finance,India,2026-08-23
10706,Enterprise,Manufacturing,USA,2025-12-18
10707,Small,Media,USA,2025-12-08
10708,Large,Technology,India,2022-11-09
10709,Small,Retail,UK,2022-09-10
10710,Medium,Technology,UK,2023-03-06
10711,Large,Finance,India,2022-12-30
10712,Medium,Education,Singapore,2025-08-21
10713,Medium,Manufacturing,India,2026-03-01
10714,Medium,Manufacturing,Germany,2022-10-01
10715,Small,Healthcare,India,2021-07-10
10716,Enterprise,Media,Germany,2025-12-07
10717,Large,Manufacturing,India,2023-06-18
10718,Enterprise,Manufacturing,Australia,2026-06-20
10719,Small,Retail,USA,2025-01-29
10720,Large,Professional Services,Australia,2024-11-03
10721,Enterprise,Manufacturing,USA,2024-12-23
10722,Small,Manufacturing,India,2026-04-28
10723,Small,Media,Australia,2022-09-30
10724,Large,Finance,India,2023-09-26
10725,Medium,Professional Services,Singapore,2025-03-09
10726,Large,Finance,India,2021-03-04
10727,Small,Media,USA,2021-01-16
10728,Large,Technology,Australia,2023-04-22
10729,Small,Technology,USA,2024-01-30
10730,Small,Manufacturing,India,2024-05-01
10731,Small,Manufacturing,Australia,2026-06-20
10732,Large,Healthcare,Australia,2023-06-18
10733,Medium,Technology,Singapore,2025-01-30
10734,Medium,Retail,USA,2024-06-11
10735,Medium,Manufacturing,UK,2025-02-23
10736,Large,Retail,USA,2022-02-21
10737,Medium,Manufacturing,USA,2025-04-06
10738,Large,Media,Australia,2022-03-27
10739,Medium,Retail,USA,2025-12-29
10740,Medium,Education,USA,2021-10-07
10741,Medium,Retail,USA,2021-09-01
10742,Small,Professional Services,Canada,2022-11-06
10743,Large,Technology,Singapore,2021-04-13
10744,Medium,Manufacturing,Canada,2021-04-27
10745,Small,Technology,USA,2025-02-04
10746,Large,Professional Services,Australia,2023-02-02
10747,Medium,Professional Services,Canada,2025-09-20
10748,Medium,Retail,India,2023-02-24
10749,Enterprise,Finance,India,2025-02-01
10750,Medium,Finance,India,2022-12-08
10751,Small,Professional Services,USA,2023-03-07
10752,Enterprise,Finance,Germany,2022-04-18
10753,Medium,Manufacturing,USA,2022-11-13
10754,Small,Healthcare,USA,2021-04-04
10755,Small,Education,Singapore,2023-01-06
10756,Large,Retail,Germany,2026-08-04
10757,Medium,Healthcare,Canada,2026-09-17
10758,Medium,Finance,USA,2026-03-29
10759,Large,Retail,India,2025-05-09
10760,Large,Healthcare,India,2024-02-25
10761,Small,Technology,India,2026-07-07
10762,Small,Finance,USA,2021-02-11
10763,Small,Media,UK,2021-02-10
10764,Large,Healthcare,India,2025-02-19
10765,Small,Media,India,2025-08-22
10766,Medium,Manufacturing,India,2023-01-14
10767,Large,Technology,Canada,2023-12-10
10768,Large,Finance,UK,2024-12-02
10769,Small,Education,UK,2021-10-25
10770,Large,Professional Services,USA,2021-01-16
10771,Small,Finance,USA,2023-12-12
10772,Large,Media,India,2021-04-17
10773,Small,Manufacturing,India,2021-08-07
10774,Medium,Education,Germany,2022-01-06
10775,Large,Education,Singapore,2021-09-11
10776,Small,Education,Canada,2024-11-29
10777,Small,Retail,Singapore,2026-07-02
10778,Large,Retail,Canada,2025-09-19
10779,Large,Media,India,2024-08-05
10780,Medium,Professional Services,Singapore,2023-09-12
10781,Medium,Education,India,2021-12-16
10782,Medium,Professional Services,Canada,2025-01-18
10783,Small,Technology,USA,2023-05-29
10784,Small,Education,USA,2021-11-07
10785,Small,Healthcare,Canada,2024-01-20
10786,Enterprise,Education,USA,2024-08-14
10787,Medium,Media,USA,2021-10-07
10788,Medium,Retail,USA,2023-08-25
10789,Medium,Retail,USA,2022-11-26
10790,Enterprise,Healthcare,Singapore,2023-06-29
10791,Small,Healthcare,Australia,2021-09-28
10792,Medium,Finance,USA,2025-03-21
10793,Medium,Technology,India,2024-01-30
10794,Medium,Technology,Germany,2024-11-12
10795,Small,Media,India,2024-08-02
10796,Large,Media,India,2025-10-20
10797,Enterprise,Media,USA,2023-04-21
10798,Medium,Media,Germany,2025-12-27
10799,Medium,Media,India,2023-10-01
10800,Enterprise,Media,India,2021-08-28
10801,Large,Technology,USA,2025-06-28
10802,Small,Manufacturing,USA,2021-12-27
10803,Medium,Retail,UK,2023-01-04
10804,Medium,Technology,USA,2023-05-02
10805,Medium,Media,USA,2023-05-10
10806,Large,Finance,India,2022-12-02
10807,Enterprise,Finance,India,2024-09-12
10808,Enterprise,Technology,Germany,2023-04-03
10809,Medium,Healthcare,Germany,2025-06-23
10810,Small,Finance,India,2021-04-07
10811,Enterprise,Professional Services,India,2021-11-23
10812,Large,Healthcare,India,2023-09-21
10813,Small,Professional Services,UK,2024-07-03
10814,Enterprise,Retail,Canada,2025-11-02
10815,Large,Manufacturing,USA,2023-09-21
10816,Medium,Finance,Canada,2021-11-29
10817,Medium,Healthcare,Canada,2024-03-26
10818,Medium,Media,Singapore,2026-05-19
10819,Small,Professional Services,India,2021-04-09
10820,Small,Technology,India,2021-09-01
10821,Large,Professional Services,India,2025-02-09
10822,Small,Professional Services,Germany,2025-01-04
10823,Small,Retail,Australia,2024-10-30
10824,Medium,Education,UK,2022-01-02
10825,Medium,Education,India,2025-01-21
10826,Enterprise,Technology,USA,2023-11-14
10827,Small,Retail,USA,2021-10-10
10828,Small,Retail,UK,2024-08-08
10829,Large,Media,USA,2024-10-18
10830,Medium,Retail,India,2025-10-04
10831,Small,Retail,Australia,2022-02-26
10832,Medium,Education,USA,2024-06-20
10833,Small,Healthcare,USA,2024-10-09
10834,Small,Retail,India,2024-11-12
10835,Medium,Healthcare,Germany,2022-04-20
10836,Medium,Professional Services,UK,2026-09-15
10837,Enterprise,Professional Services,Singapore,2021-12-24
10838,Medium,Retail,USA,2022-07-12
10839,Medium,Finance,Singapore,2024-09-12
10840,Medium,Manufacturing,Germany,2023-12-04
10841,Small,Finance,UK,2023-01-08
10842,Medium,Professional Services,Singapore,2021-01-25
10843,Small,Manufacturing,USA,2022-10-02
10844,Enterprise,Finance,USA,2025-04-24
10845,Small,Retail,India,2024-04-23
10846,Medium,Healthcare,UK,2021-06-23
10847,Small,Manufacturing,Australia,2024-11-18
10848,Enterprise,Education,Australia,2021-07-05
10849,Medium,Technology,India,2024-07-28
10850,Medium,Manufacturing,USA,2023-09-28
10851,Small,Manufacturing,India,2024-08-11
10852,Large,Education,Canada,2022-06-12
10853,Small,Retail,India,2022-11-15
10854,Large,Finance,Singapore,2025-04-17
10855,Small,Finance,India,2022-07-29
10856,Small,Professional Services,USA,2026-07-28
10857,Small,Healthcare,Germany,2026-02-28
10858,Medium,Retail,USA,2024-08-17
10859,Medium,Education,India,2021-11-05
10860,Small,Retail,USA,2024-04-27
10861,Large,Retail,India,2026-01-16
10862,Medium,Finance,Singapore,2024-12-05
10863,Medium,Education,UK,2022-06-22
10864,Medium,Media,USA,2023-05-08
10865,Medium,Technology,UK,2025-04-24
10866,Medium,Manufacturing,India,2021-07-12
10867,Small,Finance,Australia,2024-04-01
10868,Small,Education,Singapore,2021-02-22
10869,Large,Healthcare,Germany,2022-04-20
10870,Enterprise,Manufacturing,USA,2021-06-23
10871,Medium,Manufacturing,USA,2024-05-04
10872,Small,Media,India,2025-12-19
10873,Medium,Media,Canada,2022-12-01
10874,Medium,Finance,UK,2022-04-02
10875,Small,Professional Services,USA,2024-09-16
10876,Small,Healthcare,Singapore,2025-02-27
10877,Large,Finance,India,2021-06-08
10878,Medium,Retail,India,2026-01-12
10879,Small,Professional Services,India,2022-05-31
10880,Small,Education,India,2023-10-23
10881,Small,Media,India,2022-10-21
10882,Medium,Healthcare,UK,2022-11-09
10883,Small,Manufacturing,USA,2021-11-11
10884,Small,Finance,India,2021-10-03
10885,Large,Media,Australia,2022-03-28
10886,Small,Manufacturing,India,2025-05-08
10887,Medium,Healthcare,Canada,2022-05-01
10888,Small,Media,USA,2024-02-05
10889,Small,Media,UK,2022-07-21
10890,Small,Manufacturing,Singapore,2021-09-03
10891,Large,Finance,India,2023-06-08
10892,Large,Professional Services,UK,2021-01-01
10893,Large,Finance,Germany,2021-05-31
10894,Medium,Technology,UK,2025-11-03
10895,Medium,Media,USA,2025-02-19
10896,Small,Manufacturing,USA,2024-06-02
10897,Small,Technology,Canada,2024-02-03
10898,Large,Professional Services,Germany,2023-09-26
10899,Small,Technology,India,2022-11-29
10900,Small,Manufacturing,India,2023-12-25
10901,Small,Healthcare,USA,2024-05-15
10902,Small,Retail,India,2022-11-17
10903,Small,Professional Services,USA,2023-07-17
10904,Medium,Finance,India,2026-01-17
10905,Medium,Education,India,2025-09-29
10906,Large,Professional Services,India,2023-01-10
10907,Large,Technology,Singapore,2021-09-28
10908,Small,Healthcare,India,2026-05-27
10909,Small,Manufacturing,India,2022-12-12
10910,Medium,Healthcare,India,2021-11-21
10911,Medium,Healthcare,Singapore,2023-09-17
10912,Small,Manufacturing,Australia,2025-03-31
10913,Medium,Education,Australia,2023-03-09
10914,Medium,Manufacturing,India,2026-02-13
10915,Medium,Education,Germany,2023-12-29
10916,Medium,Manufacturing,USA,2021-07-31
10917,Small,Technology,USA,2025-05-01
10918,Enterprise,Education,UK,2024-12-14
10919,Large,Technology,Germany,2021-02-17
10920,Small,Professional Services,Australia,2021-08-19
10921,Large,Education,Germany,2022-08-02
10922,Medium,Education,Singapore,2024-01-18
10923,Large,Manufacturing,India,2025-10-21
10924,Large,Education,USA,2026-10-01
10925,Medium,Technology,India,2022-02-26
10926,Small,Media,Germany,2022-09-03
10927,Small,Professional Services,India,2022-03-22
10928,Medium,Media,Germany,2023-08-19
10929,Medium,Manufacturing,USA,2021-05-11
10930,Small,Finance,USA,2025-07-30
10931,Small,Professional Services,India,2021-12-02
10932,Large,Media,USA,2024-02-15
10933,Enterprise,Professional Services,Germany,2023-10-22
10934,Medium,Media,India,2025-07-11
10935,Small,Technology,USA,2022-06-22
10936,Small,Media,India,2022-05-11
10937,Small,Professional Services,USA,2022-05-23
10938,Enterprise,Finance,India,2022-11-12
10939,Small,Healthcare,USA,2023-02-20
10940,Medium,Manufacturing,Germany,2023-01-30
10941,Small,Healthcare,USA,2021-05-08
10942,Medium,Manufacturing,USA,2024-07-16
10943,Medium,Professional Services,UK,2023-08-24
10944,Large,Manufacturing,India,2022-07-14
10945,Small,Media,USA,2024-05-07
10946,Small,Technology,UK,2023-07-13
10947,Small,Finance,India,2025-06-16
10948,Enterprise,Manufacturing,Canada,2023-12-08
10949,Large,Finance,USA,2022-06-25
10950,Medium,Manufacturing,Australia,2024-04-14
10951,Medium,Finance,Singapore,2022-05-26
10952,Medium,Healthcare,India,2026-08-29
10953,Small,Technology,USA,2021-12-21
10954,Enterprise,Manufacturing,USA,2021-12-11
10955,Medium,Retail,India,2023-12-20
10956,Medium,Finance,Germany,2025-11-26
10957,Medium,Finance,Australia,2021-05-27
10958,Small,Media,USA,2022-02-03
10959,Small,Retail,UK,2025-09-20
10960,Large,Technology,India,2024-12-05
10961,Small,Finance,UK,2022-08-10
10962,Medium,Technology,Australia,2024-07-18
10963,Small,Finance,UK,2025-03-23
10964,Medium,Professional Services,USA,2025-12-10
10965,Small,Education,Canada,2026-07-29
10966,Medium,Professional Services,USA,2024-11-28
10967,Large,Finance,UK,2023-01-08
10968,Small,Education,USA,2025-11-13
10969,Medium,Manufacturing,USA,2022-01-15
10970,Medium,Technology,Canada,2024-04-18
10971,Medium,Finance,Germany,2025-07-20
10972,Enterprise,Media,India,2024-07-30
10973,Large,Healthcare,Singapore,2021-12-22
10974,Small,Media,UK,2021-01-16
10975,Small,Healthcare,Canada,2021-11-11
10976,Small,Retail,Germany,2023-11-06
10977,Medium,Healthcare,USA,2025-01-26
10978,Small,Education,Germany,2022-11-25
10979,Medium,Healthcare,India,2021-03-10
10980,Medium,Healthcare,India,2022-02-15
10981,Small,Healthcare,Canada,2023-07-08
10982,Large,Finance,Germany,2023-01-10
10983,Small,Retail,Germany,2025-01-30
10984,Small,Technology,Canada,2021-09-30
10985,Large,Retail,UK,2022-04-04
10986,Medium,Media,USA,2023-03-31
10987,Medium,Education,Singapore,2024-04-11
10988,Medium,Finance,USA,2023-05-11
10989,Small,Manufacturing,Australia,2026-05-28
10990,Large,Finance,UK,2025-03-25
10991,Large,Professional Services,UK,2023-03-06
10992,Medium,Healthcare,USA,2023-03-16
10993,Small,Media,Singapore,2024-01-01
10994,Medium,Healthcare,UK,2026-03-06
10995,Medium,Education,Singapore,2023-04-20
10996,Small,Manufacturing,India,2022-08-26
10997,Enterprise,Media,UK,2024-12-03
10998,Small,Professional Services,Canada,2026-01-08
10999,Enterprise,Finance,Australia,2022-01-02
11000,Medium,Manufacturing,Singapore,2021-09-13
11001,Small,Technology,India,2024-09-20
11002,Medium,Retail,India,2022-11-21
11003,Large,Finance,USA,2021-11-04
11004,Large,Manufacturing,India,2026-07-29
11005,Large,Technology,Singapore,2025-08-24
11006,Medium,Technology,India,2022-02-13
11007,Medium,Professional Services,USA,2023-04-06
11008,Large,Professional Services,India,2024-04-06
11009,Small,Retail,UK,2026-08-13
11010,Medium,Technology,USA,2025-04-01
11011,Small,Media,India,2021-04-08
11012,Enterprise,Education,USA,2025-11-10
11013,Enterprise,Technology,USA,2025-03-26
11014,Small,Manufacturing,Singapore,2021-11-17
11015,Large,Professional Services,India,2022-06-18
11016,Enterprise,Education,UK,2024-04-22
11017,Small,Media,Singapore,2022-02-21
11018,Medium,Professional Services,Australia,2024-05-22
11019,Enterprise,Media,Singapore,2023-04-28
11020,Small,Professional Services,Singapore,2022-11-01
11021,Medium,Professional Services,USA,2026-04-28
11022,Small,Technology,Canada,2023-01-11
11023,Enterprise,Healthcare,India,2021-01-23
11024,Enterprise,Technology,USA,2025-07-13
11025,Enterprise,Professional Services,Germany,2022-04-05
11026,Medium,Education,UK,2022-10-12
11027,Large,Technology,Canada,2022-04-27
11028,Large,Professional Services,Australia,2021-04-30
11029,Small,Professional Services,USA,2022-11-04
11030,Large,Technology,Germany,2026-02-28
11031,Small,Technology,USA,2021-11-14
11032,Medium,Education,India,2023-05-18
11033,Small,Media,Germany,2022-01-29
11034,Small,Technology,USA,2023-08-29
11035,Small,Retail,Australia,2021-11-09
11036,Medium,Manufacturing,UK,2024-07-06
11037,Small,Retail,USA,2026-08-24
11038,Large,Education,Germany,2021-03-18
11039,Small,Healthcare,UK,2022-02-13
11040,Small,Retail,USA,2023-01-14
11041,Medium,Media,India,2022-03-09
11042,Large,Professional Services,Germany,2025-01-18
11043,Small,Manufacturing,India,2025-08-05
11044,Medium,Finance,Germany,2026-01-06
11045,Large,Manufacturing,USA,2023-09-15
11046,Medium,Retail,Canada,2025-03-02
11047,Small,Finance,Singapore,2025-04-03
11048,Small,Education,India,2023-01-25
11049,Large,Media,UK,2022-11-07
11050,Small,Manufacturing,Australia,2023-04-12
11051,Large,Healthcare,Australia,2024-01-25
11052,Medium,Finance,UK,2021-01-28
11053,Enterprise,Finance,Canada,2024-06-07
11054,Large,Manufacturing,Australia,2022-02-20
11055,Enterprise,Retail,Germany,2026-09-04
11056,Medium,Finance,Australia,2025-09-07
11057,Large,Education,USA,2022-06-26
11058,Medium,Manufacturing,Singapore,2021-06-14
11059,Medium,Education,USA,2023-09-12
11060,Medium,Manufacturing,India,2022-01-08
11061,Large,Education,USA,2022-09-10
11062,Enterprise,Retail,India,2021-03-10
11063,Large,Manufacturing,India,2025-03-24
11064,Medium,Media,USA,2025-07-17
11065,Medium,Professional Services,India,2021-04-11
11066,Large,Healthcare,Canada,2021-01-01
11067,Small,Retail,India,2026-08-17
11068,Small,Education,India,2021-11-14
11069,Medium,Media,India,2026-02-22
11070,Small,Manufacturing,India,2021-07-05
11071,Small,Retail,USA,2022-12-29
11072,Small,Education,UK,2021-12-09
11073,Small,Technology,Singapore,2022-12-14
11074,Small,Technology,Germany,2021-05-16
11075,Enterprise,Finance,Germany,2026-04-07
11076,Medium,Healthcare,India,2022-01-18
11077,Medium,Technology,USA,2021-07-05
11078,Medium,Professional Services,India,2023-07-17
11079,Small,Education,Australia,2023-08-22
11080,Enterprise,Retail,India,2022-07-15
11081,Large,Manufacturing,UK,2024-04-04
11082,Small,Retail,India,2023-06-17
11083,Medium,Finance,India,2026-04-13
11084,Large,Media,Singapore,2026-01-12
11085,Enterprise,Retail,Australia,2025-09-09
11086,Medium,Technology,Germany,2025-10-05
11087,Medium,Retail,UK,2024-03-26
11088,Small,Technology,Germany,2023-05-08
11089,Enterprise,Technology,Canada,2021-10-12
11090,Small,Healthcare,Singapore,2025-07-06
11091,Enterprise,Finance,USA,2022-10-28
11092,Medium,Professional Services,UK,2024-10-25
11093,Medium,Professional Services,Canada,2026-07-18
11094,Medium,Education,USA,2023-07-19
11095,Small,Professional Services,Germany,2021-08-02
11096,Small,Technology,Singapore,2021-10-31
11097,Small,Manufacturing,USA,2024-11-04
11098,Small,Finance,USA,2021-07-19
11099,Large,Education,USA,2022-11-02
11100,Medium,Professional Services,Germany,2025-09-25
11101,Small,Professional Services,Canada,2024-06-03
11102,Enterprise,Manufacturing,India,2023-05-29
11103,Large,Retail,UK,2021-09-08
11104,Enterprise,Finance,India,2022-05-13
11105,Enterprise,Manufacturing,Australia,2026-06-11
11106,Small,Professional Services,USA,2023-09-05
11107,Medium,Finance,USA,2023-02-23
11108,Large,Finance,Australia,2022-06-23
11109,Medium,Professional Services,India,2023-06-20
11110,Small,Retail,India,2025-01-06
11111,Large,Retail,USA,2021-07-29
11112,Small,Professional Services,India,2025-09-30
11113,Small,Finance,USA,2022-05-06
11114,Medium,Manufacturing,Singapore,2025-09-06
11115,Medium,Healthcare,Germany,2025-10-20
11116,Medium,Technology,Germany,2026-04-03
11117,Small,Retail,Singapore,2026-07-28
11118,Large,Professional Services,USA,2026-04-14
11119,Small,Media,USA,2025-01-26
11120,Small,Healthcare,India,2026-06-27
11121,Large,Retail,Germany,2025-02-09
11122,Enterprise,Media,Canada,2021-07-17
11123,Large,Finance,India,2026-05-22
11124,Large,Professional Services,USA,2022-06-05
11125,Medium,Healthcare,UK,2025-03-03
11126,Medium,Professional Services,UK,2025-03-15
11127,Small,Manufacturing,Germany,2025-09-10
11128,Medium,Manufacturing,USA,2024-09-10
11129,Medium,Education,Singapore,2022-11-19
11130,Small,Technology,USA,2022-04-12
11131,Large,Technology,Australia,2022-08-19
11132,Medium,Retail,Singapore,2021-05-19
11133,Small,Technology,Singapore,2023-10-12
11134,Small,Professional Services,India,2021-08-30
11135,Medium,Professional Services,India,2023-01-03
11136,Small,Education,USA,2021-05-15
11137,Large,Media,USA,2025-02-19
11138,Medium,Manufacturing,Canada,2025-12-24
11139,Medium,Media,Singapore,2023-01-28
11140,Medium,Media,India,2022-02-21
11141,Large,Healthcare,USA,2021-07-26
11142,Small,Healthcare,India,2025-07-02
11143,Medium,Manufacturing,Germany,2021-11-07
11144,Medium,Finance,Singapore,2024-08-24
11145,Small,Manufacturing,USA,2024-10-31
11146,Large,Healthcare,India,2025-03-31
11147,Large,Media,Australia,2021-03-24
11148,Medium,Retail,Canada,2025-05-20
11149,Large,Education,USA,2025-01-15
11150,Large,Media,Germany,2023-10-24
11151,Large,Manufacturing,Singapore,2025-01-19
11152,Large,Finance,UK,2025-07-23
11153,Medium,Media,UK,2025-11-18
11154,Medium,Retail,USA,2026-09-09
11155,Medium,Manufacturing,UK,2025-05-26
11156,Large,Retail,USA,2023-09-09
11157,Small,Media,USA,2022-08-28
11158,Large,Manufacturing,India,2021-08-26
11159,Large,Retail,USA,2023-01-01
11160,Small,Professional Services,India,2024-09-04
11161,Large,Technology,UK,2026-06-18
11162,Small,Retail,UK,2024-09-22
11163,Small,Professional Services,UK,2026-09-10
11164,Large,Media,USA,2023-09-05
11165,Small,Technology,USA,2023-07-04
11166,Large,Healthcare,Germany,2025-06-26
11167,Large,Technology,USA,2025-06-17
11168,Medium,Retail,Singapore,2026-06-05
11169,Small,Education,USA,2022-08-06
11170,Small,Education,Canada,2022-04-05
11171,Medium,Healthcare,India,2021-05-16
11172,Enterprise,Retail,Canada,2026-05-31
11173,Medium,Technology,Germany,2023-09-05
11174,Small,Education,Singapore,2021-10-11
11175,Medium,Manufacturing,Singapore,2021-01-17
11176,Medium,Finance,USA,2024-05-23
11177,Large,Retail,UK,2024-11-23
11178,Small,Professional Services,USA,2024-06-21
11179,Large,Professional Services,UK,2026-08-16
11180,Medium,Manufacturing,India,2023-02-19
11181,Enterprise,Manufacturing,Germany,2025-06-28
11182,Small,Retail,Singapore,2022-02-24
11183,Medium,Finance,USA,2026-01-01
11184,Enterprise,Education,USA,2023-05-10
11185,Small,Finance,India,2021-07-26
11186,Enterprise,Healthcare,Canada,2026-08-03
11187,Medium,Technology,USA,2021-04-25
11188,Small,Technology,Singapore,2021-07-30
11189,Small,Manufacturing,Canada,2021-05-12
11190,Large,Education,Canada,2024-10-29
11191,Small,Finance,UK,2021-06-03
11192,Medium,Manufacturing,India,2023-07-09
11193,Small,Retail,Singapore,2024-12-17
11194,Medium,Manufacturing,Canada,2023-08-10
11195,Small,Retail,Singapore,2024-10-21
11196,Large,Retail,UK,2025-09-14
11197,Enterprise,Healthcare,Canada,2021-05-27
11198,Enterprise,Healthcare,India,2025-12-23
11199,Large,Retail,Canada,2022-12-16
11200,Small,Media,Australia,2025-05-16
11201,Large,Education,Australia,2025-03-04
11202,Small,Healthcare,Australia,2023-06-26
11203,Small,Healthcare,India,2025-07-05
11204,Small,Technology,Singapore,2025-09-21
11205,Medium,Manufacturing,Singapore,2026-07-24
11206,Large,Technology,India,2025-07-18
11207,Medium,Education,Singapore,2023-04-09
11208,Medium,Healthcare,USA,2024-08-30
11209,Small,Professional Services,Canada,2021-01-11
11210,Enterprise,Media,USA,2025-03-09
11211,Medium,Healthcare,Singapore,2022-01-13
11212,Medium,Finance,India,2021-12-27
11213,Small,Education,USA,2025-04-21
11214,Large,Professional Services,USA,2022-10-04
11215,Medium,Manufacturing,USA,2022-07-27
11216,Small,Manufacturing,Canada,2026-05-10
11217,Small,Professional Services,India,2025-05-04
11218,Medium,Manufacturing,Canada,2023-07-12
11219,Medium,Media,Singapore,2025-03-22
11220,Small,Professional Services,Germany,2025-12-20
11221,Enterprise,Education,Germany,2026-03-05
11222,Small,Professional Services,USA,2026-03-15
11223,Medium,Professional Services,USA,2024-05-12
11224,Enterprise,Finance,UK,2024-12-10
11225,Medium,Finance,India,2023-11-23
11226,Medium,Technology,Singapore,2025-02-15
11227,Medium,Education,India,2025-06-19
11228,Small,Education,Singapore,2023-08-23
11229,Enterprise,Finance,India,2023-09-19
11230,Medium,Retail,Germany,2022-05-10
11231,Large,Retail,India,2024-04-08
11232,Small,Technology,India,2022-12-04
11233,Small,Media,Canada,2023-10-28
11234,Small,Retail,USA,2024-11-04
11235,Medium,Retail,Canada,2023-04-06
11236,Medium,Retail,UK,2023-11-24
11237,Large,Media,India,2022-07-17
11238,Medium,Healthcare,Singapore,2022-01-02
11239,Enterprise,Technology,USA,2023-03-05
11240,Small,Finance,Australia,2022-09-28
11241,Large,Retail,UK,2025-09-02
11242,Large,Manufacturing,UK,2023-09-14
11243,Large,Professional Services,USA,2023-08-16
11244,Large,Healthcare,India,2023-05-05
11245,Large,Media,UK,2025-04-19
11246,Medium,Media,USA,2024-12-05
11247,Small,Media,USA,2021-01-08
11248,Small,Retail,Canada,2023-01-07
11249,Enterprise,Professional Services,Canada,2021-03-22
11250,Medium,Professional Services,India,2024-03-04
11251,Large,Healthcare,USA,2021-08-26
11252,Medium,Technology,USA,2025-02-04
11253,Small,Media,India,2023-11-16
11254,Small,Manufacturing,India,2021-07-06
11255,Medium,Manufacturing,India,2026-03-21
11256,Medium,Manufacturing,Singapore,2022-09-22
11257,Small,Media,Australia,2025-09-29
11258,Medium,Retail,India,2023-03-26
11259,Small,Healthcare,India,2022-09-06
11260,Medium,Media,Canada,2024-04-01
11261,Small,Manufacturing,USA,2023-09-12
11262,Large,Professional Services,Australia,2023-03-09
11263,Small,Media,Singapore,2023-12-14
11264,Medium,Professional Services,UK,2021-03-08
11265,Small,Education,India,2022-06-28
11266,Small,Media,Australia,2025-11-22
11267,Medium,Education,Singapore,2022-06-04
11268,Medium,Healthcare,UK,2023-08-04
11269,Medium,Media,Canada,2024-12-25
11270,Small,Retail,USA,2023-11-25
11271,Medium,Retail,USA,2024-01-18
11272,Large,Technology,Australia,2023-08-05
11273,Large,Technology,Singapore,2021-05-16
11274,Small,Manufacturing,Canada,2023-03-04
11275,Medium,Finance,Australia,2024-02-11
11276,Small,Professional Services,India,2024-09-24
11277,Small,Technology,India,2022-07-09
11278,Enterprise,Retail,UK,2023-08-04
11279,Small,Professional Services,India,2024-09-28
11280,Medium,Finance,Canada,2023-08-07
11281,Medium,Technology,USA,2021-04-14
11282,Large,Healthcare,Australia,2023-11-13
11283,Medium,Education,Germany,2026-02-04
11284,Small,Technology,USA,2023-08-22
11285,Small,Media,India,2023-04-18
11286,Medium,Technology,Canada,2025-05-02
11287,Small,Media,Singapore,2023-06-01
11288,Medium,Healthcare,Canada,2022-02-28
11289,Small,Retail,India,2021-07-31
11290,Small,Manufacturing,India,2024-04-30
11291,Medium,Healthcare,USA,2023-05-31
11292,Small,Manufacturing,India,2023-01-25
11293,Medium,Technology,Germany,2024-01-27
11294,Medium,Retail,Germany,2022-12-02
11295,Large,Finance,USA,2022-01-06
11296,Small,Technology,USA,2025-09-29
11297,Small,Healthcare,India,2024-03-09
11298,Small,Finance,Singapore,2023-07-02
11299,Medium,Education,UK,2026-01-03
11300,Large,Finance,Canada,2023-03-13
11301,Small,Healthcare,USA,2023-09-17
11302,Enterprise,Professional Services,Canada,2022-11-07
11303,Small,Finance,USA,2022-02-20
11304,Medium,Healthcare,USA,2024-03-08
11305,Large,Professional Services,Canada,2023-08-20
11306,Large,Technology,UK,2025-06-09
11307,Large,Professional Services,USA,2025-03-16
11308,Large,Retail,India,2021-09-06
11309,Small,Education,USA,2026-03-02
11310,Large,Professional Services,USA,2022-07-27
11311,Small,Retail,Canada,2025-12-14
11312,Large,Retail,Singapore,2023-03-09
11313,Medium,Retail,India,2023-09-28
11314,Large,Professional Services,India,2023-01-31
11315,Medium,Healthcare,India,2021-10-20
11316,Medium,Media,UK,2021-07-17
11317,Medium,Healthcare,USA,2021-03-21
11318,Large,Education,Australia,2024-11-09
11319,Small,Healthcare,India,2021-05-17
11320,Small,Manufacturing,UK,2021-08-01
11321,Small,Healthcare,Germany,2026-02-06
11322,Small,Healthcare,Singapore,2022-09-11
11323,Large,Healthcare,Singapore,2023-08-18
11324,Small,Technology,Australia,2025-09-19
11325,Enterprise,Education,Singapore,2024-03-07
11326,Small,Manufacturing,India,2026-03-05
11327,Small,Healthcare,India,2026-08-03
11328,Large,Media,India,2025-04-03
11329,Medium,Education,Canada,2024-01-05
11330,Medium,Finance,Singapore,2025-08-16
11331,Medium,Technology,India,2021-02-06
11332,Large,Professional Services,Canada,2023-04-25
11333,Small,Media,Australia,2025-08-09
11334,Enterprise,Healthcare,Singapore,2025-07-02
11335,Enterprise,Media,Canada,2024-06-17
11336,Medium,Manufacturing,Singapore,2026-08-06
11337,Small,Technology,USA,2021-08-04
11338,Medium,Manufacturing,USA,2022-11-12
11339,Small,Professional Services,UK,2025-12-18
11340,Small,Professional Services,USA,2025-02-16
11341,Small,Media,India,2026-09-22
11342,Medium,Technology,Australia,2024-01-22
11343,Large,Finance,Australia,2024-07-16
11344,Large,Media,Australia,2025-07-03
11345,Large,Education,USA,2024-05-23
11346,Medium,Technology,UK,2023-08-17
11347,Small,Retail,USA,2024-02-23
11348,Medium,Professional Services,India,2026-01-03
11349,Enterprise,Finance,UK,2021-06-07
11350,Small,Media,India,2023-06-27
11351,Large,Professional Services,India,2025-03-09
11352,Medium,Retail,Australia,2024-02-15
11353,Medium,Finance,India,2025-04-09
11354,Large,Professional Services,Singapore,2026-03-13
11355,Medium,Retail,UK,2023-04-08
11356,Large,Retail,Singapore,2025-12-06
11357,Enterprise,Professional Services,India,2024-04-18
11358,Medium,Media,UK,2023-04-25
11359,Small,Professional Services,USA,2024-06-22
11360,Medium,Manufacturing,Germany,2022-09-30
11361,Enterprise,Technology,USA,2022-10-11
11362,Small,Technology,USA,2025-06-18
11363,Medium,Finance,Germany,2023-09-17
11364,Medium,Education,USA,2023-03-15
11365,Large,Professional Services,India,2021-05-08
11366,Small,Media,USA,2023-08-10
11367,Large,Manufacturing,Canada,2021-01-20
11368,Enterprise,Technology,USA,2025-11-17
11369,Small,Technology,USA,2022-11-06
11370,Small,Media,India,2023-01-09
11371,Enterprise,Manufacturing,UK,2022-07-11
11372,Small,Healthcare,Australia,2022-05-19
11373,Large,Manufacturing,USA,2024-06-24
11374,Medium,Media,USA,2023-01-08
11375,Small,Technology,India,2023-03-03
11376,Large,Education,India,2024-10-02
11377,Medium,Healthcare,India,2021-07-16
11378,Medium,Media,USA,2024-02-05
11379,Medium,Media,UK,2023-01-14
11380,Medium,Retail,Singapore,2025-06-25
11381,Small,Manufacturing,India,2024-03-29
11382,Medium,Retail,UK,2025-06-19
11383,Enterprise,Healthcare,UK,2026-05-06
11384,Small,Healthcare,UK,2026-08-01
11385,Medium,Healthcare,Germany,2024-08-29
11386,Small,Finance,India,2023-07-15
11387,Large,Manufacturing,India,2021-08-23
11388,Small,Media,Canada,2022-04-24
11389,Enterprise,Professional Services,USA,2022-10-28
11390,Medium,Education,India,2024-01-29
11391,Small,Education,USA,2024-10-19
11392,Small,Media,USA,2022-10-04
11393,Small,Retail,UK,2025-02-25
11394,Medium,Media,India,2022-07-29
11395,Small,Retail,USA,2025-09-18
11396,Large,Professional Services,USA,2023-10-16
11397,Medium,Retail,USA,2024-08-20
11398,Small,Manufacturing,Singapore,2022-02-04
11399,Medium,Technology,India,2022-08-18
11400,Large,Retail,Singapore,2024-12-27
11401,Small,Healthcare,UK,2025-05-15
11402,Small,Retail,Australia,2021-04-27
11403,Small,Healthcare,USA,2022-01-18
11404,Large,Finance,USA,2023-05-09
11405,Medium,Technology,Germany,2026-01-25
11406,Medium,Technology,Germany,2023-04-12
11407,Large,Professional Services,India,2023-05-23
11408,Large,Manufacturing,India,2022-01-22
11409,Medium,Media,USA,2026-06-30
11410,Large,Manufacturing,Singapore,2021-10-24
11411,Small,Education,USA,2022-12-20
11412,Small,Finance,Canada,2025-05-18
11413,Small,Professional Services,Canada,2026-05-21
11414,Small,Manufacturing,Australia,2024-03-28
11415,Medium,Healthcare,UK,2021-01-11
11416,Enterprise,Finance,USA,2023-02-24
11417,Small,Technology,Singapore,2022-02-15
11418,Small,Media,UK,2024-05-14
11419,Medium,Media,Australia,2022-08-22
11420,Enterprise,Healthcare,USA,2023-04-04
11421,Small,Professional Services,Canada,2024-01-27
11422,Medium,Professional Services,USA,2021-01-19
11423,Small,Finance,India,2021-11-09
11424,Small,Technology,Canada,2026-04-30
11425,Enterprise,Manufacturing,UK,2021-08-19
11426,Enterprise,Healthcare,Canada,2021-02-13
11427,Small,Healthcare,USA,2024-07-12
11428,Enterprise,Technology,UK,2025-02-28
11429,Medium,Healthcare,USA,2024-11-11
11430,Large,Media,UK,2023-04-01
11431,Medium,Manufacturing,USA,2021-06-20
11432,Medium,Manufacturing,Canada,2021-09-03
11433,Medium,Manufacturing,Germany,2024-03-10
11434,Medium,Technology,USA,2025-06-28
11435,Small,Retail,USA,2022-09-09
11436,Small,Retail,Canada,2021-08-28
11437,Small,Professional Services,Canada,2026-05-11
11438,Large,Professional Services,Canada,2024-12-10
11439,Small,Media,Canada,2022-02-02
11440,Medium,Healthcare,USA,2026-01-31
11441,Enterprise,Manufacturing,USA,2023-07-12
11442,Small,Healthcare,USA,2023-03-03
11443,Medium,Technology,India,2026-03-22
11444,Medium,Healthcare,Canada,2026-03-20
11445,Large,Education,India,2026-09-01
11446,Small,Retail,Singapore,2023-03-24
11447,Medium,Healthcare,Germany,2023-06-23
11448,Large,Healthcare,Germany,2025-09-27
11449,Enterprise,Finance,Singapore,2023-04-12
11450,Medium,Media,USA,2024-10-26
11451,Medium,Healthcare,Germany,2026-05-21
11452,Medium,Education,India,2023-11-11
11453,Large,Retail,India,2023-01-14
11454,Medium,Finance,Australia,2023-03-24
11455,Small,Media,India,2025-04-29
11456,Enterprise,Technology,Singapore,2024-10-07
11457,Medium,Professional Services,Canada,2025-07-09
11458,Medium,Technology,Australia,2022-06-14
11459,Small,Retail,India,2024-11-19
11460,Medium,Professional Services,Canada,2026-09-06
11461,Medium,Technology,India,2023-07-28
11462,Medium,Media,Germany,2021-10-12
11463,Small,Education,India,2025-12-26
11464,Medium,Healthcare,Canada,2022-10-11
11465,Enterprise,Retail,India,2021-07-08
11466,Small,Professional Services,India,2025-09-22
11467,Enterprise,Finance,USA,2024-05-07
11468,Medium,Healthcare,India,2024-01-31
11469,Large,Technology,Australia,2022-04-24
11470,Large,Technology,India,2026-08-06
11471,Medium,Finance,USA,2026-07-19
11472,Large,Education,UK,2022-06-01
11473,Large,Media,USA,2026-03-04
11474,Medium,Media,USA,2025-03-31
11475,Small,Finance,Germany,2025-03-21
11476,Medium,Retail,India,2024-02-12
11477,Large,Finance,India,2025-03-20
11478,Large,Technology,USA,2025-10-15
11479,Large,Education,USA,2021-02-03
11480,Medium,Education,UK,2021-10-23
11481,Large,Manufacturing,USA,2024-11-30
11482,Small,Finance,Australia,2024-02-25
11483,Medium,Retail,India,2026-06-11
11484,Small,Technology,USA,2022-10-10
11485,Small,Healthcare,USA,2025-09-06
11486,Medium,Media,Canada,2025-03-28
11487,Medium,Media,Singapore,2022-04-08
11488,Medium,Media,UK,2024-04-24
11489,Medium,Education,Singapore,2022-05-29
11490,Medium,Media,USA,2021-01-01
11491,Small,Finance,India,2024-06-16
11492,Medium,Manufacturing,India,2023-12-15
11493,Small,Retail,USA,2025-01-11
11494,Small,Retail,USA,2021-12-04
11495,Medium,Professional Services,India,2024-02-02
11496,Medium,Media,USA,2023-09-04
11497,Medium,Technology,USA,2023-06-02
11498,Medium,Education,India,2023-11-04
11499,Medium,Technology,USA,2025-08-31
11500,Large,Media,Germany,2023-05-22
11501,Medium,Manufacturing,USA,2022-04-02
11502,Medium,Healthcare,Canada,2025-03-30
11503,Small,Media,UK,2022-01-01
11504,Small,Healthcare,USA,2021-06-09
11505,Medium,Healthcare,India,2023-04-24
11506,Medium,Retail,USA,2026-06-23
11507,Medium,Education,UK,2025-06-27
11508,Medium,Media,USA,2021-08-21
11509,Medium,Technology,India,2021-08-21
11510,Large,Technology,India,2022-07-12
11511,Large,Manufacturing,Germany,2026-05-04
11512,Large,Healthcare,USA,2024-12-30
11513,Enterprise,Education,Canada,2021-12-01
11514,Small,Education,USA,2021-09-13
11515,Small,Manufacturing,Germany,2023-12-26
11516,Small,Finance,UK,2023-02-11
11517,Medium,Education,USA,2023-08-04
11518,Large,Education,Singapore,2024-01-17
11519,Small,Technology,Canada,2021-11-07
11520,Enterprise,Manufacturing,India,2025-05-14
11521,Small,Media,India,2024-07-05
11522,Enterprise,Education,Australia,2025-05-01
11523,Medium,Education,Germany,2023-03-01
11524,Small,Technology,UK,2026-08-27
11525,Medium,Media,UK,2021-12-08
11526,Small,Media,Canada,2023-09-30
11527,Small,Education,USA,2023-04-18
11528,Small,Technology,Canada,2022-09-20
11529,Large,Finance,India,2024-06-26
11530,Medium,Retail,Singapore,2022-12-11
11531,Small,Professional Services,Australia,2023-01-09
11532,Medium,Technology,Canada,2025-11-14
11533,Large,Technology,USA,2023-08-04
11534,Small,Education,India,2022-05-10
11535,Medium,Technology,USA,2021-02-04
11536,Small,Manufacturing,Canada,2024-12-01
11537,Small,Healthcare,Canada,2026-06-15
11538,Medium,Healthcare,USA,2023-03-29
11539,Small,Finance,UK,2021-01-10
11540,Medium,Media,Germany,2023-09-13
11541,Large,Technology,India,2025-10-04
11542,Small,Media,USA,2025-04-08
11543,Medium,Manufacturing,Australia,2022-03-26
11544,Small,Education,UK,2024-05-28
11545,Enterprise,Education,Canada,2023-05-15
11546,Medium,Professional Services,UK,2025-12-06
11547,Large,Retail,Singapore,2021-07-26
11548,Medium,Finance,India,2025-12-15
11549,Small,Manufacturing,USA,2023-04-30
11550,Medium,Media,India,2021-09-03
11551,Enterprise,Manufacturing,India,2025-10-01
11552,Medium,Professional Services,USA,2026-06-21
11553,Large,Professional Services,India,2021-11-13
11554,Large,Education,Singapore,2025-09-16
11555,Small,Media,Singapore,2025-12-12
11556,Small,Retail,USA,2022-08-23
11557,Medium,Education,Canada,2024-01-12
11558,Medium,Retail,UK,2025-04-05
11559,Large,Healthcare,Germany,2023-04-21
11560,Enterprise,Manufacturing,Canada,2021-12-14
11561,Medium,Professional Services,India,2024-07-19
11562,Small,Healthcare,Australia,2021-11-27
11563,Large,Media,Australia,2022-09-02
11564,Small,Education,UK,2026-04-29
11565,Large,Finance,Singapore,2023-01-14
11566,Medium,Technology,Singapore,2022-07-23
11567,Medium,Finance,UK,2025-08-12
11568,Small,Finance,UK,2023-08-29
11569,Medium,Technology,Singapore,2023-01-17
11570,Medium,Manufacturing,USA,2025-10-31
11571,Medium,Healthcare,USA,2024-10-16
11572,Small,Healthcare,India,2024-05-10
11573,Large,Manufacturing,Germany,2023-10-16
11574,Large,Technology,Australia,2021-01-16
11575,Small,Retail,India,2022-07-22
11576,Small,Finance,Singapore,2026-07-18
11577,Small,Education,Australia,2025-06-02
11578,Medium,Healthcare,Germany,2026-09-09
11579,Medium,Manufacturing,India,2025-03-23
11580,Medium,Education,UK,2026-04-16
11581,Small,Professional Services,Canada,2026-09-01
11582,Medium,Technology,UK,2024-12-25
11583,Medium,Education,Canada,2025-08-30
11584,Medium,Media,Germany,2024-12-04
11585,Enterprise,Education,USA,2021-11-21
11586,Small,Media,Germany,2024-08-14
11587,Medium,Finance,India,2021-05-02
11588,Medium,Technology,USA,2025-01-16
11589,Medium,Education,India,2021-09-23
11590,Large,Healthcare,USA,2021-01-28
11591,Medium,Technology,USA,2024-07-06
11592,Enterprise,Healthcare,Germany,2022-03-08
11593,Small,Manufacturing,Canada,2023-05-29
11594,Small,Manufacturing,USA,2023-11-25
11595,Large,Professional Services,Canada,2022-03-12
11596,Medium,Retail,India,2023-12-22
11597,Small,Manufacturing,India,2026-10-01
11598,Small,Education,Canada,2026-09-26
11599,Small,Technology,Canada,2021-04-11
11600,Large,Manufacturing,Australia,2024-07-26
11601,Small,Healthcare,USA,2023-09-10
11602,Small,Education,Australia,2023-06-06
11603,Small,Manufacturing,Canada,2023-03-11
11604,Medium,Media,Singapore,2023-10-23
11605,Small,Media,India,2025-02-24
11606,Medium,Finance,UK,2026-03-19
11607,Small,Healthcare,UK,2026-03-29
11608,Large,Professional Services,Singapore,2024-07-19
11609,Small,Professional Services,India,2024-03-13
11610,Medium,Professional Services,UK,2022-03-11
11611,Large,Healthcare,USA,2025-01-14
11612,Medium,Professional Services,UK,2023-07-05
11613,Medium,Retail,India,2022-06-29
11614,Small,Finance,India,2024-05-22
11615,Small,Retail,UK,2022-10-10
11616,Medium,Media,USA,2024-12-02
11617,Enterprise,Manufacturing,India,2023-12-13
11618,Medium,Finance,USA,2025-05-19
11619,Medium,Healthcare,India,2021-02-06
11620,Large,Retail,Singapore,2022-12-25
11621,Medium,Education,UK,2025-03-28
11622,Small,Finance,Germany,2023-09-07
11623,Medium,Healthcare,USA,2021-03-25
11624,Enterprise,Technology,Singapore,2024-01-23
11625,Small,Finance,USA,2024-09-27
11626,Medium,Finance,UK,2022-12-20
11627,Small,Manufacturing,USA,2022-07-04
11628,Medium,Education,Australia,2024-10-03
11629,Small,Manufacturing,UK,2022-08-10
11630,Medium,Professional Services,USA,2026-02-08
11631,Large,Finance,India,2021-06-01
11632,Small,Media,UK,2023-11-28
11633,Medium,Finance,USA,2025-04-17
11634,Large,Professional Services,India,2021-07-31
11635,Enterprise,Education,USA,2023-01-12
11636,Small,Education,UK,2021-04-06
11637,Medium,Media,Germany,2025-03-07
11638,Small,Media,India,2022-06-06
11639,Enterprise,Retail,USA,2023-11-06
11640,Enterprise,Healthcare,Germany,2025-08-30
11641,Medium,Healthcare,Canada,2021-01-18
11642,Large,Retail,USA,2025-09-16
11643,Medium,Healthcare,Germany,2023-09-05
11644,Medium,Finance,USA,2023-05-29
11645,Small,Retail,USA,2022-08-17
11646,Large,Retail,Singapore,2022-10-05
11647,Small,Healthcare,Singapore,2023-03-12
11648,Large,Technology,USA,2022-03-31
11649,Large,Media,India,2025-05-29
11650,Large,Healthcare,USA,2023-05-26
11651,Small,Manufacturing,India,2024-01-01
11652,Small,Technology,India,2023-10-11
11653,Small,Retail,USA,2024-01-16
11654,Medium,Technology,Singapore,2022-04-07
11655,Small,Finance,Germany,2026-08-16
11656,Enterprise,Education,UK,2023-08-03
11657,Medium,Technology,UK,2021-03-25
11658,Small,Manufacturing,India,2024-12-10
11659,Medium,Education,India,2024-02-10
11660,Medium,Finance,India,2022-11-30
11661,Medium,Manufacturing,Australia,2025-12-26
11662,Medium,Professional Services,India,2022-06-14
11663,Enterprise,Education,Germany,2021-11-15
11664,Medium,Professional Services,Canada,2024-01-04
11665,Enterprise,Finance,India,2021-09-06
11666,Large,Education,India,2022-01-22
11667,Small,Education,Canada,2026-05-12
11668,Enterprise,Healthcare,Singapore,2026-03-06
11669,Small,Manufacturing,Canada,2021-12-29
11670,Large,Media,USA,2025-04-05
11671,Medium,Manufacturing,UK,2025-12-12
11672,Large,Technology,USA,2021-10-23
11673,Large,Professional Services,Singapore,2026-06-15
11674,Large,Professional Services,Australia,2026-09-12
11675,Large,Manufacturing,UK,2024-10-29
11676,Small,Manufacturing,USA,2021-02-01
11677,Small,Education,UK,2022-07-09
11678,Medium,Professional Services,USA,2021-11-01
11679,Small,Retail,India,2023-03-04
11680,Medium,Media,USA,2024-02-06
11681,Small,Healthcare,Singapore,2021-04-06
11682,Enterprise,Media,Canada,2023-12-26
11683,Medium,Technology,India,2021-08-18
11684,Large,Media,Germany,2021-12-24
11685,Small,Healthcare,USA,2022-02-06
11686,Large,Technology,India,2023-03-01
11687,Enterprise,Finance,USA,2021-04-09
11688,Medium,Education,UK,2021-09-28
11689,Medium,Manufacturing,UK,2025-12-04
11690,Large,Manufacturing,USA,2021-12-28
11691,Small,Retail,Canada,2024-04-02
11692,Medium,Media,USA,2022-06-24
11693,Medium,Professional Services,Australia,2026-02-09
11694,Small,Professional Services,India,2023-04-13
11695,Medium,Healthcare,Australia,2023-11-26
11696,Small,Healthcare,Canada,2021-11-10
11697,Small,Healthcare,Canada,2024-07-23
11698,Small,Professional Services,USA,2021-08-21
11699,Enterprise,Manufacturing,Canada,2025-06-28
11700,Medium,Professional Services,India,2023-10-27
11701,Enterprise,Healthcare,Germany,2021-09-01
11702,Medium,Education,India,2025-04-08
11703,Small,Technology,India,2021-03-28
11704,Medium,Manufacturing,UK,2023-05-31
11705,Medium,Education,Australia,2024-03-18
11706,Small,Finance,India,2021-06-09
11707,Medium,Media,Singapore,2025-03-30
11708,Small,Education,Singapore,2022-04-23
11709,Medium,Media,UK,2025-04-29
11710,Medium,Education,USA,2026-08-24
11711,Small,Finance,Australia,2026-05-15
11712,Small,Education,USA,2025-10-12
11713,Large,Technology,USA,2022-08-25
11714,Medium,Manufacturing,Singapore,2024-11-20
11715,Small,Media,Singapore,2026-04-03
11716,Enterprise,Retail,Singapore,2021-11-29
11717,Small,Professional Services,USA,2021-12-21
11718,Medium,Finance,India,2023-04-27
11719,Enterprise,Media,USA,2021-06-12
11720,Small,Manufacturing,USA,2021-04-26
11721,Small,Healthcare,USA,2024-01-08
11722,Small,Media,USA,2025-01-10
11723,Small,Technology,Canada,2026-03-22
11724,Small,Retail,Australia,2023-11-13
11725,Medium,Technology,Australia,2022-06-27
11726,Small,Media,Germany,2022-02-18
11727,Medium,Technology,India,2022-11-13
11728,Enterprise,Healthcare,India,2022-10-04
11729,Large,Retail,Australia,2024-12-03
11730,Medium,Professional Services,UK,2022-10-31
11731,Small,Technology,UK,2026-09-01
11732,Medium,Healthcare,India,2023-08-27
11733,Medium,Finance,USA,2025-09-01
11734,Medium,Healthcare,Canada,2024-03-26
11735,Small,Education,Germany,2023-11-12
11736,Large,Media,Singapore,2025-02-04
11737,Medium,Manufacturing,UK,2024-07-11
11738,Small,Media,UK,2025-12-04
11739,Medium,Media,Germany,2022-12-25
11740,Medium,Healthcare,UK,2024-03-05
11741,Large,Healthcare,UK,2021-09-09
11742,Large,Healthcare,Singapore,2021-07-24
11743,Large,Media,Australia,2026-02-23
11744,Small,Professional Services,Singapore,2023-03-02
11745,Medium,Technology,India,2023-12-21
11746,Medium,Professional Services,UK,2022-04-10
11747,Small,Retail,Germany,2026-01-16
11748,Small,Healthcare,India,2024-08-18
11749,Large,Healthcare,Australia,2025-02-04
11750,Small,Education,India,2022-01-29
11751,Medium,Education,Germany,2025-06-19
11752,Small,Finance,UK,2026-07-22
11753,Small,Finance,India,2023-07-01
11754,Small,Education,USA,2024-07-06
11755,Enterprise,Retail,Canada,2024-04-25
11756,Large,Finance,Canada,2024-05-20
11757,Enterprise,Manufacturing,USA,2023-11-25
11758,Medium,Manufacturing,Germany,2024-03-16
11759,Small,Retail,UK,2024-06-26
11760,Medium,Education,UK,2021-02-26
11761,Medium,Finance,India,2026-03-08
11762,Large,Healthcare,Singapore,2025-10-15
11763,Small,Education,India,2021-12-27
11764,Medium,Finance,UK,2026-05-03
11765,Small,Retail,Germany,2021-08-11
11766,Small,Manufacturing,India,2025-06-28
11767,Large,Media,UK,2021-11-23
11768,Medium,Retail,India,2024-01-27
11769,Medium,Media,Australia,2024-06-03
11770,Medium,Finance,UK,2025-10-24
11771,Medium,Retail,Germany,2023-04-16
11772,Large,Finance,Germany,2023-09-12
11773,Large,Finance,Canada,2024-09-19
11774,Enterprise,Media,Australia,2023-03-03
11775,Large,Retail,UK,2026-03-02
11776,Small,Technology,USA,2022-01-17
11777,Medium,Healthcare,Canada,2024-12-17
11778,Medium,Education,Singapore,2024-10-03
11779,Small,Manufacturing,USA,2026-02-18
11780,Large,Healthcare,USA,2026-07-02
11781,Small,Education,USA,2024-02-17
11782,Enterprise,Education,USA,2021-08-02
11783,Medium,Manufacturing,India,2022-07-19
11784,Medium,Healthcare,USA,2023-01-02
11785,Medium,Manufacturing,USA,2022-03-15
11786,Large,Finance,UK,2025-05-08
11787,Medium,Manufacturing,USA,2022-09-21
11788,Medium,Media,UK,2023-06-22
11789,Small,Media,Germany,2025-01-10
11790,Medium,Retail,Singapore,2022-01-30
11791,Small,Technology,UK,2021-09-04
11792,Large,Technology,India,2025-06-25
11793,Medium,Technology,Singapore,2025-01-12
11794,Medium,Healthcare,Canada,2024-05-29
11795,Small,Media,USA,2026-09-30
11796,Small,Healthcare,India,2023-09-08
11797,Large,Finance,India,2024-04-25
11798,Small,Professional Services,India,2025-03-29
11799,Small,Technology,India,2022-02-23
11800,Small,Finance,Singapore,2021-09-16
11801,Enterprise,Media,UK,2025-02-28
11802,Large,Professional Services,Canada,2024-06-22
11803,Medium,Technology,Germany,2023-07-29
11804,Small,Healthcare,Australia,2021-07-15
11805,Small,Professional Services,Germany,2021-03-03
11806,Large,Retail,Singapore,2022-07-16
11807,Medium,Retail,USA,2021-02-09
11808,Small,Retail,Singapore,2025-11-03
11809,Small,Manufacturing,Australia,2026-07-31
11810,Small,Retail,India,2026-02-19
11811,Medium,Education,Canada,2023-02-27
11812,Large,Technology,Canada,2026-02-20
11813,Small,Retail,Singapore,2021-01-02
11814,Small,Professional Services,USA,2025-02-01
11815,Small,Media,UK,2024-02-04
11816,Enterprise,Education,India,2023-02-16
11817,Small,Education,USA,2025-11-18
11818,Large,Education,India,2022-02-18
11819,Medium,Finance,UK,2021-07-29
11820,Medium,Professional Services,Germany,2026-05-18
11821,Small,Finance,India,2026-09-22
11822,Small,Education,UK,2025-07-03
11823,Medium,Manufacturing,India,2025-05-03
11824,Large,Retail,India,2022-12-27
11825,Medium,Media,UK,2024-11-13
11826,Medium,Technology,India,2024-05-06
11827,Small,Professional Services,UK,2021-04-17
11828,Enterprise,Manufacturing,India,2021-11-23
11829,Large,Healthcare,India,2022-10-06
11830,Small,Finance,UK,2021-12-23
11831,Enterprise,Retail,UK,2024-07-31
11832,Medium,Retail,India,2022-05-23
11833,Medium,Healthcare,UK,2023-12-26
11834,Large,Healthcare,Germany,2021-07-14
11835,Large,Professional Services,Australia,2024-04-26
11836,Medium,Retail,India,2021-02-16
11837,Small,Healthcare,UK,2024-10-17
11838,Small,Retail,Canada,2025-05-21
11839,Enterprise,Manufacturing,India,2025-02-19
11840,Small,Professional Services,Germany,2023-04-27
11841,Medium,Media,Singapore,2025-05-22
11842,Medium,Healthcare,Germany,2022-12-10
11843,Medium,Manufacturing,Germany,2023-03-19
11844,Medium,Manufacturing,Australia,2021-04-25
11845,Enterprise,Healthcare,Canada,2022-09-23
11846,Small,Professional Services,Canada,2021-07-16
11847,Small,Retail,Germany,2022-02-05
11848,Small,Media,Canada,2026-08-02
11849,Large,Education,USA,2021-03-17
11850,Medium,Retail,USA,2024-12-20
11851,Small,Technology,Germany,2021-10-14
11852,Large,Healthcare,India,2025-04-18
11853,Large,Finance,Canada,2024-08-15
11854,Large,Professional Services,Singapore,2023-05-11
11855,Enterprise,Healthcare,Canada,2023-01-12
11856,Small,Technology,Singapore,2025-09-27
11857,Large,Manufacturing,Canada,2023-03-20
11858,Medium,Finance,India,2026-05-14
11859,Large,Finance,Germany,2022-02-18
11860,Large,Retail,USA,2022-03-07
11861,Large,Education,USA,2025-12-19
11862,Medium,Retail,USA,2024-06-07
11863,Small,Professional Services,USA,2026-04-03
11864,Medium,Finance,USA,2024-09-02
11865,Enterprise,Media,USA,2022-06-28
11866,Enterprise,Media,Canada,2025-02-23
11867,Small,Finance,Germany,2024-11-12
11868,Small,Media,USA,2021-03-13
11869,Small,Media,India,2023-10-20
11870,Large,Education,Canada,2022-06-16
11871,Large,Professional Services,Canada,2022-07-31
11872,Small,Healthcare,Singapore,2024-01-18
11873,Medium,Education,India,2026-04-30
11874,Large,Manufacturing,Germany,2022-12-14
11875,Large,Retail,UK,2025-04-08
11876,Medium,Media,Canada,2022-10-04
11877,Medium,Healthcare,India,2023-03-23
11878,Medium,Retail,USA,2023-10-12
11879,Small,Media,India,2024-09-24
11880,Medium,Education,USA,2026-07-15
11881,Medium,Healthcare,UK,2025-03-21
11882,Large,Education,Germany,2026-02-05
11883,Medium,Manufacturing,Australia,2023-02-23
11884,Large,Technology,UK,2022-11-02
11885,Small,Finance,UK,2023-04-27
11886,Medium,Professional Services,USA,2024-05-26
11887,Small,Healthcare,Singapore,2024-07-01
11888,Small,Finance,UK,2024-10-16
11889,Large,Technology,USA,2025-10-31
11890,Enterprise,Healthcare,India,2021-06-27
11891,Small,Finance,UK,2021-10-03
11892,Medium,Finance,UK,2025-07-24
11893,Large,Healthcare,India,2023-03-02
11894,Small,Finance,Germany,2025-08-04
11895,Medium,Finance,Canada,2024-11-25
11896,Large,Healthcare,Canada,2024-05-25
11897,Medium,Professional Services,India,2021-01-27
11898,Small,Finance,USA,2024-09-09
11899,Medium,Finance,Singapore,2025-05-10
11900,Large,Professional Services,Germany,2025-09-23
11901,Medium,Retail,USA,2021-10-12
11902,Small,Manufacturing,India,2024-01-18
11903,Large,Retail,USA,2023-12-05
11904,Small,Media,USA,2023-07-01
11905,Large,Technology,Canada,2025-12-20
11906,Small,Retail,Singapore,2021-03-23
11907,Enterprise,Retail,USA,2023-09-07
11908,Medium,Technology,India,2024-04-05
11909,Small,Finance,Germany,2025-11-08
11910,Small,Finance,India,2025-12-31
11911,Small,Retail,Singapore,2025-11-09
11912,Large,Technology,Canada,2024-08-26
11913,Enterprise,Finance,Singapore,2026-07-01
11914,Medium,Education,India,2021-03-23
11915,Medium,Healthcare,India,2021-04-04
11916,Large,Healthcare,USA,2024-09-06
11917,Large,Manufacturing,USA,2021-12-09
11918,Medium,Healthcare,USA,2026-01-29
11919,Medium,Retail,Singapore,2023-12-26
11920,Medium,Healthcare,Germany,2022-09-16
11921,Medium,Healthcare,Canada,2023-05-18
11922,Small,Education,India,2021-06-20
11923,Medium,Finance,Australia,2025-11-18
11924,Medium,Education,Australia,2022-08-01
11925,Large,Retail,USA,2021-03-09
11926,Small,Healthcare,Singapore,2025-02-24
11927,Medium,Professional Services,India,2023-11-24
11928,Medium,Finance,USA,2021-01-01
11929,Medium,Manufacturing,India,2023-06-21
11930,Small,Manufacturing,Australia,2025-12-13
11931,Medium,Media,Canada,2023-01-20
11932,Medium,Media,USA,2023-03-06
11933,Medium,Healthcare,India,2026-08-29
11934,Medium,Healthcare,India,2025-12-25
11935,Medium,Manufacturing,India,2026-09-14
11936,Large,Manufacturing,USA,2022-01-06
11937,Small,Professional Services,India,2026-08-17
11938,Large,Retail,USA,2022-01-06
11939,Medium,Healthcare,Germany,2025-08-16
11940,Small,Manufacturing,UK,2023-01-27
11941,Small,Professional Services,Australia,2024-02-13
11942,Small,Technology,India,2024-09-22
11943,Large,Manufacturing,USA,2024-03-11
11944,Large,Finance,USA,2025-02-17
11945,Large,Finance,India,2025-01-01
11946,Medium,Technology,India,2022-04-08
11947,Medium,Media,Germany,2022-04-26
11948,Small,Retail,Singapore,2023-04-03
11949,Small,Media,India,2022-06-08
11950,Medium,Healthcare,USA,2021-09-01
11951,Small,Media,Singapore,2021-08-27
11952,Small,Healthcare,India,2024-05-05
11953,Medium,Manufacturing,Canada,2023-02-08
11954,Large,Finance,Singapore,2021-08-23
11955,Enterprise,Retail,Singapore,2022-05-12
11956,Enterprise,Retail,USA,2025-02-28
11957,Medium,Retail,India,2026-03-19
11958,Medium,Manufacturing,India,2025-06-23
11959,Medium,Healthcare,Germany,2023-07-25
11960,Large,Retail,Singapore,2024-06-22
11961,Small,Manufacturing,UK,2023-03-30
11962,Medium,Manufacturing,Australia,2021-01-22
11963,Large,Technology,Australia,2023-12-25
11964,Medium,Education,Canada,2026-01-02
11965,Medium,Media,Germany,2026-06-14
11966,Medium,Retail,Canada,2022-12-30
11967,Small,Education,UK,2026-02-17
11968,Medium,Healthcare,India,2021-07-31
11969,Small,Manufacturing,Australia,2025-11-09
11970,Small,Professional Services,USA,2021-07-19
11971,Small,Media,USA,2023-09-14
11972,Large,Media,Germany,2021-06-27
11973,Small,Retail,Canada,2024-12-17
11974,Medium,Professional Services,Singapore,2023-07-20
11975,Small,Finance,India,2026-07-30
11976,Enterprise,Healthcare,Canada,2025-01-25
11977,Small,Technology,India,2026-09-23
11978,Medium,Technology,Singapore,2024-12-25
11979,Large,Education,India,2021-06-17
11980,Large,Manufacturing,Canada,2022-08-09
11981,Small,Education,Australia,2026-03-31
11982,Large,Finance,USA,2021-01-16
11983,Medium,Finance,Singapore,2025-05-23
11984,Medium,Media,Germany,2023-04-17
11985,Small,Technology,USA,2025-04-26
11986,Small,Professional Services,India,2021-11-02
11987,Large,Retail,USA,2026-08-16
11988,Medium,Technology,USA,2025-09-13
11989,Medium,Technology,Germany,2021-12-27
11990,Large,Professional Services,Singapore,2024-04-23
11991,Large,Media,India,2026-02-02
11992,Small,Media,USA,2026-05-26
11993,Medium,Professional Services,UK,2024-01-29
11994,Small,Finance,India,2024-01-19
11995,Large,Professional Services,USA,2023-09-11
11996,Medium,Education,USA,2024-06-23
11997,Enterprise,Finance,UK,2021-06-28
11998,Small,Professional Services,Canada,2022-07-15
11999,Small,Manufacturing,Canada,2025-12-15
12000,Small,Finance,India,2021-10-19
12001,Small,Finance,Germany,2021-10-18
12002,Small,Technology,Canada,2022-06-26
12003,Enterprise,Retail,Germany,2026-03-25
12004,Small,Technology,USA,2022-08-17
12005,Small,Healthcare,Germany,2024-11-29
12006,Large,Finance,Germany,2023-08-06
12007,Medium,Professional Services,USA,2024-09-10
12008,Large,Professional Services,USA,2022-01-16
12009,Small,Professional Services,Singapore,2025-09-01
12010,Medium,Finance,Canada,2021-11-06
12011,Small,Professional Services,Singapore,2025-08-21
12012,Small,Healthcare,Australia,2025-02-07
12013,Enterprise,Finance,UK,2024-03-11
12014,Small,Professional Services,India,2022-10-23
12015,Medium,Finance,USA,2025-02-06
12016,Medium,Manufacturing,Singapore,2026-09-04
12017,Small,Finance,USA,2022-07-19
12018,Large,Healthcare,India,2025-05-25
12019,Small,Technology,Canada,2024-04-14
12020,Medium,Finance,Australia,2022-10-06
12021,Enterprise,Retail,USA,2024-12-02
12022,Medium,Healthcare,USA,2026-05-05
12023,Enterprise,Education,USA,2022-04-04
12024,Small,Manufacturing,India,2021-12-04
12025,Medium,Healthcare,Australia,2024-09-16
12026,Small,Technology,USA,2026-07-07
12027,Large,Professional Services,Germany,2021-12-11
12028,Enterprise,Professional Services,Germany,2022-07-30
12029,Small,Healthcare,Canada,2025-04-20
12030,Medium,Education,USA,2025-03-28
12031,Small,Professional Services,UK,2023-08-01
12032,Medium,Manufacturing,USA,2021-12-12
12033,Medium,Retail,USA,2021-11-21
12034,Enterprise,Education,Germany,2021-10-21
12035,Medium,Media,USA,2022-06-08
12036,Small,Media,Germany,2021-09-16
12037,Small,Healthcare,India,2024-01-16
12038,Small,Education,India,2025-02-26
12039,Small,Professional Services,Singapore,2023-04-01
12040,Small,Professional Services,UK,2026-03-08
12041,Large,Healthcare,UK,2025-03-20
12042,Medium,Professional Services,UK,2022-07-23
12043,Medium,Professional Services,India,2022-05-24
12044,Small,Retail,Canada,2025-04-13
12045,Large,Retail,India,2026-08-26
12046,Large,Technology,UK,2022-06-09
12047,Small,Retail,UK,2024-04-22
12048,Large,Finance,Singapore,2021-11-05
12049,Medium,Education,UK,2026-01-14
12050,Small,Education,India,2024-10-15
12051,Medium,Healthcare,UK,2026-04-27
12052,Medium,Retail,India,2024-03-26
12053,Small,Technology,India,2023-11-11
12054,Enterprise,Professional Services,India,2023-10-09
12055,Large,Technology,UK,2021-12-16
12056,Medium,Technology,India,2023-08-19
12057,Medium,Manufacturing,USA,2022-03-14
12058,Medium,Professional Services,Singapore,2022-04-01
12059,Medium,Finance,Canada,2025-04-19
12060,Medium,Retail,India,2024-01-09
12061,Small,Professional Services,India,2025-01-15
12062,Medium,Technology,Canada,2025-06-07
12063,Large,Professional Services,Germany,2025-02-21
12064,Medium,Finance,India,2022-10-05
12065,Small,Education,Germany,2022-01-27
12066,Large,Healthcare,UK,2026-09-12
12067,Small,Retail,UK,2023-07-10
12068,Small,Retail,Singapore,2025-06-12
12069,Small,Manufacturing,Australia,2026-04-30
12070,Small,Education,Germany,2024-01-20
12071,Large,Retail,USA,2022-02-17
12072,Medium,Manufacturing,UK,2025-11-24
12073,Small,Manufacturing,UK,2021-09-18
12074,Large,Manufacturing,USA,2026-07-07
12075,Large,Media,UK,2024-08-28
12076,Large,Retail,India,2023-08-17
12077,Small,Retail,India,2026-01-23
12078,Medium,Retail,USA,2026-08-01
12079,Enterprise,Finance,Australia,2024-04-03
12080,Large,Manufacturing,Singapore,2021-12-01
12081,Small,Finance,USA,2023-03-15
12082,Small,Healthcare,Canada,2023-08-30
12083,Medium,Retail,India,2023-12-31
12084,Enterprise,Media,Singapore,2023-07-30
12085,Medium,Professional Services,UK,2023-06-22
12086,Medium,Education,Australia,2024-06-22
12087,Small,Media,Australia,2021-01-24
12088,Medium,Technology,USA,2022-07-11
12089,Large,Healthcare,UK,2024-10-28
12090,Medium,Professional Services,Singapore,2026-02-20
12091,Large,Technology,India,2025-10-24
12092,Enterprise,Technology,Canada,2023-06-01
12093,Small,Retail,Singapore,2026-02-22
12094,Medium,Education,USA,2024-05-27
12095,Small,Technology,Germany,2024-05-26
12096,Large,Manufacturing,Singapore,2026-09-10
12097,Medium,Professional Services,Australia,2024-06-27
12098,Medium,Media,India,2022-07-20
12099,Large,Media,USA,2026-08-20
12100,Medium,Technology,India,2022-11-09
12101,Enterprise,Healthcare,Germany,2023-05-01
12102,Medium,Education,Germany,2021-10-12
12103,Small,Education,Canada,2025-04-02
12104,Medium,Media,USA,2022-01-06
12105,Large,Technology,India,2026-01-15
12106,Small,Education,Australia,2026-02-22
12107,Large,Healthcare,Australia,2025-05-30
12108,Enterprise,Media,Singapore,2021-05-21
12109,Small,Professional Services,Australia,2024-02-04
12110,Enterprise,Healthcare,Germany,2025-06-16
12111,Small,Healthcare,Australia,2024-10-10
12112,Small,Manufacturing,Canada,2026-08-31
12113,Small,Retail,USA,2024-05-29
12114,Large,Technology,Singapore,2024-01-16
12115,Medium,Professional Services,Canada,2025-09-12
12116,Small,Media,USA,2022-03-29
12117,Medium,Education,India,2021-12-08
12118,Medium,Healthcare,USA,2022-01-28
12119,Small,Media,UK,2024-10-07
12120,Large,Technology,USA,2024-06-23
12121,Large,Professional Services,India,2025-09-06
12122,Medium,Professional Services,UK,2023-08-29
12123,Enterprise,Technology,India,2025-05-26
12124,Medium,Retail,Germany,2022-11-30
12125,Enterprise,Manufacturing,USA,2021-06-15
12126,Medium,Education,UK,2026-09-13
12127,Medium,Manufacturing,India,2021-09-12
12128,Small,Professional Services,USA,2021-10-29
12129,Large,Education,USA,2023-07-24
12130,Medium,Professional Services,Germany,2025-02-14
12131,Small,Healthcare,Australia,2024-06-10
12132,Small,Healthcare,India,2023-08-11
12133,Medium,Technology,UK,2021-09-02
12134,Medium,Education,India,2026-08-30
12135,Large,Education,Singapore,2021-07-29
12136,Large,Professional Services,Singapore,2022-03-02
12137,Small,Manufacturing,UK,2023-09-08
12138,Large,Healthcare,Canada,2021-06-27
12139,Small,Finance,Germany,2025-03-27
12140,Large,Technology,Australia,2026-03-14
12141,Large,Media,Canada,2026-07-28
12142,Medium,Education,Singapore,2021-10-26
12143,Large,Retail,UK,2021-10-02
12144,Small,Retail,Canada,2025-09-25
12145,Medium,Finance,Germany,2026-01-21
12146,Large,Healthcare,Canada,2025-11-30
12147,Medium,Healthcare,Australia,2021-02-22
12148,Medium,Healthcare,India,2026-01-20
12149,Medium,Manufacturing,USA,2024-11-24
12150,Large,Professional Services,India,2024-12-08
12151,Small,Retail,UK,2025-06-16
12152,Small,Healthcare,USA,2026-05-02
12153,Large,Retail,Singapore,2022-05-04
12154,Large,Finance,UK,2022-02-21
12155,Small,Technology,Australia,2023-07-10
12156,Small,Professional Services,USA,2025-04-03
12157,Small,Manufacturing,Germany,2022-10-28
12158,Small,Education,UK,2021-01-06
12159,Medium,Finance,Canada,2025-01-14
12160,Large,Professional Services,USA,2025-01-11
12161,Medium,Retail,UK,2021-12-04
12162,Medium,Finance,Canada,2021-09-26
12163,Medium,Education,UK,2023-12-24
12164,Large,Professional Services,Singapore,2024-07-17
12165,Medium,Manufacturing,Germany,2022-10-19
12166,Enterprise,Media,Singapore,2024-11-01
12167,Medium,Technology,Canada,2026-02-12
12168,Small,Education,Singapore,2025-07-15
12169,Medium,Professional Services,Germany,2023-05-12
12170,Small,Manufacturing,USA,2024-08-29
12171,Medium,Retail,USA,2025-07-26
12172,Small,Education,India,2025-12-31
12173,Small,Media,India,2024-04-27
12174,Large,Finance,India,2023-12-02
12175,Small,Healthcare,India,2021-11-16
12176,Large,Finance,Canada,2025-08-08
12177,Small,Retail,USA,2022-03-21
12178,Medium,Professional Services,USA,2024-10-29
12179,Medium,Media,Australia,2021-10-13
12180,Medium,Technology,Germany,2026-01-02
12181,Small,Education,Singapore,2025-01-03
12182,Small,Professional Services,Canada,2022-08-16
12183,Small,Technology,USA,2022-02-20
12184,Small,Retail,USA,2026-09-04
12185,Medium,Education,India,2021-04-04
12186,Enterprise,Manufacturing,India,2024-03-24
12187,Large,Manufacturing,USA,2022-11-17
12188,Large,Professional Services,Singapore,2023-05-13
12189,Large,Finance,India,2022-11-16
12190,Medium,Professional Services,India,2023-11-04
12191,Small,Finance,India,2021-12-07
12192,Enterprise,Media,Canada,2022-08-27
12193,Medium,Retail,USA,2025-12-12
12194,Medium,Manufacturing,USA,2023-01-04
12195,Small,Media,India,2025-02-05
12196,Medium,Education,USA,2024-02-06
12197,Medium,Manufacturing,India,2024-09-16
12198,Large,Finance,UK,2022-06-24
12199,Medium,Professional Services,India,2025-09-29
12200,Medium,Retail,Australia,2025-10-02
12201,Enterprise,Manufacturing,UK,2024-11-20
12202,Small,Media,Australia,2026-06-13
12203,Medium,Retail,USA,2022-09-07
12204,Small,Media,USA,2022-05-03
12205,Large,Manufacturing,India,2024-04-27
12206,Enterprise,Professional Services,UK,2024-12-12
12207,Small,Technology,UK,2024-10-16
12208,Large,Professional Services,USA,2023-04-29
12209,Small,Manufacturing,Australia,2021-10-28
12210,Enterprise,Finance,Germany,2024-10-23
12211,Large,Professional Services,Australia,2024-09-01
12212,Large,Education,India,2022-12-06
12213,Small,Finance,Canada,2021-09-26
12214,Enterprise,Finance,India,2025-03-05
12215,Large,Finance,Canada,2022-04-23
12216,Small,Retail,USA,2021-06-25
12217,Large,Healthcare,India,2021-08-27
12218,Small,Healthcare,Germany,2026-05-23
12219,Large,Technology,UK,2022-09-02
12220,Small,Media,USA,2025-11-23
12221,Large,Media,India,2022-05-07
12222,Medium,Finance,UK,2021-11-25
12223,Small,Healthcare,Singapore,2022-03-21
12224,Small,Technology,UK,2025-08-17
12225,Small,Retail,Singapore,2023-09-25
12226,Medium,Finance,India,2022-03-18
12227,Small,Education,UK,2023-03-06
12228,Medium,Retail,Australia,2026-01-06
12229,Small,Technology,UK,2023-06-10
12230,Small,Retail,India,2026-09-10
12231,Large,Education,UK,2024-02-29
12232,Small,Media,UK,2025-10-18
12233,Enterprise,Retail,Australia,2024-09-11
12234,Large,Technology,Australia,2021-10-18
12235,Medium,Media,Australia,2022-01-03
12236,Medium,Media,Canada,2022-05-01
12237,Large,Media,India,2021-06-17
12238,Small,Education,USA,2026-02-28
12239,Small,Education,Australia,2025-11-26
12240,Small,Media,Singapore,2021-03-19
12241,Large,Retail,India,2024-01-14
12242,Small,Education,UK,2023-06-11
12243,Medium,Professional Services,USA,2022-10-23
12244,Enterprise,Retail,India,2024-05-09
12245,Large,Finance,UK,2022-08-12
12246,Medium,Education,UK,2022-07-19
12247,Small,Retail,India,2021-10-29
12248,Large,Finance,Australia,2021-10-21
12249,Medium,Education,Germany,2021-04-19
12250,Small,Finance,Singapore,2025-02-26
12251,Small,Manufacturing,India,2025-09-05
12252,Enterprise,Education,UK,2022-03-04
12253,Medium,Manufacturing,USA,2022-09-30
12254,Large,Technology,USA,2021-04-15
12255,Large,Technology,UK,2023-12-21
12256,Medium,Retail,Australia,2021-01-12
12257,Medium,Healthcare,India,2022-10-11
12258,Medium,Manufacturing,Singapore,2023-05-25
12259,Small,Manufacturing,Germany,2023-06-03
12260,Medium,Technology,Australia,2022-07-09
12261,Large,Manufacturing,Australia,2024-12-30
12262,Medium,Healthcare,USA,2024-09-05
12263,Large,Media,Australia,2026-03-10
12264,Medium,Finance,USA,2023-09-16
12265,Medium,Finance,Germany,2025-04-29
12266,Medium,Healthcare,India,2021-12-19
12267,Medium,Manufacturing,USA,2025-02-15
12268,Large,Manufacturing,UK,2026-07-23
12269,Small,Manufacturing,USA,2026-01-21
12270,Medium,Professional Services,USA,2026-09-03
12271,Small,Retail,USA,2023-06-04
12272,Medium,Education,Germany,2025-01-05
12273,Medium,Healthcare,UK,2022-07-28
12274,Medium,Healthcare,USA,2025-08-16
12275,Enterprise,Professional Services,India,2023-02-14
12276,Medium,Healthcare,USA,2021-08-31
12277,Large,Media,UK,2023-05-15
12278,Medium,Media,Australia,2024-12-10
12279,Medium,Healthcare,India,2022-12-15
12280,Small,Professional Services,India,2022-07-30
12281,Small,Healthcare,USA,2023-09-16
12282,Medium,Manufacturing,USA,2024-11-15
12283,Medium,Professional Services,USA,2021-03-11
12284,Small,Retail,Australia,2023-04-23
12285,Small,Technology,USA,2023-07-07
12286,Small,Manufacturing,UK,2023-01-13
12287,Enterprise,Media,Canada,2021-02-24
12288,Small,Manufacturing,India,2026-01-12
12289,Medium,Education,Canada,2024-10-08
12290,Small,Professional Services,UK,2022-02-14
12291,Medium,Media,USA,2023-11-05
12292,Small,Technology,Germany,2021-05-27
12293,Small,Healthcare,India,2025-02-22
12294,Medium,Technology,Germany,2025-08-07
12295,Small,Retail,UK,2023-11-15
12296,Small,Finance,UK,2025-09-11
12297,Small,Manufacturing,Germany,2024-04-12
12298,Small,Professional Services,Germany,2025-12-04
12299,Small,Professional Services,UK,2021-01-27
12300,Small,Technology,Australia,2024-01-30
12301,Large,Education,USA,2023-12-27
12302,Medium,Media,UK,2021-09-07
12303,Medium,Retail,India,2021-05-22
12304,Small,Finance,India,2021-09-24
12305,Enterprise,Retail,Germany,2021-08-03
12306,Medium,Professional Services,India,2022-05-04
12307,Small,Healthcare,India,2022-05-11
12308,Medium,Finance,Australia,2022-04-25
12309,Small,Media,India,2021-01-01
12310,Small,Media,USA,2026-03-19
12311,Medium,Professional Services,UK,2023-04-21
12312,Large,Education,UK,2023-04-24
12313,Medium,Finance,Australia,2026-03-01
12314,Large,Professional Services,UK,2022-10-12
12315,Enterprise,Education,UK,2024-12-11
12316,Small,Healthcare,Australia,2026-03-09
12317,Small,Education,USA,2024-07-25
12318,Medium,Retail,UK,2025-01-22
12319,Medium,Technology,Germany,2025-09-22
12320,Medium,Retail,USA,2024-09-16
12321,Enterprise,Media,USA,2024-07-17
12322,Large,Professional Services,India,2024-04-10
12323,Medium,Professional Services,UK,2022-02-08
12324,Small,Manufacturing,India,2025-01-31
12325,Large,Retail,UK,2025-03-27
12326,Enterprise,Finance,Germany,2026-01-27
12327,Large,Media,UK,2021-04-21
12328,Small,Healthcare,USA,2023-03-24
12329,Medium,Media,Australia,2023-07-19
12330,Small,Manufacturing,USA,2023-06-05
12331,Small,Manufacturing,Australia,2023-06-28
12332,Small,Manufacturing,UK,2026-06-06
12333,Medium,Professional Services,India,2021-06-24
12334,Medium,Technology,Singapore,2024-09-25
12335,Small,Education,India,2023-11-04
12336,Medium,Finance,Singapore,2026-09-22
12337,Medium,Media,India,2022-04-06
12338,Medium,Professional Services,USA,2021-05-29
12339,Small,Media,India,2021-12-04
12340,Medium,Healthcare,India,2023-09-30
12341,Large,Professional Services,Australia,2024-02-08
12342,Small,Technology,Canada,2021-12-20
12343,Small,Media,Australia,2024-01-13
12344,Medium,Professional Services,USA,2026-03-30
12345,Enterprise,Professional Services,USA,2024-01-15
12346,Medium,Retail,Canada,2021-03-25
12347,Medium,Healthcare,USA,2026-06-01
12348,Medium,Manufacturing,Canada,2021-08-15
12349,Medium,Healthcare,Canada,2023-10-10
12350,Small,Healthcare,India,2021-01-20
12351,Medium,Retail,Australia,2025-01-06
12352,Enterprise,Education,Australia,2021-09-27
12353,Medium,Professional Services,Canada,2025-03-12
12354,Large,Finance,India,2021-10-31
12355,Large,Manufacturing,USA,2024-08-01
12356,Small,Media,USA,2023-03-21
12357,Enterprise,Education,USA,2023-11-19
12358,Small,Technology,India,2026-04-17
12359,Medium,Professional Services,Germany,2026-08-03
12360,Small,Manufacturing,Canada,2023-06-28
12361,Small,Finance,UK,2021-05-22
12362,Medium,Professional Services,India,2025-08-07
12363,Small,Technology,Singapore,2023-03-20
12364,Medium,Retail,India,2023-08-06
12365,Medium,Education,Australia,2023-02-05
12366,Small,Professional Services,Singapore,2023-07-09
12367,Small,Manufacturing,Australia,2023-07-28
12368,Medium,Healthcare,Singapore,2024-06-16
12369,Small,Media,Canada,2023-08-13
12370,Large,Media,India,2024-08-07
12371,Medium,Media,India,2022-06-27
12372,Large,Finance,USA,2024-01-08
12373,Medium,Professional Services,India,2021-05-24
12374,Medium,Media,Canada,2024-04-14
12375,Medium,Manufacturing,USA,2022-08-16
12376,Small,Healthcare,Germany,2022-07-21
12377,Small,Manufacturing,USA,2022-11-22
12378,Large,Professional Services,USA,2024-02-08
12379,Medium,Technology,Singapore,2022-10-27
12380,Large,Healthcare,India,2026-06-06
12381,Large,Healthcare,Australia,2022-02-10
12382,Large,Manufacturing,Australia,2023-09-13
12383,Enterprise,Retail,India,2024-11-17
12384,Medium,Professional Services,UK,2022-06-01
12385,Small,Media,USA,2023-04-30
12386,Medium,Retail,Australia,2026-03-17
12387,Medium,Education,Canada,2023-06-27
12388,Medium,Media,USA,2021-11-12
12389,Large,Technology,Australia,2024-07-09
12390,Medium,Retail,India,2025-02-16
12391,Medium,Manufacturing,Australia,2021-01-27
12392,Small,Professional Services,Germany,2025-02-27
12393,Medium,Retail,Germany,2021-02-24
12394,Small,Education,Australia,2026-04-19
12395,Large,Finance,USA,2026-01-30
12396,Small,Education,Singapore,2021-09-06
12397,Small,Healthcare,USA,2025-12-07
12398,Small,Media,Canada,2023-05-07
12399,Medium,Professional Services,India,2025-01-09
12400,Medium,Healthcare,Singapore,2026-02-20
12401,Small,Retail,Canada,2025-03-06
12402,Small,Retail,Australia,2024-11-17
12403,Medium,Education,India,2025-11-30
12404,Small,Education,Australia,2021-04-19
12405,Medium,Manufacturing,Australia,2023-09-08
12406,Medium,Technology,Canada,2021-12-19
12407,Medium,Manufacturing,USA,2024-11-28
12408,Small,Healthcare,USA,2025-09-27
12409,Enterprise,Manufacturing,India,2025-11-13
12410,Medium,Education,USA,2024-01-22
12411,Medium,Professional Services,India,2022-06-18
12412,Small,Manufacturing,USA,2024-05-02
12413,Medium,Finance,India,2024-06-09
12414,Small,Media,India,2026-06-03
12415,Medium,Technology,India,2026-09-08
12416,Enterprise,Education,Singapore,2022-06-16
12417,Medium,Professional Services,UK,2026-04-29
12418,Small,Retail,USA,2021-05-20
12419,Small,Media,UK,2021-09-19
12420,Medium,Manufacturing,Canada,2021-01-19
12421,Small,Education,Singapore,2026-08-22
12422,Small,Retail,India,2025-03-29
12423,Large,Retail,USA,2025-01-28
12424,Medium,Healthcare,Singapore,2026-09-03
12425,Small,Healthcare,USA,2023-10-29
12426,Enterprise,Professional Services,India,2021-08-16
12427,Small,Education,India,2022-01-11
12428,Enterprise,Media,India,2024-02-21
12429,Small,Professional Services,Singapore,2024-01-19
12430,Large,Education,USA,2023-01-06
12431,Medium,Finance,Singapore,2021-09-14
12432,Large,Technology,Singapore,2023-04-13
12433,Enterprise,Technology,UK,2025-12-12
12434,Small,Media,India,2022-12-02
12435,Enterprise,Education,India,2023-06-30
12436,Medium,Healthcare,USA,2022-11-30
12437,Medium,Media,USA,2022-03-14
12438,Small,Manufacturing,UK,2025-09-20
12439,Medium,Professional Services,USA,2026-09-16
12440,Small,Finance,Singapore,2025-08-12
12441,Medium,Technology,UK,2022-09-07
12442,Medium,Education,Canada,2026-04-27
12443,Large,Healthcare,Germany,2026-03-28
12444,Large,Healthcare,India,2023-11-07
12445,Medium,Healthcare,India,2024-03-28
12446,Small,Professional Services,India,2023-08-18
12447,Small,Manufacturing,India,2026-01-14
12448,Small,Retail,UK,2024-07-29
12449,Small,Media,USA,2021-10-05
12450,Small,Professional Services,USA,2021-05-05
12451,Small,Manufacturing,Singapore,2024-09-05
12452,Enterprise,Healthcare,India,2022-11-06
12453,Medium,Education,UK,2022-12-16
12454,Small,Media,India,2026-07-04
12455,Medium,Finance,USA,2025-02-14
12456,Small,Manufacturing,UK,2024-09-09
12457,Medium,Education,Singapore,2023-07-02
12458,Medium,Professional Services,USA,2026-06-13
12459,Medium,Professional Services,India,2023-02-12
12460,Medium,Media,USA,2023-12-17
12461,Enterprise,Healthcare,India,2025-10-19
12462,Large,Finance,India,2023-09-28
12463,Medium,Technology,UK,2025-10-04
12464,Medium,Technology,India,2021-03-15
12465,Medium,Professional Services,USA,2024-01-14
12466,Small,Education,UK,2023-11-04
12467,Medium,Finance,USA,2025-07-23
12468,Small,Education,India,2023-07-01
12469,Medium,Finance,Singapore,2023-03-05
12470,Medium,Finance,USA,2026-09-28
12471,Small,Professional Services,Australia,2021-12-25
12472,Enterprise,Education,USA,2026-02-01
12473,Enterprise,Professional Services,USA,2023-12-13
12474,Large,Media,USA,2025-12-06
12475,Medium,Finance,USA,2025-04-25
12476,Large,Manufacturing,India,2025-09-16
12477,Small,Healthcare,USA,2025-07-27
12478,Large,Media,Germany,2023-05-29
12479,Small,Finance,Canada,2021-01-05
12480,Large,Manufacturing,India,2025-05-24
12481,Small,Finance,UK,2023-12-12
12482,Large,Manufacturing,Germany,2021-11-25
12483,Enterprise,Education,Canada,2023-09-30
12484,Small,Technology,India,2023-02-22
12485,Medium,Retail,Germany,2022-07-31
12486,Enterprise,Media,USA,2021-11-23
12487,Medium,Finance,USA,2025-03-08
12488,Large,Retail,UK,2025-01-05
12489,Medium,Finance,Germany,2022-10-14
12490,Medium,Education,Singapore,2022-05-10
12491,Small,Education,Singapore,2024-02-13
12492,Small,Manufacturing,India,2024-09-18
12493,Large,Finance,Singapore,2024-02-28
12494,Medium,Education,India,2024-01-30
12495,Medium,Education,USA,2024-05-04
12496,Medium,Finance,UK,2023-03-13
12497,Medium,Manufacturing,USA,2026-08-05
12498,Large,Manufacturing,UK,2021-07-27
12499,Enterprise,Manufacturing,USA,2022-04-18
12500,Medium,Manufacturing,Singapore,2025-06-27
12501,Large,Technology,India,2023-10-29
12502,Large,Finance,USA,2021-05-16
12503,Medium,Professional Services,Singapore,2021-09-18
12504,Enterprise,Technology,India,2024-03-16
12505,Small,Education,UK,2022-04-03
12506,Small,Technology,Canada,2026-04-13
12507,Large,Media,UK,2025-09-17
12508,Medium,Professional Services,Canada,2024-12-07
12509,Large,Professional Services,India,2021-05-27
12510,Large,Professional Services,Germany,2022-12-18
12511,Small,Manufacturing,India,2022-05-22
12512,Large,Education,USA,2022-03-22
12513,Medium,Technology,India,2022-03-20
12514,Medium,Technology,UK,2021-04-28
12515,Medium,Media,Canada,2025-03-21
12516,Enterprise,Finance,Singapore,2023-07-18
12517,Small,Technology,Australia,2022-07-21
12518,Medium,Media,UK,2026-04-21
12519,Medium,Education,Singapore,2021-03-29
12520,Large,Manufacturing,USA,2025-07-11
12521,Medium,Finance,UK,2022-04-21
12522,Small,Media,UK,2025-09-02
12523,Small,Technology,USA,2025-02-17
12524,Medium,Finance,Germany,2021-10-22
12525,Large,Retail,India,2022-12-21
12526,Small,Finance,UK,2024-11-05
12527,Small,Professional Services,Australia,2023-09-22
12528,Enterprise,Manufacturing,Singapore,2024-07-30
12529,Small,Professional Services,Germany,2022-11-17
12530,Enterprise,Retail,UK,2024-04-18
12531,Medium,Professional Services,Canada,2023-08-19
12532,Large,Retail,USA,2023-07-24
12533,Small,Finance,USA,2022-02-10
12534,Small,Education,Singapore,2024-07-14
12535,Large,Manufacturing,Singapore,2025-06-06
12536,Large,Education,Germany,2023-12-24
12537,Large,Manufacturing,India,2021-04-29
12538,Small,Media,Germany,2021-11-09
12539,Large,Manufacturing,Singapore,2021-06-12
12540,Large,Professional Services,USA,2025-03-09
12541,Medium,Professional Services,UK,2021-10-20
12542,Large,Education,Australia,2022-11-21
12543,Large,Healthcare,UK,2024-11-01
12544,Medium,Media,Singapore,2025-04-15
12545,Small,Retail,USA,2022-11-04
12546,Medium,Professional Services,Canada,2022-02-03
12547,Small,Media,Australia,2023-11-14
12548,Medium,Professional Services,USA,2026-04-27
12549,Medium,Professional Services,Germany,2021-08-28
12550,Small,Finance,UK,2022-11-03
12551,Small,Education,USA,2022-02-06
12552,Small,Education,India,2021-02-22
12553,Large,Professional Services,USA,2023-12-24
12554,Enterprise,Finance,Australia,2024-02-17
12555,Small,Professional Services,Singapore,2021-10-13
12556,Enterprise,Retail,USA,2026-08-28
12557,Medium,Finance,USA,2023-10-26
12558,Small,Professional Services,India,2026-04-13
12559,Small,Manufacturing,Canada,2021-06-09
12560,Medium,Healthcare,Singapore,2021-05-22
12561,Large,Manufacturing,Canada,2022-02-01
12562,Large,Healthcare,UK,2023-11-08
12563,Small,Finance,UK,2022-06-18
12564,Small,Manufacturing,India,2025-04-05
12565,Medium,Retail,Australia,2025-12-04
12566,Small,Media,UK,2025-06-22
12567,Small,Manufacturing,Canada,2021-10-13
12568,Small,Education,Germany,2023-10-26
12569,Large,Media,Australia,2023-08-14
12570,Enterprise,Media,Australia,2022-11-02
12571,Medium,Healthcare,Singapore,2022-05-14
12572,Enterprise,Healthcare,Singapore,2024-01-12
12573,Small,Professional Services,UK,2026-01-30
12574,Medium,Retail,India,2024-02-16
12575,Small,Healthcare,USA,2026-09-08
12576,Medium,Healthcare,Australia,2024-03-26
12577,Enterprise,Professional Services,India,2026-09-10
12578,Medium,Retail,India,2026-06-30
12579,Medium,Manufacturing,India,2024-08-02
12580,Medium,Finance,Australia,2025-08-16
12581,Small,Manufacturing,UK,2021-12-02
12582,Large,Education,USA,2022-07-24
12583,Medium,Education,India,2022-08-22
12584,Medium,Healthcare,Australia,2024-02-21
12585,Medium,Media,USA,2023-05-15
12586,Medium,Education,USA,2023-03-16
12587,Small,Finance,Canada,2021-11-10
12588,Medium,Healthcare,UK,2021-01-28
12589,Small,Professional Services,USA,2024-06-07
12590,Large,Education,Canada,2023-10-27
12591,Large,Media,USA,2026-06-20
12592,Large,Professional Services,Australia,2024-09-03
12593,Medium,Technology,India,2024-06-02
12594,Medium,Technology,India,2026-09-19
12595,Small,Technology,Australia,2022-11-12
12596,Large,Professional Services,Canada,2022-01-10
12597,Small,Technology,India,2023-11-08
12598,Medium,Manufacturing,India,2025-03-31
12599,Small,Technology,Germany,2026-01-28
12600,Small,Healthcare,Australia,2023-03-17
12601,Medium,Retail,USA,2021-10-06
12602,Small,Manufacturing,Canada,2024-11-06
12603,Large,Media,India,2023-02-27
12604,Small,Retail,UK,2023-08-10
12605,Small,Healthcare,India,2024-08-25
12606,Medium,Media,USA,2021-10-04
12607,Small,Healthcare,India,2022-03-09
12608,Small,Finance,USA,2023-10-07
12609,Large,Media,USA,2024-01-01
12610,Small,Manufacturing,USA,2021-11-13
12611,Large,Retail,India,2024-04-26
12612,Small,Technology,USA,2021-05-01
12613,Small,Healthcare,Australia,2024-09-27
12614,Large,Technology,USA,2021-10-31
12615,Small,Media,Canada,2023-07-25
12616,Small,Retail,USA,2022-05-11
12617,Medium,Professional Services,USA,2022-12-14
12618,Small,Manufacturing,UK,2021-12-16
12619,Large,Education,Singapore,2023-06-25
12620,Small,Professional Services,India,2026-01-02
12621,Large,Media,India,2022-05-17
12622,Large,Media,UK,2024-03-23
12623,Medium,Professional Services,Singapore,2023-07-03
12624,Enterprise,Education,Singapore,2025-02-24
12625,Medium,Media,USA,2022-06-11
12626,Enterprise,Media,USA,2024-04-07
12627,Small,Healthcare,Canada,2026-07-20
12628,Medium,Finance,UK,2022-12-12
12629,Medium,Media,Canada,2026-08-03
12630,Medium,Technology,Germany,2021-04-22
12631,Medium,Healthcare,Australia,2026-10-01
12632,Large,Finance,USA,2025-07-31
12633,Small,Technology,USA,2025-07-09
12634,Small,Retail,Canada,2021-10-27
12635,Large,Professional Services,USA,2023-08-16
12636,Medium,Professional Services,USA,2026-03-06
12637,Enterprise,Education,India,2021-11-03
12638,Large,Finance,India,2021-05-01
12639,Enterprise,Technology,USA,2026-07-12
12640,Large,Media,Germany,2024-07-01
12641,Small,Healthcare,USA,2024-11-28
12642,Small,Technology,UK,2025-02-26
12643,Large,Healthcare,USA,2024-03-31
12644,Medium,Professional Services,India,2026-04-16
12645,Small,Education,Singapore,2024-12-26
12646,Medium,Media,Germany,2024-03-25
12647,Enterprise,Education,India,2024-09-08
12648,Medium,Technology,Canada,2022-09-21
12649,Medium,Technology,USA,2024-04-29
12650,Medium,Healthcare,Singapore,2024-04-14
12651,Small,Healthcare,USA,2026-05-16
12652,Medium,Finance,India,2022-06-01
12653,Medium,Professional Services,UK,2023-04-25
12654,Small,Finance,Germany,2025-03-28
12655,Large,Finance,India,2025-05-14
12656,Medium,Technology,Canada,2023-03-31
12657,Large,Manufacturing,India,2023-02-01
12658,Large,Manufacturing,Singapore,2024-09-24
12659,Small,Manufacturing,India,2021-04-21
12660,Medium,Manufacturing,Singapore,2026-01-16
12661,Medium,Finance,USA,2023-03-18
12662,Large,Technology,USA,2025-02-05
12663,Small,Manufacturing,Singapore,2024-05-28
12664,Medium,Media,Singapore,2022-05-02
12665,Medium,Education,Canada,2023-03-22
12666,Small,Retail,India,2026-08-06
12667,Small,Education,UK,2022-06-01
12668,Medium,Technology,UK,2023-04-15
12669,Large,Technology,UK,2022-09-16
12670,Small,Retail,UK,2023-11-14
12671,Medium,Healthcare,India,2025-04-14
12672,Medium,Healthcare,Canada,2024-03-01
12673,Large,Media,Canada,2024-09-06
12674,Small,Healthcare,India,2022-05-12
12675,Large,Finance,UK,2022-06-27
12676,Small,Healthcare,UK,2023-07-05
12677,Medium,Professional Services,Canada,2025-12-07
12678,Small,Finance,India,2021-03-23
12679,Small,Finance,Canada,2023-09-21
12680,Medium,Media,USA,2024-03-25
12681,Small,Healthcare,UK,2021-06-15
12682,Large,Healthcare,Australia,2026-09-03
12683,Small,Media,Canada,2023-03-18
12684,Medium,Retail,India,2021-11-28
12685,Small,Manufacturing,UK,2025-05-05
12686,Small,Media,Singapore,2025-03-15
12687,Small,Retail,India,2025-06-05
12688,Medium,Finance,Germany,2021-06-30
12689,Medium,Retail,Canada,2024-08-09
12690,Medium,Finance,Australia,2026-07-10
12691,Medium,Technology,USA,2024-01-12
12692,Medium,Finance,USA,2025-05-09
12693,Small,Finance,Singapore,2025-10-05
12694,Medium,Retail,USA,2022-05-03
12695,Enterprise,Manufacturing,India,2022-09-04
12696,Medium,Technology,UK,2024-01-18
12697,Medium,Education,India,2024-10-29
12698,Small,Education,Australia,2024-12-27
12699,Large,Manufacturing,Canada,2024-08-30
12700,Large,Education,Germany,2021-11-23
12701,Medium,Technology,Australia,2022-02-06
12702,Enterprise,Healthcare,India,2022-05-03
12703,Small,Technology,USA,2024-03-04
12704,Small,Retail,Australia,2024-04-17
12705,Large,Media,USA,2021-03-20
12706,Large,Professional Services,Singapore,2025-06-09
12707,Small,Finance,Australia,2025-04-06
12708,Small,Finance,India,2022-01-13
12709,Small,Media,Germany,2021-06-14
12710,Small,Retail,India,2025-04-13
12711,Large,Retail,India,2023-01-19
12712,Medium,Professional Services,Australia,2025-09-17
12713,Small,Professional Services,Germany,2026-01-20
12714,Medium,Finance,UK,2021-06-04
12715,Small,Professional Services,USA,2024-02-21
12716,Small,Professional Services,USA,2023-11-30
12717,Medium,Professional Services,USA,2024-09-15
12718,Enterprise,Media,USA,2025-01-03
12719,Large,Manufacturing,India,2025-02-25
12720,Small,Healthcare,UK,2021-11-24
12721,Large,Professional Services,Singapore,2025-03-07
12722,Large,Healthcare,USA,2023-02-28
12723,Large,Healthcare,India,2024-08-11
12724,Medium,Retail,Germany,2022-07-16
12725,Medium,Professional Services,Australia,2022-05-28
12726,Small,Finance,Singapore,2022-05-31
12727,Small,Manufacturing,India,2025-03-20
12728,Small,Finance,India,2024-03-31
12729,Small,Professional Services,UK,2022-10-29
12730,Medium,Finance,UK,2025-03-31
12731,Large,Professional Services,USA,2025-04-17
12732,Medium,Manufacturing,UK,2024-12-19
12733,Small,Technology,India,2023-08-25
12734,Enterprise,Manufacturing,USA,2026-06-04
12735,Enterprise,Media,Canada,2025-05-18
12736,Large,Technology,USA,2026-06-04
12737,Enterprise,Education,Canada,2021-12-30
12738,Medium,Technology,USA,2021-04-18
12739,Enterprise,Healthcare,USA,2022-09-15
12740,Small,Media,USA,2021-11-17
12741,Medium,Healthcare,USA,2022-05-25
12742,Small,Media,India,2023-12-01
12743,Small,Manufacturing,Canada,2021-10-31
12744,Small,Healthcare,Germany,2023-08-27
12745,Medium,Healthcare,USA,2024-12-09
12746,Large,Education,India,2024-11-18
12747,Medium,Healthcare,Singapore,2023-09-16
12748,Small,Retail,USA,2021-09-16
12749,Large,Retail,India,2026-05-29
12750,Medium,Retail,USA,2024-07-13
12751,Medium,Technology,Australia,2021-08-18
12752,Medium,Manufacturing,USA,2021-05-30
12753,Small,Manufacturing,UK,2023-06-29
12754,Small,Finance,USA,2023-09-05
12755,Enterprise,Education,India,2022-09-27
12756,Small,Retail,USA,2026-03-09
12757,Medium,Retail,Australia,2022-09-14
12758,Large,Healthcare,UK,2023-08-06
12759,Large,Retail,India,2023-12-30
12760,Small,Healthcare,India,2021-02-23
12761,Small,Healthcare,Canada,2023-04-24
12762,Small,Finance,Germany,2026-02-09
12763,Medium,Technology,USA,2021-10-26
12764,Medium,Healthcare,UK,2022-03-21
12765,Small,Healthcare,India,2021-04-08
12766,Enterprise,Manufacturing,USA,2021-06-26
12767,Medium,Finance,India,2022-12-20
12768,Small,Healthcare,Australia,2024-08-01
12769,Medium,Education,USA,2026-08-01
12770,Medium,Technology,Germany,2021-11-19
12771,Small,Media,Canada,2025-09-20
12772,Small,Education,Germany,2024-10-25
12773,Large,Retail,USA,2026-06-13
12774,Medium,Technology,India,2023-04-26
12775,Medium,Retail,Singapore,2021-03-31
12776,Medium,Manufacturing,Canada,2021-05-11
12777,Small,Professional Services,Germany,2023-11-19
12778,Small,Professional Services,India,2023-12-17
12779,Medium,Professional Services,USA,2023-09-21
12780,Small,Healthcare,Australia,2024-11-18
12781,Small,Finance,India,2021-07-09
12782,Large,Education,UK,2023-06-18
12783,Enterprise,Retail,USA,2025-10-27
12784,Large,Healthcare,India,2022-05-21
12785,Large,Professional Services,India,2026-05-21
12786,Small,Education,USA,2021-07-02
12787,Enterprise,Education,India,2021-06-03
12788,Small,Manufacturing,Canada,2024-07-16
12789,Enterprise,Manufacturing,India,2026-05-08
12790,Enterprise,Professional Services,USA,2023-11-13
12791,Large,Retail,Germany,2022-08-29
12792,Enterprise,Professional Services,USA,2024-09-28
12793,Medium,Professional Services,USA,2026-05-13
12794,Small,Healthcare,Australia,2023-12-01
12795,Medium,Finance,Singapore,2025-08-27
12796,Medium,Professional Services,India,2022-06-02
12797,Small,Retail,USA,2021-05-18
12798,Medium,Education,UK,2024-01-28
12799,Enterprise,Education,USA,2024-09-01
12800,Small,Media,Australia,2024-01-08
12801,Large,Technology,Singapore,2022-11-28
12802,Enterprise,Professional Services,Singapore,2023-03-22
12803,Enterprise,Media,USA,2022-04-18
12804,Enterprise,Media,India,2021-03-18
12805,Medium,Healthcare,Singapore,2023-10-23
12806,Enterprise,Technology,USA,2026-08-27
12807,Large,Manufacturing,India,2021-12-10
12808,Small,Finance,Canada,2023-07-29
12809,Medium,Retail,USA,2023-04-26
12810,Large,Professional Services,USA,2023-10-28
12811,Small,Education,Germany,2023-09-13
12812,Medium,Healthcare,India,2021-06-23
12813,Medium,Education,India,2023-04-26
12814,Small,Professional Services,USA,2022-11-24
12815,Medium,Manufacturing,UK,2023-10-06
12816,Large,Technology,India,2024-08-25
12817,Medium,Professional Services,USA,2021-08-25
12818,Small,Technology,Canada,2024-06-28
12819,Small,Retail,Germany,2024-05-29
12820,Medium,Healthcare,India,2021-12-04
12821,Enterprise,Manufacturing,Germany,2024-05-19
12822,Small,Healthcare,India,2021-12-03
12823,Medium,Retail,Canada,2024-03-03
12824,Small,Manufacturing,USA,2026-02-11
12825,Small,Media,India,2022-05-10
12826,Large,Manufacturing,Canada,2022-07-01
12827,Large,Technology,India,2021-06-10
12828,Small,Technology,India,2026-07-30
12829,Medium,Technology,USA,2025-10-08
12830,Small,Education,Canada,2025-02-16
12831,Medium,Media,India,2025-03-06
12832,Medium,Finance,India,2023-09-15
12833,Small,Professional Services,India,2024-10-07
12834,Small,Technology,USA,2025-04-03
12835,Medium,Finance,USA,2026-07-17
12836,Enterprise,Finance,India,2026-04-02
12837,Enterprise,Healthcare,India,2026-02-12
12838,Small,Retail,USA,2025-05-21
12839,Large,Education,Australia,2024-07-23
12840,Medium,Finance,Canada,2022-12-12
12841,Medium,Professional Services,Germany,2025-01-16
12842,Large,Education,India,2023-11-08
12843,Enterprise,Healthcare,Singapore,2021-03-13
12844,Enterprise,Technology,USA,2026-08-09
12845,Medium,Manufacturing,Singapore,2024-10-10
12846,Medium,Finance,USA,2025-12-23
12847,Large,Retail,USA,2024-01-09
12848,Small,Manufacturing,USA,2022-12-21
12849,Medium,Healthcare,USA,2026-07-09
12850,Medium,Education,Germany,2026-04-16
12851,Medium,Professional Services,Australia,2024-04-09
12852,Small,Media,Singapore,2022-02-10
12853,Small,Technology,UK,2026-04-30
12854,Enterprise,Education,USA,2023-11-23
12855,Small,Retail,India,2022-06-20
12856,Medium,Finance,Singapore,2023-12-06
12857,Small,Retail,UK,2021-10-01
12858,Small,Education,Canada,2025-11-02
12859,Small,Education,USA,2021-05-13
12860,Small,Manufacturing,UK,2021-09-21
12861,Large,Retail,Singapore,2022-01-02
12862,Small,Retail,India,2026-08-15
12863,Enterprise,Retail,USA,2023-05-01
12864,Medium,Technology,India,2025-09-26
12865,Medium,Professional Services,Australia,2024-12-15
12866,Medium,Education,India,2024-10-01
12867,Medium,Healthcare,India,2026-05-03
12868,Large,Technology,USA,2021-12-24
12869,Small,Technology,UK,2025-09-08
12870,Medium,Technology,USA,2024-11-10
12871,Large,Manufacturing,India,2021-11-21
12872,Enterprise,Media,Singapore,2023-01-21
12873,Large,Professional Services,Singapore,2021-09-13
12874,Medium,Professional Services,USA,2023-06-30
12875,Large,Healthcare,Australia,2022-08-07
12876,Medium,Media,UK,2022-07-31
12877,Medium,Retail,India,2026-02-15
12878,Small,Manufacturing,USA,2024-02-27
12879,Medium,Education,USA,2026-08-13
12880,Small,Media,USA,2023-06-14
12881,Small,Finance,USA,2025-11-19
12882,Large,Manufacturing,Germany,2023-12-30
12883,Small,Finance,USA,2026-10-01
12884,Small,Education,Canada,2022-03-13
12885,Small,Healthcare,India,2023-10-19
12886,Enterprise,Professional Services,UK,2022-06-02
12887,Medium,Finance,USA,2023-01-12
12888,Medium,Technology,UK,2026-07-18
12889,Large,Manufacturing,Australia,2023-05-13
12890,Large,Media,Australia,2026-08-04
12891,Small,Media,USA,2021-02-12
12892,Medium,Finance,Canada,2026-01-22
12893,Large,Education,Singapore,2025-09-30
12894,Medium,Professional Services,Canada,2022-02-08
12895,Small,Technology,India,2024-08-19
12896,Large,Media,Canada,2024-04-20
12897,Medium,Finance,India,2025-05-19
12898,Small,Professional Services,Germany,2022-03-18
12899,Medium,Education,UK,2021-09-07
12900,Small,Healthcare,USA,2023-05-28
12901,Small,Education,India,2026-03-02
12902,Large,Healthcare,USA,2024-07-27
12903,Small,Media,Singapore,2025-10-07
12904,Medium,Professional Services,India,2024-01-18
12905,Medium,Professional Services,USA,2026-04-29
12906,Small,Technology,Singapore,2026-03-14
12907,Enterprise,Education,USA,2026-07-16
12908,Small,Retail,USA,2021-09-05
12909,Small,Media,UK,2022-07-22
12910,Small,Manufacturing,USA,2026-02-13
12911,Small,Retail,India,2026-02-06
12912,Small,Media,India,2024-04-03
12913,Large,Retail,UK,2024-09-15
12914,Enterprise,Retail,Singapore,2023-07-23
12915,Small,Manufacturing,India,2023-09-08
12916,Medium,Retail,India,2023-05-20
12917,Large,Healthcare,USA,2021-06-18
12918,Large,Education,Germany,2022-01-14
12919,Medium,Professional Services,USA,2024-05-17
12920,Small,Technology,Germany,2026-04-17
12921,Small,Retail,India,2026-04-10
12922,Large,Professional Services,Singapore,2021-07-13
12923,Large,Retail,UK,2021-09-21
12924,Small,Media,Canada,2024-06-24
12925,Medium,Technology,USA,2025-07-12
12926,Enterprise,Media,Australia,2025-01-11
12927,Large,Technology,India,2026-07-09
12928,Enterprise,Retail,India,2025-10-30
12929,Large,Healthcare,USA,2022-06-05
12930,Medium,Professional Services,Germany,2023-07-08
12931,Medium,Technology,Australia,2024-07-24
12932,Medium,Education,UK,2022-07-28
12933,Small,Professional Services,UK,2025-03-18
12934,Medium,Education,India,2024-10-15
12935,Large,Professional Services,Germany,2024-10-12
12936,Small,Healthcare,Australia,2025-03-04
12937,Large,Media,Canada,2023-06-15
12938,Medium,Manufacturing,USA,2024-01-12
12939,Enterprise,Media,Singapore,2022-06-01
12940,Small,Finance,Germany,2023-10-21
12941,Small,Healthcare,Canada,2023-06-15
12942,Medium,Retail,USA,2022-04-10
12943,Small,Finance,UK,2025-05-30
12944,Large,Retail,UK,2022-09-05
12945,Large,Education,USA,2022-08-28
12946,Small,Technology,USA,2025-07-13
12947,Medium,Professional Services,USA,2022-09-13
12948,Medium,Retail,UK,2021-06-05
12949,Medium,Education,USA,2021-09-01
12950,Enterprise,Healthcare,USA,2022-03-26
12951,Large,Retail,Australia,2023-01-24
12952,Medium,Media,UK,2022-02-10
12953,Large,Education,India,2023-12-06
12954,Medium,Technology,USA,2023-01-19
12955,Enterprise,Professional Services,Germany,2024-07-18
12956,Medium,Retail,Australia,2025-04-29
12957,Large,Manufacturing,USA,2026-07-29
12958,Large,Education,Singapore,2024-04-05
12959,Small,Retail,India,2024-10-31
12960,Large,Technology,Singapore,2022-12-25
12961,Small,Professional Services,India,2024-12-12
12962,Small,Retail,India,2024-03-23
12963,Small,Retail,USA,2022-12-26
12964,Enterprise,Professional Services,USA,2021-03-28
12965,Large,Manufacturing,UK,2021-02-23
12966,Large,Education,Australia,2025-10-18
12967,Large,Finance,Germany,2023-12-02
12968,Medium,Media,USA,2024-06-07
12969,Enterprise,Professional Services,USA,2023-01-12
12970,Medium,Retail,India,2026-02-16
12971,Medium,Finance,India,2026-05-01
12972,Small,Healthcare,Canada,2025-01-26
12973,Large,Retail,India,2021-03-14
12974,Large,Finance,Australia,2022-12-26
12975,Medium,Healthcare,UK,2021-09-27
12976,Small,Manufacturing,India,2021-08-07
12977,Large,Education,UK,2022-07-01
12978,Small,Retail,India,2024-01-07
12979,Large,Education,USA,2025-11-24
12980,Enterprise,Healthcare,Australia,2026-05-23
12981,Medium,Education,USA,2026-04-12
12982,Small,Education,India,2022-02-25
12983,Large,Professional Services,Australia,2024-06-13
12984,Large,Technology,India,2026-02-01
12985,Medium,Healthcare,Australia,2022-08-08
12986,Enterprise,Education,USA,2025-04-12
12987,Small,Media,USA,2026-09-17
12988,Medium,Finance,Germany,2025-11-25
12989,Large,Healthcare,Canada,2026-03-08
12990,Large,Technology,India,2021-07-24
12991,Small,Retail,USA,2023-01-12
12992,Large,Manufacturing,Germany,2024-04-19
12993,Medium,Education,India,2026-09-19
12994,Medium,Finance,UK,2021-06-17
12995,Small,Technology,Australia,2022-10-04
12996,Large,Healthcare,Canada,2024-01-11
12997,Small,Manufacturing,Australia,2025-12-29
12998,Small,Manufacturing,Australia,2021-04-12
12999,Small,Media,Canada,2021-03-30
13000,Large,Education,Germany,2026-05-01
13001,Medium,Technology,Canada,2022-08-31
13002,Large,Technology,USA,2021-10-13
13003,Small,Finance,USA,2023-05-15
13004,Medium,Retail,Canada,2021-02-24
13005,Medium,Retail,Germany,2022-07-30
13006,Large,Professional Services,USA,2026-09-12
13007,Enterprise,Retail,USA,2022-07-12
13008,Small,Professional Services,Singapore,2023-01-01
13009,Medium,Manufacturing,UK,2023-09-20
13010,Small,Manufacturing,India,2023-03-12
13011,Medium,Media,Canada,2021-07-15
13012,Small,Healthcare,Singapore,2022-03-24
13013,Small,Manufacturing,Germany,2025-12-27
13014,Medium,Manufacturing,Australia,2025-06-03
13015,Medium,Technology,India,2021-04-02
13016,Small,Healthcare,Germany,2022-08-31
13017,Large,Technology,UK,2024-06-05
13018,Medium,Finance,Germany,2021-10-13
13019,Small,Professional Services,USA,2021-04-12
13020,Large,Professional Services,India,2021-05-20
13021,Small,Finance,USA,2023-04-15
13022,Medium,Professional Services,USA,2025-08-06
13023,Medium,Healthcare,Canada,2022-06-19
13024,Small,Healthcare,Singapore,2021-01-16
13025,Small,Manufacturing,Canada,2022-07-15
13026,Medium,Professional Services,Germany,2023-06-29
13027,Enterprise,Finance,USA,2024-11-14
13028,Medium,Education,Australia,2023-07-02
13029,Medium,Retail,Germany,2021-04-29
13030,Medium,Manufacturing,Canada,2026-08-20
13031,Small,Retail,UK,2025-01-31
13032,Medium,Finance,Canada,2026-09-28
13033,Large,Professional Services,Canada,2022-05-29
13034,Small,Professional Services,USA,2026-07-01
13035,Small,Retail,Germany,2024-05-18
13036,Small,Education,Singapore,2024-03-08
13037,Medium,Professional Services,USA,2021-02-06
13038,Enterprise,Education,Canada,2025-01-19
13039,Small,Technology,Australia,2025-03-16
13040,Medium,Healthcare,Canada,2025-03-21
13041,Small,Retail,UK,2021-05-10
13042,Enterprise,Professional Services,Germany,2025-11-07
13043,Small,Education,USA,2021-12-25
13044,Medium,Media,India,2025-06-11
13045,Large,Media,Germany,2025-05-01
13046,Large,Professional Services,Canada,2024-03-23
13047,Medium,Healthcare,Germany,2022-05-21
13048,Small,Healthcare,India,2025-03-13
13049,Medium,Technology,India,2023-03-29
13050,Small,Healthcare,Singapore,2023-03-05
13051,Small,Healthcare,India,2023-04-19
13052,Medium,Manufacturing,Germany,2022-09-15
13053,Small,Media,Germany,2021-04-07
13054,Small,Finance,Canada,2026-05-18
13055,Medium,Media,India,2024-07-29
13056,Enterprise,Media,Canada,2025-09-21
13057,Medium,Professional Services,Germany,2022-08-22
13058,Small,Media,USA,2022-03-05
13059,Small,Technology,USA,2025-04-16
13060,Enterprise,Technology,USA,2024-08-17
13061,Small,Retail,India,2026-01-27
13062,Small,Healthcare,Germany,2025-11-03
13063,Medium,Retail,Germany,2023-12-05
13064,Medium,Manufacturing,Singapore,2025-02-25
13065,Medium,Media,UK,2024-09-01
13066,Small,Education,Australia,2026-10-01
13067,Small,Healthcare,India,2022-07-18
13068,Enterprise,Education,Canada,2023-09-04
13069,Small,Media,Canada,2024-09-03
13070,Medium,Finance,Singapore,2024-12-04
13071,Large,Manufacturing,Germany,2025-06-03
13072,Medium,Healthcare,Singapore,2025-05-04
13073,Small,Retail,Germany,2024-06-07
13074,Small,Retail,Germany,2024-09-29
13075,Medium,Healthcare,India,2024-10-26
13076,Large,Professional Services,Germany,2022-07-10
13077,Enterprise,Retail,UK,2024-06-24
13078,Small,Media,USA,2021-08-07
13079,Small,Media,India,2022-06-18
13080,Enterprise,Professional Services,Canada,2025-02-04
13081,Large,Healthcare,USA,2024-10-05
13082,Large,Technology,USA,2021-02-13
13083,Small,Retail,Canada,2021-03-06
13084,Medium,Professional Services,Singapore,2021-09-03
13085,Large,Healthcare,Germany,2023-09-14
13086,Medium,Healthcare,USA,2025-05-28
13087,Medium,Professional Services,USA,2025-09-21
13088,Small,Retail,India,2025-02-07
13089,Medium,Technology,USA,2023-11-15
13090,Small,Retail,India,2021-06-09
13091,Medium,Healthcare,Singapore,2023-10-02
13092,Enterprise,Technology,UK,2026-04-26
13093,Medium,Media,India,2022-04-24
13094,Large,Education,USA,2024-08-19
13095,Small,Finance,UK,2022-01-22
13096,Medium,Retail,UK,2022-04-17
13097,Enterprise,Manufacturing,India,2021-11-05
13098,Small,Healthcare,Singapore,2022-12-02
13099,Small,Technology,USA,2026-04-06
13100,Medium,Professional Services,India,2026-01-27
13101,Small,Media,India,2026-07-11
13102,Large,Professional Services,UK,2023-12-15
13103,Enterprise,Professional Services,India,2023-02-25
13104,Medium,Technology,India,2025-01-18
13105,Small,Education,USA,2021-04-12
13106,Medium,Retail,Canada,2023-02-14
13107,Large,Manufacturing,India,2024-05-16
13108,Small,Media,USA,2024-08-31
13109,Medium,Professional Services,USA,2022-07-26
13110,Medium,Technology,India,2021-05-28
13111,Medium,Professional Services,UK,2025-12-28
13112,Small,Education,India,2022-08-20
13113,Large,Healthcare,India,2023-09-05
13114,Small,Professional Services,UK,2023-12-07
13115,Small,Education,India,2021-06-04
13116,Large,Retail,India,2021-08-18
13117,Large,Media,USA,2021-06-07
13118,Small,Media,Singapore,2023-07-12
13119,Small,Professional Services,Australia,2024-03-20
13120,Small,Education,Germany,2024-05-31
13121,Small,Technology,Germany,2023-02-05
13122,Small,Technology,Singapore,2022-04-12
13123,Small,Finance,Australia,2022-05-01
13124,Medium,Education,UK,2025-04-25
13125,Large,Healthcare,USA,2022-03-20
13126,Medium,Professional Services,India,2026-02-21
13127,Medium,Manufacturing,Canada,2023-06-24
13128,Small,Manufacturing,Singapore,2025-12-07
13129,Enterprise,Retail,USA,2023-07-15
13130,Large,Finance,Australia,2026-06-01
13131,Large,Education,USA,2021-10-19
13132,Large,Healthcare,USA,2024-05-18
13133,Enterprise,Finance,USA,2026-01-09
13134,Medium,Technology,UK,2023-01-22
13135,Small,Retail,USA,2024-05-19
13136,Medium,Professional Services,Australia,2022-10-25
13137,Large,Professional Services,Germany,2024-11-20
13138,Large,Professional Services,Germany,2025-05-04
13139,Medium,Education,India,2023-07-09
13140,Small,Manufacturing,Germany,2023-06-28
13141,Medium,Healthcare,USA,2021-05-04
13142,Enterprise,Professional Services,USA,2021-03-09
13143,Medium,Professional Services,Australia,2022-04-20
13144,Medium,Technology,USA,2021-12-24
13145,Small,Media,India,2025-11-02
13146,Medium,Finance,USA,2025-01-19
13147,Large,Professional Services,Australia,2024-10-01
13148,Medium,Retail,USA,2026-05-08
13149,Large,Finance,Canada,2026-03-22
13150,Medium,Manufacturing,Canada,2023-04-13
13151,Medium,Finance,Australia,2024-09-15
13152,Small,Healthcare,Germany,2023-10-06
13153,Large,Technology,USA,2022-03-19
13154,Medium,Education,India,2022-08-24
13155,Medium,Healthcare,USA,2025-01-14
13156,Medium,Manufacturing,USA,2022-05-02
13157,Enterprise,Retail,Canada,2026-08-15
13158,Small,Manufacturing,India,2022-09-24
13159,Large,Manufacturing,USA,2025-10-21
13160,Small,Finance,Australia,2025-04-28
13161,Medium,Retail,Canada,2024-04-26
13162,Small,Healthcare,Australia,2021-01-26
13163,Small,Manufacturing,Germany,2025-07-22
13164,Medium,Healthcare,Australia,2024-01-02
13165,Small,Professional Services,Canada,2024-06-10
13166,Medium,Professional Services,USA,2024-02-04
13167,Enterprise,Professional Services,Singapore,2023-06-20
13168,Small,Education,UK,2021-01-09
13169,Large,Finance,India,2021-02-19
13170,Medium,Healthcare,USA,2025-03-26
13171,Medium,Professional Services,Canada,2022-03-18
13172,Small,Professional Services,Singapore,2025-12-07
13173,Small,Retail,India,2025-06-02
13174,Small,Manufacturing,India,2026-09-15
13175,Small,Professional Services,Germany,2022-12-03
13176,Small,Education,Singapore,2023-01-24
13177,Medium,Retail,USA,2026-01-03
13178,Large,Finance,USA,2025-03-16
13179,Large,Media,Canada,2021-08-18
13180,Medium,Media,USA,2022-07-14
13181,Small,Education,Germany,2024-03-19
13182,Small,Education,India,2026-02-22
13183,Small,Education,India,2023-12-21
13184,Small,Manufacturing,India,2024-02-15
13185,Medium,Media,USA,2021-08-27
13186,Medium,Professional Services,India,2026-09-27
13187,Medium,Technology,India,2025-01-11
13188,Medium,Education,Australia,2025-01-31
13189,Large,Retail,India,2024-08-09
13190,Large,Media,Singapore,2026-08-08
13191,Small,Retail,USA,2022-06-01
13192,Enterprise,Finance,Canada,2021-07-24
13193,Enterprise,Healthcare,India,2024-02-06
13194,Small,Healthcare,India,2024-04-28
13195,Medium,Technology,UK,2025-11-20
13196,Medium,Manufacturing,UK,2024-10-14
13197,Enterprise,Professional Services,Australia,2025-10-24
13198,Large,Manufacturing,Australia,2025-08-07
13199,Small,Professional Services,Canada,2021-01-07
13200,Medium,Education,USA,2026-03-01
13201,Medium,Media,Germany,2021-10-23
13202,Medium,Professional Services,Canada,2024-11-11
13203,Small,Media,Singapore,2021-09-21
13204,Large,Technology,Germany,2023-05-03
13205,Medium,Finance,India,2024-09-26
13206,Large,Finance,USA,2024-09-14
13207,Large,Healthcare,UK,2022-02-05
13208,Large,Finance,Australia,2021-12-23
13209,Medium,Education,UK,2023-04-14
13210,Medium,Retail,Australia,2022-03-11
13211,Small,Finance,USA,2021-04-29
13212,Medium,Technology,India,2023-10-20
13213,Small,Education,India,2025-03-17
13214,Medium,Finance,UK,2024-11-19
13215,Small,Manufacturing,Canada,2025-08-30
13216,Small,Professional Services,USA,2022-06-14
13217,Small,Finance,UK,2021-10-30
13218,Small,Manufacturing,India,2021-06-05
13219,Large,Education,India,2021-01-14
13220,Large,Finance,Canada,2023-06-08
13221,Medium,Manufacturing,USA,2024-04-11
13222,Small,Retail,Canada,2022-03-21
13223,Small,Media,Germany,2026-01-18
13224,Small,Healthcare,Germany,2021-02-18
13225,Small,Education,India,2021-06-30
13226,Large,Manufacturing,USA,2024-11-18
13227,Small,Technology,Australia,2022-06-14
13228,Medium,Media,Australia,2025-08-03
13229,Small,Finance,Australia,2022-08-07
13230,Small,Manufacturing,India,2025-11-13
13231,Medium,Media,India,2024-07-10
13232,Medium,Professional Services,UK,2022-12-08
13233,Small,Media,Australia,2021-10-21
13234,Small,Manufacturing,USA,2025-04-11
13235,Medium,Manufacturing,India,2025-03-13
13236,Small,Professional Services,Canada,2022-02-26
13237,Small,Healthcare,USA,2025-05-14
13238,Enterprise,Media,India,2022-10-23
13239,Medium,Professional Services,India,2026-05-13
13240,Medium,Professional Services,USA,2026-08-14
13241,Medium,Media,UK,2026-08-13
13242,Medium,Technology,USA,2022-01-04
13243,Medium,Professional Services,India,2022-06-23
13244,Medium,Technology,India,2023-01-01
13245,Large,Retail,USA,2023-06-16
13246,Small,Media,Canada,2023-12-04
13247,Medium,Professional Services,India,2022-07-18
13248,Medium,Healthcare,UK,2022-04-09
13249,Large,Professional Services,India,2023-11-01
13250,Medium,Manufacturing,India,2021-01-15
13251,Medium,Education,India,2024-09-15
13252,Small,Healthcare,India,2021-01-11
13253,Medium,Professional Services,Canada,2025-07-15
13254,Small,Healthcare,USA,2024-06-01
13255,Small,Media,Germany,2025-10-27
13256,Small,Technology,India,2025-07-19
13257,Medium,Retail,India,2025-10-30
13258,Small,Retail,USA,2022-06-26
13259,Medium,Media,Australia,2025-03-10
13260,Large,Media,USA,2025-10-09
13261,Small,Healthcare,USA,2024-03-26
13262,Medium,Media,USA,2024-11-23
13263,Medium,Healthcare,India,2023-07-18
13264,Small,Media,Singapore,2024-11-27
13265,Large,Professional Services,UK,2024-01-18
13266,Small,Media,Australia,2026-03-05
13267,Medium,Finance,Canada,2023-06-14
13268,Medium,Manufacturing,UK,2026-08-24
13269,Medium,Technology,India,2025-07-13
13270,Medium,Manufacturing,Canada,2021-01-02
13271,Small,Education,India,2025-06-14
13272,Small,Education,USA,2025-09-10
13273,Large,Retail,Canada,2022-07-26
13274,Medium,Technology,Australia,2022-03-12
13275,Large,Manufacturing,Canada,2025-09-08
13276,Large,Retail,Canada,2022-01-18
13277,Large,Education,India,2025-09-30
13278,Medium,Healthcare,USA,2023-12-20
13279,Small,Technology,India,2026-05-04
13280,Large,Technology,Canada,2024-12-05
13281,Medium,Media,Singapore,2024-01-12
13282,Small,Media,USA,2021-03-15
13283,Large,Manufacturing,India,2024-08-27
13284,Large,Media,USA,2026-09-05
13285,Medium,Media,Germany,2024-11-01
13286,Small,Professional Services,UK,2023-04-15
13287,Medium,Finance,India,2024-04-18
13288,Large,Manufacturing,Singapore,2023-02-13
13289,Enterprise,Media,Germany,2024-11-04
13290,Small,Healthcare,India,2021-03-18
13291,Small,Professional Services,Singapore,2023-12-09
13292,Large,Professional Services,USA,2024-11-04
13293,Medium,Professional Services,USA,2025-09-29
13294,Medium,Healthcare,USA,2023-05-20
13295,Enterprise,Retail,Germany,2023-12-20
13296,Small,Technology,Canada,2024-10-12
13297,Medium,Retail,India,2023-09-01
13298,Small,Healthcare,Singapore,2024-05-10
13299,Medium,Finance,India,2025-12-08
13300,Large,Technology,Australia,2025-11-26
13301,Medium,Healthcare,Canada,2025-04-08
13302,Enterprise,Finance,India,2024-04-03
13303,Medium,Manufacturing,India,2023-11-18
13304,Small,Education,Germany,2021-11-10
13305,Small,Professional Services,USA,2025-05-08
13306,Medium,Media,Canada,2024-07-31
13307,Medium,Healthcare,UK,2024-08-14
13308,Small,Education,Australia,2026-07-17
13309,Medium,Retail,USA,2024-10-04
13310,Medium,Education,USA,2022-09-28
13311,Large,Healthcare,USA,2024-05-15
13312,Medium,Education,Germany,2022-02-21
13313,Large,Professional Services,USA,2022-03-15
13314,Small,Technology,India,2021-06-14
13315,Small,Healthcare,Singapore,2025-05-02
13316,Medium,Finance,Australia,2023-09-15
13317,Medium,Education,India,2022-06-01
13318,Small,Technology,Singapore,2021-03-23
13319,Large,Professional Services,Canada,2021-04-29
13320,Large,Retail,India,2025-07-19
13321,Medium,Retail,India,2024-08-19
13322,Small,Professional Services,Canada,2021-01-28
13323,Large,Education,Australia,2026-07-18
13324,Medium,Retail,India,2022-05-13
13325,Large,Finance,USA,2021-07-13
13326,Large,Healthcare,USA,2022-08-15
13327,Large,Technology,UK,2026-02-01
13328,Medium,Manufacturing,India,2023-11-26
13329,Small,Education,India,2021-04-23
13330,Medium,Retail,Canada,2024-08-10
13331,Medium,Healthcare,Australia,2025-10-04
13332,Large,Manufacturing,UK,2026-08-24
13333,Small,Finance,USA,2025-08-18
13334,Small,Retail,USA,2024-10-26
13335,Large,Retail,USA,2024-12-21
13336,Large,Technology,Singapore,2024-09-27
13337,Enterprise,Finance,Australia,2023-08-16
13338,Large,Finance,India,2024-02-03
13339,Medium,Education,USA,2025-08-24
13340,Medium,Manufacturing,UK,2021-05-13
13341,Large,Technology,UK,2022-07-24
13342,Medium,Education,USA,2021-05-05
13343,Medium,Technology,Germany,2023-11-01
13344,Small,Finance,Australia,2026-09-06
13345,Medium,Technology,UK,2021-07-26
13346,Large,Technology,Germany,2021-11-08
13347,Small,Technology,Australia,2025-11-21
13348,Small,Media,Australia,2024-08-31
13349,Small,Healthcare,Singapore,2021-10-23
13350,Small,Healthcare,USA,2022-02-06
13351,Small,Manufacturing,USA,2024-12-29
13352,Medium,Manufacturing,Germany,2025-05-16
13353,Enterprise,Professional Services,Australia,2021-05-02
13354,Medium,Finance,Singapore,2023-01-21
13355,Small,Technology,India,2021-04-16
13356,Small,Finance,Canada,2023-11-26
13357,Medium,Healthcare,India,2025-04-23
13358,Medium,Media,UK,2021-03-13
13359,Large,Technology,India,2022-07-22
13360,Medium,Education,India,2024-05-29
13361,Large,Healthcare,India,2021-03-17
13362,Small,Healthcare,Canada,2023-10-07
13363,Medium,Healthcare,USA,2022-03-29
13364,Small,Professional Services,India,2023-02-05
13365,Enterprise,Technology,USA,2022-05-02
13366,Medium,Manufacturing,India,2025-02-06
13367,Small,Retail,Singapore,2023-04-10
13368,Small,Education,USA,2026-04-25
13369,Small,Education,USA,2023-08-29
13370,Medium,Finance,Germany,2022-05-05
13371,Small,Technology,Canada,2026-04-20
13372,Medium,Manufacturing,Canada,2022-04-20
13373,Small,Healthcare,Canada,2024-01-09
13374,Medium,Retail,Singapore,2025-09-06
13375,Large,Technology,India,2025-05-19
13376,Large,Technology,Singapore,2024-04-10
13377,Large,Professional Services,Germany,2021-08-14
13378,Small,Manufacturing,UK,2022-12-09
13379,Small,Retail,Canada,2025-09-11
13380,Medium,Healthcare,Canada,2021-02-23
13381,Medium,Technology,India,2025-10-19
13382,Medium,Education,India,2024-12-24
13383,Small,Media,Singapore,2022-08-02
13384,Small,Education,UK,2025-08-26
13385,Small,Retail,USA,2022-05-15
13386,Large,Media,Australia,2021-07-25
13387,Small,Healthcare,UK,2026-04-26
13388,Medium,Retail,India,2024-03-06
13389,Small,Technology,Australia,2021-10-06
13390,Medium,Professional Services,Australia,2025-01-08
13391,Small,Professional Services,India,2022-11-08
13392,Large,Education,Singapore,2023-07-30
13393,Large,Professional Services,India,2022-03-17
13394,Small,Finance,USA,2024-06-05
13395,Enterprise,Retail,India,2024-07-17
13396,Enterprise,Professional Services,UK,2026-01-18
13397,Large,Finance,USA,2025-11-19
13398,Large,Finance,USA,2026-02-19
13399,Small,Manufacturing,Germany,2022-07-02
13400,Medium,Education,India,2023-09-13
13401,Small,Retail,Australia,2026-08-29
13402,Small,Finance,UK,2022-03-01
13403,Enterprise,Technology,Singapore,2025-12-04
13404,Small,Professional Services,UK,2025-08-11
13405,Large,Manufacturing,India,2026-05-03
13406,Large,Healthcare,India,2021-03-07
13407,Large,Professional Services,Germany,2023-03-26
13408,Enterprise,Professional Services,Germany,2024-03-20
13409,Small,Professional Services,USA,2025-12-15
13410,Small,Manufacturing,UK,2022-03-13
13411,Medium,Healthcare,USA,2023-03-01
13412,Small,Education,Singapore,2026-07-14
13413,Small,Retail,Singapore,2021-08-23
13414,Medium,Retail,Singapore,2025-10-05
13415,Large,Healthcare,Germany,2022-11-06
13416,Medium,Media,Singapore,2023-10-30
13417,Small,Professional Services,India,2023-07-16
13418,Medium,Technology,Germany,2023-01-31
13419,Small,Healthcare,Canada,2021-08-15
13420,Small,Healthcare,Singapore,2025-11-12
13421,Large,Retail,UK,2026-08-27
13422,Medium,Finance,India,2022-12-07
13423,Large,Technology,UK,2025-12-21
13424,Small,Retail,Canada,2024-06-15
13425,Large,Manufacturing,India,2024-11-11
13426,Medium,Healthcare,USA,2022-10-31
13427,Medium,Media,UK,2026-01-20
13428,Medium,Finance,USA,2024-08-30
13429,Large,Technology,USA,2024-08-17
13430,Medium,Education,India,2021-04-28
13431,Medium,Technology,Singapore,2026-02-12
13432,Enterprise,Technology,Australia,2026-09-29
13433,Large,Professional Services,India,2025-12-19
13434,Medium,Healthcare,Australia,2025-05-07
13435,Large,Healthcare,Australia,2022-06-27
13436,Medium,Education,India,2025-03-07
13437,Small,Education,USA,2024-06-23
13438,Medium,Education,UK,2022-08-25
13439,Enterprise,Retail,USA,2022-01-23
13440,Enterprise,Retail,Australia,2025-05-22
13441,Small,Healthcare,USA,2025-09-24
13442,Medium,Healthcare,India,2021-12-05
13443,Small,Education,Singapore,2021-02-25
13444,Enterprise,Retail,India,2024-07-29
13445,Enterprise,Finance,Canada,2024-02-26
13446,Medium,Retail,India,2022-12-18
13447,Large,Healthcare,USA,2025-10-16
13448,Large,Retail,USA,2025-07-21
13449,Medium,Healthcare,India,2021-11-10
13450,Small,Education,USA,2023-06-07
13451,Medium,Professional Services,India,2021-09-04
13452,Medium,Education,UK,2026-04-07
13453,Medium,Education,Canada,2023-10-23
13454,Medium,Finance,India,2021-06-10
13455,Enterprise,Professional Services,Germany,2025-01-23
13456,Small,Finance,India,2025-10-04
13457,Medium,Healthcare,India,2021-05-05
13458,Medium,Technology,Canada,2026-03-24
13459,Medium,Manufacturing,USA,2024-10-02
13460,Medium,Finance,USA,2025-06-06
13461,Small,Healthcare,India,2026-06-01
13462,Small,Professional Services,Germany,2021-06-13
13463,Medium,Retail,UK,2023-05-12
13464,Medium,Professional Services,India,2024-05-21
13465,Small,Education,USA,2024-04-21
13466,Large,Education,Germany,2022-05-20
13467,Medium,Education,UK,2022-06-09
13468,Medium,Healthcare,India,2024-11-04
13469,Large,Education,USA,2025-11-03
13470,Small,Finance,India,2022-12-02
13471,Small,Retail,UK,2023-10-15
13472,Large,Education,Germany,2021-02-19
13473,Medium,Healthcare,USA,2022-11-26
13474,Medium,Retail,USA,2021-01-26
13475,Large,Education,Singapore,2021-01-11
13476,Large,Technology,UK,2023-03-19
13477,Enterprise,Media,UK,2024-01-31
13478,Medium,Education,USA,2026-08-21
13479,Medium,Manufacturing,UK,2023-08-31
13480,Medium,Professional Services,UK,2023-12-05
13481,Small,Finance,USA,2023-04-22
13482,Medium,Retail,Singapore,2021-12-25
13483,Small,Finance,Germany,2021-10-12
13484,Enterprise,Technology,Australia,2025-01-14
13485,Medium,Technology,UK,2025-06-24
13486,Medium,Manufacturing,USA,2022-03-01
13487,Medium,Finance,India,2023-10-27
13488,Small,Retail,USA,2026-04-04
13489,Small,Technology,Australia,2021-12-22
13490,Medium,Media,USA,2022-07-08
13491,Small,Technology,Germany,2026-03-02
13492,Medium,Education,India,2021-09-25
13493,Large,Manufacturing,UK,2026-03-31
13494,Large,Professional Services,Canada,2024-05-25
13495,Medium,Healthcare,UK,2021-03-05
13496,Small,Professional Services,Germany,2024-07-22
13497,Large,Media,Singapore,2022-04-15
13498,Large,Professional Services,India,2026-07-13
13499,Small,Media,India,2026-01-11
13500,Large,Technology,India,2026-07-17
13501,Small,Retail,Canada,2025-05-09
13502,Large,Retail,USA,2023-05-28
13503,Enterprise,Education,Australia,2024-05-02
13504,Small,Media,USA,2026-08-23
13505,Large,Retail,Canada,2021-08-10
13506,Medium,Education,Australia,2025-09-25
13507,Enterprise,Technology,UK,2024-11-20
13508,Medium,Technology,UK,2023-05-31
13509,Large,Professional Services,India,2023-04-19
13510,Small,Technology,USA,2023-01-22
13511,Small,Technology,UK,2021-09-27
13512,Small,Media,USA,2025-06-23
13513,Enterprise,Healthcare,Singapore,2023-01-02
13514,Large,Manufacturing,Singapore,2022-09-08
13515,Large,Professional Services,Germany,2024-12-02
13516,Enterprise,Professional Services,USA,2026-09-07
13517,Small,Manufacturing,Canada,2024-08-05
13518,Medium,Healthcare,USA,2026-03-18
13519,Small,Technology,India,2022-01-19
13520,Small,Retail,USA,2021-03-26
13521,Small,Education,India,2021-09-03
13522,Medium,Professional Services,USA,2023-03-15
13523,Small,Manufacturing,USA,2021-08-28
13524,Small,Finance,Singapore,2024-01-02
13525,Small,Education,USA,2022-01-23
13526,Small,Finance,Singapore,2022-11-07
13527,Enterprise,Finance,India,2021-06-20
13528,Large,Media,India,2024-03-21
13529,Enterprise,Professional Services,UK,2025-08-28
13530,Medium,Technology,Canada,2023-03-20
13531,Small,Media,India,2024-07-29
13532,Large,Finance,India,2021-05-09
13533,Small,Technology,USA,2024-04-11
13534,Small,Healthcare,USA,2022-04-17
13535,Small,Retail,Canada,2026-02-27
13536,Small,Finance,UK,2025-03-06
13537,Small,Professional Services,India,2025-05-19
13538,Medium,Retail,Germany,2023-11-11
13539,Medium,Technology,USA,2026-02-15
13540,Small,Finance,Australia,2024-05-08
13541,Small,Education,Australia,2026-02-11
13542,Large,Media,Singapore,2024-10-07
13543,Small,Professional Services,USA,2024-07-29
13544,Small,Healthcare,UK,2022-09-04
13545,Large,Manufacturing,USA,2025-04-12
13546,Small,Healthcare,Canada,2023-08-06
13547,Small,Media,USA,2025-05-18
13548,Medium,Finance,USA,2023-05-04
13549,Small,Media,Germany,2026-03-25
13550,Medium,Professional Services,India,2026-06-01
13551,Large,Healthcare,Germany,2023-11-28
13552,Small,Manufacturing,Germany,2024-12-13
13553,Medium,Education,UK,2021-10-29
13554,Medium,Retail,USA,2022-10-01
13555,Small,Media,USA,2021-03-12
13556,Medium,Education,Singapore,2026-04-07
13557,Small,Healthcare,India,2022-10-08
13558,Medium,Manufacturing,UK,2025-11-24
13559,Small,Retail,Canada,2021-06-23
13560,Medium,Professional Services,Singapore,2026-06-22
13561,Small,Manufacturing,Australia,2021-03-31
13562,Large,Education,Canada,2023-04-04
13563,Small,Technology,India,2022-07-05
13564,Medium,Technology,USA,2021-03-01
13565,Medium,Retail,India,2024-02-03
13566,Large,Media,Germany,2024-06-16
13567,Medium,Retail,Australia,2025-01-25
13568,Medium,Retail,Australia,2021-05-07
13569,Large,Technology,Canada,2021-03-24
13570,Large,Education,UK,2024-05-28
13571,Small,Media,India,2023-08-04
13572,Medium,Retail,USA,2025-06-29
13573,Large,Technology,India,2026-05-07
13574,Enterprise,Retail,Australia,2026-06-19
13575,Large,Retail,India,2023-06-09
13576,Medium,Media,Canada,2022-07-28
13577,Small,Media,Canada,2022-05-28
13578,Medium,Manufacturing,USA,2026-03-25
13579,Large,Retail,India,2021-03-06
13580,Medium,Technology,USA,2026-05-19
13581,Medium,Education,USA,2023-12-26
13582,Large,Technology,Canada,2024-05-29
13583,Medium,Technology,India,2023-06-08
13584,Large,Retail,Germany,2022-09-04
13585,Medium,Manufacturing,Australia,2022-03-14
13586,Small,Finance,India,2024-02-01
13587,Medium,Professional Services,Canada,2024-12-30
13588,Large,Finance,Canada,2024-12-15
13589,Small,Finance,Australia,2022-06-08
13590,Small,Technology,India,2025-01-06
13591,Enterprise,Retail,India,2023-03-11
13592,Small,Media,India,2023-10-21
13593,Medium,Professional Services,USA,2025-04-29
13594,Medium,Finance,Australia,2021-11-18
13595,Medium,Healthcare,Australia,2021-06-29
13596,Medium,Healthcare,Singapore,2025-09-01
13597,Small,Healthcare,India,2022-03-26
13598,Medium,Education,India,2024-07-08
13599,Medium,Retail,Canada,2025-07-19
13600,Medium,Technology,USA,2024-06-11
13601,Small,Technology,USA,2023-06-23
13602,Medium,Retail,UK,2024-03-23
13603,Small,Manufacturing,India,2021-11-26
13604,Small,Media,Canada,2022-09-29
13605,Small,Professional Services,USA,2026-03-05
13606,Small,Manufacturing,Canada,2026-03-30
13607,Large,Media,Germany,2026-02-11
13608,Small,Education,India,2022-02-17
13609,Enterprise,Retail,Singapore,2025-03-21
13610,Enterprise,Manufacturing,UK,2025-01-15
13611,Medium,Professional Services,Singapore,2025-04-14
13612,Small,Education,India,2022-05-30
13613,Medium,Finance,UK,2022-04-26
13614,Large,Finance,USA,2022-06-02
13615,Medium,Education,Australia,2025-01-24
13616,Small,Media,UK,2021-11-01
13617,Medium,Retail,USA,2022-10-17
13618,Large,Finance,Singapore,2026-06-01
13619,Large,Retail,USA,2021-06-30
13620,Small,Manufacturing,India,2021-01-30
13621,Medium,Finance,UK,2023-02-04
13622,Small,Professional Services,Canada,2021-02-09
13623,Small,Professional Services,USA,2023-06-11
13624,Large,Manufacturing,USA,2026-04-11
13625,Small,Professional Services,Singapore,2023-08-01
13626,Small,Retail,Australia,2023-12-03
13627,Small,Media,India,2025-11-18
13628,Large,Retail,India,2022-11-16
13629,Large,Media,Singapore,2023-12-01
13630,Medium,Professional Services,Australia,2025-05-05
13631,Large,Healthcare,Singapore,2024-09-08
13632,Small,Education,USA,2024-03-28
13633,Medium,Media,Australia,2021-02-06
13634,Medium,Technology,Canada,2022-06-23
13635,Small,Education,USA,2026-04-06
13636,Medium,Professional Services,UK,2021-09-06
13637,Enterprise,Retail,Canada,2022-11-24
13638,Small,Media,USA,2023-11-07
13639,Small,Retail,Germany,2024-10-23
13640,Small,Education,Germany,2024-08-28
13641,Small,Media,Germany,2024-12-09
13642,Enterprise,Retail,Germany,2022-05-15
13643,Medium,Manufacturing,USA,2023-03-22
13644,Medium,Finance,USA,2025-10-02
13645,Large,Retail,Germany,2023-06-08
13646,Small,Media,USA,2024-04-25
13647,Medium,Professional Services,India,2026-04-08
13648,Medium,Professional Services,UK,2026-06-10
13649,Medium,Education,India,2025-01-31
13650,Enterprise,Education,Canada,2021-06-24
13651,Large,Education,USA,2023-04-04
13652,Medium,Professional Services,USA,2023-07-20
13653,Large,Healthcare,Singapore,2026-07-08
13654,Small,Media,Australia,2021-09-26
13655,Small,Professional Services,Australia,2025-12-23
13656,Small,Manufacturing,Canada,2021-08-12
13657,Small,Professional Services,Germany,2024-06-29
13658,Medium,Manufacturing,Australia,2024-02-22
13659,Medium,Professional Services,UK,2021-08-26
13660,Enterprise,Professional Services,Singapore,2022-05-15
13661,Medium,Healthcare,India,2025-03-26
13662,Medium,Manufacturing,Singapore,2021-09-25
13663,Small,Healthcare,USA,2025-02-19
13664,Small,Manufacturing,UK,2023-09-14
13665,Medium,Healthcare,India,2025-06-12
13666,Medium,Healthcare,UK,2022-12-24
13667,Large,Manufacturing,UK,2024-01-01
13668,Small,Healthcare,Singapore,2021-07-09
13669,Small,Professional Services,Singapore,2023-09-23
13670,Medium,Manufacturing,Singapore,2025-05-05
13671,Small,Healthcare,USA,2022-07-20
13672,Small,Professional Services,Singapore,2023-09-20
13673,Large,Professional Services,USA,2021-06-05
13674,Small,Education,Germany,2026-03-11
13675,Medium,Technology,India,2025-05-06
13676,Small,Manufacturing,UK,2025-11-12
13677,Small,Healthcare,Singapore,2026-02-09
13678,Medium,Education,Singapore,2022-11-04
13679,Large,Technology,Canada,2025-07-23
13680,Medium,Media,Australia,2024-01-14
13681,Large,Media,India,2021-02-24
13682,Small,Healthcare,Australia,2021-03-26
13683,Large,Media,UK,2026-02-24
13684,Small,Technology,India,2022-08-15
13685,Medium,Manufacturing,India,2026-05-14
13686,Medium,Professional Services,India,2023-10-06
13687,Enterprise,Professional Services,Australia,2021-09-09
13688,Medium,Technology,India,2024-09-21
13689,Small,Media,USA,2023-06-29
13690,Small,Professional Services,USA,2025-11-22
13691,Large,Media,UK,2022-08-23
13692,Medium,Finance,Canada,2023-10-04
13693,Large,Retail,Canada,2024-01-29
13694,Small,Professional Services,UK,2024-02-18
13695,Small,Finance,USA,2021-10-30
13696,Small,Manufacturing,USA,2025-10-06
13697,Enterprise,Manufacturing,Germany,2024-05-09
13698,Medium,Technology,USA,2023-10-24
13699,Enterprise,Professional Services,USA,2022-02-04
13700,Small,Media,Australia,2021-03-09
13701,Medium,Professional Services,USA,2021-06-03
13702,Medium,Media,Germany,2023-10-12
13703,Small,Media,USA,2025-02-26
13704,Large,Professional Services,Canada,2021-07-01
13705,Enterprise,Media,India,2022-06-09
13706,Large,Education,USA,2021-01-20
13707,Large,Healthcare,USA,2023-05-01
13708,Small,Retail,Germany,2026-08-20
13709,Small,Professional Services,Singapore,2026-02-24
13710,Enterprise,Healthcare,USA,2022-10-17
13711,Small,Education,Germany,2024-08-19
13712,Large,Media,Canada,2022-12-23
13713,Large,Media,Singapore,2024-04-15
13714,Medium,Manufacturing,Germany,2023-05-31
13715,Enterprise,Retail,India,2022-08-01
13716,Small,Finance,Canada,2021-11-06
13717,Small,Manufacturing,UK,2023-10-23
13718,Small,Manufacturing,India,2021-11-13
13719,Medium,Media,USA,2025-12-12
13720,Small,Technology,Singapore,2025-03-13
13721,Small,Education,Singapore,2023-10-17
13722,Large,Technology,Australia,2022-01-03
13723,Enterprise,Technology,Singapore,2022-07-09
13724,Small,Healthcare,Germany,2024-06-03
13725,Medium,Manufacturing,India,2022-04-25
13726,Enterprise,Media,USA,2025-12-27
13727,Small,Education,India,2023-07-29
13728,Small,Technology,India,2021-01-14
13729,Small,Media,India,2026-09-07
13730,Medium,Media,UK,2021-05-22
13731,Small,Media,Germany,2022-08-13
13732,Enterprise,Finance,Germany,2025-11-18
13733,Medium,Retail,UK,2022-04-18
13734,Medium,Media,Singapore,2025-03-28
13735,Small,Professional Services,UK,2024-04-22
13736,Medium,Education,Germany,2021-11-13
13737,Medium,Healthcare,USA,2024-10-16
13738,Large,Education,USA,2022-03-21
13739,Large,Manufacturing,Singapore,2026-05-16
13740,Medium,Healthcare,USA,2023-04-27
13741,Enterprise,Retail,UK,2022-08-08
13742,Large,Media,USA,2023-03-10
13743,Large,Finance,Canada,2022-04-16
13744,Small,Technology,Singapore,2023-01-02
13745,Small,Education,India,2023-08-30
13746,Small,Healthcare,Germany,2026-09-26
13747,Medium,Media,India,2026-09-03
13748,Medium,Retail,USA,2024-08-06
13749,Medium,Technology,India,2023-11-14
13750,Large,Professional Services,Australia,2023-12-24
13751,Large,Retail,India,2025-08-11
13752,Enterprise,Finance,UK,2025-07-10
13753,Small,Technology,USA,2024-06-16
13754,Medium,Technology,India,2021-10-10
13755,Small,Professional Services,Australia,2024-10-30
13756,Small,Media,India,2025-11-08
13757,Small,Technology,India,2021-01-07
13758,Small,Healthcare,USA,2023-02-27
13759,Medium,Technology,UK,2021-02-12
13760,Large,Retail,Canada,2021-07-20
13761,Small,Healthcare,India,2025-08-16
13762,Large,Technology,India,2022-07-02
13763,Medium,Retail,USA,2021-08-14
13764,Small,Retail,USA,2022-09-25
13765,Medium,Education,Germany,2025-03-25
13766,Small,Retail,Australia,2024-09-20
13767,Medium,Professional Services,Canada,2024-04-19
13768,Medium,Manufacturing,USA,2022-06-22
13769,Small,Finance,Canada,2022-04-26
13770,Small,Technology,Germany,2022-03-06
13771,Medium,Professional Services,UK,2024-09-12
13772,Enterprise,Technology,Australia,2023-08-03
13773,Small,Technology,Australia,2026-04-13
13774,Large,Retail,UK,2025-12-29
13775,Medium,Retail,USA,2021-04-21
13776,Enterprise,Technology,Australia,2021-07-31
13777,Large,Manufacturing,India,2025-09-03
13778,Medium,Healthcare,Australia,2023-05-01
13779,Medium,Healthcare,Germany,2023-09-14
13780,Large,Finance,Germany,2023-09-23
13781,Medium,Education,USA,2026-06-23
13782,Small,Media,India,2026-03-26
13783,Small,Professional Services,India,2022-10-28
13784,Large,Finance,Australia,2021-12-16
13785,Large,Media,Germany,2025-03-18
13786,Small,Technology,Canada,2021-09-08
13787,Medium,Professional Services,India,2025-04-16
13788,Medium,Technology,Singapore,2024-04-21
13789,Small,Technology,Singapore,2024-08-12
13790,Enterprise,Education,USA,2026-04-30
13791,Small,Retail,UK,2021-03-20
13792,Small,Education,Australia,2022-06-30
13793,Medium,Finance,Australia,2025-02-02
13794,Large,Retail,Singapore,2023-07-13
13795,Small,Retail,India,2022-09-11
13796,Medium,Finance,UK,2021-11-01
13797,Medium,Retail,Canada,2025-05-17
13798,Small,Professional Services,Germany,2023-11-14
13799,Small,Healthcare,Germany,2025-08-26
13800,Medium,Finance,Singapore,2025-01-24
13801,Small,Media,UK,2026-02-12
13802,Enterprise,Finance,Germany,2021-03-24
13803,Large,Healthcare,USA,2021-04-03
13804,Enterprise,Education,USA,2025-01-07
13805,Small,Education,USA,2026-07-18
13806,Enterprise,Education,Germany,2023-02-13
13807,Medium,Retail,Singapore,2024-10-25
13808,Small,Healthcare,USA,2023-03-03
13809,Small,Professional Services,India,2022-04-21
13810,Small,Finance,Germany,2022-05-19
13811,Medium,Finance,Canada,2026-02-14
13812,Medium,Finance,Singapore,2021-08-19
13813,Small,Retail,USA,2025-05-06
13814,Medium,Retail,India,2025-11-10
13815,Small,Manufacturing,USA,2021-05-11
13816,Medium,Professional Services,India,2023-01-13
13817,Medium,Education,USA,2022-01-19
13818,Large,Media,India,2025-04-16
13819,Large,Manufacturing,India,2023-01-31
13820,Medium,Manufacturing,India,2024-02-22
13821,Medium,Retail,Singapore,2023-08-01
13822,Medium,Education,USA,2024-07-20
13823,Large,Education,USA,2025-06-28
13824,Small,Finance,Germany,2021-10-28
13825,Small,Retail,Canada,2022-09-01
13826,Small,Education,UK,2026-01-26
13827,Medium,Media,Canada,2023-06-01
13828,Medium,Manufacturing,Germany,2024-05-06
13829,Large,Healthcare,Germany,2023-01-25
13830,Small,Healthcare,Canada,2024-04-21
13831,Medium,Retail,Germany,2023-03-07
13832,Large,Finance,UK,2026-06-18
13833,Large,Finance,USA,2024-08-16
13834,Medium,Education,Germany,2021-08-10
13835,Medium,Media,UK,2023-10-09
13836,Small,Professional Services,Singapore,2022-11-20
13837,Enterprise,Retail,India,2021-04-28
13838,Small,Professional Services,USA,2021-06-23
13839,Enterprise,Healthcare,Singapore,2024-05-27
13840,Medium,Manufacturing,India,2026-08-07
13841,Medium,Education,Singapore,2022-03-17
13842,Small,Manufacturing,Singapore,2024-05-09
13843,Medium,Professional Services,Germany,2025-05-19
13844,Medium,Education,UK,2023-10-25
13845,Small,Technology,Canada,2023-08-08
13846,Medium,Manufacturing,Germany,2021-03-24
13847,Enterprise,Retail,Australia,2023-09-16
13848,Medium,Manufacturing,Canada,2026-08-16
13849,Large,Manufacturing,Singapore,2025-10-19
13850,Small,Education,Canada,2021-12-13
13851,Medium,Healthcare,Singapore,2022-06-18
13852,Small,Professional Services,India,2025-12-26
13853,Medium,Technology,India,2022-03-27
13854,Enterprise,Manufacturing,USA,2023-07-07
13855,Medium,Media,USA,2023-08-12
13856,Small,Professional Services,Australia,2021-08-02
13857,Medium,Media,India,2023-06-19
13858,Medium,Professional Services,Singapore,2024-04-04
13859,Medium,Media,USA,2022-10-15
13860,Large,Healthcare,USA,2023-09-10
13861,Large,Finance,USA,2022-07-30
13862,Medium,Technology,UK,2021-11-29
13863,Medium,Technology,India,2021-07-31
13864,Small,Media,India,2021-10-16
13865,Small,Media,Australia,2023-11-22
13866,Medium,Media,India,2026-04-15
13867,Medium,Professional Services,India,2021-10-01
13868,Medium,Education,Australia,2024-08-17
13869,Medium,Manufacturing,India,2023-10-28
13870,Small,Finance,USA,2026-02-26
13871,Medium,Media,India,2025-01-18
13872,Small,Education,USA,2024-02-28
13873,Small,Retail,Canada,2021-04-07
13874,Large,Healthcare,India,2021-10-04
13875,Small,Healthcare,Germany,2024-08-01
13876,Medium,Education,Singapore,2024-04-11
13877,Small,Professional Services,India,2021-11-28
13878,Large,Healthcare,Singapore,2021-04-13
13879,Medium,Manufacturing,USA,2023-08-13
13880,Small,Healthcare,India,2026-09-18
13881,Medium,Manufacturing,India,2021-11-03
13882,Large,Retail,USA,2023-06-03
13883,Enterprise,Media,Canada,2026-09-25
13884,Small,Finance,USA,2021-07-13
13885,Large,Technology,Germany,2021-09-06
13886,Enterprise,Education,Canada,2023-10-10
13887,Enterprise,Education,USA,2024-04-07
13888,Medium,Manufacturing,Australia,2023-12-08
13889,Medium,Retail,Singapore,2026-07-29
13890,Medium,Retail,India,2022-05-23
13891,Large,Professional Services,USA,2021-06-04
13892,Medium,Technology,USA,2022-04-06
13893,Medium,Media,USA,2024-10-28
13894,Medium,Finance,UK,2023-03-02
13895,Large,Education,USA,2024-05-10
13896,Large,Manufacturing,Canada,2026-02-11
13897,Small,Retail,Canada,2025-08-16
13898,Large,Media,UK,2022-07-31
13899,Medium,Education,India,2026-04-28
13900,Large,Manufacturing,USA,2021-12-28
13901,Medium,Healthcare,USA,2022-04-02
13902,Medium,Media,USA,2021-05-09
13903,Enterprise,Education,Singapore,2023-03-23
13904,Small,Finance,USA,2023-05-23
13905,Large,Media,India,2021-12-16
13906,Medium,Manufacturing,USA,2026-03-30
13907,Medium,Finance,Germany,2022-03-28
13908,Small,Education,Australia,2024-11-04
13909,Medium,Healthcare,UK,2021-04-19
13910,Small,Finance,India,2024-05-16
13911,Small,Retail,USA,2022-07-31
13912,Small,Manufacturing,UK,2021-08-29
13913,Small,Education,Singapore,2025-09-10
13914,Enterprise,Healthcare,Canada,2026-08-04
13915,Enterprise,Retail,Canada,2024-07-09
13916,Medium,Education,USA,2022-01-06
13917,Large,Media,USA,2026-05-13
13918,Small,Professional Services,Germany,2021-04-08
13919,Medium,Healthcare,USA,2025-02-19
13920,Large,Retail,Singapore,2021-04-06
13921,Enterprise,Finance,USA,2026-05-03
13922,Medium,Education,India,2025-02-04
13923,Large,Education,Canada,2026-09-25
13924,Small,Finance,India,2026-09-10
13925,Enterprise,Professional Services,USA,2024-11-06
13926,Small,Technology,USA,2022-12-17
13927,Medium,Retail,Australia,2023-08-31
13928,Medium,Finance,USA,2025-02-21
13929,Medium,Media,India,2023-06-25
13930,Small,Education,UK,2023-03-20
13931,Enterprise,Media,USA,2022-08-22
13932,Small,Retail,Singapore,2023-08-25
13933,Medium,Professional Services,USA,2026-02-11
13934,Small,Retail,Canada,2026-01-14
13935,Small,Media,India,2021-05-15
13936,Medium,Media,Australia,2021-11-24
13937,Medium,Technology,Australia,2021-07-18
13938,Small,Education,Singapore,2022-11-14
13939,Small,Healthcare,India,2021-05-04
13940,Medium,Technology,USA,2023-01-24
13941,Large,Technology,Canada,2025-05-26
13942,Large,Healthcare,India,2022-07-25
13943,Small,Healthcare,USA,2025-01-08
13944,Medium,Professional Services,Singapore,2024-03-15
13945,Small,Professional Services,USA,2026-04-11
13946,Small,Technology,Singapore,2025-05-07
13947,Medium,Retail,India,2024-07-26
13948,Medium,Finance,Canada,2021-06-14
13949,Small,Finance,UK,2026-02-06
13950,Small,Technology,UK,2025-02-18
13951,Small,Retail,Singapore,2022-09-07
13952,Large,Healthcare,India,2025-11-26
13953,Enterprise,Manufacturing,Germany,2024-10-16
13954,Small,Technology,Canada,2024-04-15
13955,Small,Education,USA,2023-12-09
13956,Large,Retail,Singapore,2024-02-09
13957,Enterprise,Education,USA,2025-11-19
13958,Medium,Education,Germany,2025-09-07
13959,Small,Technology,USA,2022-09-11
13960,Small,Retail,Germany,2023-05-09
13961,Medium,Education,Canada,2024-03-24
13962,Medium,Professional Services,India,2025-08-14
13963,Small,Media,Canada,2025-05-26
13964,Medium,Professional Services,India,2022-09-29
13965,Small,Retail,USA,2021-08-03
13966,Large,Finance,India,2024-09-15
13967,Small,Media,India,2021-05-24
13968,Small,Manufacturing,India,2022-09-11
13969,Medium,Education,UK,2023-10-05
13970,Medium,Education,USA,2021-12-20
13971,Enterprise,Retail,UK,2021-10-08
13972,Medium,Professional Services,India,2024-09-07
13973,Small,Manufacturing,Canada,2023-04-17
13974,Large,Finance,Canada,2026-05-14
13975,Small,Education,USA,2022-01-25
13976,Enterprise,Technology,Germany,2023-12-24
13977,Medium,Professional Services,Canada,2021-09-22
13978,Medium,Retail,Canada,2026-08-16
13979,Small,Retail,USA,2023-07-02
13980,Medium,Professional Services,India,2021-06-17
13981,Large,Education,Germany,2026-06-19
13982,Large,Finance,Germany,2023-04-30
13983,Small,Education,India,2021-06-23
13984,Small,Professional Services,USA,2021-07-06
13985,Large,Media,Canada,2023-12-23
13986,Enterprise,Healthcare,Canada,2024-07-21
13987,Small,Education,Germany,2023-10-06
13988,Medium,Manufacturing,India,2024-05-01
13989,Small,Media,USA,2022-06-16
13990,Large,Professional Services,India,2024-04-20
13991,Small,Media,USA,2021-08-16
13992,Small,Manufacturing,India,2022-09-06
13993,Large,Media,Germany,2025-11-01
13994,Small,Media,UK,2021-09-07
13995,Medium,Professional Services,Germany,2026-04-27
13996,Medium,Healthcare,India,2022-11-04
13997,Small,Manufacturing,India,2025-12-02
13998,Medium,Manufacturing,USA,2021-10-24
13999,Medium,Technology,USA,2026-04-12
14000,Small,Retail,Germany,2024-06-20
14001,Medium,Manufacturing,USA,2024-01-11
14002,Large,Retail,India,2024-12-28
14003,Large,Professional Services,India,2025-04-16
14004,Small,Finance,India,2023-10-25
14005,Small,Education,Australia,2025-05-09
14006,Small,Technology,USA,2021-04-06
14007,Medium,Professional Services,Australia,2024-09-21
14008,Medium,Healthcare,Canada,2026-08-07
14009,Medium,Finance,India,2025-10-06
14010,Small,Media,India,2024-09-14
14011,Small,Technology,Australia,2023-04-09
14012,Medium,Technology,Australia,2025-07-20
14013,Medium,Professional Services,USA,2025-03-23
14014,Small,Healthcare,India,2023-07-15
14015,Medium,Healthcare,India,2024-02-23
14016,Small,Retail,USA,2025-12-12
14017,Large,Education,India,2023-04-11
14018,Large,Professional Services,India,2025-05-25
14019,Small,Finance,USA,2022-07-04
14020,Small,Education,India,2023-10-29
14021,Medium,Finance,India,2022-07-17
14022,Small,Technology,Germany,2021-08-10
14023,Medium,Manufacturing,UK,2022-06-15
14024,Large,Manufacturing,Singapore,2021-01-31
14025,Medium,Professional Services,USA,2024-10-13
14026,Large,Healthcare,Canada,2021-01-22
14027,Medium,Healthcare,India,2024-08-05
14028,Small,Media,UK,2023-01-24
14029,Large,Technology,India,2021-08-02
14030,Medium,Technology,India,2022-12-13
14031,Medium,Finance,Singapore,2024-04-03
14032,Small,Technology,UK,2022-02-13
14033,Small,Media,Singapore,2023-03-08
14034,Enterprise,Professional Services,USA,2026-08-23
14035,Small,Finance,USA,2023-11-16
14036,Enterprise,Education,USA,2023-05-11
14037,Enterprise,Healthcare,Canada,2021-03-17
14038,Large,Healthcare,UK,2022-01-01
14039,Medium,Manufacturing,Singapore,2025-02-23
14040,Medium,Manufacturing,India,2023-04-21
14041,Large,Media,Canada,2025-05-03
14042,Small,Professional Services,USA,2022-05-14
14043,Medium,Healthcare,India,2024-10-01
14044,Medium,Media,UK,2025-11-16
14045,Medium,Professional Services,UK,2024-06-05
14046,Medium,Education,India,2022-11-30
14047,Small,Education,India,2021-05-12
14048,Medium,Retail,USA,2024-06-22
14049,Large,Finance,USA,2021-04-01
14050,Small,Manufacturing,USA,2022-04-17
14051,Enterprise,Finance,India,2026-06-12
14052,Medium,Manufacturing,India,2024-06-19
14053,Large,Retail,Singapore,2022-05-17
14054,Medium,Healthcare,Singapore,2022-01-22
14055,Large,Media,USA,2023-10-28
14056,Small,Professional Services,Singapore,2024-01-17
14057,Large,Finance,Canada,2022-08-21
14058,Small,Manufacturing,India,2023-06-27
14059,Large,Finance,India,2024-09-16
14060,Enterprise,Healthcare,Singapore,2022-04-09
14061,Small,Professional Services,Canada,2023-12-09
14062,Small,Technology,Germany,2024-09-12
14063,Large,Manufacturing,Germany,2022-04-19
14064,Small,Media,USA,2023-06-07
14065,Large,Technology,India,2023-07-28
14066,Small,Retail,India,2024-08-03
14067,Small,Professional Services,India,2023-12-23
14068,Enterprise,Education,India,2022-07-22
14069,Medium,Finance,USA,2023-05-24
14070,Large,Manufacturing,India,2021-09-17
14071,Small,Media,India,2025-07-15
14072,Medium,Finance,USA,2021-07-03
14073,Medium,Retail,USA,2025-12-23
14074,Medium,Retail,USA,2022-08-15
14075,Medium,Finance,USA,2025-11-07
14076,Medium,Manufacturing,Canada,2024-12-03
14077,Medium,Media,Singapore,2023-10-15
14078,Small,Professional Services,India,2025-01-21
14079,Large,Healthcare,India,2021-08-17
14080,Small,Professional Services,Germany,2025-05-16
14081,Medium,Healthcare,UK,2024-09-30
14082,Small,Media,Australia,2025-06-13
14083,Medium,Education,India,2024-07-11
14084,Large,Professional Services,Germany,2023-01-10
14085,Small,Media,Singapore,2023-08-12
14086,Small,Finance,Canada,2026-09-02
14087,Small,Finance,India,2024-07-14
14088,Medium,Manufacturing,Germany,2022-04-21
14089,Large,Finance,Australia,2026-05-27
14090,Small,Manufacturing,Australia,2023-06-17
14091,Large,Media,India,2026-07-28
14092,Small,Finance,Australia,2021-10-12
14093,Medium,Retail,India,2024-03-31
14094,Enterprise,Technology,India,2022-08-13
14095,Small,Media,UK,2021-05-02
14096,Medium,Finance,USA,2024-02-10
14097,Small,Technology,Canada,2024-06-16
14098,Small,Healthcare,UK,2021-01-02
14099,Small,Education,India,2023-06-11
14100,Small,Professional Services,Canada,2023-03-10
14101,Medium,Professional Services,Singapore,2022-09-21
14102,Medium,Media,India,2026-03-20
14103,Medium,Healthcare,UK,2022-04-06
14104,Small,Finance,USA,2026-05-28
14105,Small,Professional Services,USA,2023-08-30
14106,Medium,Manufacturing,USA,2024-06-18
14107,Enterprise,Healthcare,USA,2021-02-23
14108,Small,Retail,India,2025-01-30
14109,Large,Technology,Singapore,2021-04-19
14110,Medium,Manufacturing,Canada,2021-10-07
14111,Medium,Professional Services,UK,2025-08-16
14112,Medium,Manufacturing,USA,2025-08-26
14113,Small,Finance,UK,2023-12-17
14114,Small,Retail,USA,2022-06-29
14115,Medium,Technology,USA,2022-06-12
14116,Small,Retail,USA,2026-04-16
14117,Enterprise,Healthcare,USA,2023-10-06
14118,Medium,Finance,India,2024-05-26
14119,Small,Manufacturing,UK,2022-09-09
14120,Large,Manufacturing,Germany,2025-06-01
14121,Small,Healthcare,India,2026-09-10
14122,Medium,Manufacturing,India,2021-04-10
14123,Medium,Education,India,2024-08-31
14124,Enterprise,Finance,Singapore,2022-05-10
14125,Large,Healthcare,Germany,2023-01-12
14126,Medium,Finance,UK,2025-03-19
14127,Medium,Technology,Singapore,2023-01-04
14128,Enterprise,Finance,USA,2025-07-15
14129,Small,Finance,Singapore,2025-12-12
14130,Small,Technology,USA,2023-09-25
14131,Small,Healthcare,India,2025-10-20
14132,Small,Finance,Canada,2025-10-28
14133,Medium,Retail,USA,2023-10-22
14134,Medium,Finance,Canada,2025-01-22
14135,Medium,Healthcare,USA,2025-07-27
14136,Small,Media,UK,2024-01-19
14137,Large,Manufacturing,USA,2025-11-15
14138,Small,Professional Services,India,2022-12-24
14139,Medium,Technology,Singapore,2022-04-16
14140,Medium,Manufacturing,Germany,2025-10-01
14141,Small,Healthcare,Singapore,2024-05-14
14142,Small,Education,Canada,2026-04-30
14143,Small,Professional Services,Canada,2022-06-13
14144,Large,Manufacturing,UK,2021-05-17
14145,Enterprise,Finance,India,2025-01-11
14146,Medium,Professional Services,India,2026-07-29
14147,Small,Finance,USA,2024-10-18
14148,Medium,Technology,Germany,2024-09-29
14149,Large,Finance,India,2025-09-16
14150,Large,Professional Services,Singapore,2023-11-08
14151,Small,Retail,UK,2025-10-15
14152,Small,Retail,Canada,2022-07-14
14153,Large,Media,India,2025-04-14
14154,Medium,Manufacturing,USA,2023-07-17
14155,Small,Healthcare,Singapore,2025-11-09
14156,Small,Media,USA,2025-12-06
14157,Medium,Technology,USA,2025-03-30
14158,Large,Education,India,2025-12-17
14159,Enterprise,Media,India,2023-09-07
14160,Medium,Manufacturing,India,2021-06-16
14161,Medium,Healthcare,Canada,2021-05-27
14162,Small,Technology,USA,2022-03-21
14163,Medium,Professional Services,UK,2024-09-13
14164,Medium,Technology,India,2023-07-08
14165,Medium,Professional Services,Germany,2024-06-06
14166,Medium,Manufacturing,Australia,2026-01-26
14167,Small,Healthcare,India,2025-08-01
14168,Small,Media,USA,2021-11-15
14169,Small,Healthcare,India,2021-02-05
14170,Small,Finance,Australia,2025-07-12
14171,Small,Education,Australia,2021-09-12
14172,Enterprise,Retail,Singapore,2024-08-29
14173,Medium,Finance,India,2023-08-20
14174,Medium,Technology,USA,2021-12-01
14175,Large,Education,India,2021-10-25
14176,Enterprise,Education,USA,2023-11-11
14177,Medium,Healthcare,UK,2022-04-23
14178,Large,Education,India,2025-11-27
14179,Small,Manufacturing,Canada,2023-08-20
14180,Small,Education,UK,2022-04-15
14181,Medium,Technology,Germany,2022-08-13
14182,Medium,Manufacturing,USA,2026-06-12
14183,Medium,Manufacturing,Singapore,2025-04-19
14184,Small,Finance,Singapore,2022-03-22
14185,Small,Education,Singapore,2026-06-30
14186,Medium,Healthcare,Australia,2026-05-15
14187,Small,Professional Services,Germany,2021-04-09
14188,Medium,Finance,UK,2022-10-17
14189,Medium,Healthcare,India,2023-12-15
14190,Large,Education,Canada,2024-09-17
14191,Large,Finance,Canada,2023-07-23
14192,Large,Education,Singapore,2024-12-29
14193,Medium,Technology,UK,2023-03-28
14194,Large,Finance,USA,2022-10-23
14195,Medium,Healthcare,Canada,2022-08-23
14196,Small,Technology,Singapore,2023-07-09
14197,Small,Retail,India,2025-10-13
14198,Small,Healthcare,USA,2025-10-25
14199,Medium,Professional Services,UK,2026-01-06
14200,Medium,Media,India,2024-03-17
14201,Large,Education,India,2021-12-26
14202,Small,Healthcare,USA,2026-05-22
14203,Small,Retail,Germany,2024-12-11
14204,Enterprise,Healthcare,India,2025-09-16
14205,Small,Technology,USA,2025-04-26
14206,Medium,Manufacturing,Australia,2022-07-10
14207,Medium,Media,Singapore,2024-05-18
14208,Medium,Healthcare,Singapore,2025-03-16
14209,Small,Finance,USA,2023-09-17
14210,Small,Professional Services,Singapore,2023-06-29
14211,Small,Retail,India,2026-05-16
14212,Medium,Healthcare,Australia,2021-01-12
14213,Medium,Retail,Canada,2023-09-07
14214,Small,Manufacturing,India,2021-09-30
14215,Medium,Technology,UK,2022-05-03
14216,Large,Finance,India,2026-06-21
14217,Small,Education,Germany,2023-11-15
14218,Medium,Healthcare,USA,2022-06-22
14219,Medium,Technology,Canada,2025-08-16
14220,Small,Media,India,2025-05-15
14221,Small,Retail,India,2022-08-11
14222,Medium,Manufacturing,Singapore,2025-10-10
14223,Large,Professional Services,Australia,2025-08-18
14224,Large,Retail,Singapore,2025-09-12
14225,Medium,Professional Services,USA,2025-06-06
14226,Large,Manufacturing,India,2023-10-31
14227,Medium,Professional Services,UK,2021-08-31
14228,Medium,Manufacturing,USA,2024-04-16
14229,Medium,Technology,India,2021-09-14
14230,Small,Healthcare,Australia,2026-08-05
14231,Large,Education,USA,2021-11-06
14232,Medium,Healthcare,India,2024-05-23
14233,Medium,Media,USA,2023-12-25
14234,Enterprise,Media,UK,2022-09-28
14235,Small,Finance,Australia,2023-03-08
14236,Small,Healthcare,USA,2024-03-22
14237,Small,Manufacturing,UK,2026-09-19
14238,Large,Manufacturing,India,2025-09-21
14239,Large,Finance,Singapore,2025-12-05
14240,Small,Retail,Singapore,2026-08-11
14241,Medium,Manufacturing,Canada,2021-03-20
14242,Medium,Finance,India,2024-09-12
14243,Large,Manufacturing,UK,2022-09-12
14244,Medium,Education,Canada,2025-02-07
14245,Medium,Manufacturing,Singapore,2024-10-10
14246,Enterprise,Technology,Singapore,2024-02-22
14247,Small,Finance,Germany,2023-09-05
14248,Small,Professional Services,India,2024-12-18
14249,Medium,Media,Singapore,2025-03-18
14250,Enterprise,Healthcare,UK,2025-10-24
14251,Medium,Finance,Germany,2022-04-23
14252,Small,Retail,USA,2026-03-10
14253,Small,Manufacturing,USA,2025-06-21
14254,Medium,Finance,USA,2024-06-09
14255,Small,Education,India,2026-08-03
14256,Medium,Finance,USA,2025-04-15
14257,Enterprise,Education,Germany,2021-01-30
14258,Medium,Media,India,2022-12-28
14259,Medium,Media,India,2021-06-22
14260,Medium,Manufacturing,India,2022-04-13
14261,Small,Healthcare,USA,2026-05-30
14262,Large,Manufacturing,Singapore,2021-05-05
14263,Medium,Retail,India,2025-03-27
14264,Medium,Technology,India,2024-11-20
14265,Medium,Healthcare,Singapore,2026-02-21
14266,Medium,Healthcare,Germany,2023-10-24
14267,Medium,Media,India,2022-06-20
14268,Small,Technology,Australia,2022-08-24
14269,Large,Finance,Canada,2023-09-15
14270,Enterprise,Manufacturing,Australia,2022-08-29
14271,Medium,Finance,USA,2021-05-19
14272,Enterprise,Finance,Singapore,2026-08-20
14273,Small,Manufacturing,India,2025-04-04
14274,Medium,Retail,India,2021-05-10
14275,Medium,Healthcare,USA,2022-02-05
14276,Medium,Education,USA,2024-05-29
14277,Medium,Technology,Singapore,2022-10-04
14278,Small,Healthcare,UK,2022-03-13
14279,Small,Finance,India,2024-11-24
14280,Medium,Technology,USA,2024-02-11
14281,Small,Education,USA,2025-01-15
14282,Large,Healthcare,Singapore,2025-04-28
14283,Small,Healthcare,UK,2021-02-27
14284,Small,Retail,Canada,2024-02-11
14285,Medium,Healthcare,Canada,2022-12-01
14286,Medium,Healthcare,Australia,2024-02-20
14287,Large,Education,Canada,2025-01-23
14288,Medium,Education,India,2024-01-14
14289,Small,Technology,Germany,2025-06-30
14290,Large,Finance,Australia,2022-02-04
14291,Medium,Education,Australia,2025-03-25
14292,Small,Technology,Singapore,2021-04-18
14293,Medium,Healthcare,Germany,2026-06-08
14294,Enterprise,Media,Germany,2026-06-21
14295,Medium,Technology,Singapore,2021-06-01
14296,Small,Media,India,2023-06-25
14297,Small,Technology,USA,2023-04-30
14298,Small,Technology,UK,2026-06-16
14299,Medium,Media,USA,2021-01-27
14300,Medium,Manufacturing,Germany,2021-04-29
14301,Small,Technology,Australia,2022-12-24
14302,Enterprise,Media,Australia,2021-01-03
14303,Large,Education,Singapore,2023-03-17
14304,Medium,Professional Services,USA,2026-06-16
14305,Large,Professional Services,Australia,2024-02-04
14306,Small,Professional Services,UK,2024-06-07
14307,Medium,Professional Services,USA,2021-10-31
14308,Medium,Manufacturing,India,2021-06-26
14309,Large,Finance,Germany,2021-03-25
14310,Large,Media,UK,2021-09-20
14311,Small,Technology,Germany,2024-05-04
14312,Enterprise,Retail,UK,2023-03-13
14313,Small,Professional Services,India,2023-06-14
14314,Large,Healthcare,USA,2023-05-23
14315,Enterprise,Professional Services,USA,2022-01-23
14316,Small,Professional Services,Singapore,2026-01-10
14317,Large,Healthcare,India,2026-06-27
14318,Small,Manufacturing,Singapore,2023-10-29
14319,Medium,Healthcare,Singapore,2025-07-08
14320,Medium,Healthcare,Singapore,2025-03-21
14321,Medium,Manufacturing,USA,2022-03-26
14322,Enterprise,Healthcare,Singapore,2021-12-08
14323,Medium,Technology,USA,2024-01-02
14324,Medium,Professional Services,India,2023-05-10
14325,Large,Finance,India,2021-10-29
14326,Enterprise,Manufacturing,Singapore,2026-07-13
14327,Small,Retail,India,2023-05-31
14328,Enterprise,Manufacturing,UK,2021-03-07
14329,Small,Education,India,2021-08-18
14330,Large,Retail,USA,2023-07-11
14331,Small,Education,India,2026-01-07
14332,Small,Media,Germany,2021-02-20
14333,Medium,Media,UK,2022-01-22
14334,Medium,Manufacturing,Singapore,2023-11-28
14335,Medium,Education,Canada,2023-01-23
14336,Small,Retail,Singapore,2024-04-11
14337,Medium,Technology,UK,2025-11-27
14338,Enterprise,Manufacturing,Canada,2025-01-18
14339,Medium,Manufacturing,UK,2026-09-20
14340,Small,Healthcare,USA,2026-04-29
14341,Medium,Manufacturing,Germany,2024-02-27
14342,Small,Professional Services,Canada,2023-12-14
14343,Large,Media,Germany,2024-05-23
14344,Large,Professional Services,Australia,2022-03-01
14345,Medium,Manufacturing,India,2021-06-10
14346,Medium,Media,Canada,2025-04-14
14347,Large,Media,India,2021-09-01
14348,Medium,Technology,UK,2021-07-02
14349,Large,Healthcare,Canada,2022-06-28
14350,Medium,Finance,Singapore,2025-04-21
14351,Large,Education,India,2021-04-03
14352,Medium,Retail,India,2021-06-08
14353,Medium,Finance,India,2022-03-14
14354,Enterprise,Healthcare,USA,2021-11-02
14355,Medium,Professional Services,Germany,2026-05-28
14356,Medium,Professional Services,Germany,2023-09-09
14357,Small,Professional Services,Australia,2026-03-04
14358,Medium,Technology,Germany,2021-12-09
14359,Medium,Media,USA,2026-03-04
14360,Small,Professional Services,India,2026-03-17
14361,Small,Retail,India,2024-02-08
14362,Medium,Education,Germany,2021-12-31
14363,Large,Manufacturing,Australia,2026-04-05
14364,Medium,Manufacturing,Canada,2026-08-25
14365,Small,Finance,USA,2022-06-16
14366,Medium,Education,USA,2023-12-12
14367,Small,Healthcare,Singapore,2023-05-05
14368,Medium,Education,India,2022-04-14
14369,Small,Technology,Australia,2024-09-06
14370,Small,Finance,USA,2023-05-29
14371,Small,Finance,India,2022-01-02
14372,Medium,Technology,Australia,2026-06-26
14373,Small,Education,USA,2022-10-03
14374,Medium,Professional Services,Australia,2023-05-12
14375,Medium,Technology,Canada,2024-12-05
14376,Medium,Professional Services,UK,2022-08-12
14377,Medium,Retail,Australia,2024-08-22
14378,Large,Technology,UK,2021-04-02
14379,Small,Professional Services,USA,2022-04-03
14380,Medium,Education,Australia,2023-12-12
14381,Small,Professional Services,UK,2026-02-28
14382,Small,Technology,India,2024-02-19
14383,Medium,Healthcare,Singapore,2026-06-18
14384,Medium,Manufacturing,UK,2026-03-30
14385,Large,Technology,Germany,2026-08-02
14386,Medium,Manufacturing,Germany,2025-02-24
14387,Enterprise,Technology,USA,2024-11-04
14388,Small,Education,UK,2022-01-22
14389,Small,Retail,USA,2026-06-05
14390,Small,Retail,USA,2025-06-19
14391,Small,Manufacturing,Germany,2025-08-12
14392,Medium,Media,Australia,2024-08-05
14393,Medium,Media,India,2025-11-28
14394,Small,Education,UK,2022-01-06
14395,Enterprise,Professional Services,Singapore,2023-02-11
14396,Large,Education,UK,2025-08-13
14397,Small,Media,Australia,2021-07-24
14398,Small,Education,Australia,2023-08-12
14399,Small,Healthcare,USA,2023-04-05
14400,Small,Finance,USA,2021-08-10
14401,Small,Media,Australia,2024-04-06
14402,Medium,Media,USA,2023-12-16
14403,Small,Technology,UK,2025-05-18
14404,Medium,Education,Canada,2026-03-24
14405,Enterprise,Education,Australia,2021-06-16
14406,Medium,Education,USA,2025-03-23
14407,Enterprise,Retail,India,2021-05-22
14408,Small,Education,USA,2021-03-31
14409,Medium,Media,UK,2021-11-07
14410,Medium,Technology,USA,2024-10-26
14411,Small,Professional Services,UK,2024-04-24
14412,Small,Professional Services,India,2023-06-02
14413,Medium,Education,UK,2023-01-31
14414,Medium,Technology,USA,2024-09-21
14415,Medium,Healthcare,UK,2025-03-19
14416,Medium,Professional Services,USA,2021-05-29
14417,Medium,Media,USA,2022-12-16
14418,Small,Finance,Singapore,2024-11-26
14419,Small,Retail,India,2025-09-14
14420,Small,Technology,Canada,2024-09-16
14421,Small,Professional Services,Singapore,2024-06-04
14422,Enterprise,Professional Services,UK,2026-01-02
14423,Medium,Manufacturing,Germany,2025-03-13
14424,Large,Healthcare,India,2025-02-10
14425,Small,Finance,USA,2024-12-22
14426,Medium,Finance,USA,2022-03-26
14427,Small,Finance,India,2026-01-10
14428,Small,Media,USA,2021-03-31
14429,Small,Technology,USA,2021-06-25
14430,Large,Healthcare,Canada,2024-12-14
14431,Medium,Education,Singapore,2025-10-22
14432,Medium,Manufacturing,India,2026-07-07
14433,Medium,Healthcare,USA,2024-07-13
14434,Enterprise,Healthcare,USA,2022-05-19
14435,Small,Professional Services,USA,2023-08-14
14436,Small,Healthcare,Australia,2024-07-24
14437,Small,Technology,USA,2025-01-05
14438,Large,Manufacturing,India,2022-03-01
14439,Enterprise,Technology,Canada,2026-03-13
14440,Small,Manufacturing,Germany,2023-11-20
14441,Large,Manufacturing,UK,2023-06-25
14442,Large,Professional Services,UK,2026-03-02
14443,Small,Technology,India,2022-10-13
14444,Medium,Manufacturing,India,2023-09-25
14445,Medium,Healthcare,India,2026-04-11
14446,Enterprise,Technology,USA,2024-04-25
14447,Small,Manufacturing,Singapore,2022-01-04
14448,Large,Media,UK,2026-08-10
14449,Small,Finance,India,2021-09-16
14450,Large,Technology,USA,2025-06-25
14451,Medium,Professional Services,USA,2025-04-17
14452,Medium,Media,Canada,2024-02-19
14453,Large,Media,USA,2021-01-18
14454,Large,Retail,USA,2024-08-25
14455,Large,Technology,UK,2026-03-19
14456,Small,Media,India,2025-07-15
14457,Medium,Technology,India,2021-04-20
14458,Small,Technology,India,2021-11-27
14459,Medium,Manufacturing,USA,2025-05-16
14460,Medium,Technology,India,2023-08-04
14461,Medium,Retail,USA,2024-07-11
14462,Medium,Education,Australia,2021-09-25
14463,Enterprise,Technology,Canada,2022-03-11
14464,Small,Finance,UK,2026-07-29
14465,Medium,Retail,Germany,2026-04-26
14466,Medium,Education,USA,2025-06-02
14467,Small,Manufacturing,Germany,2022-12-20
14468,Small,Technology,USA,2023-01-11
14469,Enterprise,Education,USA,2025-05-19
14470,Large,Finance,USA,2024-09-11
14471,Enterprise,Retail,India,2025-05-10
14472,Enterprise,Retail,Singapore,2023-03-16
14473,Small,Manufacturing,India,2022-02-21
14474,Medium,Manufacturing,USA,2023-06-01
14475,Medium,Manufacturing,USA,2023-03-02
14476,Medium,Education,India,2026-05-30
14477,Medium,Technology,India,2025-09-23
14478,Medium,Healthcare,India,2026-04-12
14479,Medium,Media,USA,2025-12-14
14480,Medium,Retail,Germany,2025-06-19
14481,Small,Healthcare,USA,2024-01-04
14482,Medium,Professional Services,India,2024-07-14
14483,Medium,Retail,Canada,2026-01-19
14484,Medium,Media,Singapore,2022-03-02
14485,Small,Manufacturing,India,2023-06-02
14486,Large,Media,USA,2026-01-12
14487,Small,Technology,Singapore,2023-02-25
14488,Medium,Technology,India,2022-06-19
14489,Large,Retail,UK,2025-06-23
14490,Medium,Education,India,2021-10-12
14491,Small,Professional Services,Singapore,2024-02-04
14492,Medium,Media,Singapore,2022-05-19
14493,Medium,Manufacturing,Germany,2021-02-15
14494,Large,Technology,USA,2025-01-10
14495,Large,Professional Services,USA,2024-03-13
14496,Medium,Professional Services,India,2022-06-21
14497,Medium,Technology,Germany,2021-03-03
14498,Small,Finance,Singapore,2025-11-01
14499,Small,Media,USA,2024-01-11
14500,Medium,Professional Services,Canada,2021-07-30
14501,Medium,Technology,India,2022-12-10
14502,Medium,Finance,USA,2026-07-21
14503,Small,Technology,Canada,2022-01-12
14504,Small,Technology,USA,2024-03-31
14505,Medium,Professional Services,USA,2026-09-23
14506,Small,Education,India,2023-02-26
14507,Large,Education,Germany,2023-01-03
14508,Small,Manufacturing,Germany,2023-08-26
14509,Medium,Media,Singapore,2022-06-06
14510,Enterprise,Technology,Canada,2023-12-15
14511,Small,Media,UK,2022-06-08
14512,Medium,Manufacturing,USA,2022-04-13
14513,Small,Manufacturing,Singapore,2025-05-04
14514,Medium,Manufacturing,UK,2024-04-25
14515,Medium,Manufacturing,Canada,2026-06-10
14516,Medium,Retail,Canada,2025-10-15
14517,Medium,Professional Services,Germany,2023-01-28
14518,Large,Professional Services,India,2024-03-23
14519,Small,Retail,India,2023-07-08
14520,Small,Technology,Canada,2024-01-25
14521,Large,Retail,Germany,2022-12-07
14522,Medium,Technology,Canada,2026-05-13
14523,Large,Education,USA,2023-04-14
14524,Medium,Professional Services,USA,2022-02-03
14525,Large,Healthcare,Australia,2025-12-13
14526,Medium,Finance,Australia,2024-10-31
14527,Large,Professional Services,UK,2021-11-24
14528,Enterprise,Retail,USA,2024-07-19
14529,Medium,Retail,Singapore,2025-06-09
14530,Small,Education,UK,2023-11-08
14531,Small,Retail,Australia,2023-07-08
14532,Small,Technology,India,2021-03-18
14533,Small,Technology,USA,2023-12-09
14534,Small,Healthcare,Germany,2024-12-20
14535,Medium,Healthcare,India,2025-11-07
14536,Medium,Professional Services,UK,2025-04-29
14537,Medium,Healthcare,USA,2023-10-15
14538,Medium,Technology,Australia,2021-05-09
14539,Small,Media,USA,2022-06-03
14540,Small,Manufacturing,India,2024-02-10
14541,Small,Manufacturing,Singapore,2023-07-01
14542,Medium,Healthcare,UK,2023-03-27
14543,Small,Healthcare,India,2023-09-01
14544,Small,Technology,India,2026-05-17
14545,Medium,Education,Singapore,2023-12-26
14546,Large,Professional Services,India,2025-12-06
14547,Small,Retail,UK,2023-03-20
14548,Medium,Professional Services,USA,2024-09-04
14549,Medium,Finance,Germany,2023-11-04
14550,Large,Manufacturing,Australia,2022-07-24
14551,Enterprise,Media,UK,2023-08-28
14552,Small,Manufacturing,India,2026-02-23
14553,Small,Technology,Germany,2022-09-02
14554,Large,Professional Services,USA,2026-06-07
14555,Medium,Media,Singapore,2022-01-23
14556,Medium,Technology,USA,2025-08-25
14557,Medium,Finance,Canada,2023-01-29
14558,Medium,Media,India,2026-02-05
14559,Enterprise,Professional Services,Australia,2022-05-31
14560,Enterprise,Media,USA,2026-01-16
14561,Large,Finance,USA,2021-02-14
14562,Small,Healthcare,India,2024-12-13
14563,Large,Professional Services,India,2022-12-24
14564,Small,Finance,India,2023-01-26
14565,Small,Retail,USA,2026-03-24
14566,Large,Retail,Germany,2022-01-21
14567,Small,Manufacturing,USA,2026-07-24
14568,Small,Retail,Australia,2021-12-26
14569,Small,Professional Services,India,2025-01-31
14570,Large,Retail,UK,2023-09-10
14571,Medium,Retail,USA,2026-05-22
14572,Medium,Media,Singapore,2021-07-24
14573,Small,Healthcare,Germany,2023-12-09
14574,Large,Manufacturing,USA,2022-01-01
14575,Large,Technology,Australia,2023-02-08
14576,Small,Manufacturing,India,2023-09-14
14577,Medium,Manufacturing,UK,2022-02-21
14578,Small,Manufacturing,India,2025-01-01
14579,Enterprise,Finance,USA,2024-03-12
14580,Medium,Technology,India,2021-07-16
14581,Enterprise,Finance,Canada,2024-10-21
14582,Small,Healthcare,USA,2024-04-30
14583,Large,Healthcare,Australia,2026-09-03
14584,Large,Education,UK,2024-01-04
14585,Medium,Education,India,2026-03-17
14586,Enterprise,Media,Australia,2025-07-28
14587,Medium,Healthcare,Germany,2024-11-18
14588,Small,Healthcare,Singapore,2021-02-06
14589,Medium,Finance,UK,2023-09-20
14590,Large,Media,Australia,2025-05-06
14591,Medium,Healthcare,Australia,2022-07-26
14592,Small,Professional Services,India,2021-11-03
14593,Medium,Technology,India,2021-11-01
14594,Small,Finance,India,2025-11-03
14595,Medium,Healthcare,USA,2023-07-21
14596,Medium,Finance,USA,2025-01-07
14597,Large,Finance,Singapore,2025-03-23
14598,Small,Retail,USA,2026-06-16
14599,Medium,Media,Australia,2023-03-08
14600,Small,Education,Canada,2025-03-15
14601,Small,Media,India,2023-01-17
14602,Large,Finance,India,2022-03-29
14603,Enterprise,Media,UK,2023-04-11
14604,Medium,Manufacturing,Canada,2023-01-28
14605,Large,Professional Services,Singapore,2023-05-11
14606,Large,Professional Services,USA,2026-05-30
14607,Large,Finance,Germany,2025-04-02
14608,Small,Manufacturing,USA,2026-04-03
14609,Enterprise,Professional Services,Canada,2023-03-30
14610,Medium,Retail,UK,2024-10-24
14611,Small,Healthcare,India,2026-02-23
14612,Small,Finance,India,2022-01-16
14613,Medium,Retail,India,2024-05-27
14614,Small,Media,USA,2022-10-11
14615,Small,Technology,Australia,2021-09-03
14616,Small,Media,India,2022-07-19
14617,Large,Retail,UK,2023-04-01
14618,Large,Education,USA,2022-04-17
14619,Small,Education,Australia,2026-07-10
14620,Large,Healthcare,Australia,2021-05-02
14621,Large,Media,Australia,2024-09-11
14622,Large,Manufacturing,UK,2023-02-20
14623,Small,Healthcare,USA,2021-05-01
14624,Medium,Professional Services,Germany,2026-03-01
14625,Enterprise,Manufacturing,India,2024-10-15
14626,Medium,Manufacturing,USA,2026-01-11
14627,Small,Manufacturing,India,2021-02-16
14628,Medium,Manufacturing,Canada,2026-05-23
14629,Medium,Education,Canada,2026-01-08
14630,Medium,Media,Canada,2024-10-30
14631,Small,Professional Services,USA,2026-02-21
14632,Small,Education,India,2023-01-01
14633,Large,Finance,Singapore,2021-04-21
14634,Large,Professional Services,UK,2024-06-04
14635,Small,Education,USA,2025-12-16
14636,Enterprise,Healthcare,UK,2021-05-15
14637,Small,Education,India,2024-08-11
14638,Medium,Professional Services,India,2022-09-02
14639,Large,Professional Services,USA,2023-11-24
14640,Large,Healthcare,India,2026-06-12
14641,Enterprise,Technology,India,2022-07-14
14642,Small,Media,Germany,2021-09-16
14643,Large,Professional Services,UK,2025-07-07
14644,Small,Education,USA,2023-07-05
14645,Large,Healthcare,Canada,2021-08-26
14646,Large,Manufacturing,Singapore,2022-11-19
14647,Medium,Media,India,2025-05-30
14648,Small,Professional Services,Germany,2024-03-04
14649,Large,Media,UK,2022-08-18
14650,Small,Media,India,2025-10-17
14651,Small,Retail,USA,2022-02-07
14652,Large,Media,USA,2023-04-02
14653,Medium,Manufacturing,Canada,2025-11-18
14654,Large,Finance,India,2025-08-25
14655,Medium,Media,UK,2024-12-09
14656,Small,Professional Services,Canada,2024-04-05
14657,Large,Healthcare,USA,2025-06-02
14658,Medium,Manufacturing,Germany,2022-04-30
14659,Small,Education,Germany,2025-04-05
14660,Large,Education,USA,2023-06-20
14661,Medium,Professional Services,Singapore,2025-01-04
14662,Medium,Technology,India,2022-10-06
14663,Medium,Retail,India,2023-02-26
14664,Large,Professional Services,USA,2021-01-18
14665,Large,Healthcare,UK,2026-05-11
14666,Large,Manufacturing,Canada,2023-01-26
14667,Small,Retail,USA,2022-11-18
14668,Large,Technology,India,2026-07-30
14669,Medium,Professional Services,India,2022-08-24
14670,Medium,Finance,Germany,2023-11-10
14671,Medium,Retail,Germany,2024-09-11
14672,Large,Technology,Canada,2024-10-11
14673,Large,Professional Services,Canada,2022-03-09
14674,Small,Media,UK,2023-11-08
14675,Medium,Professional Services,India,2025-04-23
14676,Large,Healthcare,USA,2022-01-11
14677,Small,Professional Services,Canada,2025-06-13
14678,Enterprise,Finance,UK,2024-09-25
14679,Medium,Professional Services,India,2023-10-08
14680,Medium,Education,Singapore,2022-12-17
14681,Small,Technology,Germany,2024-06-10
14682,Small,Media,USA,2024-02-02
14683,Enterprise,Education,UK,2023-10-21
14684,Small,Professional Services,Singapore,2021-08-09
14685,Large,Finance,India,2026-06-09
14686,Medium,Technology,UK,2023-11-16
14687,Small,Technology,USA,2023-12-24
14688,Small,Professional Services,USA,2023-04-06
14689,Medium,Finance,Germany,2024-02-29
14690,Enterprise,Healthcare,USA,2021-01-30
14691,Medium,Media,India,2023-02-26
14692,Medium,Technology,India,2021-01-10
14693,Small,Media,India,2024-03-16
14694,Medium,Finance,USA,2025-07-01
14695,Medium,Retail,Canada,2024-09-26
14696,Large,Education,India,2025-03-22
14697,Medium,Technology,Canada,2021-02-20
14698,Medium,Retail,Canada,2022-02-02
14699,Small,Technology,USA,2021-11-10
14700,Enterprise,Healthcare,UK,2022-05-29
14701,Small,Professional Services,Canada,2022-06-14
14702,Small,Finance,USA,2025-11-20
14703,Medium,Technology,USA,2025-10-30
14704,Medium,Finance,UK,2023-05-10
14705,Medium,Manufacturing,Singapore,2021-11-08
14706,Medium,Technology,USA,2023-09-23
14707,Large,Healthcare,USA,2024-08-15
14708,Small,Healthcare,USA,2021-09-21
14709,Large,Professional Services,India,2025-03-23
14710,Medium,Professional Services,UK,2021-01-21
14711,Medium,Retail,USA,2022-07-03
14712,Medium,Healthcare,India,2024-04-11
14713,Small,Finance,USA,2023-08-06
14714,Large,Manufacturing,India,2023-10-18
14715,Medium,Media,USA,2021-07-25
14716,Small,Healthcare,India,2025-06-25
14717,Medium,Technology,India,2022-09-23
14718,Enterprise,Media,Germany,2022-03-16
14719,Medium,Media,Singapore,2024-01-04
14720,Enterprise,Healthcare,India,2021-10-17
14721,Small,Manufacturing,UK,2021-07-27
14722,Small,Finance,USA,2021-09-29
14723,Small,Technology,USA,2022-02-19
14724,Medium,Retail,USA,2022-01-19
14725,Small,Retail,USA,2024-07-08
14726,Small,Retail,Canada,2023-06-10
14727,Enterprise,Professional Services,India,2025-07-21
14728,Large,Technology,India,2023-11-08
14729,Large,Media,Australia,2024-08-12
14730,Small,Retail,Canada,2024-09-05
14731,Small,Professional Services,USA,2025-04-27
14732,Small,Healthcare,USA,2025-09-13
14733,Large,Media,USA,2026-02-28
14734,Enterprise,Technology,USA,2025-08-07
14735,Medium,Technology,USA,2023-08-02
14736,Small,Technology,USA,2023-06-12
14737,Medium,Education,UK,2021-03-02
14738,Small,Professional Services,Canada,2024-05-17
14739,Medium,Media,Canada,2021-06-15
14740,Medium,Finance,USA,2026-03-21
14741,Large,Education,USA,2024-08-16
14742,Small,Education,USA,2022-10-17
14743,Small,Education,UK,2021-12-17
14744,Enterprise,Finance,USA,2025-04-15
14745,Small,Education,Germany,2023-07-21
14746,Small,Retail,Canada,2026-03-20
14747,Small,Technology,Germany,2024-01-19
14748,Small,Media,Canada,2026-06-13
14749,Medium,Media,Singapore,2024-10-17
14750,Large,Technology,Canada,2024-01-22
14751,Small,Professional Services,Singapore,2021-05-14
14752,Medium,Healthcare,India,2024-05-12
14753,Medium,Manufacturing,India,2026-02-15
14754,Medium,Retail,UK,2023-10-15
14755,Large,Finance,Singapore,2026-02-25
14756,Large,Manufacturing,USA,2022-03-14
14757,Small,Technology,India,2022-11-11
14758,Large,Education,UK,2024-06-01
14759,Medium,Media,Canada,2024-04-06
14760,Enterprise,Professional Services,USA,2024-02-05
14761,Medium,Professional Services,Canada,2024-11-04
14762,Enterprise,Healthcare,Singapore,2026-09-03
14763,Large,Healthcare,Germany,2025-03-15
14764,Small,Technology,USA,2024-08-23
14765,Medium,Retail,USA,2023-07-24
14766,Enterprise,Professional Services,USA,2024-10-13
14767,Large,Manufacturing,USA,2022-01-05
14768,Small,Healthcare,India,2023-09-24
14769,Large,Media,Australia,2025-05-24
14770,Small,Media,USA,2024-03-22
14771,Small,Technology,Germany,2022-01-11
14772,Medium,Retail,Singapore,2026-04-28
14773,Small,Technology,India,2023-08-16
14774,Large,Technology,Singapore,2023-03-22
14775,Small,Retail,Canada,2023-04-07
14776,Large,Retail,UK,2026-01-20
14777,Small,Retail,USA,2025-03-14
14778,Small,Media,UK,2021-12-01
14779,Small,Media,USA,2022-02-14
14780,Small,Technology,Canada,2021-02-23
14781,Small,Healthcare,India,2022-12-02
14782,Small,Finance,Canada,2025-10-24
14783,Medium,Finance,USA,2024-01-04
14784,Small,Technology,India,2023-09-02
14785,Medium,Technology,UK,2022-01-28
14786,Medium,Healthcare,UK,2022-07-08
14787,Large,Retail,USA,2023-04-06
14788,Enterprise,Technology,India,2023-01-14
14789,Medium,Professional Services,Germany,2025-01-10
14790,Small,Media,UK,2021-05-19
14791,Small,Education,India,2026-01-20
14792,Enterprise,Retail,UK,2022-06-26
14793,Small,Professional Services,USA,2026-01-31
14794,Small,Media,India,2024-08-30
14795,Small,Technology,UK,2025-09-17
14796,Small,Education,Germany,2021-03-14
14797,Small,Professional Services,Australia,2022-03-11
14798,Large,Manufacturing,India,2025-12-12
14799,Small,Healthcare,Germany,2026-08-08
14800,Medium,Media,USA,2022-04-02
14801,Small,Education,Singapore,2026-09-09
14802,Small,Technology,India,2025-07-07
14803,Enterprise,Finance,USA,2021-12-01
14804,Small,Professional Services,UK,2022-10-22
14805,Large,Technology,India,2022-07-23
14806,Medium,Finance,Australia,2021-06-26
14807,Small,Healthcare,Canada,2023-02-16
14808,Enterprise,Healthcare,India,2024-06-14
14809,Small,Retail,UK,2024-07-25
14810,Large,Professional Services,USA,2021-03-18
14811,Small,Retail,India,2023-07-22
14812,Large,Finance,Singapore,2022-09-28
14813,Small,Finance,Germany,2025-08-05
14814,Medium,Healthcare,USA,2024-04-05
14815,Large,Education,UK,2024-11-13
14816,Enterprise,Finance,USA,2021-01-12
14817,Enterprise,Finance,Australia,2023-04-11
14818,Large,Professional Services,Singapore,2024-12-20
14819,Large,Education,USA,2022-03-25
14820,Small,Retail,Germany,2025-11-25
14821,Small,Retail,USA,2022-03-03
14822,Small,Finance,USA,2023-07-05
14823,Medium,Professional Services,Singapore,2022-09-23
14824,Medium,Retail,UK,2021-08-14
14825,Medium,Retail,USA,2022-03-23
14826,Small,Manufacturing,Canada,2026-03-26
14827,Medium,Professional Services,USA,2025-02-08
14828,Small,Retail,USA,2022-11-06
14829,Small,Healthcare,Singapore,2024-08-13
14830,Medium,Technology,Canada,2026-08-26
14831,Large,Finance,Germany,2024-11-02
14832,Large,Media,USA,2023-11-10
14833,Medium,Finance,UK,2024-06-21
14834,Small,Healthcare,Singapore,2024-06-21
14835,Medium,Media,USA,2022-01-27
14836,Small,Technology,India,2022-12-25
14837,Medium,Technology,UK,2026-03-04
14838,Medium,Healthcare,USA,2024-07-09
14839,Small,Education,India,2023-10-29
14840,Small,Education,Germany,2021-01-14
14841,Enterprise,Technology,Singapore,2022-10-04
14842,Enterprise,Education,UK,2023-11-12
14843,Medium,Education,Australia,2021-08-13
14844,Small,Education,Germany,2024-03-03
14845,Small,Technology,Canada,2025-03-24
14846,Medium,Media,India,2023-03-03
14847,Enterprise,Education,India,2025-04-12
14848,Small,Media,India,2022-03-13
14849,Large,Finance,India,2023-12-11
14850,Small,Manufacturing,USA,2026-05-02
14851,Enterprise,Technology,USA,2026-08-02
14852,Medium,Healthcare,India,2022-08-04
14853,Large,Education,India,2026-06-26
14854,Small,Retail,UK,2022-11-18
14855,Medium,Technology,USA,2021-12-31
14856,Small,Professional Services,Australia,2021-09-26
14857,Small,Healthcare,India,2025-09-13
14858,Enterprise,Manufacturing,Germany,2024-10-26
14859,Enterprise,Finance,Singapore,2025-04-25
14860,Large,Media,Canada,2021-03-19
14861,Medium,Media,Australia,2021-07-08
14862,Large,Professional Services,Singapore,2025-06-19
14863,Small,Healthcare,India,2024-08-18
14864,Small,Education,Singapore,2023-08-17
14865,Small,Retail,Australia,2023-06-22
14866,Medium,Education,Australia,2021-12-07
14867,Medium,Healthcare,USA,2023-12-02
14868,Small,Technology,UK,2022-02-15
14869,Medium,Professional Services,Canada,2023-06-17
14870,Large,Retail,Canada,2022-10-06
14871,Medium,Media,Canada,2021-01-21
14872,Small,Professional Services,India,2022-11-09
14873,Small,Professional Services,USA,2024-01-05
14874,Small,Retail,USA,2021-03-29
14875,Small,Media,USA,2025-06-06
14876,Medium,Media,India,2026-08-27
14877,Medium,Healthcare,India,2025-05-08
14878,Medium,Manufacturing,USA,2024-03-15
14879,Medium,Manufacturing,USA,2024-11-17
14880,Large,Education,India,2021-11-06
14881,Small,Healthcare,Singapore,2022-05-07
14882,Medium,Retail,Australia,2023-01-30
14883,Large,Healthcare,Australia,2021-01-01
14884,Small,Retail,India,2026-09-20
14885,Small,Professional Services,UK,2022-11-03
14886,Large,Education,UK,2021-07-31
14887,Small,Technology,Singapore,2024-09-18
14888,Medium,Professional Services,Australia,2026-05-20
14889,Small,Media,UK,2021-10-31
14890,Medium,Technology,Germany,2022-11-22
14891,Small,Healthcare,India,2025-11-17
14892,Small,Retail,India,2026-01-08
14893,Medium,Technology,Canada,2022-09-08
14894,Small,Professional Services,India,2022-06-07
14895,Medium,Retail,India,2026-09-04
14896,Small,Education,Australia,2023-03-19
14897,Small,Professional Services,USA,2021-01-25
14898,Small,Media,Canada,2025-11-12
14899,Small,Healthcare,Singapore,2021-04-18
14900,Enterprise,Retail,USA,2024-09-15
14901,Small,Healthcare,India,2021-06-29
14902,Medium,Retail,India,2023-05-31
14903,Small,Professional Services,India,2026-01-05
14904,Small,Manufacturing,India,2022-08-26
14905,Enterprise,Manufacturing,India,2021-06-17
14906,Small,Retail,USA,2021-08-11
14907,Enterprise,Education,USA,2022-04-14
14908,Small,Healthcare,Canada,2021-10-05
14909,Large,Media,Germany,2025-03-30
14910,Medium,Finance,Australia,2026-07-14
14911,Large,Retail,UK,2025-11-14
14912,Medium,Retail,India,2022-09-13
14913,Medium,Manufacturing,Canada,2024-04-28
14914,Small,Technology,USA,2021-08-06
14915,Small,Professional Services,India,2024-08-27
14916,Enterprise,Manufacturing,Germany,2021-06-17
14917,Small,Healthcare,USA,2024-03-31
14918,Medium,Manufacturing,India,2024-09-24
14919,Large,Finance,Germany,2024-11-26
14920,Small,Education,Singapore,2023-12-02
14921,Enterprise,Professional Services,USA,2021-04-03
14922,Large,Finance,USA,2024-05-23
14923,Medium,Education,UK,2022-05-28
14924,Large,Finance,Australia,2021-04-16
14925,Small,Media,India,2024-06-09
14926,Small,Professional Services,UK,2024-04-15
14927,Medium,Manufacturing,Singapore,2025-08-30
14928,Small,Finance,USA,2024-08-10
14929,Large,Manufacturing,Singapore,2026-02-19
14930,Enterprise,Professional Services,Singapore,2025-03-24
14931,Medium,Manufacturing,USA,2024-05-20
14932,Small,Healthcare,Australia,2023-07-06
14933,Enterprise,Manufacturing,India,2025-11-04
14934,Medium,Technology,Australia,2023-12-13
14935,Medium,Finance,Australia,2024-06-10
14936,Medium,Professional Services,India,2025-03-22
14937,Enterprise,Retail,Canada,2023-08-09
14938,Medium,Retail,Germany,2026-09-23
14939,Large,Retail,USA,2025-09-28
14940,Large,Professional Services,India,2025-03-20
14941,Small,Technology,India,2021-04-02
14942,Medium,Manufacturing,UK,2023-01-29
14943,Large,Finance,Singapore,2023-01-01
14944,Medium,Education,Germany,2023-08-12
14945,Large,Education,USA,2025-01-01
14946,Enterprise,Professional Services,UK,2021-12-03
14947,Medium,Healthcare,USA,2024-08-10
14948,Large,Technology,India,2022-12-01
14949,Large,Finance,USA,2023-07-14
14950,Large,Manufacturing,USA,2026-07-10
14951,Medium,Retail,UK,2023-09-05
14952,Small,Technology,Singapore,2021-04-25
14953,Medium,Technology,UK,2024-06-12
14954,Medium,Finance,UK,2024-07-21
14955,Medium,Professional Services,India,2026-06-02
14956,Large,Manufacturing,Singapore,2021-02-03
14957,Medium,Media,Australia,2024-11-12
14958,Medium,Media,Germany,2025-09-29
14959,Small,Professional Services,USA,2022-03-25
14960,Large,Professional Services,UK,2024-05-22
14961,Medium,Healthcare,UK,2023-12-06
14962,Small,Professional Services,India,2022-02-09
14963,Small,Manufacturing,Canada,2021-11-29
14964,Large,Healthcare,Singapore,2026-07-31
14965,Medium,Media,India,2024-07-01
14966,Small,Healthcare,India,2021-08-16
14967,Enterprise,Retail,Australia,2021-06-15
14968,Large,Retail,USA,2022-08-08
14969,Enterprise,Media,Canada,2023-01-07
14970,Medium,Finance,Canada,2025-03-15
14971,Medium,Media,USA,2022-08-21
14972,Large,Manufacturing,Germany,2022-08-16
14973,Medium,Professional Services,UK,2025-08-27
14974,Large,Healthcare,Germany,2024-11-14
14975,Small,Finance,Australia,2024-12-17
14976,Medium,Healthcare,Germany,2023-07-14
14977,Small,Technology,India,2022-10-11
14978,Small,Education,India,2025-08-15
14979,Small,Education,India,2022-03-23
14980,Small,Healthcare,USA,2021-04-07
14981,Enterprise,Finance,Germany,2025-08-31
14982,Small,Media,USA,2024-06-21
14983,Medium,Retail,Germany,2022-09-23
14984,Large,Manufacturing,USA,2022-05-18
14985,Medium,Healthcare,USA,2021-10-15
14986,Small,Healthcare,Germany,2022-01-04
14987,Large,Manufacturing,USA,2021-03-06
14988,Medium,Media,Australia,2021-06-11
14989,Large,Professional Services,India,2025-12-23
14990,Large,Retail,Singapore,2022-10-24
14991,Enterprise,Healthcare,UK,2022-04-26
14992,Medium,Technology,Australia,2025-07-15
14993,Small,Retail,India,2025-11-26
14994,Medium,Technology,USA,2022-07-21
14995,Small,Education,Singapore,2022-02-10
14996,Large,Manufacturing,Germany,2023-02-04
14997,Small,Retail,India,2026-04-25
14998,Small,Professional Services,USA,2023-05-16
14999,Large,Retail,USA,2024-01-23
15000,Medium,Finance,India,2024-05-20
15001,Medium,Finance,Australia,2023-01-12
15002,Medium,Manufacturing,India,2026-01-06
15003,Large,Professional Services,USA,2021-02-12
15004,Small,Retail,Canada,2025-01-05
15005,Large,Media,USA,2025-03-19
15006,Small,Education,Australia,2023-06-30
15007,Large,Professional Services,Singapore,2022-08-30
15008,Large,Healthcare,India,2024-11-19
15009,Small,Manufacturing,Canada,2025-08-30
15010,Medium,Media,India,2022-12-20
15011,Small,Professional Services,USA,2021-08-02
15012,Large,Manufacturing,India,2021-05-12
15013,Medium,Professional Services,India,2026-08-19
15014,Medium,Finance,USA,2025-11-02
15015,Small,Education,USA,2021-06-02
15016,Small,Manufacturing,Germany,2022-04-28
15017,Small,Education,Australia,2026-07-14
15018,Small,Manufacturing,Singapore,2021-11-01
15019,Medium,Finance,UK,2026-07-10
15020,Large,Healthcare,India,2023-09-20
15021,Medium,Media,USA,2025-04-01
15022,Medium,Finance,USA,2021-12-09
15023,Enterprise,Manufacturing,USA,2022-12-16
15024,Large,Education,Canada,2025-09-06
15025,Enterprise,Technology,UK,2023-11-24
15026,Medium,Finance,USA,2022-04-16
15027,Small,Education,India,2023-01-11
15028,Small,Professional Services,India,2022-05-28
15029,Large,Professional Services,India,2024-02-13
15030,Small,Finance,India,2022-07-13
15031,Small,Manufacturing,Australia,2023-03-03
15032,Medium,Professional Services,India,2024-04-16
15033,Medium,Education,Australia,2025-10-15
15034,Medium,Media,USA,2021-12-26
15035,Small,Healthcare,India,2021-10-12
15036,Medium,Education,Germany,2025-10-24
15037,Medium,Professional Services,UK,2024-10-15
15038,Enterprise,Professional Services,India,2025-03-03
15039,Large,Retail,Germany,2024-03-10
15040,Enterprise,Technology,India,2025-08-19
15041,Large,Manufacturing,India,2024-05-30
15042,Medium,Education,Australia,2024-11-13
15043,Small,Professional Services,Canada,2024-09-15
15044,Medium,Manufacturing,USA,2023-01-13
15045,Medium,Finance,India,2024-11-17
15046,Medium,Finance,Germany,2021-12-24
15047,Medium,Education,USA,2026-05-07
15048,Medium,Retail,India,2021-02-09
15049,Small,Professional Services,UK,2022-04-03
15050,Medium,Education,Singapore,2026-05-23
15051,Small,Healthcare,India,2021-07-16
15052,Large,Retail,Australia,2026-02-18
15053,Small,Professional Services,UK,2025-10-01
15054,Small,Professional Services,USA,2023-07-27
15055,Medium,Manufacturing,Australia,2021-01-30
15056,Medium,Education,Singapore,2025-08-29
15057,Medium,Professional Services,India,2022-01-25
15058,Small,Manufacturing,India,2024-02-19
15059,Medium,Professional Services,Singapore,2021-12-13
15060,Small,Technology,Canada,2021-04-29
15061,Enterprise,Retail,USA,2022-06-04
15062,Enterprise,Education,UK,2024-05-23
15063,Medium,Technology,Australia,2022-08-07
15064,Small,Education,Australia,2025-09-05
15065,Large,Healthcare,Singapore,2024-08-05
15066,Small,Finance,USA,2026-06-05
15067,Medium,Media,USA,2023-11-12
15068,Small,Manufacturing,Canada,2023-01-12
15069,Enterprise,Education,USA,2022-11-03
15070,Small,Retail,UK,2025-11-07
15071,Medium,Education,USA,2025-08-13
15072,Large,Education,India,2026-09-09
15073,Medium,Education,USA,2025-08-24
15074,Small,Media,Canada,2021-03-04
15075,Enterprise,Professional Services,Australia,2024-12-24
15076,Medium,Education,USA,2021-06-06
15077,Medium,Professional Services,India,2023-02-16
15078,Small,Retail,USA,2026-03-19
15079,Medium,Retail,Australia,2024-09-12
15080,Medium,Education,USA,2024-08-31
15081,Small,Professional Services,Canada,2021-01-06
15082,Small,Finance,UK,2024-07-03
15083,Large,Education,India,2026-03-18
15084,Small,Manufacturing,Australia,2023-04-01
15085,Small,Manufacturing,India,2024-09-05
15086,Medium,Retail,UK,2026-07-17
15087,Large,Media,India,2021-01-04
15088,Small,Manufacturing,India,2021-01-31
15089,Medium,Manufacturing,UK,2026-01-31
15090,Small,Healthcare,USA,2025-07-11
15091,Small,Education,Canada,2024-07-22
15092,Small,Education,Australia,2022-12-10
15093,Large,Education,Australia,2023-06-05
15094,Small,Education,USA,2024-04-15
15095,Small,Technology,Canada,2026-06-03
15096,Medium,Education,UK,2023-01-18
15097,Large,Media,USA,2022-05-16
15098,Small,Professional Services,UK,2021-07-24
15099,Medium,Retail,Singapore,2025-01-23
15100,Small,Professional Services,India,2024-11-07
15101,Medium,Media,Singapore,2021-11-29
15102,Medium,Retail,India,2021-06-15
15103,Medium,Technology,USA,2021-01-06
15104,Small,Education,USA,2022-06-16
15105,Small,Finance,Canada,2025-08-28
15106,Small,Professional Services,India,2026-09-24
15107,Medium,Education,Germany,2022-04-02
15108,Small,Retail,Germany,2021-08-15
15109,Large,Professional Services,Canada,2026-08-09
15110,Enterprise,Healthcare,USA,2026-10-01
15111,Enterprise,Manufacturing,Singapore,2025-10-09
15112,Large,Healthcare,Germany,2022-04-16
15113,Medium,Finance,USA,2023-06-16
15114,Large,Education,Canada,2024-08-13
15115,Small,Technology,UK,2025-07-23
15116,Medium,Education,UK,2025-03-06
15117,Medium,Finance,USA,2024-05-10
15118,Medium,Finance,USA,2024-12-16
15119,Large,Manufacturing,India,2022-11-05
15120,Small,Finance,USA,2024-01-02
15121,Small,Healthcare,Canada,2024-05-17
15122,Enterprise,Manufacturing,Singapore,2023-06-17
15123,Small,Education,Singapore,2026-05-17
15124,Medium,Professional Services,UK,2023-04-28
15125,Enterprise,Education,UK,2026-05-21
15126,Medium,Technology,India,2022-10-09
15127,Medium,Finance,Canada,2022-03-14
15128,Small,Finance,India,2025-02-09
15129,Small,Retail,USA,2025-09-22
15130,Large,Manufacturing,Canada,2025-04-15
15131,Medium,Retail,USA,2025-10-10
15132,Medium,Manufacturing,India,2021-11-22
15133,Small,Healthcare,Germany,2021-11-18
15134,Small,Manufacturing,USA,2024-04-24
15135,Enterprise,Education,India,2021-09-23
15136,Medium,Technology,India,2023-04-22
15137,Medium,Professional Services,USA,2021-11-25
15138,Small,Manufacturing,India,2022-11-14
15139,Medium,Manufacturing,Australia,2026-09-03
15140,Enterprise,Manufacturing,USA,2024-07-08
15141,Medium,Technology,Germany,2024-10-10
15142,Small,Finance,India,2026-03-27
15143,Medium,Technology,USA,2024-09-18
15144,Large,Media,Canada,2026-03-03
15145,Medium,Media,Canada,2026-06-02
15146,Large,Media,UK,2022-09-24
15147,Medium,Finance,Singapore,2021-11-17
15148,Large,Media,India,2025-01-10
15149,Medium,Professional Services,USA,2024-11-01
15150,Small,Education,Germany,2021-07-22
15151,Small,Technology,India,2022-09-19
15152,Small,Finance,India,2026-02-12
15153,Enterprise,Education,India,2026-09-11
15154,Large,Education,Canada,2022-12-28
15155,Medium,Finance,USA,2023-08-12
15156,Small,Media,India,2025-12-27
15157,Small,Finance,USA,2021-03-11
15158,Large,Healthcare,UK,2023-12-31
15159,Medium,Education,India,2025-07-05
15160,Small,Finance,USA,2021-06-07
15161,Medium,Education,UK,2022-07-03
15162,Small,Media,Singapore,2026-01-14
15163,Small,Technology,Canada,2026-05-06
15164,Medium,Professional Services,Australia,2023-11-25
15165,Small,Retail,USA,2023-06-05
15166,Enterprise,Media,USA,2022-05-26
15167,Small,Retail,USA,2022-01-03
15168,Small,Manufacturing,Germany,2026-03-26
15169,Small,Finance,USA,2023-06-02
15170,Large,Finance,Germany,2025-12-03
15171,Medium,Media,Singapore,2024-07-17
15172,Medium,Education,India,2022-10-31
15173,Small,Media,India,2022-10-28
15174,Small,Manufacturing,India,2021-09-17
15175,Medium,Media,USA,2025-02-17
15176,Large,Finance,India,2021-11-09
15177,Large,Media,Germany,2026-01-19
15178,Small,Education,India,2025-03-14
15179,Medium,Finance,USA,2025-02-09
15180,Enterprise,Education,India,2022-11-05
15181,Medium,Media,Singapore,2024-11-24
15182,Large,Finance,Canada,2026-07-14
15183,Small,Healthcare,Singapore,2024-11-07
15184,Enterprise,Professional Services,Singapore,2024-02-22
15185,Large,Education,USA,2025-08-19
15186,Enterprise,Professional Services,India,2025-09-25
15187,Medium,Healthcare,India,2021-11-24
15188,Medium,Healthcare,India,2025-05-08
15189,Enterprise,Healthcare,Canada,2021-04-08
15190,Small,Healthcare,India,2022-10-21
15191,Small,Technology,India,2026-09-09
15192,Large,Professional Services,UK,2024-01-03
15193,Large,Media,Canada,2023-10-15
15194,Enterprise,Manufacturing,Canada,2023-07-12
15195,Small,Media,USA,2025-05-28
15196,Large,Media,Germany,2024-08-06
15197,Large,Professional Services,UK,2022-10-01
15198,Small,Media,India,2021-03-26
15199,Medium,Retail,Australia,2024-07-01
15200,Small,Technology,Singapore,2026-01-22
15201,Small,Media,India,2022-06-03
15202,Enterprise,Finance,USA,2024-08-23
15203,Medium,Media,USA,2021-07-03
15204,Large,Finance,India,2023-08-31
15205,Enterprise,Manufacturing,Germany,2021-08-15
15206,Medium,Retail,USA,2023-04-17
15207,Large,Retail,Australia,2024-06-28
15208,Medium,Retail,Canada,2021-06-19
15209,Large,Healthcare,UK,2022-07-20
15210,Small,Technology,India,2026-04-20
15211,Enterprise,Media,India,2023-04-07
15212,Small,Finance,India,2022-08-29
15213,Small,Technology,India,2021-12-16
15214,Large,Technology,USA,2021-04-09
15215,Medium,Technology,Germany,2025-11-05
15216,Medium,Retail,USA,2025-12-10
15217,Medium,Manufacturing,Australia,2023-11-27
15218,Large,Manufacturing,USA,2021-03-16
15219,Small,Retail,Australia,2022-02-06
15220,Small,Finance,Singapore,2021-07-07
15221,Small,Finance,India,2021-05-19
15222,Medium,Finance,Germany,2021-05-23
15223,Small,Media,Canada,2021-04-18
15224,Medium,Manufacturing,Germany,2021-08-09
15225,Medium,Media,Canada,2021-05-25
15226,Small,Manufacturing,USA,2022-05-25
15227,Medium,Technology,India,2021-01-05
15228,Large,Retail,India,2022-01-23
15229,Small,Healthcare,UK,2025-10-24
15230,Medium,Technology,Singapore,2026-03-11
15231,Medium,Education,Australia,2022-07-14
15232,Medium,Media,USA,2026-01-14
15233,Large,Manufacturing,Germany,2025-11-07
15234,Medium,Technology,Australia,2025-11-19
15235,Medium,Retail,USA,2021-12-31
15236,Small,Education,India,2022-02-21
15237,Medium,Professional Services,India,2025-06-24
15238,Medium,Media,Germany,2026-08-31
15239,Small,Technology,Germany,2022-06-01
15240,Medium,Retail,USA,2024-05-05
15241,Enterprise,Retail,USA,2022-10-23
15242,Medium,Manufacturing,Australia,2021-11-26
15243,Medium,Healthcare,Singapore,2022-01-13
15244,Enterprise,Technology,Australia,2021-06-09
15245,Large,Retail,UK,2022-10-20
15246,Medium,Media,India,2024-06-17
15247,Large,Finance,UK,2021-03-20
15248,Large,Retail,India,2022-11-24
15249,Medium,Healthcare,Germany,2026-07-31
15250,Medium,Retail,USA,2024-05-09
15251,Medium,Manufacturing,Germany,2023-08-09
15252,Enterprise,Professional Services,USA,2026-06-12
15253,Medium,Technology,Germany,2023-05-16
15254,Small,Manufacturing,USA,2022-01-26
15255,Large,Technology,USA,2026-02-25
15256,Medium,Education,UK,2024-11-09
15257,Small,Technology,India,2023-03-31
15258,Medium,Education,Singapore,2021-12-06
15259,Medium,Manufacturing,UK,2025-04-04
15260,Large,Finance,UK,2021-05-12
15261,Small,Media,Germany,2022-01-12
15262,Large,Healthcare,Germany,2022-10-02
15263,Medium,Finance,UK,2025-03-02
15264,Small,Media,Singapore,2022-03-17
15265,Enterprise,Education,India,2025-10-08
15266,Medium,Retail,India,2024-04-18
15267,Small,Retail,UK,2021-08-29
15268,Medium,Finance,USA,2025-12-15
15269,Large,Retail,USA,2021-01-23
15270,Small,Education,USA,2024-04-18
15271,Small,Manufacturing,USA,2026-03-03
15272,Small,Healthcare,Germany,2021-06-24
15273,Small,Professional Services,UK,2021-07-17
15274,Large,Technology,Singapore,2021-04-09
15275,Medium,Education,Australia,2023-01-15
15276,Small,Media,USA,2024-12-21
15277,Small,Professional Services,USA,2022-03-29
15278,Small,Education,USA,2025-11-17
15279,Enterprise,Technology,Germany,2022-05-14
15280,Small,Technology,India,2021-05-21
15281,Enterprise,Healthcare,India,2025-09-11
15282,Medium,Healthcare,Singapore,2022-11-07
15283,Small,Healthcare,Canada,2025-01-03
15284,Large,Retail,India,2023-07-07
15285,Medium,Media,India,2025-12-28
15286,Large,Media,Germany,2022-12-09
15287,Enterprise,Education,Germany,2025-09-27
15288,Small,Manufacturing,USA,2026-02-24
15289,Small,Technology,USA,2022-07-15
15290,Large,Education,Germany,2023-09-24
15291,Small,Professional Services,Australia,2021-02-28
15292,Small,Education,Germany,2024-04-05
15293,Small,Media,UK,2023-08-25
15294,Small,Healthcare,Singapore,2025-06-13
15295,Large,Healthcare,USA,2025-12-12
15296,Small,Education,India,2021-09-20
15297,Medium,Media,Canada,2024-12-25
15298,Medium,Media,UK,2021-12-20
15299,Medium,Media,Germany,2023-07-30
15300,Small,Healthcare,India,2021-02-16
15301,Large,Media,Germany,2023-01-23
15302,Small,Retail,USA,2024-08-25
15303,Large,Technology,Canada,2021-08-18
15304,Large,Professional Services,India,2026-04-09
15305,Medium,Media,UK,2023-01-27
15306,Medium,Education,Canada,2023-02-01
15307,Medium,Technology,USA,2024-01-06
15308,Medium,Retail,India,2021-08-26
15309,Large,Professional Services,UK,2021-03-19
15310,Large,Healthcare,Germany,2026-06-08
15311,Small,Finance,USA,2023-11-19
15312,Medium,Retail,USA,2024-03-04
15313,Enterprise,Finance,USA,2021-12-17
15314,Enterprise,Technology,Singapore,2023-07-02
15315,Medium,Education,USA,2021-12-16
15316,Medium,Professional Services,India,2024-07-28
15317,Small,Healthcare,Australia,2021-10-19
15318,Enterprise,Professional Services,Canada,2024-04-27
15319,Small,Retail,India,2022-04-13
15320,Medium,Healthcare,Singapore,2024-06-19
15321,Small,Finance,UK,2024-04-22
15322,Small,Finance,UK,2021-08-18
15323,Medium,Manufacturing,USA,2023-12-01
15324,Enterprise,Professional Services,Germany,2023-03-04
15325,Small,Media,India,2023-04-04
15326,Medium,Education,USA,2025-08-21
15327,Small,Media,India,2023-04-16
15328,Small,Finance,Australia,2026-08-20
15329,Medium,Education,UK,2021-03-28
15330,Medium,Manufacturing,UK,2024-09-24
15331,Small,Retail,India,2021-01-04
15332,Small,Manufacturing,Canada,2024-05-05
15333,Small,Education,Australia,2026-01-19
15334,Small,Finance,USA,2025-03-02
15335,Enterprise,Technology,Germany,2026-06-01
15336,Enterprise,Education,USA,2025-01-14
15337,Small,Healthcare,Australia,2024-02-05
15338,Medium,Media,India,2023-05-31
15339,Enterprise,Technology,UK,2024-11-02
15340,Small,Professional Services,Singapore,2026-05-30
15341,Large,Education,Singapore,2023-07-25
15342,Enterprise,Healthcare,USA,2026-02-22
15343,Small,Media,USA,2025-10-17
15344,Small,Professional Services,India,2021-01-02
15345,Enterprise,Manufacturing,Germany,2024-02-19
15346,Medium,Technology,UK,2025-06-27
15347,Small,Education,USA,2021-05-29
15348,Small,Retail,India,2021-06-01
15349,Medium,Manufacturing,Singapore,2026-04-24
15350,Medium,Healthcare,UK,2026-08-06
15351,Large,Retail,USA,2025-08-30
15352,Enterprise,Finance,USA,2026-01-26
15353,Small,Manufacturing,USA,2022-04-20
15354,Medium,Media,UK,2024-10-19
15355,Medium,Manufacturing,Singapore,2023-03-18
15356,Medium,Media,Germany,2023-12-31
15357,Small,Education,USA,2025-07-22
15358,Enterprise,Education,Germany,2026-09-12
15359,Large,Healthcare,USA,2024-03-26
15360,Medium,Manufacturing,USA,2024-09-15
15361,Medium,Education,Singapore,2025-09-27
15362,Small,Finance,USA,2026-06-20
15363,Medium,Media,USA,2025-04-12
15364,Medium,Professional Services,Singapore,2024-06-04
15365,Medium,Professional Services,India,2022-01-02
15366,Enterprise,Professional Services,Australia,2025-12-06
15367,Medium,Education,Singapore,2026-07-30
15368,Medium,Manufacturing,UK,2026-07-17
15369,Large,Professional Services,India,2022-06-22
15370,Small,Technology,USA,2025-04-04
15371,Medium,Retail,India,2026-08-26
15372,Small,Manufacturing,USA,2023-03-02
15373,Medium,Media,Australia,2024-05-11
15374,Large,Finance,USA,2026-05-03
15375,Medium,Manufacturing,USA,2025-08-29
15376,Large,Finance,UK,2023-12-19
15377,Medium,Manufacturing,UK,2023-10-06
15378,Small,Professional Services,Germany,2021-02-17
15379,Large,Retail,USA,2022-10-22
15380,Small,Retail,Germany,2024-12-06
15381,Small,Finance,UK,2021-04-24
15382,Medium,Manufacturing,USA,2022-03-14
15383,Small,Retail,USA,2021-06-11
15384,Small,Healthcare,USA,2022-05-19
15385,Medium,Manufacturing,Canada,2023-11-26
15386,Medium,Retail,India,2023-10-03
15387,Medium,Technology,Singapore,2025-07-29
15388,Enterprise,Technology,UK,2024-10-26
15389,Medium,Healthcare,Singapore,2025-02-18
15390,Large,Retail,India,2026-07-03
15391,Small,Technology,USA,2022-04-25
15392,Medium,Professional Services,India,2023-08-15
15393,Large,Manufacturing,USA,2021-06-08
15394,Medium,Education,Germany,2023-01-25
15395,Large,Retail,India,2026-01-11
15396,Medium,Media,USA,2021-07-23
15397,Small,Healthcare,India,2022-05-27
15398,Medium,Retail,USA,2026-06-11
15399,Medium,Finance,Germany,2021-04-26
15400,Large,Finance,Canada,2022-01-27
15401,Small,Technology,Australia,2024-05-23
15402,Enterprise,Media,USA,2025-03-15
15403,Enterprise,Finance,Singapore,2023-01-11
15404,Small,Healthcare,Canada,2021-02-06
15405,Small,Media,USA,2023-09-13
15406,Large,Technology,USA,2025-03-16
15407,Enterprise,Healthcare,Singapore,2022-01-04
15408,Medium,Manufacturing,UK,2026-05-12
15409,Small,Healthcare,Canada,2023-03-25
15410,Medium,Finance,USA,2025-10-03
15411,Medium,Manufacturing,India,2024-01-29
15412,Small,Finance,Australia,2024-01-04
15413,Large,Healthcare,UK,2024-10-23
15414,Small,Finance,UK,2025-07-06
15415,Small,Media,Canada,2026-07-25
15416,Medium,Finance,India,2025-08-06
15417,Medium,Finance,Australia,2021-03-16
15418,Small,Retail,Singapore,2025-12-19
15419,Medium,Manufacturing,Germany,2024-06-26
15420,Small,Media,USA,2026-06-03
15421,Small,Manufacturing,USA,2026-04-11
15422,Small,Professional Services,Germany,2026-06-09
15423,Enterprise,Manufacturing,UK,2025-04-26
15424,Medium,Professional Services,UK,2025-01-09
15425,Medium,Healthcare,Singapore,2023-09-07
15426,Medium,Professional Services,UK,2024-06-09
15427,Enterprise,Professional Services,UK,2025-06-30
15428,Small,Education,India,2021-10-27
15429,Medium,Healthcare,India,2022-03-02
15430,Large,Manufacturing,India,2022-02-05
15431,Medium,Technology,Singapore,2024-11-02
15432,Small,Finance,USA,2026-06-06
15433,Medium,Finance,USA,2026-04-26
15434,Small,Education,Germany,2024-07-04
15435,Medium,Technology,UK,2023-01-11
15436,Large,Retail,UK,2023-05-12
15437,Small,Professional Services,USA,2022-05-09
15438,Large,Media,Germany,2024-04-20
15439,Small,Healthcare,India,2021-03-31
15440,Large,Retail,India,2021-03-05
15441,Medium,Technology,India,2024-01-17
15442,Small,Education,USA,2023-11-23
15443,Small,Technology,USA,2024-01-01
15444,Enterprise,Education,Canada,2025-04-29
15445,Small,Retail,India,2022-05-29
15446,Small,Retail,Canada,2021-05-16
15447,Small,Media,India,2021-05-01
15448,Medium,Technology,India,2025-02-10
15449,Medium,Technology,UK,2023-04-04
15450,Small,Professional Services,Singapore,2024-01-23
15451,Small,Finance,Germany,2022-05-20
15452,Small,Education,Singapore,2026-08-17
15453,Small,Finance,Canada,2025-06-12
15454,Medium,Healthcare,Canada,2025-10-10
15455,Large,Healthcare,Canada,2023-03-14
15456,Small,Technology,Canada,2021-10-05
15457,Medium,Retail,India,2025-01-11
15458,Medium,Healthcare,UK,2023-04-07
15459,Enterprise,Healthcare,USA,2023-08-03
15460,Enterprise,Media,USA,2026-10-01
15461,Large,Finance,UK,2024-11-29
15462,Small,Media,India,2023-02-18
15463,Small,Finance,USA,2021-07-30
15464,Small,Professional Services,India,2023-06-09
15465,Small,Media,Singapore,2026-07-19
15466,Medium,Professional Services,India,2023-10-04
15467,Large,Healthcare,USA,2025-06-26
15468,Large,Technology,Germany,2023-04-25
15469,Large,Finance,USA,2023-10-13
15470,Medium,Healthcare,India,2022-02-02
15471,Medium,Retail,USA,2024-09-06
15472,Small,Finance,India,2022-10-01
15473,Small,Healthcare,India,2022-05-08
15474,Large,Professional Services,India,2025-06-18
15475,Small,Media,USA,2025-02-08
15476,Medium,Education,Germany,2025-01-25
15477,Small,Finance,UK,2022-03-24
15478,Medium,Education,UK,2024-01-31
15479,Large,Finance,India,2022-07-13
15480,Small,Finance,USA,2023-08-28
15481,Large,Media,Germany,2023-07-26
15482,Small,Professional Services,India,2024-05-12
15483,Medium,Manufacturing,Germany,2021-03-27
15484,Large,Manufacturing,USA,2024-09-09
15485,Medium,Education,Germany,2026-05-03
15486,Enterprise,Technology,USA,2023-05-27
15487,Small,Healthcare,USA,2021-07-25
15488,Medium,Technology,Australia,2026-04-16
15489,Medium,Technology,Australia,2024-12-23
15490,Enterprise,Manufacturing,India,2023-03-02
15491,Small,Healthcare,Singapore,2024-08-06
15492,Large,Manufacturing,India,2023-08-05
15493,Medium,Media,India,2026-06-17
15494,Small,Media,UK,2025-03-26
15495,Medium,Manufacturing,Australia,2022-07-11
15496,Small,Professional Services,Singapore,2021-01-30
15497,Medium,Manufacturing,USA,2025-01-11
15498,Large,Retail,India,2024-11-10
15499,Medium,Technology,UK,2022-06-13
15500,Medium,Professional Services,USA,2023-11-18
15501,Medium,Professional Services,USA,2021-05-06
15502,Small,Technology,USA,2023-03-24
15503,Small,Professional Services,India,2022-10-16
15504,Medium,Technology,USA,2021-05-18
15505,Small,Retail,USA,2024-09-22
15506,Small,Finance,Canada,2023-01-11
15507,Medium,Professional Services,Canada,2021-10-18
15508,Small,Education,India,2025-08-21
15509,Small,Education,India,2025-11-27
15510,Medium,Retail,USA,2022-07-03
15511,Small,Technology,India,2024-08-12
15512,Enterprise,Education,Canada,2024-01-04
15513,Large,Retail,Singapore,2024-10-27
15514,Large,Manufacturing,Canada,2025-03-25
15515,Small,Healthcare,UK,2024-02-04
15516,Large,Education,USA,2022-02-06
15517,Large,Media,USA,2025-11-16
15518,Large,Healthcare,Singapore,2023-02-26
15519,Small,Media,Singapore,2022-01-08
15520,Medium,Technology,USA,2021-12-04
15521,Large,Education,USA,2023-11-23
15522,Medium,Retail,Australia,2024-12-16
15523,Medium,Finance,India,2024-07-16
15524,Medium,Education,Australia,2026-05-23
15525,Medium,Education,Germany,2024-01-02
15526,Small,Education,India,2026-02-25
15527,Medium,Education,Singapore,2024-04-19
15528,Small,Media,Singapore,2026-04-05
15529,Medium,Retail,Singapore,2026-08-01
15530,Small,Retail,USA,2025-09-29
15531,Medium,Media,India,2026-01-05
15532,Small,Finance,UK,2021-02-01
15533,Medium,Retail,USA,2026-05-23
15534,Large,Retail,India,2021-01-15
15535,Small,Technology,USA,2021-04-17
15536,Small,Professional Services,Canada,2022-04-14
15537,Small,Technology,India,2021-07-21
15538,Large,Professional Services,USA,2026-03-27
15539,Medium,Healthcare,India,2025-11-30
15540,Medium,Finance,Australia,2024-11-09
15541,Small,Professional Services,Canada,2023-07-06
15542,Medium,Technology,India,2021-12-02
15543,Large,Finance,Singapore,2025-08-12
15544,Large,Finance,India,2021-03-06
15545,Medium,Education,UK,2022-07-07
15546,Small,Manufacturing,Australia,2021-08-12
15547,Small,Manufacturing,Australia,2026-07-09
15548,Small,Manufacturing,India,2024-08-14
15549,Small,Finance,Singapore,2022-09-05
15550,Small,Education,Singapore,2022-10-14
15551,Small,Healthcare,UK,2022-12-19
15552,Medium,Healthcare,USA,2024-10-19
15553,Enterprise,Manufacturing,India,2023-12-20
15554,Medium,Healthcare,UK,2022-10-30
15555,Large,Education,USA,2021-01-14
15556,Large,Manufacturing,Australia,2024-12-10
15557,Small,Professional Services,USA,2026-09-06
15558,Large,Professional Services,Canada,2023-12-10
15559,Small,Education,India,2023-02-10
15560,Medium,Media,India,2023-09-17
15561,Small,Healthcare,India,2022-06-22
15562,Enterprise,Manufacturing,India,2026-07-14
15563,Small,Professional Services,UK,2023-07-25
15564,Small,Education,Australia,2026-03-18
15565,Enterprise,Retail,UK,2025-10-02
15566,Small,Professional Services,UK,2024-11-15
15567,Medium,Retail,Canada,2024-08-05
15568,Large,Education,USA,2026-07-31
15569,Large,Education,USA,2021-09-15
15570,Enterprise,Technology,USA,2023-08-21
15571,Enterprise,Professional Services,Canada,2024-05-28
15572,Small,Technology,India,2022-06-17
15573,Large,Finance,India,2026-02-13
15574,Medium,Professional Services,UK,2024-10-15
15575,Medium,Manufacturing,Singapore,2025-07-12
15576,Small,Finance,UK,2021-04-23
15577,Medium,Finance,Australia,2024-07-23
15578,Enterprise,Healthcare,Canada,2021-11-25
15579,Enterprise,Retail,USA,2021-02-20
15580,Medium,Healthcare,Canada,2025-08-29
15581,Small,Manufacturing,Germany,2021-08-09
15582,Medium,Education,India,2024-06-07
15583,Large,Technology,USA,2021-08-10
15584,Large,Manufacturing,India,2023-08-01
15585,Medium,Education,USA,2023-12-14
15586,Small,Manufacturing,Germany,2025-07-13
15587,Medium,Education,USA,2026-05-13
15588,Medium,Professional Services,USA,2024-07-20
15589,Enterprise,Technology,Germany,2025-06-16
15590,Medium,Education,UK,2023-10-30
15591,Small,Finance,UK,2023-09-14
15592,Medium,Manufacturing,Germany,2021-08-15
15593,Small,Technology,USA,2026-06-11
15594,Enterprise,Education,Canada,2023-05-05
15595,Medium,Finance,India,2025-01-15
15596,Medium,Finance,India,2023-07-25
15597,Medium,Professional Services,USA,2023-08-16
15598,Medium,Retail,USA,2024-08-12
15599,Medium,Finance,Singapore,2025-05-13
15600,Large,Healthcare,Singapore,2021-08-30
15601,Small,Technology,Germany,2026-08-16
15602,Small,Technology,USA,2025-12-20
15603,Small,Media,Singapore,2024-07-20
15604,Medium,Technology,Canada,2025-07-06
15605,Small,Education,USA,2021-12-26
15606,Medium,Manufacturing,Canada,2024-03-10
15607,Large,Education,India,2025-03-14
15608,Large,Healthcare,India,2026-06-24
15609,Medium,Media,Germany,2022-05-18
15610,Medium,Manufacturing,Canada,2025-05-09
15611,Small,Professional Services,USA,2021-04-19
15612,Medium,Finance,UK,2023-01-13
15613,Large,Media,Singapore,2024-09-05
15614,Small,Education,Canada,2023-03-22
15615,Medium,Manufacturing,USA,2023-02-25
15616,Large,Finance,India,2021-08-16
15617,Large,Manufacturing,USA,2023-05-02
15618,Small,Finance,Singapore,2023-04-08
15619,Medium,Manufacturing,USA,2022-01-14
15620,Small,Education,USA,2025-05-26
15621,Small,Media,USA,2026-07-19
15622,Enterprise,Education,Germany,2024-02-03
15623,Large,Healthcare,UK,2026-06-10
15624,Large,Professional Services,Canada,2021-10-18
15625,Small,Professional Services,USA,2021-03-01
15626,Large,Retail,India,2024-08-28
15627,Medium,Technology,Singapore,2021-04-16
15628,Small,Education,Singapore,2023-06-19
15629,Medium,Education,Singapore,2024-12-23
15630,Small,Finance,Singapore,2023-10-04
15631,Large,Retail,Germany,2026-05-24
15632,Medium,Professional Services,Canada,2021-11-02
15633,Small,Education,Germany,2021-07-21
15634,Small,Manufacturing,UK,2023-11-13
15635,Small,Professional Services,India,2022-04-16
15636,Small,Retail,USA,2023-01-03
15637,Medium,Technology,Singapore,2022-01-11
15638,Large,Manufacturing,USA,2021-05-22
15639,Small,Finance,Germany,2025-09-18
15640,Small,Healthcare,India,2026-03-23
15641,Medium,Manufacturing,USA,2026-01-14
15642,Large,Media,USA,2021-12-14
15643,Small,Professional Services,India,2025-05-21
15644,Small,Media,India,2023-04-08
15645,Medium,Technology,India,2022-03-01
15646,Small,Manufacturing,Germany,2025-12-29
15647,Small,Retail,India,2024-12-30
15648,Large,Retail,USA,2021-11-18
15649,Medium,Technology,India,2025-11-03
15650,Medium,Professional Services,Canada,2021-06-29
15651,Large,Retail,Canada,2023-10-01
15652,Medium,Manufacturing,Canada,2025-09-09
15653,Small,Healthcare,USA,2021-01-29
15654,Medium,Manufacturing,India,2026-07-27
15655,Small,Healthcare,Australia,2023-01-08
15656,Small,Retail,Germany,2021-02-24
15657,Medium,Manufacturing,India,2024-12-04
15658,Large,Retail,USA,2026-08-27
15659,Enterprise,Professional Services,India,2021-03-29
15660,Medium,Healthcare,India,2023-12-18
15661,Small,Professional Services,Australia,2022-12-26
15662,Small,Retail,UK,2024-06-07
15663,Large,Education,India,2024-03-23
15664,Medium,Finance,USA,2024-07-20
15665,Medium,Manufacturing,Singapore,2023-12-06
15666,Large,Education,Germany,2023-06-14
15667,Large,Professional Services,Germany,2024-08-22
15668,Large,Media,USA,2023-10-19
15669,Small,Retail,Canada,2021-09-08
15670,Large,Retail,USA,2025-11-01
15671,Large,Finance,India,2024-03-15
15672,Small,Retail,USA,2023-12-11
15673,Medium,Finance,UK,2021-07-18
15674,Small,Manufacturing,USA,2025-01-04
15675,Enterprise,Healthcare,Germany,2023-12-19
15676,Small,Finance,India,2025-09-27
15677,Medium,Finance,USA,2024-01-29
15678,Small,Education,India,2022-06-10
15679,Large,Retail,USA,2025-01-28
15680,Small,Manufacturing,India,2021-09-22
15681,Small,Healthcare,USA,2026-07-23
15682,Medium,Technology,USA,2024-05-28
15683,Enterprise,Professional Services,USA,2022-01-31
15684,Small,Finance,UK,2025-01-20
15685,Small,Technology,USA,2021-04-18
15686,Large,Retail,UK,2022-09-28
15687,Medium,Professional Services,UK,2025-01-23
15688,Enterprise,Finance,USA,2023-07-22
15689,Small,Media,Germany,2026-04-24
15690,Medium,Media,UK,2024-03-31
15691,Small,Technology,USA,2021-02-05
15692,Small,Education,Singapore,2022-02-17
15693,Medium,Technology,Germany,2022-04-28
15694,Medium,Professional Services,Singapore,2022-08-26
15695,Large,Education,Canada,2023-12-18
15696,Small,Professional Services,USA,2024-03-09
15697,Medium,Healthcare,USA,2021-06-21
15698,Medium,Retail,Canada,2021-09-17
15699,Enterprise,Media,Singapore,2021-01-25
15700,Small,Manufacturing,Canada,2021-07-17
15701,Small,Technology,Germany,2022-02-27
15702,Medium,Finance,USA,2024-02-16
15703,Medium,Professional Services,USA,2026-08-16
15704,Small,Professional Services,Singapore,2024-01-26
15705,Enterprise,Retail,Australia,2021-03-13
15706,Small,Technology,Singapore,2022-03-08
15707,Large,Finance,Australia,2022-01-15
15708,Small,Finance,USA,2025-11-29
15709,Medium,Professional Services,UK,2023-03-19
15710,Enterprise,Manufacturing,Singapore,2021-02-25
15711,Small,Professional Services,UK,2024-02-01
15712,Enterprise,Manufacturing,USA,2021-01-21
15713,Medium,Professional Services,USA,2021-10-18
15714,Enterprise,Professional Services,UK,2026-06-18
15715,Medium,Finance,India,2023-04-15
15716,Small,Manufacturing,Australia,2021-07-07
15717,Small,Finance,India,2024-03-20
15718,Small,Technology,USA,2026-06-08
15719,Small,Professional Services,Germany,2021-08-02
15720,Small,Healthcare,USA,2026-03-30
15721,Small,Manufacturing,Germany,2025-02-10
15722,Medium,Education,USA,2022-08-16
15723,Large,Media,Singapore,2021-02-10
15724,Small,Education,India,2021-01-20
15725,Small,Education,India,2023-10-30
15726,Medium,Healthcare,Germany,2023-04-05
15727,Small,Finance,Australia,2025-07-18
15728,Small,Finance,India,2026-04-21
15729,Small,Media,Singapore,2026-08-28
15730,Enterprise,Media,UK,2023-01-18
15731,Large,Retail,Singapore,2023-08-26
15732,Medium,Media,UK,2021-09-09
15733,Medium,Education,USA,2021-12-06
15734,Medium,Education,USA,2025-12-10
15735,Medium,Finance,USA,2026-07-17
15736,Medium,Education,UK,2022-02-05
15737,Medium,Finance,USA,2021-12-03
15738,Small,Professional Services,India,2026-04-08
15739,Small,Professional Services,USA,2024-09-30
15740,Medium,Finance,India,2026-02-21
15741,Large,Manufacturing,Germany,2024-10-29
15742,Medium,Finance,UK,2026-04-04
15743,Large,Technology,Australia,2021-01-06
15744,Enterprise,Technology,Singapore,2024-12-08
15745,Small,Technology,Canada,2022-08-09
15746,Medium,Technology,Singapore,2025-03-02
15747,Medium,Healthcare,USA,2023-12-16
15748,Enterprise,Retail,India,2023-04-02
15749,Enterprise,Retail,USA,2021-08-26
15750,Medium,Finance,USA,2023-05-08
15751,Small,Professional Services,Germany,2026-09-27
15752,Large,Education,UK,2024-05-10
15753,Small,Technology,USA,2022-10-16
15754,Large,Retail,Australia,2024-09-01
15755,Enterprise,Retail,UK,2022-04-06
15756,Medium,Technology,India,2024-04-13
15757,Medium,Professional Services,UK,2023-11-29
15758,Medium,Healthcare,Singapore,2026-07-20
15759,Medium,Healthcare,Germany,2022-03-09
15760,Small,Media,UK,2025-05-28
15761,Large,Retail,USA,2023-12-18
15762,Enterprise,Media,India,2026-07-03
15763,Enterprise,Healthcare,USA,2025-12-14
15764,Small,Manufacturing,Australia,2024-03-03
15765,Large,Technology,USA,2022-10-17
15766,Large,Professional Services,India,2025-03-13
15767,Small,Retail,Singapore,2026-06-10
15768,Small,Technology,Germany,2021-06-05
15769,Small,Healthcare,Canada,2021-07-20
15770,Enterprise,Technology,India,2026-05-18
15771,Medium,Healthcare,India,2022-05-14
15772,Large,Professional Services,India,2024-11-26
15773,Small,Healthcare,UK,2024-05-19
15774,Large,Technology,India,2026-08-09
15775,Small,Professional Services,Germany,2025-01-16
15776,Medium,Healthcare,Singapore,2023-04-11
15777,Medium,Media,USA,2023-08-30
15778,Small,Manufacturing,USA,2024-08-30
15779,Large,Finance,Canada,2024-11-06
15780,Small,Technology,Singapore,2026-07-19
15781,Medium,Finance,Germany,2026-06-02
15782,Medium,Technology,India,2024-09-04
15783,Medium,Healthcare,India,2021-07-22
15784,Small,Healthcare,Australia,2026-01-19
15785,Small,Professional Services,Canada,2023-08-20
15786,Enterprise,Retail,India,2022-04-07
15787,Small,Manufacturing,UK,2026-02-17
15788,Large,Media,Australia,2025-04-28
15789,Enterprise,Retail,India,2021-07-20
15790,Small,Finance,Germany,2022-05-31
15791,Small,Healthcare,India,2025-11-11
15792,Medium,Retail,Australia,2024-05-14
15793,Enterprise,Healthcare,UK,2024-09-16
15794,Enterprise,Technology,USA,2023-01-14
15795,Medium,Retail,Australia,2023-05-25
15796,Large,Finance,Australia,2024-06-29
15797,Small,Professional Services,Singapore,2025-06-18
15798,Enterprise,Retail,USA,2022-01-29
15799,Enterprise,Healthcare,Canada,2026-07-10
15800,Small,Education,UK,2023-09-05
15801,Small,Education,UK,2021-06-16
15802,Small,Professional Services,Germany,2023-09-03
15803,Small,Professional Services,India,2026-07-22
15804,Large,Manufacturing,USA,2022-03-28
15805,Medium,Professional Services,UK,2023-05-10
15806,Small,Healthcare,India,2021-07-29
15807,Small,Media,Singapore,2023-02-07
15808,Enterprise,Technology,Canada,2025-05-28
15809,Medium,Retail,USA,2021-08-02
15810,Medium,Professional Services,Germany,2025-12-07
15811,Small,Education,USA,2025-08-14
15812,Enterprise,Technology,UK,2023-08-31
15813,Large,Media,India,2024-11-21
15814,Small,Healthcare,USA,2021-10-31
15815,Small,Technology,India,2026-01-10
15816,Small,Healthcare,Canada,2023-05-11
15817,Small,Media,USA,2026-01-30
15818,Medium,Media,USA,2026-02-07
15819,Enterprise,Manufacturing,USA,2025-06-22
15820,Medium,Retail,India,2025-04-17
15821,Large,Technology,Singapore,2023-08-03
15822,Medium,Media,India,2024-06-03
15823,Large,Retail,Germany,2025-10-17
15824,Large,Technology,UK,2022-07-18
15825,Small,Healthcare,UK,2021-06-29
15826,Medium,Media,USA,2021-10-17
15827,Medium,Healthcare,Singapore,2021-07-06
15828,Small,Technology,USA,2022-05-01
15829,Medium,Manufacturing,UK,2024-09-22
15830,Medium,Healthcare,Singapore,2023-02-12
15831,Enterprise,Finance,Germany,2026-01-07
15832,Medium,Finance,UK,2023-11-24
15833,Large,Retail,Singapore,2024-07-23
15834,Medium,Professional Services,Canada,2021-07-01
15835,Large,Finance,India,2024-06-16
15836,Medium,Finance,USA,2024-10-03
15837,Large,Manufacturing,USA,2021-05-26
15838,Medium,Manufacturing,USA,2023-12-04
15839,Medium,Professional Services,Australia,2026-01-14
15840,Medium,Education,UK,2022-05-14
15841,Medium,Professional Services,India,2023-03-14
15842,Small,Education,Germany,2026-06-22
15843,Small,Manufacturing,USA,2024-08-11
15844,Small,Education,Singapore,2026-07-16
15845,Large,Manufacturing,Singapore,2022-06-15
15846,Small,Education,Singapore,2024-09-24
15847,Small,Healthcare,Germany,2026-08-15
15848,Large,Manufacturing,India,2021-08-04
15849,Small,Professional Services,UK,2023-02-25
15850,Medium,Retail,India,2025-06-24
15851,Small,Retail,USA,2026-06-15
15852,Enterprise,Manufacturing,UK,2026-06-08
15853,Large,Finance,India,2021-08-16
15854,Large,Media,Singapore,2026-05-12
15855,Medium,Retail,Singapore,2023-06-28
15856,Large,Professional Services,USA,2025-07-19
15857,Small,Finance,UK,2021-10-12
15858,Small,Retail,USA,2026-07-04
15859,Small,Media,Germany,2025-07-02
15860,Medium,Technology,Canada,2024-02-02
15861,Medium,Technology,USA,2024-06-23
15862,Medium,Manufacturing,USA,2025-08-28
15863,Small,Media,USA,2022-10-06
15864,Medium,Professional Services,Singapore,2021-01-26
15865,Large,Professional Services,India,2026-08-08
15866,Medium,Retail,India,2022-12-13
15867,Large,Healthcare,Germany,2023-10-23
15868,Small,Finance,Germany,2025-06-15
15869,Large,Media,Germany,2023-12-05
15870,Medium,Retail,UK,2023-07-28
15871,Small,Manufacturing,Canada,2021-01-03
15872,Small,Media,UK,2025-01-12
15873,Medium,Finance,India,2024-03-04
15874,Large,Education,UK,2024-08-07
15875,Medium,Manufacturing,India,2021-06-25
15876,Small,Retail,USA,2024-02-18
15877,Large,Healthcare,Singapore,2025-12-03
15878,Medium,Media,USA,2023-08-09
15879,Medium,Education,Singapore,2021-12-07
15880,Medium,Manufacturing,USA,2021-05-01
15881,Small,Retail,USA,2022-07-29
15882,Medium,Technology,Canada,2026-04-05
15883,Medium,Professional Services,Australia,2025-08-12
15884,Enterprise,Retail,UK,2025-02-25
15885,Medium,Technology,Germany,2023-08-27
15886,Medium,Technology,India,2026-09-08
15887,Medium,Manufacturing,Singapore,2026-01-09
15888,Enterprise,Retail,India,2022-11-16
15889,Large,Professional Services,Germany,2022-10-05
15890,Medium,Retail,USA,2024-01-10
15891,Large,Technology,Germany,2024-08-09
15892,Medium,Finance,Canada,2021-10-21
15893,Medium,Education,India,2025-03-01
15894,Small,Healthcare,Singapore,2023-01-17
15895,Medium,Retail,India,2023-01-03
15896,Small,Education,India,2025-05-01
15897,Enterprise,Education,Germany,2021-11-20
15898,Small,Media,India,2023-12-22
15899,Enterprise,Finance,India,2021-12-28
15900,Medium,Education,UK,2022-02-06
15901,Medium,Retail,Germany,2025-05-06
15902,Medium,Manufacturing,India,2022-11-12
15903,Small,Manufacturing,UK,2026-03-08
15904,Medium,Media,Canada,2023-09-20
15905,Small,Education,Germany,2025-01-12
15906,Medium,Retail,Singapore,2024-01-12
15907,Medium,Retail,Australia,2023-07-22
15908,Large,Technology,Canada,2025-12-09
15909,Small,Finance,USA,2026-07-21
15910,Small,Professional Services,India,2021-03-22
15911,Medium,Healthcare,Canada,2024-06-13
15912,Enterprise,Professional Services,Singapore,2023-01-11
15913,Large,Media,Australia,2025-08-08
15914,Medium,Technology,India,2021-11-21
15915,Medium,Healthcare,USA,2023-12-16
15916,Small,Professional Services,UK,2024-05-19
15917,Enterprise,Retail,Canada,2021-04-13
15918,Medium,Manufacturing,Canada,2023-03-28
15919,Small,Technology,UK,2023-01-17
15920,Medium,Professional Services,India,2026-09-17
15921,Small,Media,Singapore,2023-03-24
15922,Enterprise,Education,Canada,2024-06-01
15923,Small,Media,India,2024-08-09
15924,Medium,Media,USA,2025-09-16
15925,Small,Media,Singapore,2023-11-22
15926,Large,Education,Germany,2026-04-15
15927,Large,Healthcare,USA,2025-11-21
15928,Medium,Retail,India,2024-09-18
15929,Medium,Manufacturing,India,2025-11-25
15930,Large,Healthcare,USA,2025-08-09
15931,Small,Professional Services,Canada,2025-10-31
15932,Small,Professional Services,UK,2024-10-30
15933,Small,Manufacturing,Canada,2026-08-26
15934,Enterprise,Professional Services,Canada,2022-08-10
15935,Medium,Finance,India,2021-09-17
15936,Large,Manufacturing,India,2026-04-03
15937,Medium,Education,USA,2024-11-23
15938,Small,Professional Services,India,2026-05-01
15939,Small,Professional Services,India,2025-11-22
15940,Small,Technology,Canada,2021-04-10
15941,Medium,Technology,Germany,2023-07-18
15942,Small,Technology,Australia,2025-01-07
15943,Small,Manufacturing,Germany,2021-11-24
15944,Large,Education,Canada,2024-09-13
15945,Enterprise,Manufacturing,Australia,2023-12-02
15946,Small,Media,USA,2024-09-27
15947,Small,Retail,Singapore,2022-04-04
15948,Small,Education,India,2024-11-09
15949,Medium,Education,India,2025-02-19
15950,Large,Media,USA,2021-08-08
15951,Small,Manufacturing,Singapore,2023-05-09
15952,Small,Manufacturing,Singapore,2024-07-27
15953,Large,Technology,Australia,2022-03-11
15954,Medium,Education,Canada,2024-06-23
15955,Small,Technology,UK,2021-10-07
15956,Medium,Retail,Singapore,2021-03-09
15957,Small,Finance,Canada,2025-07-30
15958,Medium,Technology,Singapore,2023-01-13
15959,Large,Manufacturing,USA,2024-07-11
15960,Large,Professional Services,USA,2026-07-06
15961,Medium,Healthcare,Germany,2025-09-02
15962,Enterprise,Finance,India,2024-12-17
15963,Medium,Retail,Singapore,2021-10-18
15964,Large,Professional Services,UK,2025-01-25
15965,Medium,Manufacturing,Singapore,2022-07-10
15966,Large,Finance,USA,2021-12-19
15967,Enterprise,Media,Canada,2024-06-17
15968,Small,Manufacturing,USA,2026-01-01
15969,Enterprise,Technology,Canada,2021-10-10
15970,Large,Professional Services,UK,2025-05-25
15971,Large,Manufacturing,Singapore,2022-04-01
15972,Small,Professional Services,Canada,2023-10-02
15973,Large,Retail,USA,2026-02-15
15974,Large,Healthcare,Singapore,2026-09-10
15975,Small,Technology,USA,2025-10-04
15976,Enterprise,Technology,USA,2021-12-03
15977,Small,Professional Services,India,2023-08-26
15978,Small,Retail,Germany,2023-06-22
15979,Medium,Retail,USA,2022-11-03
15980,Medium,Finance,USA,2024-07-27
15981,Medium,Healthcare,Singapore,2023-02-08
15982,Small,Manufacturing,Germany,2025-09-11
15983,Enterprise,Finance,India,2022-04-24
15984,Small,Manufacturing,Australia,2023-04-24
15985,Small,Manufacturing,Singapore,2025-06-14
15986,Small,Manufacturing,India,2026-02-24
15987,Medium,Finance,Germany,2022-05-20
15988,Enterprise,Technology,UK,2021-04-20
15989,Medium,Retail,Canada,2024-11-06
15990,Large,Technology,USA,2022-02-01
15991,Small,Healthcare,Canada,2021-12-17
15992,Medium,Finance,India,2025-04-07
15993,Medium,Media,Australia,2023-07-11
15994,Medium,Healthcare,India,2026-08-04
15995,Small,Retail,USA,2021-04-21
15996,Medium,Retail,India,2021-07-28
15997,Medium,Education,Germany,2025-11-01
15998,Large,Healthcare,USA,2024-04-16
15999,Medium,Media,USA,2025-11-21
16000,Small,Technology,USA,2026-03-23
16001,Medium,Professional Services,Australia,2021-01-11
16002,Small,Media,USA,2023-05-06
16003,Large,Healthcare,Australia,2024-06-12
16004,Medium,Finance,India,2025-05-09
16005,Small,Retail,India,2025-02-10
16006,Enterprise,Retail,UK,2021-05-09
16007,Medium,Healthcare,Singapore,2021-04-10
16008,Small,Media,India,2021-10-17
16009,Medium,Healthcare,India,2025-05-12
16010,Small,Manufacturing,India,2025-08-04
16011,Large,Healthcare,Canada,2024-02-23
16012,Large,Manufacturing,USA,2026-01-19
16013,Enterprise,Media,Germany,2026-01-02
16014,Medium,Finance,India,2022-10-27
16015,Medium,Finance,India,2024-10-02
16016,Large,Technology,USA,2022-11-29
16017,Small,Healthcare,Canada,2021-07-02
16018,Medium,Media,Canada,2021-12-17
16019,Medium,Media,India,2025-12-25
16020,Small,Technology,Singapore,2024-11-02
16021,Medium,Professional Services,USA,2025-01-28
16022,Large,Media,Canada,2022-11-09
16023,Large,Education,UK,2021-12-06
16024,Small,Finance,India,2021-04-21
16025,Small,Retail,Germany,2024-04-26
16026,Small,Manufacturing,Germany,2025-09-17
16027,Large,Education,USA,2025-12-28
16028,Small,Retail,UK,2025-09-26
16029,Large,Education,USA,2026-03-11
16030,Small,Technology,Canada,2024-11-12
16031,Medium,Technology,USA,2024-09-23
16032,Medium,Manufacturing,Germany,2026-04-28
16033,Large,Finance,India,2024-09-14
16034,Small,Professional Services,India,2022-10-18
16035,Medium,Media,USA,2021-12-16
16036,Small,Manufacturing,India,2024-02-18
16037,Large,Professional Services,UK,2023-10-02
16038,Large,Retail,India,2022-02-02
16039,Small,Media,Australia,2022-10-08
16040,Large,Education,India,2022-02-17
16041,Medium,Manufacturing,Canada,2021-02-06
16042,Small,Professional Services,UK,2022-02-24
16043,Medium,Healthcare,Singapore,2025-01-23
16044,Small,Healthcare,Singapore,2024-01-07
16045,Large,Finance,Germany,2026-06-07
16046,Large,Professional Services,Australia,2026-05-17
16047,Small,Manufacturing,USA,2024-10-29
16048,Medium,Retail,Australia,2023-03-21
16049,Large,Healthcare,Singapore,2023-08-16
16050,Enterprise,Finance,India,2021-11-16
16051,Medium,Manufacturing,UK,2022-05-29
16052,Enterprise,Finance,India,2021-11-30
16053,Medium,Retail,UK,2023-12-31
16054,Medium,Healthcare,USA,2022-12-25
16055,Large,Media,UK,2021-01-08
16056,Medium,Healthcare,UK,2025-09-16
16057,Medium,Healthcare,Singapore,2026-06-27
16058,Medium,Professional Services,UK,2021-06-13
16059,Large,Technology,Germany,2023-02-20
16060,Large,Professional Services,USA,2024-08-11
16061,Medium,Healthcare,USA,2024-07-22
16062,Small,Education,USA,2023-07-10
16063,Medium,Technology,USA,2025-06-29
16064,Medium,Media,USA,2026-01-19
16065,Small,Manufacturing,UK,2025-05-10
16066,Large,Professional Services,UK,2024-01-08
16067,Medium,Technology,Canada,2022-11-11
16068,Small,Technology,USA,2024-06-05
16069,Small,Professional Services,USA,2022-03-14
16070,Small,Professional Services,UK,2023-08-04
16071,Enterprise,Technology,India,2024-07-07
16072,Small,Finance,USA,2021-01-10
16073,Small,Media,India,2021-06-07
16074,Medium,Education,India,2024-03-27
16075,Small,Retail,India,2024-05-10
16076,Small,Healthcare,India,2021-05-01
16077,Small,Media,India,2022-11-05
16078,Medium,Professional Services,Canada,2026-07-21
16079,Medium,Technology,India,2024-07-07
16080,Medium,Retail,USA,2024-12-27
16081,Medium,Professional Services,Singapore,2021-02-13
16082,Enterprise,Finance,Australia,2023-03-27
16083,Medium,Retail,USA,2024-10-10
16084,Small,Technology,Singapore,2021-04-08
16085,Small,Media,USA,2026-03-10
16086,Medium,Manufacturing,India,2022-04-20
16087,Large,Media,Singapore,2024-11-16
16088,Small,Media,Germany,2021-01-09
16089,Large,Education,USA,2025-03-17
16090,Small,Retail,Canada,2024-11-13
16091,Medium,Professional Services,Canada,2026-02-06
16092,Large,Technology,India,2024-05-18
16093,Small,Professional Services,India,2022-09-08
16094,Medium,Technology,USA,2021-01-10
16095,Small,Healthcare,Singapore,2022-07-06
16096,Large,Manufacturing,India,2023-05-30
16097,Small,Healthcare,Australia,2021-09-25
16098,Large,Media,India,2022-03-27
16099,Small,Manufacturing,USA,2024-10-23
16100,Large,Education,Canada,2023-12-19
16101,Medium,Healthcare,Canada,2021-10-21
16102,Large,Education,India,2023-08-10
16103,Small,Professional Services,USA,2023-05-19
16104,Enterprise,Media,UK,2021-04-20
16105,Small,Finance,India,2025-04-15
16106,Small,Finance,India,2023-10-10
16107,Medium,Manufacturing,Canada,2026-01-29
16108,Small,Manufacturing,UK,2026-06-12
16109,Small,Healthcare,India,2023-04-25
16110,Enterprise,Finance,UK,2025-09-04
16111,Enterprise,Retail,Singapore,2026-07-01
16112,Medium,Retail,India,2024-06-27
16113,Enterprise,Professional Services,Canada,2021-12-05
16114,Medium,Retail,India,2021-05-27
16115,Small,Professional Services,India,2023-01-16
16116,Large,Finance,India,2023-11-07
16117,Medium,Retail,USA,2024-04-27
16118,Enterprise,Education,Germany,2022-12-15
16119,Small,Technology,USA,2025-05-30
16120,Medium,Manufacturing,Canada,2024-11-19
16121,Small,Media,USA,2025-11-22
16122,Small,Healthcare,India,2021-10-31
16123,Small,Professional Services,UK,2025-05-01
16124,Enterprise,Education,Australia,2026-02-21
16125,Large,Retail,Germany,2022-01-15
16126,Large,Media,Germany,2022-11-25
16127,Medium,Media,USA,2025-06-07
16128,Small,Technology,Australia,2021-02-19
16129,Small,Healthcare,India,2024-12-18
16130,Small,Education,Australia,2025-10-22
16131,Medium,Healthcare,Singapore,2026-02-23
16132,Large,Professional Services,India,2023-04-28
16133,Medium,Professional Services,USA,2024-04-10
16134,Small,Manufacturing,Canada,2025-02-21
16135,Small,Finance,Canada,2024-10-14
16136,Small,Professional Services,India,2025-04-02
16137,Medium,Retail,Singapore,2021-08-15
16138,Enterprise,Media,UK,2025-12-13
16139,Medium,Education,India,2021-08-01
16140,Large,Education,India,2022-02-23
16141,Medium,Technology,Australia,2026-02-19
16142,Medium,Media,India,2023-07-08
16143,Small,Technology,India,2023-02-16
16144,Large,Technology,UK,2025-04-03
16145,Large,Media,UK,2021-06-25
16146,Small,Healthcare,Canada,2024-09-07
16147,Medium,Retail,USA,2022-06-19
16148,Medium,Healthcare,Australia,2024-11-18
16149,Medium,Retail,Singapore,2026-01-04
16150,Enterprise,Education,USA,2025-07-22
16151,Medium,Professional Services,Canada,2021-11-20
16152,Medium,Professional Services,Singapore,2021-03-26
16153,Small,Healthcare,Canada,2023-06-06
16154,Small,Healthcare,Canada,2021-04-22
16155,Small,Healthcare,India,2023-08-07
16156,Small,Finance,UK,2024-11-22
16157,Large,Manufacturing,UK,2021-02-21
16158,Large,Media,Canada,2023-01-11
16159,Small,Retail,Singapore,2022-03-01
16160,Large,Professional Services,India,2023-11-11
16161,Small,Retail,India,2025-09-08
16162,Small,Healthcare,India,2021-02-25
16163,Small,Finance,Australia,2023-03-18
16164,Medium,Healthcare,India,2022-10-17
16165,Small,Retail,Canada,2023-10-04
16166,Medium,Manufacturing,USA,2023-06-27
16167,Medium,Professional Services,USA,2021-01-08
16168,Enterprise,Manufacturing,India,2025-11-17
16169,Small,Media,Germany,2024-01-30
16170,Small,Education,UK,2023-09-17
16171,Small,Finance,Singapore,2024-01-09
16172,Medium,Manufacturing,UK,2026-09-10
16173,Small,Finance,India,2022-01-13
16174,Large,Healthcare,India,2026-05-04
16175,Medium,Education,Singapore,2024-08-15
16176,Medium,Retail,Australia,2021-10-09
16177,Medium,Manufacturing,India,2023-11-02
16178,Small,Manufacturing,Canada,2022-10-01
16179,Small,Technology,USA,2021-03-10
16180,Small,Professional Services,USA,2026-01-13
16181,Medium,Retail,India,2026-09-02
16182,Small,Manufacturing,Germany,2021-12-03
16183,Small,Manufacturing,India,2021-08-03
16184,Enterprise,Retail,USA,2022-09-27
16185,Small,Education,USA,2022-02-27
16186,Large,Finance,India,2023-02-25
16187,Large,Retail,UK,2023-07-27
16188,Small,Finance,India,2025-11-07
16189,Small,Education,USA,2025-08-17
16190,Small,Education,Singapore,2024-07-21
16191,Medium,Media,USA,2024-06-10
16192,Medium,Healthcare,USA,2022-03-15
16193,Large,Technology,USA,2024-08-30
16194,Enterprise,Education,UK,2025-03-14
16195,Medium,Media,Germany,2024-11-18
16196,Small,Media,India,2026-09-07
16197,Small,Media,Germany,2021-09-27
16198,Large,Education,Australia,2025-01-30
16199,Small,Finance,Australia,2026-04-30
16200,Small,Education,India,2025-08-08
16201,Large,Retail,India,2022-11-05
16202,Medium,Healthcare,UK,2022-02-14
16203,Enterprise,Healthcare,Germany,2024-12-12
16204,Medium,Retail,UK,2023-03-03
16205,Small,Manufacturing,India,2024-05-31
16206,Enterprise,Education,India,2021-12-26
16207,Small,Professional Services,Canada,2022-08-05
16208,Small,Technology,Australia,2023-11-10
16209,Medium,Media,India,2022-02-27
16210,Small,Education,India,2021-05-01
16211,Medium,Healthcare,USA,2021-02-03
16212,Small,Technology,UK,2021-03-12
16213,Medium,Professional Services,Canada,2022-06-29
16214,Medium,Manufacturing,Germany,2023-08-26
16215,Large,Finance,UK,2022-06-19
16216,Large,Finance,India,2021-01-14
16217,Small,Professional Services,Canada,2024-08-22
16218,Medium,Education,Singapore,2021-09-28
16219,Medium,Education,Singapore,2025-12-02
16220,Small,Technology,Germany,2025-02-26
16221,Large,Technology,USA,2025-05-03
16222,Large,Manufacturing,Australia,2022-04-08
16223,Small,Education,Germany,2022-06-07
16224,Medium,Healthcare,Canada,2023-05-05
16225,Small,Finance,USA,2026-08-08
16226,Medium,Manufacturing,Singapore,2022-03-19
16227,Small,Media,USA,2026-09-15
16228,Enterprise,Technology,India,2024-05-06
16229,Large,Media,India,2024-05-12
16230,Medium,Healthcare,Canada,2026-09-23
16231,Medium,Education,USA,2022-02-12
16232,Enterprise,Retail,India,2023-06-14
16233,Medium,Technology,Australia,2024-06-18
16234,Small,Manufacturing,Australia,2026-09-20
16235,Medium,Retail,Australia,2026-07-04
16236,Large,Healthcare,India,2024-10-18
16237,Medium,Media,Canada,2023-06-17
16238,Medium,Professional Services,India,2021-04-05
16239,Large,Finance,USA,2022-06-24
16240,Large,Professional Services,USA,2022-05-24
16241,Enterprise,Professional Services,Germany,2023-11-12
16242,Small,Professional Services,USA,2023-01-08
16243,Medium,Healthcare,India,2024-05-12
16244,Large,Finance,USA,2022-04-16
16245,Large,Healthcare,USA,2021-10-11
16246,Medium,Professional Services,Singapore,2022-01-07
16247,Small,Technology,Singapore,2025-03-02
16248,Large,Professional Services,India,2024-11-04
16249,Large,Technology,India,2022-05-22
16250,Small,Manufacturing,India,2024-01-24
16251,Medium,Professional Services,Australia,2022-08-01
16252,Small,Retail,India,2024-04-15
16253,Small,Healthcare,India,2023-10-05
16254,Small,Professional Services,UK,2022-10-30
16255,Medium,Healthcare,India,2024-12-17
16256,Medium,Media,India,2026-03-23
16257,Medium,Professional Services,USA,2021-09-30
16258,Medium,Retail,USA,2024-05-06
16259,Large,Professional Services,UK,2021-02-10
16260,Small,Education,Singapore,2023-01-08
16261,Small,Manufacturing,India,2025-12-02
16262,Large,Media,USA,2024-06-22
16263,Small,Healthcare,Singapore,2022-12-10
16264,Enterprise,Media,Germany,2021-05-06
16265,Large,Manufacturing,USA,2023-02-17
16266,Medium,Healthcare,Canada,2023-04-16
16267,Enterprise,Healthcare,India,2023-05-29
16268,Small,Education,Canada,2022-01-29
16269,Small,Professional Services,Singapore,2023-04-08
16270,Medium,Technology,UK,2026-04-28
16271,Medium,Manufacturing,USA,2023-04-17
16272,Enterprise,Retail,India,2022-06-09
16273,Small,Manufacturing,Canada,2024-06-05
16274,Medium,Professional Services,UK,2021-05-26
16275,Medium,Education,Canada,2023-01-05
16276,Medium,Finance,India,2026-04-08
16277,Small,Media,UK,2021-06-18
16278,Medium,Finance,UK,2025-04-11
16279,Large,Education,India,2024-02-23
16280,Small,Media,India,2021-10-27
16281,Large,Professional Services,USA,2023-07-27
16282,Medium,Education,Canada,2022-06-06
16283,Large,Technology,UK,2022-09-10
16284,Large,Manufacturing,Germany,2023-08-27
16285,Small,Professional Services,USA,2025-09-14
16286,Medium,Media,Singapore,2026-04-20
16287,Large,Manufacturing,Australia,2022-05-21
16288,Medium,Finance,USA,2021-10-29
16289,Enterprise,Professional Services,India,2022-10-15
16290,Medium,Retail,USA,2021-03-05
16291,Small,Manufacturing,Singapore,2025-06-11
16292,Medium,Healthcare,USA,2021-11-15
16293,Enterprise,Media,USA,2025-08-09
16294,Small,Healthcare,India,2023-04-09
16295,Large,Technology,Germany,2021-04-02
16296,Large,Media,USA,2023-08-19
16297,Medium,Professional Services,USA,2021-03-05
16298,Small,Media,USA,2023-04-24
16299,Large,Technology,USA,2021-08-07
16300,Small,Media,USA,2022-12-05
16301,Large,Professional Services,UK,2022-09-11
16302,Medium,Finance,Germany,2026-04-17
16303,Medium,Retail,Germany,2021-09-04
16304,Large,Retail,Australia,2023-08-22
16305,Medium,Education,India,2025-02-05
16306,Medium,Technology,Australia,2023-10-11
16307,Medium,Professional Services,India,2021-02-26
16308,Medium,Manufacturing,India,2023-12-05
16309,Medium,Healthcare,Singapore,2024-01-15
16310,Large,Manufacturing,Germany,2026-07-22
16311,Medium,Healthcare,UK,2023-11-28
16312,Medium,Finance,Germany,2023-01-27
16313,Medium,Healthcare,Singapore,2026-02-02
16314,Small,Manufacturing,UK,2026-03-28
16315,Small,Media,UK,2021-05-06
16316,Enterprise,Manufacturing,Australia,2021-09-24
16317,Large,Retail,India,2025-06-11
16318,Medium,Professional Services,India,2025-08-08
16319,Medium,Retail,Australia,2025-03-12
16320,Small,Technology,USA,2026-06-30
16321,Medium,Media,India,2022-09-02
16322,Medium,Manufacturing,USA,2022-04-14
16323,Medium,Media,USA,2023-03-12
16324,Medium,Media,Singapore,2021-05-13
16325,Small,Professional Services,Canada,2023-10-17
16326,Small,Finance,UK,2021-11-14
16327,Enterprise,Healthcare,Singapore,2025-05-20
16328,Medium,Technology,Singapore,2022-12-12
16329,Medium,Education,UK,2022-03-27
16330,Small,Media,Singapore,2026-02-25
16331,Small,Education,USA,2025-10-10
16332,Large,Professional Services,India,2024-08-16
16333,Medium,Healthcare,India,2021-05-22
16334,Medium,Healthcare,Canada,2025-02-06
16335,Small,Professional Services,UK,2022-07-23
16336,Large,Healthcare,Canada,2025-04-29
16337,Small,Retail,Canada,2026-03-04
16338,Small,Healthcare,India,2021-01-30
16339,Medium,Education,India,2024-06-20
16340,Small,Healthcare,UK,2022-11-26
16341,Small,Manufacturing,India,2021-06-07
16342,Medium,Professional Services,Canada,2021-12-06
16343,Medium,Finance,UK,2025-11-04
16344,Large,Education,UK,2021-04-02
16345,Medium,Finance,USA,2021-11-25
16346,Small,Education,Canada,2021-06-21
16347,Small,Media,Germany,2022-09-13
16348,Enterprise,Technology,Singapore,2024-01-24
16349,Medium,Manufacturing,Germany,2023-09-16
16350,Large,Education,UK,2021-03-18
16351,Small,Media,India,2021-05-22
16352,Medium,Manufacturing,Canada,2021-08-19
16353,Small,Education,Singapore,2025-11-29
16354,Medium,Finance,India,2026-04-16
16355,Enterprise,Finance,USA,2023-08-12
16356,Enterprise,Professional Services,India,2025-10-26
16357,Medium,Education,Australia,2026-01-03
16358,Medium,Education,USA,2025-04-03
16359,Enterprise,Retail,India,2025-01-24
16360,Medium,Manufacturing,Germany,2021-09-26
16361,Small,Manufacturing,UK,2023-08-20
16362,Medium,Manufacturing,USA,2025-05-14
16363,Small,Manufacturing,USA,2025-06-16
16364,Medium,Technology,USA,2026-05-22
16365,Medium,Technology,USA,2023-12-11
16366,Medium,Media,USA,2025-08-30
16367,Medium,Healthcare,UK,2023-10-26
16368,Small,Education,Australia,2022-10-10
16369,Medium,Education,Canada,2023-01-08
16370,Large,Education,USA,2024-04-22
16371,Medium,Education,UK,2024-12-30
16372,Small,Manufacturing,Germany,2023-03-31
16373,Enterprise,Manufacturing,India,2023-06-22
16374,Enterprise,Technology,India,2025-02-12
16375,Small,Finance,UK,2023-09-08
16376,Small,Retail,Canada,2022-01-18
16377,Large,Manufacturing,India,2024-09-07
16378,Large,Manufacturing,Australia,2025-01-06
16379,Enterprise,Professional Services,Canada,2022-05-05
16380,Large,Manufacturing,Singapore,2024-03-02
16381,Medium,Finance,India,2022-03-02
16382,Medium,Finance,Australia,2026-06-06
16383,Small,Technology,India,2025-05-05
16384,Small,Manufacturing,UK,2024-12-16
16385,Medium,Media,UK,2025-02-08
16386,Medium,Professional Services,USA,2024-11-08
16387,Medium,Retail,Germany,2023-10-17
16388,Large,Education,India,2022-02-27
16389,Small,Manufacturing,UK,2024-04-29
16390,Medium,Technology,India,2025-12-06
16391,Small,Technology,Australia,2025-11-15
16392,Medium,Media,India,2023-05-05
16393,Large,Retail,Germany,2021-12-31
16394,Medium,Professional Services,Germany,2026-09-01
16395,Enterprise,Healthcare,Germany,2022-07-02
16396,Small,Technology,India,2024-06-25
16397,Medium,Finance,Canada,2023-07-14
16398,Small,Finance,India,2021-09-18
16399,Medium,Education,Germany,2022-03-11
16400,Large,Technology,Australia,2022-06-19
16401,Medium,Professional Services,UK,2022-01-16
16402,Large,Education,Australia,2021-01-29
16403,Small,Technology,India,2025-02-15
16404,Large,Retail,UK,2023-12-08
16405,Small,Manufacturing,USA,2024-10-22
16406,Large,Professional Services,Singapore,2022-07-01
16407,Small,Technology,Germany,2021-11-23
16408,Small,Professional Services,Australia,2025-10-18
16409,Medium,Healthcare,Singapore,2022-12-30
16410,Enterprise,Professional Services,USA,2021-08-07
16411,Small,Professional Services,Singapore,2021-05-06
16412,Medium,Finance,USA,2023-06-01
16413,Large,Retail,Australia,2024-11-03
16414,Medium,Manufacturing,Australia,2021-11-15
16415,Small,Manufacturing,India,2024-08-21
16416,Medium,Finance,USA,2024-05-08
16417,Medium,Professional Services,India,2021-03-26
16418,Enterprise,Manufacturing,Singapore,2023-12-01
16419,Large,Education,India,2025-04-24
16420,Medium,Retail,UK,2024-10-18
16421,Enterprise,Healthcare,Australia,2026-04-27
16422,Medium,Finance,India,2021-12-28
16423,Small,Technology,USA,2024-04-19
16424,Small,Technology,UK,2024-06-08
16425,Medium,Technology,India,2023-09-15
16426,Small,Media,Australia,2026-01-23
16427,Enterprise,Retail,USA,2024-06-11
16428,Large,Healthcare,India,2024-12-23
16429,Small,Manufacturing,UK,2023-04-11
16430,Medium,Healthcare,USA,2024-08-10
16431,Large,Healthcare,Singapore,2024-10-03
16432,Enterprise,Finance,Germany,2023-05-26
16433,Large,Retail,USA,2021-12-27
16434,Medium,Technology,USA,2026-03-14
16435,Large,Finance,USA,2021-12-24
16436,Medium,Manufacturing,USA,2024-11-07
16437,Medium,Healthcare,UK,2021-03-05
16438,Small,Professional Services,Germany,2024-11-20
16439,Small,Technology,USA,2025-02-24
16440,Medium,Media,India,2022-08-03
16441,Small,Retail,USA,2021-11-18
16442,Small,Education,India,2024-04-10
16443,Large,Media,Canada,2026-01-13
16444,Small,Healthcare,UK,2021-08-10
16445,Medium,Healthcare,USA,2023-06-15
16446,Medium,Healthcare,USA,2025-02-22
16447,Enterprise,Healthcare,Singapore,2025-12-23
16448,Medium,Technology,India,2023-09-12
16449,Small,Retail,Germany,2025-06-21
16450,Medium,Media,USA,2026-08-06
16451,Large,Finance,Germany,2024-11-09
16452,Enterprise,Technology,Australia,2022-08-05
16453,Medium,Retail,India,2024-08-28
16454,Small,Media,Germany,2021-10-29
16455,Enterprise,Finance,Canada,2025-11-23
16456,Small,Healthcare,India,2026-05-02
16457,Medium,Retail,India,2024-10-04
16458,Medium,Healthcare,Canada,2023-03-02
16459,Small,Professional Services,Canada,2023-07-01
16460,Small,Retail,Australia,2024-10-07
16461,Small,Manufacturing,Australia,2025-03-14
16462,Medium,Education,Canada,2026-05-07
16463,Enterprise,Healthcare,Australia,2022-08-18
16464,Small,Healthcare,UK,2025-05-10
16465,Large,Healthcare,USA,2021-03-03
16466,Small,Manufacturing,Singapore,2024-03-11
16467,Medium,Technology,India,2022-04-11
16468,Small,Finance,USA,2024-03-18
16469,Enterprise,Healthcare,Australia,2023-03-27
16470,Large,Healthcare,USA,2026-09-07
16471,Medium,Media,India,2022-05-23
16472,Large,Media,India,2021-02-28
16473,Medium,Technology,Canada,2026-05-13
16474,Enterprise,Technology,Singapore,2021-07-04
16475,Large,Education,UK,2025-02-06
16476,Enterprise,Retail,UK,2025-08-08
16477,Medium,Healthcare,USA,2022-08-01
16478,Small,Retail,USA,2024-02-22
16479,Medium,Professional Services,India,2024-05-21
16480,Small,Technology,USA,2021-07-01
16481,Medium,Technology,USA,2021-03-12
16482,Medium,Education,India,2022-07-10
16483,Medium,Finance,India,2023-05-02
16484,Small,Manufacturing,Canada,2024-05-03
16485,Small,Manufacturing,Germany,2024-08-08
16486,Medium,Manufacturing,Singapore,2023-12-17
16487,Enterprise,Technology,UK,2026-03-28
16488,Medium,Healthcare,India,2024-08-16
16489,Medium,Media,Australia,2023-04-09
16490,Large,Education,India,2021-09-24
16491,Medium,Finance,Canada,2024-10-31
16492,Small,Professional Services,Australia,2022-09-06
16493,Medium,Manufacturing,Australia,2024-11-01
16494,Small,Education,Singapore,2022-08-01
16495,Enterprise,Media,Australia,2022-09-24
16496,Small,Media,Canada,2024-12-27
16497,Medium,Technology,USA,2026-07-28
16498,Small,Manufacturing,Singapore,2024-05-30
16499,Small,Finance,India,2023-09-12
16500,Large,Professional Services,Singapore,2021-01-04
16501,Small,Retail,USA,2024-09-06
16502,Small,Media,India,2023-10-29
16503,Medium,Media,Germany,2023-12-12
16504,Small,Professional Services,India,2023-10-21
16505,Small,Media,Germany,2024-03-11
16506,Large,Finance,USA,2023-02-18
16507,Large,Professional Services,Germany,2021-10-07
16508,Enterprise,Healthcare,Canada,2024-01-17
16509,Large,Manufacturing,Canada,2024-03-29
16510,Medium,Manufacturing,USA,2023-09-12
16511,Small,Retail,India,2026-09-07
16512,Large,Professional Services,Germany,2023-03-21
16513,Large,Retail,India,2021-09-29
16514,Large,Professional Services,USA,2024-01-29
16515,Medium,Manufacturing,UK,2024-05-12
16516,Small,Healthcare,USA,2021-07-09
16517,Large,Media,India,2022-06-30
16518,Large,Professional Services,India,2026-06-27
16519,Enterprise,Retail,India,2023-04-28
16520,Small,Technology,Germany,2024-09-29
16521,Small,Media,India,2023-02-10
16522,Small,Manufacturing,Singapore,2023-02-08
16523,Large,Finance,India,2023-12-07
16524,Small,Finance,India,2023-10-08
16525,Small,Media,UK,2022-12-04
16526,Enterprise,Healthcare,India,2022-04-10
16527,Small,Technology,UK,2023-07-06
16528,Large,Retail,Germany,2024-12-23
16529,Medium,Professional Services,India,2026-07-24
16530,Large,Manufacturing,Australia,2021-07-13
16531,Medium,Finance,USA,2021-03-07
16532,Enterprise,Finance,India,2025-09-22
16533,Enterprise,Finance,India,2022-08-24
16534,Small,Finance,Singapore,2025-02-08
16535,Small,Education,India,2025-09-08
16536,Small,Healthcare,Germany,2026-03-20
16537,Medium,Retail,UK,2022-04-21
16538,Large,Manufacturing,India,2023-06-06
16539,Medium,Manufacturing,USA,2021-03-23
16540,Medium,Manufacturing,Germany,2026-05-15
16541,Small,Retail,Australia,2021-02-13
16542,Large,Healthcare,USA,2025-02-10
16543,Enterprise,Media,Germany,2022-09-02
16544,Small,Media,India,2026-03-04
16545,Medium,Technology,Singapore,2024-09-14
16546,Small,Professional Services,Germany,2024-12-08
16547,Medium,Media,Canada,2025-11-23
16548,Medium,Professional Services,Germany,2022-12-21
16549,Small,Healthcare,UK,2022-11-22
16550,Medium,Finance,Canada,2026-04-30
16551,Small,Professional Services,UK,2021-04-20
16552,Medium,Finance,USA,2021-08-07
16553,Medium,Healthcare,UK,2022-04-08
16554,Small,Healthcare,USA,2022-05-30
16555,Large,Retail,USA,2022-09-29
16556,Large,Retail,USA,2024-05-01
16557,Medium,Education,India,2022-09-19
16558,Small,Manufacturing,USA,2021-03-11
16559,Large,Education,Germany,2025-02-26
16560,Enterprise,Manufacturing,USA,2026-01-25
16561,Small,Finance,Australia,2021-08-12
16562,Small,Education,India,2026-02-09
16563,Small,Education,USA,2025-06-23
16564,Medium,Technology,India,2025-12-11
16565,Small,Healthcare,India,2025-11-15
16566,Medium,Retail,UK,2023-11-28
16567,Medium,Education,UK,2023-02-08
16568,Medium,Retail,India,2026-02-19
16569,Medium,Manufacturing,USA,2025-07-27
16570,Medium,Education,Germany,2023-09-19
16571,Medium,Manufacturing,India,2025-09-25
16572,Small,Media,India,2026-07-22
16573,Small,Media,Canada,2025-03-10
16574,Large,Education,India,2022-05-04
16575,Small,Media,Singapore,2021-02-26
16576,Large,Professional Services,UK,2022-05-27
16577,Enterprise,Finance,USA,2025-05-21
16578,Small,Technology,USA,2023-01-05
16579,Medium,Manufacturing,UK,2025-05-02
16580,Medium,Healthcare,India,2022-01-06
16581,Large,Healthcare,Singapore,2026-09-05
16582,Enterprise,Finance,Canada,2026-01-17
16583,Large,Media,India,2022-08-29
16584,Small,Finance,UK,2021-04-20
16585,Medium,Media,India,2023-02-12
16586,Medium,Professional Services,India,2026-01-05
16587,Medium,Healthcare,Canada,2026-02-03
16588,Small,Manufacturing,Canada,2026-01-02
16589,Small,Healthcare,UK,2023-07-06
16590,Large,Technology,India,2022-08-20
16591,Medium,Education,UK,2024-05-22
16592,Small,Media,India,2024-08-28
16593,Medium,Technology,UK,2023-08-13
16594,Large,Professional Services,UK,2024-01-30
16595,Large,Professional Services,Canada,2023-02-01
16596,Small,Media,Germany,2023-07-27
16597,Small,Media,Germany,2022-12-20
16598,Small,Healthcare,Singapore,2026-05-08
16599,Enterprise,Education,Singapore,2023-08-07
16600,Medium,Healthcare,Australia,2021-10-29
16601,Medium,Technology,Singapore,2024-05-25
16602,Medium,Technology,Germany,2025-01-15
16603,Medium,Media,Australia,2022-09-06
16604,Large,Manufacturing,India,2025-03-29
16605,Medium,Manufacturing,India,2024-11-25
16606,Small,Technology,Germany,2022-10-31
16607,Small,Education,USA,2021-08-06
16608,Medium,Media,Germany,2023-01-19
16609,Enterprise,Professional Services,USA,2021-05-05
16610,Small,Manufacturing,USA,2021-07-20
16611,Large,Manufacturing,Canada,2023-11-10
16612,Large,Retail,Singapore,2022-12-23
16613,Small,Retail,India,2023-08-10
16614,Small,Manufacturing,Germany,2026-02-25
16615,Small,Healthcare,Australia,2024-12-03
16616,Large,Education,USA,2023-12-22
16617,Small,Finance,USA,2025-11-12
16618,Medium,Manufacturing,India,2022-11-30
16619,Medium,Retail,India,2022-09-14
16620,Large,Education,USA,2023-09-13
16621,Small,Education,India,2022-04-05
16622,Medium,Retail,India,2023-12-21
16623,Medium,Media,Germany,2021-10-27
16624,Medium,Education,UK,2024-06-29
16625,Large,Media,Canada,2024-12-01
16626,Small,Education,India,2024-07-03
16627,Large,Retail,Germany,2026-01-04
16628,Medium,Technology,Germany,2025-12-27
16629,Medium,Manufacturing,UK,2023-09-16
16630,Medium,Healthcare,Singapore,2021-08-02
16631,Medium,Media,Germany,2022-06-16
16632,Small,Finance,Australia,2025-05-19
16633,Medium,Healthcare,Australia,2026-06-08
16634,Medium,Technology,India,2022-06-22
16635,Medium,Professional Services,USA,2024-07-10
16636,Small,Technology,India,2022-11-07
16637,Enterprise,Education,India,2022-01-25
16638,Medium,Healthcare,India,2025-05-28
16639,Small,Media,Germany,2021-11-16
16640,Medium,Media,India,2022-11-21
16641,Large,Technology,Singapore,2026-10-01
16642,Large,Healthcare,UK,2022-10-19
16643,Medium,Technology,India,2023-04-08
16644,Large,Finance,USA,2024-01-06
16645,Small,Technology,India,2021-04-29
16646,Medium,Healthcare,Singapore,2024-04-20
16647,Large,Education,Germany,2022-05-21
16648,Large,Healthcare,India,2023-11-08
16649,Medium,Retail,Singapore,2022-05-12
16650,Large,Healthcare,Australia,2025-11-07
16651,Small,Finance,India,2021-03-20
16652,Large,Manufacturing,Canada,2021-02-28
16653,Small,Finance,Canada,2024-12-05
16654,Small,Finance,India,2025-07-12
16655,Small,Technology,Australia,2025-11-08
16656,Medium,Finance,India,2026-02-06
16657,Small,Healthcare,USA,2025-09-03
16658,Small,Media,India,2025-02-20
16659,Small,Manufacturing,Singapore,2021-09-01
16660,Small,Media,Australia,2024-01-16
16661,Medium,Professional Services,India,2025-08-02
16662,Medium,Education,USA,2026-06-01
16663,Small,Professional Services,India,2021-02-08
16664,Large,Finance,Australia,2025-06-04
16665,Large,Media,India,2021-01-20
16666,Large,Healthcare,Germany,2021-08-09
16667,Small,Technology,Singapore,2026-02-16
16668,Large,Technology,Canada,2021-09-08
16669,Small,Education,India,2021-07-31
16670,Small,Education,USA,2022-02-23
16671,Small,Healthcare,USA,2024-04-10
16672,Large,Education,UK,2022-05-22
16673,Small,Media,Canada,2022-10-08
16674,Small,Media,UK,2025-07-10
16675,Small,Education,USA,2023-05-19
16676,Large,Technology,Germany,2022-05-07
16677,Medium,Healthcare,India,2024-03-15
16678,Small,Manufacturing,USA,2024-06-15
16679,Medium,Education,Australia,2023-01-10
16680,Medium,Healthcare,India,2025-11-26
16681,Medium,Finance,Canada,2022-02-28
16682,Small,Technology,Germany,2021-10-19
16683,Large,Manufacturing,Canada,2026-06-07
16684,Small,Media,India,2026-05-12
16685,Medium,Technology,India,2021-08-31
16686,Small,Technology,USA,2024-05-15
16687,Medium,Media,India,2025-11-25
16688,Medium,Retail,Singapore,2022-08-08
16689,Medium,Healthcare,Canada,2026-09-14
16690,Small,Media,USA,2024-09-04
16691,Large,Finance,Singapore,2021-04-05
16692,Small,Education,Australia,2021-10-28
16693,Medium,Finance,USA,2025-07-19
16694,Large,Healthcare,USA,2024-04-23
16695,Medium,Media,India,2022-11-21
16696,Large,Technology,Singapore,2024-03-11
16697,Medium,Media,UK,2023-09-20
16698,Medium,Retail,Germany,2022-10-23
16699,Large,Healthcare,USA,2026-04-14
16700,Small,Manufacturing,Germany,2026-04-10
16701,Medium,Manufacturing,India,2023-11-29
16702,Large,Healthcare,Singapore,2021-11-01
16703,Medium,Education,Singapore,2026-01-22
16704,Small,Finance,USA,2022-06-10
16705,Medium,Finance,Australia,2022-02-11
16706,Large,Education,Australia,2024-10-14
16707,Enterprise,Retail,Singapore,2023-06-05
16708,Medium,Technology,USA,2023-05-23
16709,Medium,Professional Services,USA,2026-05-25
16710,Enterprise,Professional Services,Germany,2023-09-17
16711,Small,Technology,Australia,2024-07-28
16712,Small,Manufacturing,USA,2025-05-08
16713,Large,Retail,Germany,2021-01-11
16714,Large,Education,India,2026-06-11
16715,Large,Professional Services,Australia,2023-08-31
16716,Medium,Healthcare,India,2021-01-09
16717,Small,Media,USA,2021-01-28
16718,Medium,Finance,USA,2022-11-17
16719,Small,Media,USA,2022-08-05
16720,Small,Healthcare,UK,2024-05-26
16721,Large,Finance,UK,2025-07-20
16722,Small,Healthcare,USA,2026-08-13
16723,Large,Education,India,2024-04-25
16724,Medium,Education,Australia,2021-02-12
16725,Medium,Retail,USA,2025-06-23
16726,Small,Healthcare,UK,2024-12-05
16727,Small,Healthcare,Canada,2021-02-11
16728,Small,Retail,Singapore,2022-12-31
16729,Enterprise,Retail,Canada,2026-06-05
16730,Large,Media,India,2022-10-10
16731,Medium,Education,Germany,2026-06-06
16732,Small,Media,Singapore,2026-04-13
16733,Enterprise,Education,USA,2024-03-05
16734,Small,Media,Singapore,2025-03-23
16735,Small,Manufacturing,UK,2021-02-06
16736,Medium,Healthcare,USA,2026-07-13
16737,Enterprise,Media,USA,2023-04-03
16738,Small,Media,Canada,2022-08-02
16739,Small,Education,India,2023-10-18
16740,Enterprise,Professional Services,India,2023-12-18
16741,Small,Education,India,2026-03-11
16742,Small,Healthcare,USA,2026-07-16
16743,Medium,Retail,USA,2021-04-23
16744,Large,Healthcare,UK,2025-11-15
16745,Medium,Professional Services,USA,2025-12-25
16746,Enterprise,Technology,Singapore,2022-08-24
16747,Medium,Healthcare,USA,2022-03-18
16748,Small,Technology,USA,2021-08-16
16749,Enterprise,Media,India,2023-05-24
16750,Medium,Healthcare,USA,2024-02-20
16751,Small,Professional Services,India,2022-11-02
16752,Medium,Technology,UK,2024-07-15
16753,Small,Technology,Australia,2022-11-26
16754,Small,Professional Services,India,2025-02-17
16755,Small,Healthcare,USA,2023-10-25
16756,Medium,Manufacturing,India,2021-05-01
16757,Large,Education,Germany,2023-01-12
16758,Medium,Finance,Australia,2025-02-18
16759,Enterprise,Education,India,2024-05-27
16760,Small,Technology,USA,2022-11-25
16761,Small,Media,Singapore,2021-09-14
16762,Small,Healthcare,USA,2026-09-22
16763,Small,Healthcare,UK,2025-04-03
16764,Small,Media,USA,2025-09-09
16765,Large,Healthcare,UK,2023-07-02
16766,Enterprise,Healthcare,Singapore,2022-08-17
16767,Enterprise,Manufacturing,Singapore,2023-10-31
16768,Small,Finance,Australia,2021-07-31
16769,Large,Retail,USA,2025-08-03
16770,Small,Technology,USA,2026-05-16
16771,Small,Finance,USA,2024-11-06
16772,Large,Education,Singapore,2024-11-13
16773,Medium,Retail,Canada,2023-07-11
16774,Small,Retail,USA,2023-07-11
16775,Medium,Media,India,2026-08-02
16776,Small,Healthcare,UK,2025-10-25
16777,Large,Finance,Singapore,2025-02-02
16778,Medium,Media,UK,2021-03-19
16779,Enterprise,Education,India,2022-02-16
16780,Small,Healthcare,India,2025-04-27
16781,Medium,Healthcare,USA,2025-05-17
16782,Medium,Professional Services,Singapore,2021-11-09
16783,Medium,Professional Services,Singapore,2021-01-04
16784,Small,Professional Services,Singapore,2021-04-19
16785,Large,Manufacturing,Australia,2023-06-05
16786,Large,Media,UK,2021-04-03
16787,Enterprise,Technology,UK,2024-01-28
16788,Large,Retail,UK,2021-07-11
16789,Large,Education,Canada,2024-05-20
16790,Medium,Retail,USA,2022-09-19
16791,Large,Finance,Canada,2022-07-27
16792,Small,Technology,India,2026-04-10
16793,Medium,Healthcare,USA,2021-07-15
16794,Small,Technology,Germany,2021-09-19
16795,Medium,Healthcare,Singapore,2026-04-19
16796,Small,Media,UK,2021-11-28
16797,Enterprise,Professional Services,India,2024-08-12
16798,Small,Technology,Singapore,2024-06-13
16799,Small,Healthcare,Canada,2022-11-12
16800,Medium,Retail,USA,2026-08-17
16801,Small,Professional Services,UK,2022-06-18
16802,Small,Professional Services,USA,2025-03-04
16803,Small,Professional Services,USA,2021-11-20
16804,Medium,Retail,Germany,2026-04-25
16805,Medium,Retail,India,2021-03-14
16806,Large,Retail,India,2024-11-13
16807,Large,Professional Services,India,2024-06-15
16808,Medium,Technology,USA,2023-09-15
16809,Small,Healthcare,India,2024-09-07
16810,Small,Retail,India,2025-11-22
16811,Large,Technology,India,2024-08-21
16812,Small,Healthcare,India,2023-10-29
16813,Small,Professional Services,USA,2026-06-30
16814,Large,Technology,India,2024-05-15
16815,Medium,Professional Services,UK,2022-02-15
16816,Small,Manufacturing,UK,2025-12-25
16817,Small,Retail,India,2024-04-08
16818,Enterprise,Finance,UK,2022-10-24
16819,Large,Technology,Singapore,2024-05-14
16820,Large,Retail,Singapore,2024-09-18
16821,Medium,Education,India,2025-08-01
16822,Medium,Healthcare,Australia,2023-12-25
16823,Enterprise,Manufacturing,USA,2026-02-02
16824,Enterprise,Retail,India,2023-12-03
16825,Small,Education,USA,2026-03-22
16826,Large,Technology,USA,2026-05-15
16827,Small,Technology,UK,2022-05-15
16828,Small,Education,Canada,2024-07-26
16829,Medium,Manufacturing,Australia,2021-11-22
16830,Medium,Education,India,2024-12-12
16831,Enterprise,Healthcare,USA,2022-07-07
16832,Small,Technology,USA,2026-04-22
16833,Medium,Education,USA,2023-06-07
16834,Enterprise,Finance,Singapore,2023-09-23
16835,Enterprise,Finance,Australia,2023-07-18
16836,Small,Education,Singapore,2021-11-04
16837,Medium,Healthcare,Canada,2024-08-23
16838,Medium,Technology,USA,2026-04-07
16839,Small,Finance,USA,2022-04-15
16840,Enterprise,Education,USA,2025-07-13
16841,Enterprise,Professional Services,USA,2022-09-17
16842,Small,Education,Germany,2021-09-06
16843,Small,Retail,USA,2025-01-06
16844,Small,Education,USA,2022-08-27
16845,Enterprise,Healthcare,Australia,2021-02-28
16846,Small,Finance,Germany,2023-10-18
16847,Medium,Retail,USA,2024-09-03
16848,Medium,Finance,Canada,2024-07-01
16849,Medium,Finance,India,2022-11-18
16850,Small,Healthcare,UK,2022-05-30
16851,Small,Education,India,2022-06-17
16852,Enterprise,Healthcare,India,2022-02-06
16853,Enterprise,Education,UK,2022-07-28
16854,Large,Retail,USA,2025-04-15
16855,Small,Healthcare,Australia,2023-08-29
16856,Small,Healthcare,Germany,2025-12-11
16857,Medium,Professional Services,India,2022-03-13
16858,Small,Manufacturing,Australia,2026-06-26
16859,Enterprise,Technology,UK,2024-10-30
16860,Medium,Healthcare,India,2025-04-04
16861,Small,Manufacturing,Canada,2025-06-27
16862,Enterprise,Media,UK,2023-02-01
16863,Enterprise,Technology,UK,2025-01-02
16864,Small,Professional Services,Singapore,2023-05-11
16865,Medium,Education,UK,2026-05-29
16866,Small,Media,Singapore,2023-05-17
16867,Medium,Education,UK,2024-01-28
16868,Small,Education,India,2023-11-20
16869,Medium,Manufacturing,USA,2024-08-07
16870,Enterprise,Manufacturing,India,2026-05-17
16871,Medium,Technology,UK,2021-01-28
16872,Small,Education,Canada,2022-08-04
16873,Medium,Finance,USA,2023-07-16
16874,Small,Media,India,2026-03-04
16875,Large,Healthcare,USA,2025-04-05
16876,Medium,Manufacturing,India,2021-10-03
16877,Small,Manufacturing,Canada,2024-09-09
16878,Small,Manufacturing,Australia,2021-06-02
16879,Large,Technology,Singapore,2025-05-24
16880,Small,Education,India,2026-03-17
16881,Large,Finance,UK,2026-08-30
16882,Small,Healthcare,UK,2026-01-01
16883,Small,Healthcare,Singapore,2021-09-04
16884,Medium,Education,Canada,2024-11-14
16885,Enterprise,Finance,India,2024-10-02
16886,Enterprise,Technology,USA,2024-05-11
16887,Small,Manufacturing,Canada,2023-10-30
16888,Medium,Manufacturing,Canada,2025-09-12
16889,Small,Media,Germany,2025-08-19
16890,Medium,Media,India,2025-07-29
16891,Medium,Media,Singapore,2021-02-06
16892,Enterprise,Professional Services,India,2025-06-16
16893,Enterprise,Education,Singapore,2026-08-27
16894,Medium,Healthcare,Germany,2024-10-03
16895,Medium,Manufacturing,Canada,2022-11-08
16896,Large,Professional Services,Australia,2023-09-04
16897,Large,Healthcare,India,2025-01-07
16898,Small,Healthcare,India,2021-09-10
16899,Small,Education,India,2025-06-05
16900,Medium,Retail,India,2026-07-10
16901,Small,Media,UK,2023-01-31
16902,Small,Professional Services,India,2022-01-28
16903,Small,Retail,Germany,2022-03-07
16904,Medium,Retail,USA,2023-09-24
16905,Small,Professional Services,Canada,2023-12-28
16906,Small,Finance,Canada,2024-01-06
16907,Small,Media,USA,2021-04-12
16908,Large,Education,India,2023-06-12
16909,Large,Professional Services,USA,2025-11-24
16910,Medium,Healthcare,Australia,2024-05-05
16911,Medium,Professional Services,UK,2022-04-17
16912,Enterprise,Manufacturing,USA,2025-11-16
16913,Small,Professional Services,Germany,2024-07-03
16914,Small,Finance,India,2025-02-07
16915,Small,Media,Canada,2022-02-26
16916,Small,Media,USA,2022-06-23
16917,Medium,Retail,Australia,2025-09-03
16918,Enterprise,Technology,Singapore,2025-11-16
16919,Medium,Media,Australia,2024-08-04
16920,Medium,Media,USA,2026-05-15
16921,Enterprise,Finance,India,2023-09-13
16922,Small,Finance,Germany,2023-03-17
16923,Small,Education,USA,2024-03-22
16924,Medium,Manufacturing,India,2022-10-11
16925,Medium,Finance,Canada,2025-09-21
16926,Small,Professional Services,USA,2024-12-30
16927,Medium,Manufacturing,India,2025-04-01
16928,Medium,Education,Singapore,2022-09-18
16929,Medium,Professional Services,USA,2023-02-15
16930,Medium,Media,USA,2024-07-26
16931,Small,Technology,Canada,2024-06-22
16932,Small,Healthcare,Germany,2025-11-09
16933,Medium,Healthcare,India,2024-03-12
16934,Small,Retail,Canada,2025-03-31
16935,Enterprise,Media,Australia,2024-11-07
16936,Medium,Retail,India,2026-03-28
16937,Small,Technology,USA,2025-10-17
16938,Large,Healthcare,India,2022-09-13
16939,Medium,Retail,Australia,2024-08-04
16940,Small,Media,Germany,2022-11-03
16941,Large,Manufacturing,India,2023-03-12
16942,Large,Finance,Germany,2021-06-20
16943,Medium,Education,Australia,2025-03-29
16944,Small,Professional Services,USA,2024-11-17
16945,Medium,Retail,Canada,2026-06-05
16946,Large,Technology,India,2023-07-28
16947,Small,Professional Services,Singapore,2023-04-15
16948,Small,Healthcare,UK,2026-08-09
16949,Large,Media,Canada,2024-10-16
16950,Small,Technology,Canada,2026-07-25
16951,Large,Education,UK,2025-01-04
16952,Medium,Education,Germany,2024-06-09
16953,Medium,Technology,UK,2023-10-02
16954,Small,Retail,Singapore,2025-09-28
16955,Large,Retail,UK,2024-06-26
16956,Medium,Healthcare,India,2024-09-02
16957,Medium,Manufacturing,Singapore,2025-10-19
16958,Medium,Healthcare,Canada,2026-05-11
16959,Large,Finance,Canada,2023-07-02
16960,Enterprise,Manufacturing,Singapore,2025-08-19
16961,Medium,Media,India,2021-03-11
16962,Medium,Professional Services,USA,2024-06-11
16963,Enterprise,Media,India,2022-03-08
16964,Medium,Finance,Canada,2023-12-14
16965,Small,Healthcare,Germany,2021-06-19
16966,Small,Manufacturing,Singapore,2026-09-15
16967,Large,Manufacturing,USA,2026-05-05
16968,Medium,Finance,Australia,2026-06-08
16969,Medium,Media,Singapore,2021-09-16
16970,Medium,Technology,Canada,2026-08-23
16971,Small,Retail,India,2023-10-01
16972,Medium,Manufacturing,UK,2024-03-30
16973,Small,Professional Services,Singapore,2022-03-13
16974,Medium,Professional Services,Singapore,2021-08-18
16975,Medium,Manufacturing,Canada,2023-04-11
16976,Medium,Finance,Germany,2023-04-21
16977,Large,Manufacturing,India,2024-05-01
16978,Large,Media,India,2022-09-12
16979,Large,Finance,Singapore,2024-07-05
16980,Small,Technology,India,2022-09-14
16981,Small,Professional Services,India,2022-09-27
16982,Medium,Manufacturing,USA,2026-06-17
16983,Enterprise,Education,UK,2025-11-01
16984,Large,Healthcare,UK,2024-11-10
16985,Large,Professional Services,USA,2023-04-09
16986,Small,Technology,Singapore,2025-09-23
16987,Medium,Education,Singapore,2022-06-21
16988,Medium,Professional Services,USA,2024-11-03
16989,Small,Technology,USA,2023-03-16
16990,Small,Retail,Canada,2026-07-30
16991,Enterprise,Technology,Canada,2023-05-02
16992,Small,Technology,USA,2022-07-10
16993,Small,Retail,USA,2024-05-30
16994,Small,Manufacturing,USA,2023-08-06
16995,Enterprise,Healthcare,India,2021-08-16
16996,Medium,Media,USA,2026-02-08
16997,Medium,Education,Canada,2026-04-18
16998,Enterprise,Professional Services,Australia,2021-09-11
16999,Small,Media,Australia,2026-08-16
17000,Medium,Finance,USA,2026-09-26
17001,Small,Healthcare,Australia,2021-09-11
17002,Small,Media,India,2021-02-28
17003,Large,Professional Services,USA,2025-09-18
17004,Large,Technology,Australia,2023-10-12
17005,Medium,Media,Canada,2024-04-29
17006,Medium,Finance,USA,2021-09-22
17007,Medium,Retail,Canada,2025-09-04
17008,Small,Media,Singapore,2025-05-01
17009,Small,Healthcare,UK,2023-07-27
17010,Small,Manufacturing,Australia,2023-05-28
17011,Small,Education,Singapore,2022-07-01
17012,Large,Healthcare,Canada,2022-02-02
17013,Small,Healthcare,UK,2026-08-02
17014,Small,Manufacturing,India,2025-06-19
17015,Medium,Finance,USA,2026-01-26
17016,Large,Retail,UK,2021-08-18
17017,Small,Manufacturing,Australia,2022-12-04
17018,Small,Professional Services,USA,2024-11-28
17019,Medium,Retail,Singapore,2025-08-27
17020,Large,Manufacturing,USA,2025-04-04
17021,Medium,Healthcare,Australia,2021-01-07
17022,Large,Retail,USA,2021-06-26
17023,Enterprise,Finance,USA,2024-05-14
17024,Large,Finance,Germany,2021-10-26
17025,Medium,Education,USA,2025-12-29
17026,Medium,Retail,India,2022-09-23
17027,Small,Education,UK,2021-09-27
17028,Enterprise,Professional Services,UK,2021-03-22
17029,Medium,Manufacturing,Australia,2025-08-23
17030,Small,Technology,Singapore,2023-03-31
17031,Medium,Professional Services,India,2022-05-16
17032,Small,Finance,UK,2025-02-19
17033,Medium,Healthcare,Canada,2025-02-20
17034,Medium,Media,Singapore,2023-09-17
17035,Medium,Finance,Singapore,2025-02-10
17036,Large,Technology,Canada,2024-08-05
17037,Small,Healthcare,UK,2022-10-03
17038,Medium,Retail,India,2022-09-01
17039,Medium,Media,USA,2023-10-06
17040,Medium,Retail,UK,2025-05-19
17041,Large,Professional Services,Australia,2025-07-22
17042,Medium,Media,Canada,2026-01-03
17043,Medium,Finance,Canada,2026-06-21
17044,Small,Healthcare,USA,2026-04-11
17045,Enterprise,Manufacturing,Australia,2021-04-14
17046,Medium,Media,India,2025-03-12
17047,Large,Healthcare,India,2026-06-11
17048,Small,Education,India,2023-12-15
17049,Small,Technology,Germany,2021-05-01
17050,Medium,Professional Services,India,2022-02-11
17051,Large,Retail,Germany,2022-11-07
17052,Medium,Finance,India,2025-07-13
17053,Enterprise,Healthcare,USA,2022-03-08
17054,Medium,Retail,Singapore,2023-06-28
17055,Medium,Finance,UK,2021-03-02
17056,Small,Media,India,2024-06-24
17057,Large,Retail,USA,2025-06-02
17058,Small,Finance,Singapore,2023-11-14
17059,Large,Retail,USA,2024-08-24
17060,Enterprise,Manufacturing,UK,2021-09-19
17061,Enterprise,Education,USA,2024-12-07
17062,Medium,Technology,USA,2023-02-03
17063,Medium,Retail,India,2025-08-12
17064,Large,Technology,Canada,2023-12-25
17065,Small,Retail,Canada,2022-01-04
17066,Medium,Professional Services,USA,2023-05-20
17067,Small,Healthcare,Australia,2023-10-25
17068,Medium,Education,Germany,2023-07-03
17069,Small,Professional Services,Singapore,2025-11-15
17070,Small,Manufacturing,India,2025-06-19
17071,Medium,Education,USA,2022-06-27
17072,Medium,Technology,Germany,2023-01-22
17073,Medium,Healthcare,India,2022-02-25
17074,Small,Finance,India,2025-01-26
17075,Medium,Professional Services,Germany,2025-05-23
17076,Small,Education,USA,2022-07-01
17077,Medium,Manufacturing,USA,2023-05-16
17078,Medium,Professional Services,USA,2025-04-21
17079,Medium,Healthcare,Germany,2022-03-30
17080,Large,Healthcare,USA,2025-10-24
17081,Small,Technology,Germany,2022-11-10
17082,Large,Manufacturing,UK,2021-10-01
17083,Medium,Healthcare,UK,2021-03-01
17084,Medium,Media,USA,2021-12-08
17085,Medium,Healthcare,India,2024-11-18
17086,Small,Finance,Canada,2025-12-20
17087,Medium,Technology,USA,2024-08-31
17088,Medium,Technology,Singapore,2022-04-12
17089,Small,Manufacturing,USA,2022-12-21
17090,Small,Healthcare,UK,2024-05-20
17091,Small,Finance,USA,2022-07-17
17092,Enterprise,Retail,Australia,2023-09-10
17093,Medium,Education,USA,2022-03-01
17094,Small,Media,USA,2022-07-08
17095,Medium,Professional Services,Germany,2023-01-29
17096,Medium,Technology,UK,2025-09-27
17097,Large,Finance,UK,2021-09-01
17098,Small,Manufacturing,UK,2024-09-19
17099,Small,Finance,Canada,2024-02-04
17100,Large,Healthcare,USA,2025-11-21
17101,Small,Media,India,2026-03-26
17102,Small,Education,Germany,2026-05-17
17103,Enterprise,Technology,India,2024-04-03
17104,Medium,Retail,Australia,2026-02-13
17105,Small,Healthcare,India,2026-07-03
17106,Small,Technology,USA,2023-12-17
17107,Small,Professional Services,India,2023-08-18
17108,Small,Manufacturing,UK,2024-04-26
17109,Large,Technology,Canada,2021-11-20
17110,Medium,Finance,India,2025-11-30
17111,Large,Professional Services,USA,2026-05-30
17112,Enterprise,Education,Singapore,2024-11-14
17113,Medium,Media,USA,2024-07-31
17114,Small,Retail,Germany,2024-12-26
17115,Medium,Education,Singapore,2023-08-21
17116,Enterprise,Finance,Singapore,2025-09-14
17117,Large,Retail,Germany,2024-07-19
17118,Small,Retail,USA,2023-05-25
17119,Medium,Media,Singapore,2022-03-08
17120,Medium,Healthcare,Germany,2024-02-14
17121,Enterprise,Retail,Germany,2022-09-11
17122,Small,Technology,India,2022-09-11
17123,Medium,Education,Singapore,2022-03-11
17124,Large,Manufacturing,Australia,2025-03-26
17125,Medium,Manufacturing,Australia,2023-07-21
17126,Medium,Education,India,2022-07-26
17127,Small,Healthcare,India,2021-09-23
17128,Small,Retail,Singapore,2021-04-12
17129,Small,Finance,UK,2025-03-15
17130,Enterprise,Professional Services,USA,2024-04-28
17131,Small,Professional Services,Germany,2022-10-02
17132,Medium,Technology,India,2021-11-30
17133,Medium,Healthcare,USA,2023-06-26
17134,Small,Professional Services,USA,2025-05-01
17135,Medium,Media,USA,2025-05-24
17136,Large,Media,USA,2026-03-15
17137,Large,Retail,India,2022-07-24
17138,Medium,Manufacturing,India,2025-03-26
17139,Medium,Finance,Canada,2023-06-28
17140,Small,Retail,Singapore,2022-01-02
17141,Enterprise,Healthcare,UK,2023-10-11
17142,Small,Media,USA,2026-02-16
17143,Large,Finance,India,2023-03-25
17144,Small,Professional Services,Germany,2021-07-25
17145,Enterprise,Finance,Singapore,2023-03-27
17146,Large,Finance,USA,2021-03-07
17147,Large,Finance,USA,2026-08-14
17148,Small,Media,UK,2021-01-03
17149,Medium,Professional Services,Australia,2025-10-05
17150,Medium,Retail,USA,2021-11-21
17151,Large,Finance,Canada,2024-06-17
17152,Small,Retail,Canada,2026-08-01
17153,Enterprise,Finance,Singapore,2022-08-28
17154,Large,Media,India,2023-03-07
17155,Small,Finance,Singapore,2025-12-27
17156,Large,Healthcare,USA,2021-12-13
17157,Medium,Retail,Australia,2023-12-18
17158,Medium,Manufacturing,UK,2021-02-28
17159,Small,Media,USA,2025-09-06
17160,Medium,Retail,Canada,2021-04-21
17161,Large,Media,USA,2021-01-23
17162,Medium,Education,India,2024-12-22
17163,Medium,Professional Services,USA,2026-05-18
17164,Medium,Manufacturing,UK,2023-02-26
17165,Large,Healthcare,India,2025-09-04
17166,Small,Retail,Singapore,2026-05-12
17167,Large,Healthcare,India,2023-01-17
17168,Medium,Manufacturing,USA,2022-05-30
17169,Small,Healthcare,India,2025-11-01
17170,Small,Healthcare,UK,2021-11-21
17171,Medium,Technology,USA,2026-07-13
17172,Large,Retail,USA,2023-12-08
17173,Medium,Healthcare,India,2025-04-12
17174,Large,Technology,India,2025-03-25
17175,Small,Technology,Australia,2025-10-22
17176,Medium,Media,Canada,2022-06-10
17177,Enterprise,Finance,USA,2023-07-08
17178,Large,Finance,India,2026-09-08
17179,Small,Professional Services,Germany,2022-06-22
17180,Medium,Manufacturing,India,2025-10-16
17181,Small,Retail,Singapore,2022-09-19
17182,Medium,Finance,USA,2023-04-21
17183,Large,Manufacturing,USA,2022-08-16
17184,Large,Retail,Australia,2022-12-14
17185,Small,Manufacturing,Germany,2021-03-08
17186,Enterprise,Professional Services,USA,2023-01-31
17187,Medium,Professional Services,USA,2024-03-10
17188,Medium,Technology,USA,2024-10-01
17189,Medium,Technology,Singapore,2022-04-10
17190,Medium,Retail,Canada,2021-04-06
17191,Medium,Manufacturing,India,2022-02-12
17192,Medium,Manufacturing,India,2026-01-28
17193,Medium,Finance,India,2023-03-15
17194,Small,Finance,USA,2025-01-07
17195,Large,Retail,India,2023-01-27
17196,Medium,Education,Canada,2026-06-29
17197,Small,Finance,India,2021-12-27
17198,Large,Healthcare,USA,2024-10-25
17199,Enterprise,Finance,Canada,2021-07-31
17200,Enterprise,Education,USA,2024-07-06
17201,Medium,Manufacturing,India,2025-08-27
17202,Small,Technology,India,2024-01-26
17203,Medium,Media,India,2024-05-18
17204,Small,Media,Germany,2025-04-21
17205,Enterprise,Technology,Canada,2023-02-17
17206,Small,Manufacturing,India,2026-08-31
17207,Small,Technology,USA,2022-12-30
17208,Medium,Finance,USA,2022-09-08
17209,Medium,Professional Services,UK,2022-01-06
17210,Large,Technology,UK,2024-05-27
17211,Medium,Professional Services,USA,2025-03-08
17212,Small,Education,USA,2022-09-24
17213,Small,Professional Services,India,2023-01-31
17214,Medium,Education,Australia,2023-04-27
17215,Small,Finance,Germany,2023-08-06
17216,Medium,Manufacturing,Singapore,2024-01-25
17217,Medium,Healthcare,India,2024-12-26
17218,Large,Finance,Australia,2024-03-13
17219,Enterprise,Technology,Australia,2026-08-16
17220,Enterprise,Finance,Singapore,2024-09-02
17221,Enterprise,Media,USA,2024-06-07
17222,Small,Media,Australia,2025-02-27
17223,Small,Education,India,2025-09-26
17224,Small,Finance,Canada,2026-05-14
17225,Large,Finance,USA,2022-12-12
17226,Enterprise,Healthcare,Australia,2022-04-20
17227,Large,Education,Germany,2022-07-28
17228,Small,Retail,USA,2022-05-23
17229,Enterprise,Retail,UK,2022-11-23
17230,Medium,Education,India,2024-07-18
17231,Small,Retail,USA,2025-08-25
17232,Medium,Technology,USA,2023-02-27
17233,Small,Retail,India,2022-07-26
17234,Medium,Media,Germany,2022-08-10
17235,Small,Technology,India,2022-05-29
17236,Medium,Education,Canada,2026-05-30
17237,Medium,Retail,Germany,2022-07-10
17238,Large,Retail,Singapore,2025-09-06
17239,Medium,Manufacturing,Australia,2021-10-22
17240,Medium,Professional Services,India,2024-01-22
17241,Large,Technology,Germany,2025-02-19
17242,Enterprise,Technology,USA,2026-09-23
17243,Small,Finance,Singapore,2025-12-13
17244,Medium,Healthcare,Canada,2026-09-18
17245,Small,Media,Australia,2026-06-06
17246,Small,Retail,India,2021-09-05
17247,Medium,Manufacturing,UK,2025-01-01
17248,Large,Healthcare,Germany,2025-12-24
17249,Small,Professional Services,Germany,2023-09-02
17250,Large,Professional Services,India,2026-02-21
17251,Large,Media,Singapore,2022-02-07
17252,Enterprise,Manufacturing,India,2021-10-11
17253,Small,Healthcare,UK,2026-07-13
17254,Enterprise,Media,Canada,2021-08-29
17255,Small,Media,India,2021-06-16
17256,Medium,Media,India,2025-11-11
17257,Small,Media,Australia,2022-07-15
17258,Small,Retail,USA,2022-12-02
17259,Large,Professional Services,India,2026-04-04
17260,Medium,Media,Australia,2021-09-22
17261,Small,Manufacturing,Germany,2023-12-20
17262,Small,Technology,UK,2022-05-14
17263,Medium,Finance,India,2025-05-30
17264,Small,Manufacturing,India,2022-05-03
17265,Large,Education,Canada,2022-04-10
17266,Small,Professional Services,UK,2021-08-16
17267,Small,Media,Canada,2022-10-28
17268,Medium,Professional Services,Germany,2024-10-11
17269,Medium,Media,USA,2025-01-29
17270,Medium,Retail,India,2023-03-10
17271,Small,Retail,Singapore,2021-09-19
17272,Enterprise,Education,UK,2023-05-10
17273,Medium,Professional Services,UK,2021-12-30
17274,Small,Media,Singapore,2026-08-09
17275,Medium,Healthcare,Singapore,2026-07-24
17276,Large,Finance,UK,2023-11-02
17277,Small,Healthcare,USA,2022-08-06
17278,Small,Education,Singapore,2023-07-16
17279,Large,Education,Canada,2023-07-05
17280,Medium,Finance,USA,2026-06-10
17281,Medium,Education,UK,2025-11-10
17282,Small,Education,USA,2025-01-03
17283,Small,Professional Services,Germany,2021-05-31
17284,Medium,Manufacturing,USA,2025-02-13
17285,Small,Media,Germany,2023-05-18
17286,Medium,Professional Services,Germany,2021-05-22
17287,Medium,Finance,Germany,2023-06-26
17288,Small,Retail,Australia,2023-12-07
17289,Enterprise,Healthcare,Germany,2021-04-04
17290,Large,Retail,USA,2023-01-31
17291,Large,Retail,India,2021-12-22
17292,Small,Manufacturing,Germany,2022-06-16
17293,Small,Healthcare,USA,2026-07-11
17294,Medium,Retail,India,2024-12-23
17295,Small,Media,India,2023-07-06
17296,Enterprise,Finance,India,2025-02-01
17297,Small,Healthcare,Australia,2022-12-28
17298,Medium,Technology,Canada,2025-04-04
17299,Medium,Manufacturing,India,2023-02-05
17300,Medium,Media,Germany,2025-05-29
17301,Small,Retail,USA,2023-07-12
17302,Medium,Media,Australia,2022-10-15
17303,Small,Media,USA,2023-06-24
17304,Large,Education,Australia,2023-01-16
17305,Small,Healthcare,USA,2023-07-29
17306,Enterprise,Technology,USA,2021-03-29
17307,Large,Education,Germany,2026-01-08
17308,Small,Media,India,2022-07-17
17309,Large,Technology,Singapore,2024-06-22
17310,Small,Media,Canada,2025-01-30
17311,Enterprise,Retail,USA,2025-01-05
17312,Medium,Media,Canada,2022-03-18
17313,Small,Education,India,2026-05-04
17314,Medium,Retail,UK,2025-04-22
17315,Small,Education,Singapore,2022-07-13
17316,Enterprise,Healthcare,India,2023-08-01
17317,Small,Media,Australia,2024-06-11
17318,Medium,Professional Services,USA,2023-03-04
17319,Medium,Finance,Canada,2022-11-21
17320,Enterprise,Professional Services,India,2022-04-22
17321,Small,Finance,USA,2022-11-16
17322,Medium,Professional Services,Singapore,2024-02-18
17323,Medium,Technology,India,2022-06-26
17324,Large,Manufacturing,Canada,2021-06-28
17325,Small,Education,UK,2023-01-18
17326,Small,Retail,UK,2025-01-15
17327,Small,Manufacturing,UK,2026-01-22
17328,Large,Healthcare,UK,2024-02-20
17329,Small,Healthcare,India,2023-10-21
17330,Medium,Healthcare,Singapore,2024-03-08
17331,Small,Finance,Germany,2024-05-07
17332,Large,Retail,India,2025-12-14
17333,Enterprise,Healthcare,USA,2024-10-16
17334,Medium,Healthcare,Australia,2022-02-14
17335,Medium,Professional Services,Singapore,2022-10-08
17336,Small,Technology,Singapore,2025-04-01
17337,Small,Education,Germany,2025-06-27
17338,Small,Education,India,2024-06-20
17339,Medium,Media,Singapore,2024-01-19
17340,Medium,Education,Germany,2021-03-03
17341,Enterprise,Manufacturing,USA,2024-05-20
17342,Medium,Professional Services,USA,2021-09-05
17343,Medium,Professional Services,USA,2025-09-24
17344,Medium,Technology,Canada,2022-05-12
17345,Medium,Finance,USA,2022-04-04
17346,Small,Manufacturing,India,2025-04-16
17347,Medium,Technology,India,2024-11-13
17348,Medium,Healthcare,USA,2025-09-30
17349,Large,Retail,USA,2024-01-10
17350,Enterprise,Manufacturing,Australia,2026-08-02
17351,Small,Manufacturing,India,2023-03-03
17352,Small,Healthcare,Singapore,2024-07-31
17353,Medium,Healthcare,Germany,2025-09-21
17354,Medium,Retail,Singapore,2025-04-24
17355,Small,Education,Australia,2022-08-18
17356,Large,Manufacturing,India,2023-07-31
17357,Enterprise,Technology,USA,2024-04-14
17358,Enterprise,Finance,India,2026-07-30
17359,Small,Healthcare,Singapore,2025-12-19
17360,Large,Healthcare,USA,2021-09-29
17361,Large,Finance,UK,2024-07-08
17362,Medium,Technology,Australia,2022-01-31
17363,Medium,Media,Singapore,2021-06-03
17364,Large,Healthcare,Australia,2023-12-27
17365,Medium,Finance,Canada,2025-09-19
17366,Medium,Professional Services,USA,2021-12-14
17367,Medium,Healthcare,UK,2023-12-23
17368,Medium,Education,India,2024-07-28
17369,Small,Education,Germany,2025-04-13
17370,Enterprise,Healthcare,UK,2023-10-12
17371,Medium,Professional Services,India,2021-10-04
17372,Medium,Healthcare,Singapore,2021-08-09
17373,Small,Media,USA,2025-10-19
17374,Medium,Media,Germany,2024-02-01
17375,Small,Education,Germany,2026-04-15
17376,Small,Media,Germany,2022-04-18
17377,Medium,Professional Services,India,2023-10-22
17378,Medium,Media,India,2022-02-20
17379,Medium,Healthcare,Germany,2025-02-01
17380,Small,Professional Services,Germany,2024-10-20
17381,Medium,Technology,USA,2026-02-12
17382,Small,Technology,USA,2025-08-25
17383,Enterprise,Retail,India,2021-01-17
17384,Medium,Technology,Singapore,2025-03-14
17385,Medium,Manufacturing,India,2025-01-02
17386,Small,Professional Services,India,2026-03-18
17387,Small,Manufacturing,Canada,2026-02-09
17388,Enterprise,Manufacturing,India,2025-10-03
17389,Small,Healthcare,Singapore,2022-04-17
17390,Medium,Healthcare,India,2025-08-26
17391,Medium,Finance,India,2022-05-16
17392,Small,Professional Services,UK,2021-05-01
17393,Large,Manufacturing,USA,2025-11-11
17394,Medium,Manufacturing,India,2022-08-30
17395,Small,Technology,USA,2021-12-16
17396,Small,Education,USA,2023-03-31
17397,Small,Professional Services,Germany,2023-02-23
17398,Large,Education,India,2026-01-21
17399,Medium,Professional Services,Singapore,2022-05-12
17400,Small,Professional Services,Canada,2022-01-27
17401,Small,Retail,India,2024-02-07
17402,Medium,Finance,India,2021-12-16
17403,Medium,Education,UK,2023-02-14
17404,Medium,Retail,India,2025-10-12
17405,Medium,Technology,USA,2024-05-07
17406,Small,Finance,India,2026-04-16
17407,Medium,Finance,Canada,2025-01-06
17408,Enterprise,Manufacturing,UK,2026-02-16
17409,Small,Professional Services,India,2021-12-10
17410,Medium,Media,UK,2022-11-08
17411,Medium,Professional Services,Australia,2022-08-18
17412,Medium,Healthcare,India,2026-09-04
17413,Small,Professional Services,Germany,2023-07-27
17414,Large,Professional Services,UK,2026-06-14
17415,Medium,Professional Services,Singapore,2021-08-26
17416,Medium,Manufacturing,India,2023-04-20
17417,Small,Technology,Singapore,2022-08-15
17418,Small,Professional Services,Canada,2025-06-20
17419,Small,Media,UK,2024-11-06
17420,Large,Manufacturing,UK,2026-07-13
17421,Small,Media,India,2021-05-30
17422,Medium,Finance,Singapore,2022-01-30
17423,Medium,Manufacturing,Canada,2021-01-06
17424,Medium,Professional Services,India,2021-08-08
17425,Medium,Retail,India,2021-01-12
17426,Medium,Manufacturing,India,2024-11-09
17427,Small,Education,UK,2022-04-03
17428,Small,Technology,UK,2021-06-16
17429,Medium,Technology,USA,2026-02-05
17430,Medium,Finance,USA,2026-05-28
17431,Small,Manufacturing,UK,2026-04-29
17432,Medium,Media,UK,2021-02-05
17433,Small,Media,India,2023-09-17
17434,Small,Finance,USA,2022-10-04
17435,Small,Finance,India,2021-08-28
17436,Large,Retail,Singapore,2023-07-06
17437,Small,Healthcare,Australia,2023-05-06
17438,Small,Finance,Singapore,2022-07-08
17439,Small,Healthcare,USA,2026-03-01
17440,Small,Media,Germany,2024-08-17
17441,Medium,Healthcare,UK,2024-05-13
17442,Small,Technology,USA,2021-07-14
17443,Small,Media,India,2026-03-14
17444,Medium,Education,Australia,2024-11-26
17445,Small,Media,Singapore,2026-05-26
17446,Large,Education,India,2024-07-30
17447,Medium,Manufacturing,India,2022-05-15
17448,Small,Retail,Canada,2024-03-12
17449,Medium,Retail,Singapore,2021-01-19
17450,Small,Education,Australia,2022-11-18
17451,Medium,Manufacturing,USA,2026-08-30
17452,Medium,Media,USA,2025-12-17
17453,Small,Professional Services,USA,2022-03-24
17454,Medium,Education,Germany,2025-11-02
17455,Large,Media,Australia,2024-01-30
17456,Enterprise,Manufacturing,UK,2021-10-21
17457,Medium,Manufacturing,USA,2025-04-23
17458,Medium,Manufacturing,Singapore,2021-03-06
17459,Small,Manufacturing,Canada,2021-03-17
17460,Small,Technology,Singapore,2026-09-06
17461,Medium,Media,UK,2025-06-27
17462,Medium,Technology,Germany,2024-07-23
17463,Enterprise,Education,Germany,2025-05-15
17464,Medium,Manufacturing,USA,2021-03-24
17465,Medium,Finance,Singapore,2026-08-16
17466,Medium,Manufacturing,India,2025-08-27
17467,Large,Finance,Australia,2022-01-03
17468,Medium,Technology,Singapore,2025-10-04
17469,Medium,Manufacturing,USA,2025-01-12
17470,Small,Healthcare,Canada,2026-04-15
17471,Large,Education,UK,2022-01-05
17472,Small,Manufacturing,Australia,2021-10-05
17473,Large,Retail,Germany,2021-12-06
17474,Medium,Finance,UK,2022-09-06
17475,Medium,Professional Services,Germany,2024-01-09
17476,Medium,Professional Services,USA,2023-03-04
17477,Medium,Manufacturing,India,2021-03-08
17478,Small,Media,USA,2021-08-03
17479,Large,Healthcare,Canada,2022-02-20
17480,Medium,Finance,India,2022-07-06
17481,Small,Healthcare,Canada,2024-08-02
17482,Small,Professional Services,USA,2022-07-25
17483,Medium,Education,Australia,2022-06-24
17484,Medium,Professional Services,India,2024-06-14
17485,Medium,Education,Canada,2021-04-27
17486,Medium,Education,Canada,2024-01-12
17487,Medium,Technology,Singapore,2025-10-19
17488,Enterprise,Professional Services,Canada,2024-05-28
17489,Medium,Media,Australia,2024-08-01
17490,Large,Professional Services,Singapore,2025-11-13
17491,Small,Healthcare,Canada,2025-06-23
17492,Medium,Manufacturing,USA,2021-08-30
17493,Small,Retail,Germany,2022-04-10
17494,Medium,Retail,Australia,2022-07-03
17495,Large,Media,USA,2025-01-08
17496,Small,Education,Canada,2023-05-08
17497,Small,Media,Germany,2026-02-22
17498,Large,Retail,Singapore,2023-02-25
17499,Small,Media,Singapore,2022-06-25
17500,Medium,Finance,USA,2026-03-21
17501,Medium,Healthcare,USA,2022-07-26
17502,Large,Healthcare,India,2025-02-18
17503,Small,Media,India,2022-10-19
17504,Small,Healthcare,Germany,2023-08-07
17505,Medium,Finance,USA,2021-01-15
17506,Enterprise,Manufacturing,Canada,2024-01-10
17507,Medium,Technology,Canada,2021-11-03
17508,Small,Finance,Australia,2022-12-06
17509,Medium,Healthcare,India,2022-02-01
17510,Enterprise,Healthcare,USA,2022-11-09
17511,Large,Professional Services,USA,2021-07-30
17512,Enterprise,Healthcare,USA,2022-02-03
17513,Small,Manufacturing,Singapore,2024-10-28
17514,Small,Retail,Germany,2021-09-15
17515,Medium,Technology,USA,2021-11-30
17516,Large,Finance,Germany,2021-12-15
17517,Small,Media,USA,2022-03-25
17518,Small,Healthcare,Australia,2023-04-08
17519,Large,Professional Services,India,2022-04-07
17520,Small,Professional Services,Australia,2022-05-15
17521,Medium,Education,USA,2023-11-28
17522,Medium,Technology,India,2024-06-19
17523,Medium,Professional Services,USA,2023-12-11
17524,Large,Education,USA,2026-06-22
17525,Medium,Technology,Australia,2021-05-07
17526,Medium,Healthcare,India,2024-02-01
17527,Medium,Technology,Canada,2026-06-13
17528,Medium,Technology,Canada,2024-11-09
17529,Medium,Media,Canada,2021-03-26
17530,Small,Healthcare,Australia,2024-10-14
17531,Small,Manufacturing,India,2023-02-25
17532,Small,Professional Services,UK,2026-09-06
17533,Small,Education,Singapore,2021-03-13
17534,Medium,Media,UK,2024-12-20
17535,Large,Media,UK,2023-10-27
17536,Large,Manufacturing,Australia,2024-01-19
17537,Large,Education,USA,2025-06-04
17538,Medium,Retail,Canada,2025-06-07
17539,Medium,Professional Services,Singapore,2021-06-01
17540,Medium,Education,India,2024-05-20
17541,Small,Education,Germany,2024-07-10
17542,Small,Technology,India,2024-11-06
17543,Medium,Retail,USA,2025-07-05
17544,Enterprise,Healthcare,Germany,2021-05-22
17545,Small,Healthcare,Germany,2025-03-28
17546,Small,Finance,Germany,2026-02-28
17547,Large,Retail,Singapore,2023-10-29
17548,Small,Technology,USA,2024-04-24
17549,Large,Finance,Canada,2023-12-13
17550,Large,Finance,USA,2021-08-07
17551,Enterprise,Healthcare,USA,2021-09-12
17552,Medium,Education,USA,2023-03-23
17553,Medium,Technology,Australia,2021-09-27
17554,Medium,Media,UK,2025-05-30
17555,Medium,Media,Germany,2023-06-02
17556,Medium,Retail,Australia,2022-08-27
17557,Small,Finance,India,2024-04-01
17558,Medium,Technology,Canada,2025-09-30
17559,Medium,Healthcare,USA,2022-12-02
17560,Large,Finance,USA,2021-03-14
17561,Large,Finance,Germany,2023-06-17
17562,Medium,Manufacturing,UK,2026-07-15
17563,Small,Healthcare,Germany,2023-08-05
17564,Large,Media,Canada,2022-06-27
17565,Medium,Manufacturing,UK,2022-09-23
17566,Large,Healthcare,Australia,2025-02-16
17567,Enterprise,Healthcare,India,2023-05-28
17568,Small,Manufacturing,India,2024-07-02
17569,Large,Media,India,2023-01-27
17570,Small,Professional Services,USA,2021-07-17
17571,Medium,Technology,India,2024-12-21
17572,Medium,Technology,Singapore,2021-03-23
17573,Small,Professional Services,UK,2024-08-24
17574,Large,Technology,Canada,2025-09-19
17575,Small,Education,USA,2021-12-23
17576,Small,Finance,USA,2024-08-12
17577,Medium,Technology,USA,2022-08-03
17578,Large,Education,Canada,2021-10-27
17579,Enterprise,Finance,USA,2022-10-08
17580,Large,Technology,UK,2021-11-04
17581,Medium,Healthcare,UK,2021-08-22
17582,Medium,Professional Services,Australia,2023-11-01
17583,Small,Retail,India,2022-10-05
17584,Small,Technology,Australia,2026-04-06
17585,Medium,Retail,UK,2023-10-23
17586,Medium,Technology,Canada,2025-10-02
17587,Medium,Healthcare,USA,2021-07-01
17588,Large,Professional Services,USA,2023-07-31
17589,Medium,Media,India,2021-12-16
17590,Small,Professional Services,Singapore,2024-11-06
17591,Small,Retail,USA,2024-05-05
17592,Large,Education,Singapore,2025-03-26
17593,Large,Healthcare,USA,2021-08-13
17594,Large,Retail,India,2025-10-18
17595,Small,Retail,UK,2025-10-13
17596,Enterprise,Manufacturing,India,2021-10-13
17597,Small,Manufacturing,Singapore,2024-09-16
17598,Small,Healthcare,Germany,2021-07-12
17599,Enterprise,Healthcare,Australia,2024-03-14
17600,Small,Healthcare,UK,2022-11-02
17601,Medium,Finance,UK,2026-02-05
17602,Small,Education,Singapore,2022-09-04
17603,Medium,Technology,USA,2023-06-20
17604,Enterprise,Media,Australia,2025-07-05
17605,Small,Manufacturing,UK,2021-02-20
17606,Medium,Professional Services,Singapore,2021-05-08
17607,Small,Professional Services,Germany,2025-08-03
17608,Medium,Retail,Singapore,2025-11-13
17609,Small,Manufacturing,UK,2023-12-06
17610,Small,Technology,India,2021-08-22
17611,Small,Healthcare,UK,2022-08-07
17612,Small,Professional Services,Canada,2025-01-06
17613,Enterprise,Manufacturing,Australia,2022-05-18
17614,Medium,Education,India,2023-07-11
17615,Small,Education,UK,2021-10-12
17616,Medium,Media,India,2024-03-01
17617,Small,Finance,Germany,2026-05-24
17618,Large,Manufacturing,India,2025-02-08
17619,Enterprise,Healthcare,Canada,2023-07-25
17620,Medium,Retail,USA,2021-12-22
17621,Large,Media,USA,2026-06-18
17622,Medium,Media,Singapore,2023-11-27
17623,Small,Finance,India,2025-07-20
17624,Medium,Healthcare,India,2024-12-16
17625,Medium,Media,India,2025-01-08
17626,Medium,Finance,UK,2024-06-22
17627,Large,Manufacturing,Canada,2025-04-12
17628,Medium,Technology,USA,2024-04-25
17629,Enterprise,Media,Canada,2026-09-15
17630,Large,Professional Services,India,2022-09-22
17631,Medium,Manufacturing,Germany,2025-02-11
17632,Medium,Healthcare,Germany,2023-02-26
17633,Small,Retail,Singapore,2025-02-03
17634,Enterprise,Retail,Singapore,2024-01-13
17635,Medium,Healthcare,USA,2023-06-10
17636,Small,Finance,USA,2026-07-29
17637,Small,Education,Australia,2021-06-19
17638,Medium,Healthcare,India,2022-10-24
17639,Small,Professional Services,USA,2023-07-01
17640,Small,Media,India,2022-09-24
17641,Medium,Manufacturing,USA,2023-03-16
17642,Small,Retail,UK,2023-07-09
17643,Medium,Technology,India,2025-10-14
17644,Small,Retail,India,2023-11-07
17645,Small,Education,Canada,2022-01-20
17646,Medium,Media,India,2023-06-12
17647,Medium,Retail,Singapore,2026-06-27
17648,Small,Education,India,2023-03-03
17649,Small,Media,Canada,2021-02-15
17650,Medium,Professional Services,USA,2023-04-10
17651,Small,Media,India,2023-09-06
17652,Small,Healthcare,USA,2026-09-26
17653,Small,Retail,UK,2022-06-12
17654,Large,Finance,Germany,2022-09-08
17655,Large,Manufacturing,Australia,2023-08-24
17656,Large,Finance,India,2024-03-02
17657,Large,Manufacturing,India,2021-07-20
17658,Medium,Retail,USA,2024-03-19
17659,Medium,Professional Services,India,2025-04-22
17660,Medium,Retail,USA,2022-05-20
17661,Small,Manufacturing,Singapore,2026-04-30
17662,Medium,Professional Services,UK,2026-02-05
17663,Large,Technology,Australia,2025-03-12
17664,Medium,Professional Services,Canada,2022-02-08
17665,Medium,Retail,Germany,2021-08-24
17666,Small,Technology,India,2025-06-08
17667,Medium,Technology,Australia,2022-09-25
17668,Medium,Manufacturing,Germany,2025-04-19
17669,Large,Technology,India,2021-05-20
17670,Small,Technology,USA,2022-08-11
17671,Large,Healthcare,Singapore,2026-01-18
17672,Medium,Professional Services,Australia,2023-08-25
17673,Large,Media,USA,2022-07-24
17674,Medium,Finance,UK,2026-06-07
17675,Medium,Technology,USA,2024-06-03
17676,Medium,Media,USA,2026-05-23
17677,Large,Finance,USA,2025-04-22
17678,Enterprise,Media,USA,2025-10-10
17679,Small,Technology,Canada,2021-12-05
17680,Small,Finance,Australia,2023-04-19
17681,Enterprise,Retail,Germany,2021-04-05
17682,Medium,Retail,India,2021-07-15
17683,Medium,Finance,Germany,2021-07-11
17684,Medium,Professional Services,USA,2022-06-06
17685,Small,Technology,USA,2023-01-23
17686,Large,Healthcare,Singapore,2025-08-12
17687,Large,Media,USA,2023-09-15
17688,Small,Professional Services,India,2025-08-03
17689,Small,Finance,India,2021-01-13
17690,Large,Professional Services,USA,2026-07-17
17691,Small,Media,Australia,2022-01-08
17692,Large,Education,Singapore,2022-01-29
17693,Small,Healthcare,Australia,2026-03-29
17694,Medium,Media,Germany,2025-10-22
17695,Enterprise,Education,Australia,2026-04-17
17696,Medium,Media,Germany,2022-02-22
17697,Medium,Media,India,2023-12-19
17698,Medium,Finance,Singapore,2023-03-28
17699,Small,Technology,USA,2023-02-13
17700,Small,Professional Services,Singapore,2025-12-09
17701,Enterprise,Professional Services,India,2024-08-25
17702,Large,Education,Canada,2023-01-26
17703,Medium,Professional Services,Australia,2024-06-30
17704,Medium,Finance,Singapore,2024-04-27
17705,Small,Healthcare,Australia,2025-12-02
17706,Small,Technology,USA,2025-01-06
17707,Medium,Education,UK,2026-08-13
17708,Large,Professional Services,USA,2026-06-13
17709,Medium,Finance,India,2022-07-09
17710,Large,Technology,India,2025-09-10
17711,Small,Technology,India,2025-02-26
17712,Medium,Retail,UK,2021-09-23
17713,Small,Technology,Singapore,2023-07-12
17714,Medium,Media,Singapore,2026-09-03
17715,Small,Finance,India,2022-06-18
17716,Enterprise,Healthcare,India,2026-02-24
17717,Small,Manufacturing,India,2026-08-13
17718,Enterprise,Retail,USA,2025-08-21
17719,Medium,Finance,India,2023-05-30
17720,Enterprise,Finance,USA,2026-08-14
17721,Medium,Finance,UK,2023-03-19
17722,Enterprise,Education,UK,2021-08-20
17723,Small,Professional Services,UK,2023-01-20
17724,Large,Education,USA,2021-03-13
17725,Enterprise,Media,Canada,2022-06-12
17726,Small,Healthcare,Germany,2023-06-05
17727,Small,Media,USA,2026-08-06
17728,Medium,Finance,India,2024-12-29
17729,Enterprise,Professional Services,USA,2022-07-17
17730,Medium,Media,India,2026-06-20
17731,Medium,Education,USA,2025-07-18
17732,Small,Education,India,2025-04-13
17733,Small,Education,USA,2026-06-12
17734,Large,Healthcare,India,2021-12-11
17735,Small,Healthcare,Australia,2023-10-27
17736,Medium,Finance,India,2025-07-31
17737,Enterprise,Retail,UK,2025-04-14
17738,Small,Media,India,2025-08-29
17739,Medium,Finance,India,2023-03-09
17740,Small,Education,Germany,2024-01-25
17741,Medium,Manufacturing,Canada,2026-03-28
17742,Small,Media,India,2023-01-13
17743,Large,Professional Services,Canada,2021-02-27
17744,Small,Education,UK,2023-06-25
17745,Medium,Technology,USA,2024-04-22
17746,Medium,Manufacturing,USA,2023-02-22
17747,Small,Manufacturing,Germany,2021-04-07
17748,Large,Professional Services,India,2022-08-10
17749,Small,Finance,USA,2024-01-17
17750,Medium,Education,USA,2023-12-23
17751,Small,Education,Australia,2022-06-25
17752,Medium,Retail,Singapore,2023-03-27
17753,Small,Technology,Germany,2023-07-06
17754,Medium,Finance,Australia,2021-03-26
17755,Small,Healthcare,Singapore,2024-09-20
17756,Large,Finance,Canada,2026-02-19
17757,Small,Media,Australia,2025-08-19
17758,Large,Media,Singapore,2026-01-16
17759,Large,Manufacturing,India,2024-04-17
17760,Small,Finance,Canada,2024-06-24
17761,Medium,Retail,Australia,2023-10-01
17762,Small,Finance,Singapore,2022-11-05
17763,Medium,Retail,Germany,2025-08-26
17764,Large,Manufacturing,Germany,2022-12-31
17765,Medium,Retail,Singapore,2021-11-13
17766,Medium,Professional Services,UK,2021-03-17
17767,Small,Professional Services,India,2023-09-01
17768,Medium,Media,India,2021-07-23
17769,Small,Education,UK,2025-10-25
17770,Large,Healthcare,USA,2021-07-12
17771,Medium,Manufacturing,USA,2025-01-02
17772,Large,Media,USA,2021-09-17
17773,Small,Retail,Singapore,2022-03-08
17774,Small,Technology,USA,2022-11-27
17775,Small,Manufacturing,Germany,2021-07-17
17776,Small,Technology,Singapore,2023-09-10
17777,Small,Healthcare,USA,2021-02-08
17778,Large,Retail,USA,2022-12-30
17779,Large,Manufacturing,Australia,2022-11-15
17780,Medium,Manufacturing,Canada,2026-09-22
17781,Medium,Healthcare,USA,2021-05-12
17782,Small,Education,India,2026-05-24
17783,Large,Technology,USA,2021-02-08
17784,Small,Manufacturing,India,2024-12-13
17785,Enterprise,Finance,USA,2025-01-27
17786,Medium,Technology,USA,2024-12-26
17787,Small,Media,Canada,2025-03-07
17788,Enterprise,Retail,Singapore,2024-07-16
17789,Small,Healthcare,Canada,2021-12-06
17790,Medium,Media,Singapore,2024-05-29
17791,Medium,Technology,Australia,2022-10-20
17792,Small,Finance,Australia,2025-08-27
17793,Medium,Professional Services,USA,2021-12-27
17794,Medium,Finance,USA,2026-05-27
17795,Large,Media,Germany,2021-11-25
17796,Small,Healthcare,Singapore,2025-12-05
17797,Enterprise,Media,USA,2024-05-30
17798,Small,Healthcare,India,2026-02-11
17799,Small,Professional Services,Australia,2025-09-06
17800,Small,Technology,USA,2022-03-16
17801,Small,Retail,India,2026-05-31
17802,Small,Education,Germany,2023-04-13
17803,Enterprise,Finance,UK,2021-04-07
17804,Small,Healthcare,Canada,2026-06-23
17805,Small,Education,Singapore,2023-07-27
17806,Small,Media,UK,2025-02-09
17807,Large,Education,UK,2024-07-13
17808,Large,Education,USA,2022-07-29
17809,Small,Retail,USA,2023-04-09
17810,Small,Healthcare,Australia,2022-05-28
17811,Small,Media,USA,2022-10-28
17812,Small,Finance,India,2025-02-25
17813,Small,Healthcare,India,2024-07-08
17814,Medium,Technology,USA,2026-09-14
17815,Small,Media,USA,2024-11-05
17816,Medium,Finance,Canada,2022-02-01
17817,Small,Media,USA,2026-09-06
17818,Enterprise,Healthcare,India,2026-04-16
17819,Enterprise,Finance,UK,2026-03-01
17820,Medium,Technology,Singapore,2025-08-22
17821,Medium,Manufacturing,India,2022-08-04
17822,Medium,Finance,Canada,2021-04-12
17823,Medium,Manufacturing,UK,2022-03-31
17824,Large,Education,Australia,2021-07-12
17825,Medium,Professional Services,India,2023-06-17
17826,Large,Media,Singapore,2023-03-21
17827,Enterprise,Retail,Canada,2021-10-26
17828,Small,Technology,Germany,2021-01-21
17829,Medium,Finance,India,2021-02-14
17830,Small,Technology,Australia,2022-11-14
17831,Small,Education,Australia,2025-09-10
17832,Medium,Manufacturing,USA,2021-10-26
17833,Small,Retail,USA,2024-09-23
17834,Large,Technology,Canada,2021-10-15
17835,Small,Manufacturing,India,2022-06-01
17836,Medium,Education,Australia,2021-12-08
17837,Medium,Education,India,2021-03-27
17838,Medium,Education,India,2021-07-10
17839,Medium,Media,Canada,2023-12-28
17840,Large,Professional Services,India,2024-03-15
17841,Medium,Media,Singapore,2023-09-18
17842,Medium,Manufacturing,Germany,2023-05-26
17843,Small,Finance,Canada,2026-05-02
17844,Medium,Healthcare,Germany,2026-01-26
17845,Large,Technology,Germany,2024-07-02
17846,Medium,Professional Services,USA,2023-04-19
17847,Large,Healthcare,Germany,2023-08-17
17848,Medium,Education,India,2024-11-01
17849,Small,Healthcare,USA,2025-04-05
17850,Small,Manufacturing,UK,2024-05-07
17851,Small,Media,Canada,2023-04-19
17852,Medium,Education,India,2026-08-06
17853,Large,Media,USA,2024-12-04
17854,Small,Professional Services,UK,2024-03-14
17855,Medium,Education,USA,2023-08-06
17856,Medium,Retail,Australia,2021-06-10
17857,Medium,Retail,Canada,2022-04-09
17858,Small,Professional Services,India,2026-05-30
17859,Small,Manufacturing,India,2024-04-30
17860,Small,Manufacturing,Canada,2022-12-10
17861,Small,Healthcare,USA,2021-06-10
17862,Small,Professional Services,India,2025-11-20
17863,Small,Media,USA,2026-04-29
17864,Medium,Technology,USA,2026-09-08
17865,Small,Professional Services,India,2023-02-06
17866,Enterprise,Healthcare,UK,2026-07-21
17867,Small,Manufacturing,Australia,2021-07-04
17868,Small,Technology,UK,2026-03-12
17869,Medium,Professional Services,Germany,2023-01-03
17870,Small,Healthcare,India,2026-01-30
17871,Large,Finance,USA,2025-06-10
17872,Small,Media,UK,2022-08-01
17873,Enterprise,Finance,Canada,2022-01-13
17874,Large,Media,Canada,2024-08-01
17875,Medium,Technology,Australia,2021-04-07
17876,Medium,Retail,Canada,2023-04-22
17877,Medium,Media,India,2021-06-05
17878,Medium,Technology,Canada,2021-02-22
17879,Medium,Healthcare,Australia,2025-08-30
17880,Small,Education,Singapore,2022-12-27
17881,Small,Finance,Canada,2025-09-14
17882,Medium,Education,Canada,2024-11-14
17883,Medium,Finance,UK,2021-02-14
17884,Large,Healthcare,Germany,2023-07-25
17885,Small,Finance,Singapore,2025-08-14
17886,Large,Technology,Australia,2024-02-15
17887,Small,Education,UK,2024-11-24
17888,Medium,Manufacturing,India,2025-08-12
17889,Small,Education,Australia,2022-05-15
17890,Medium,Healthcare,Canada,2021-03-15
17891,Small,Manufacturing,Australia,2025-04-10
17892,Medium,Education,India,2023-06-11
17893,Large,Media,Canada,2026-03-05
17894,Medium,Professional Services,USA,2023-12-14
17895,Medium,Media,Australia,2024-05-31
17896,Large,Healthcare,India,2022-04-18
17897,Large,Professional Services,Canada,2024-09-01
17898,Medium,Retail,USA,2022-12-02
17899,Small,Technology,India,2026-09-11
17900,Large,Media,Canada,2021-02-22
17901,Medium,Finance,India,2021-05-19
17902,Small,Professional Services,Canada,2024-10-29
17903,Small,Finance,Singapore,2023-04-08
17904,Large,Finance,Singapore,2026-09-15
17905,Small,Retail,India,2024-06-02
17906,Enterprise,Technology,Germany,2022-07-08
17907,Small,Education,USA,2023-01-10
17908,Large,Professional Services,Singapore,2021-09-26
17909,Medium,Education,Australia,2023-06-29
17910,Medium,Media,India,2021-07-05
17911,Large,Technology,USA,2023-05-19
17912,Medium,Manufacturing,USA,2023-04-13
17913,Medium,Technology,Australia,2024-11-13
17914,Small,Finance,USA,2025-01-29
17915,Small,Education,Canada,2023-10-13
17916,Small,Technology,UK,2022-03-18
17917,Medium,Education,Singapore,2021-02-08
17918,Small,Technology,Singapore,2025-07-03
17919,Small,Healthcare,USA,2025-03-30
17920,Medium,Media,Australia,2021-06-15
17921,Medium,Professional Services,Germany,2026-04-20
17922,Large,Finance,Germany,2025-01-08
17923,Small,Technology,India,2022-03-19
17924,Small,Retail,USA,2021-11-27
17925,Enterprise,Technology,USA,2023-09-20
17926,Small,Healthcare,USA,2024-09-20
17927,Large,Media,India,2024-02-10
17928,Large,Retail,USA,2025-11-05
17929,Large,Retail,Canada,2025-12-08
17930,Small,Media,USA,2025-12-13
17931,Large,Technology,Canada,2024-04-04
17932,Large,Healthcare,India,2024-12-08
17933,Medium,Retail,Germany,2024-04-07
17934,Small,Professional Services,Singapore,2023-01-31
17935,Small,Finance,UK,2025-11-08
17936,Small,Manufacturing,Germany,2024-01-27
17937,Medium,Finance,India,2023-11-09
17938,Medium,Education,Australia,2024-02-22
17939,Medium,Education,India,2021-08-14
17940,Medium,Healthcare,USA,2026-06-02
17941,Medium,Retail,USA,2023-11-07
17942,Medium,Finance,UK,2026-02-27
17943,Enterprise,Finance,USA,2025-01-19
17944,Small,Manufacturing,Canada,2022-06-25
17945,Medium,Healthcare,USA,2022-10-08
17946,Small,Professional Services,Germany,2023-09-17
17947,Medium,Retail,Canada,2022-12-07
17948,Large,Healthcare,India,2022-09-23
17949,Enterprise,Technology,USA,2021-07-10
17950,Small,Finance,Germany,2025-08-16
17951,Enterprise,Healthcare,USA,2023-05-05
17952,Small,Healthcare,UK,2022-02-09
17953,Medium,Manufacturing,Canada,2022-06-04
17954,Small,Professional Services,USA,2025-07-28
17955,Large,Technology,USA,2024-11-08
17956,Medium,Education,USA,2023-04-01
17957,Medium,Finance,India,2022-03-11
17958,Large,Manufacturing,USA,2022-09-11
17959,Small,Professional Services,India,2022-03-01
17960,Small,Professional Services,USA,2025-04-01
17961,Large,Healthcare,USA,2021-12-24
17962,Small,Finance,Singapore,2025-05-14
17963,Small,Media,UK,2023-10-30
17964,Medium,Education,Australia,2023-10-08
17965,Medium,Media,India,2021-07-16
17966,Small,Media,India,2024-02-15
17967,Small,Media,Germany,2023-10-31
17968,Small,Professional Services,Canada,2023-05-12
17969,Medium,Healthcare,India,2021-12-15
17970,Large,Professional Services,USA,2025-07-17
17971,Enterprise,Technology,UK,2022-07-29
17972,Medium,Professional Services,Germany,2023-10-25
17973,Small,Finance,India,2025-12-25
17974,Enterprise,Professional Services,UK,2025-11-21
17975,Medium,Professional Services,Canada,2023-07-20
17976,Small,Media,Singapore,2026-05-02
17977,Enterprise,Manufacturing,Germany,2022-08-10
17978,Large,Technology,USA,2022-04-29
17979,Large,Education,Canada,2021-12-24
17980,Large,Education,Australia,2022-01-20
17981,Small,Finance,Australia,2021-09-11
17982,Small,Education,Germany,2023-04-15
17983,Medium,Retail,Singapore,2024-04-05
17984,Small,Manufacturing,India,2025-10-03
17985,Medium,Finance,India,2025-08-31
17986,Large,Professional Services,Australia,2023-03-07
17987,Large,Retail,USA,2022-04-14
17988,Medium,Education,India,2026-02-27
17989,Large,Professional Services,USA,2022-05-08
17990,Large,Finance,Germany,2023-07-09
17991,Medium,Media,India,2021-02-20
17992,Small,Retail,Canada,2021-02-21
17993,Small,Education,India,2021-09-19
17994,Small,Healthcare,India,2026-03-24
17995,Small,Healthcare,USA,2025-03-25
17996,Small,Technology,India,2021-08-29
17997,Small,Healthcare,Germany,2024-08-01
17998,Medium,Media,Germany,2026-02-06
17999,Enterprise,Retail,Australia,2025-06-14
18000,Small,Media,India,2024-08-15
18001,Large,Manufacturing,UK,2024-05-13
18002,Medium,Healthcare,India,2021-10-18
18003,Small,Finance,USA,2024-10-21
18004,Enterprise,Finance,UK,2025-12-19
18005,Medium,Finance,Australia,2025-01-27
18006,Medium,Healthcare,India,2023-07-06
18007,Large,Professional Services,USA,2022-12-12
18008,Small,Media,Singapore,2026-03-02
18009,Medium,Healthcare,USA,2024-08-13
18010,Small,Technology,Singapore,2026-08-01
18011,Large,Manufacturing,Singapore,2021-12-16
18012,Medium,Professional Services,UK,2023-01-06
18013,Medium,Manufacturing,USA,2022-02-05
18014,Small,Professional Services,Australia,2023-01-21
18015,Medium,Professional Services,India,2025-01-14
18016,Large,Education,USA,2025-02-07
18017,Medium,Technology,Australia,2023-04-01
18018,Medium,Retail,USA,2024-12-13
18019,Medium,Finance,India,2026-03-03
18020,Large,Healthcare,Canada,2024-11-19
18021,Medium,Education,Australia,2024-02-17
18022,Large,Education,India,2025-11-02
18023,Large,Professional Services,USA,2023-10-02
18024,Medium,Healthcare,India,2023-08-24
18025,Small,Technology,USA,2023-10-12
18026,Medium,Education,Australia,2024-04-28
18027,Large,Manufacturing,Canada,2026-07-12
18028,Small,Technology,Canada,2026-07-30
18029,Medium,Healthcare,India,2025-07-04
18030,Large,Professional Services,India,2023-03-25
18031,Medium,Technology,India,2025-12-20
18032,Medium,Professional Services,USA,2022-09-30
18033,Small,Manufacturing,India,2023-10-21
18034,Small,Finance,USA,2025-02-18
18035,Large,Professional Services,India,2026-08-01
18036,Small,Professional Services,Australia,2024-10-25
18037,Small,Media,Australia,2024-02-18
18038,Large,Healthcare,UK,2023-05-06
18039,Small,Manufacturing,India,2024-03-12
18040,Enterprise,Healthcare,Germany,2025-07-24
18041,Enterprise,Manufacturing,Singapore,2026-04-09
18042,Small,Manufacturing,India,2026-05-27
18043,Small,Education,Canada,2026-05-19
18044,Large,Education,Germany,2024-01-22
18045,Medium,Education,UK,2022-03-23
18046,Small,Finance,USA,2023-01-04
18047,Large,Finance,USA,2025-12-29
18048,Small,Manufacturing,UK,2022-06-06
18049,Large,Retail,USA,2025-09-03
18050,Small,Healthcare,Singapore,2024-10-30
18051,Small,Education,Australia,2024-01-30
18052,Small,Healthcare,India,2022-09-14
18053,Enterprise,Professional Services,UK,2023-01-29
18054,Medium,Manufacturing,Canada,2026-02-02
18055,Large,Technology,India,2026-09-02
18056,Medium,Manufacturing,USA,2024-10-09
18057,Small,Finance,Singapore,2023-05-15
18058,Small,Retail,UK,2026-06-24
18059,Medium,Technology,India,2025-12-03
18060,Medium,Healthcare,India,2026-07-08
18061,Medium,Finance,UK,2026-05-02
18062,Small,Education,UK,2024-02-18
18063,Enterprise,Technology,USA,2022-12-11
18064,Small,Finance,Canada,2021-05-16
18065,Enterprise,Healthcare,India,2023-07-25
18066,Small,Manufacturing,India,2021-01-01
18067,Medium,Healthcare,UK,2021-03-18
18068,Small,Technology,India,2023-08-19
18069,Medium,Media,Germany,2025-03-26
18070,Medium,Technology,India,2026-08-01
18071,Medium,Manufacturing,Canada,2022-07-28
18072,Medium,Technology,USA,2025-03-29
18073,Large,Retail,USA,2021-07-05
18074,Medium,Education,Australia,2025-08-28
18075,Large,Finance,USA,2022-06-06
18076,Small,Manufacturing,Australia,2026-05-04
18077,Medium,Healthcare,UK,2021-02-03
18078,Medium,Healthcare,UK,2025-06-09
18079,Medium,Education,Australia,2025-05-13
18080,Medium,Technology,UK,2026-03-12
18081,Small,Technology,UK,2025-12-06
18082,Small,Healthcare,Australia,2024-08-13
18083,Small,Education,Singapore,2026-04-28
18084,Small,Healthcare,USA,2022-06-21
18085,Medium,Technology,UK,2026-09-15
18086,Medium,Manufacturing,India,2024-07-11
18087,Enterprise,Finance,USA,2024-11-06
18088,Large,Technology,USA,2022-03-19
18089,Small,Manufacturing,Germany,2024-04-01
18090,Large,Finance,UK,2021-02-07
18091,Large,Professional Services,Australia,2022-05-22
18092,Medium,Retail,India,2021-12-21
18093,Medium,Education,USA,2026-04-12
18094,Enterprise,Manufacturing,Singapore,2025-04-08
18095,Medium,Retail,India,2026-05-28
18096,Enterprise,Technology,India,2022-05-03
18097,Small,Professional Services,USA,2023-10-03
18098,Small,Education,Canada,2021-10-06
18099,Medium,Manufacturing,USA,2022-10-12
18100,Medium,Professional Services,USA,2021-12-21
18101,Large,Media,Canada,2023-03-15
18102,Enterprise,Technology,USA,2022-07-12
18103,Medium,Education,Australia,2023-11-17
18104,Small,Media,India,2021-06-11
18105,Large,Education,USA,2022-11-30
18106,Medium,Technology,Canada,2026-05-28
18107,Small,Technology,Germany,2022-05-07
18108,Medium,Professional Services,Australia,2026-06-16
18109,Large,Professional Services,Australia,2023-10-30
18110,Large,Manufacturing,USA,2026-04-05
18111,Medium,Education,India,2023-04-04
18112,Small,Manufacturing,India,2022-11-10
18113,Enterprise,Professional Services,Germany,2026-02-22
18114,Medium,Education,Germany,2023-02-25
18115,Medium,Manufacturing,Singapore,2026-01-08
18116,Small,Technology,India,2023-09-19
18117,Large,Technology,UK,2021-04-21
18118,Small,Media,Canada,2025-11-19
18119,Small,Healthcare,Canada,2023-12-25
18120,Medium,Professional Services,Canada,2025-10-05
18121,Small,Manufacturing,Australia,2024-03-30
18122,Medium,Healthcare,USA,2025-07-27
18123,Small,Healthcare,India,2025-09-25
18124,Medium,Retail,India,2022-07-26
18125,Small,Education,India,2021-07-24
18126,Small,Finance,USA,2022-08-07
18127,Small,Retail,India,2021-11-04
18128,Enterprise,Professional Services,USA,2022-03-26
18129,Large,Media,Canada,2021-03-03
18130,Small,Education,Germany,2025-01-23
18131,Large,Finance,Germany,2022-04-20
18132,Medium,Healthcare,USA,2025-05-15
18133,Enterprise,Media,India,2026-05-14
18134,Medium,Finance,India,2023-10-28
18135,Medium,Technology,Singapore,2026-07-26
18136,Small,Professional Services,UK,2025-03-23
18137,Medium,Media,India,2025-08-03
18138,Enterprise,Technology,Germany,2022-06-10
18139,Medium,Manufacturing,USA,2021-02-03
18140,Small,Media,Germany,2026-01-30
18141,Small,Media,USA,2023-11-24
18142,Large,Education,USA,2022-02-10
18143,Medium,Retail,UK,2023-11-08
18144,Medium,Professional Services,Germany,2021-10-20
18145,Enterprise,Healthcare,Germany,2026-04-11
18146,Small,Professional Services,UK,2026-09-27
18147,Small,Education,India,2026-03-07
18148,Enterprise,Media,USA,2022-08-30
18149,Small,Healthcare,Singapore,2025-02-13
18150,Small,Technology,UK,2021-06-29
18151,Medium,Professional Services,Australia,2024-08-26
18152,Large,Retail,USA,2026-08-10
18153,Small,Retail,UK,2026-09-18
18154,Enterprise,Technology,USA,2023-03-27
18155,Large,Finance,Canada,2022-01-11
18156,Small,Retail,Germany,2026-05-07
18157,Large,Finance,UK,2026-09-20
18158,Medium,Healthcare,USA,2025-08-21
18159,Medium,Retail,USA,2025-10-08
18160,Large,Manufacturing,India,2026-09-26
18161,Enterprise,Media,Singapore,2021-07-04
18162,Small,Technology,USA,2021-03-13
18163,Medium,Media,Germany,2025-11-10
18164,Medium,Media,Canada,2022-07-28
18165,Medium,Professional Services,Australia,2022-07-23
18166,Medium,Finance,Singapore,2023-08-22
18167,Small,Manufacturing,Canada,2024-06-20
18168,Medium,Healthcare,Germany,2026-07-11
18169,Medium,Healthcare,India,2026-06-29
18170,Small,Retail,Canada,2021-06-02
18171,Large,Retail,Australia,2024-07-02
18172,Large,Manufacturing,USA,2022-12-30
18173,Medium,Education,Australia,2024-12-18
18174,Small,Education,Australia,2025-04-02
18175,Medium,Retail,Germany,2021-06-25
18176,Small,Education,USA,2026-08-08
18177,Small,Technology,Canada,2026-08-27
18178,Large,Manufacturing,USA,2021-09-06
18179,Small,Technology,Australia,2023-03-12
18180,Small,Education,USA,2023-09-27
18181,Small,Retail,UK,2023-07-15
18182,Small,Media,USA,2024-02-09
18183,Small,Media,India,2022-10-09
18184,Enterprise,Technology,India,2021-12-20
18185,Small,Healthcare,India,2024-07-21
18186,Small,Professional Services,UK,2023-08-01
18187,Small,Media,Germany,2024-07-26
18188,Enterprise,Media,India,2022-06-10
18189,Medium,Retail,India,2025-04-08
18190,Medium,Manufacturing,USA,2022-05-25
18191,Large,Finance,Australia,2025-03-18
18192,Medium,Finance,India,2021-06-27
18193,Small,Retail,USA,2023-03-12
18194,Small,Education,India,2024-11-20
18195,Medium,Media,USA,2023-07-27
18196,Small,Media,India,2026-07-14
18197,Medium,Technology,USA,2026-05-29
18198,Small,Technology,Australia,2025-02-27
18199,Medium,Retail,UK,2024-06-12
18200,Small,Healthcare,India,2024-05-27
18201,Small,Manufacturing,Canada,2024-05-25
18202,Medium,Education,USA,2025-08-26
18203,Enterprise,Media,Singapore,2026-02-07
18204,Medium,Healthcare,USA,2022-02-24
18205,Medium,Retail,Australia,2022-10-15
18206,Small,Retail,Australia,2023-03-25
18207,Small,Media,India,2023-05-18
18208,Small,Healthcare,Singapore,2021-04-23
18209,Small,Finance,USA,2021-06-23
18210,Small,Retail,Canada,2023-10-08
18211,Small,Manufacturing,India,2022-09-29
18212,Large,Professional Services,USA,2025-04-09
18213,Small,Education,UK,2021-02-01
18214,Medium,Healthcare,USA,2022-05-12
18215,Medium,Finance,USA,2022-06-12
18216,Medium,Healthcare,USA,2025-02-21
18217,Medium,Finance,Canada,2025-03-01
18218,Small,Finance,USA,2025-07-02
18219,Small,Manufacturing,India,2021-01-24
18220,Large,Education,Canada,2021-10-31
18221,Large,Retail,USA,2022-09-23
18222,Small,Finance,USA,2025-09-13
18223,Small,Retail,India,2021-02-07
18224,Large,Education,India,2023-01-15
18225,Small,Retail,India,2025-05-24
18226,Medium,Media,Singapore,2021-03-23
18227,Medium,Manufacturing,USA,2024-02-16
18228,Small,Manufacturing,India,2026-01-19
18229,Medium,Technology,India,2021-02-19
18230,Medium,Manufacturing,India,2024-02-04
18231,Small,Finance,UK,2025-06-11
18232,Medium,Education,India,2025-11-23
18233,Large,Manufacturing,USA,2025-08-07
18234,Medium,Healthcare,USA,2023-10-11
18235,Small,Education,Germany,2021-06-03
18236,Medium,Finance,USA,2021-06-20
18237,Large,Education,USA,2022-09-09
18238,Large,Manufacturing,Australia,2022-07-02
18239,Medium,Healthcare,USA,2024-04-23
18240,Small,Technology,Australia,2026-04-10
18241,Large,Finance,Canada,2025-05-31
18242,Medium,Professional Services,USA,2021-05-26
18243,Small,Media,UK,2021-09-19
18244,Medium,Finance,Singapore,2024-02-24
18245,Small,Education,Canada,2025-06-16
18246,Medium,Professional Services,Singapore,2021-12-11
18247,Small,Professional Services,India,2026-06-22
18248,Medium,Retail,USA,2024-02-06
18249,Enterprise,Professional Services,Singapore,2026-06-16
18250,Large,Retail,USA,2025-04-30
18251,Enterprise,Media,Singapore,2022-05-29
18252,Enterprise,Professional Services,India,2023-08-03
18253,Small,Healthcare,Singapore,2022-12-14
18254,Medium,Technology,USA,2021-08-03
18255,Medium,Technology,India,2025-07-09
18256,Large,Professional Services,Germany,2024-09-04
18257,Small,Education,USA,2022-08-27
18258,Enterprise,Education,India,2023-02-11
18259,Medium,Retail,India,2022-11-01
18260,Large,Manufacturing,Canada,2023-12-17
18261,Small,Technology,Singapore,2022-07-13
18262,Small,Manufacturing,India,2024-11-26
18263,Large,Technology,USA,2022-04-20
18264,Small,Manufacturing,India,2024-02-06
18265,Large,Manufacturing,Australia,2023-05-13
18266,Small,Technology,India,2023-03-23
18267,Medium,Media,India,2021-06-26
18268,Medium,Healthcare,India,2022-05-02
18269,Medium,Healthcare,UK,2022-11-23
18270,Medium,Education,Germany,2021-09-25
18271,Small,Manufacturing,UK,2023-02-24
18272,Small,Manufacturing,India,2023-03-25
18273,Small,Media,UK,2024-06-23
18274,Medium,Manufacturing,Australia,2024-04-16
18275,Medium,Media,India,2023-12-27
18276,Large,Manufacturing,India,2021-10-04
18277,Medium,Manufacturing,India,2024-05-16
18278,Medium,Media,Australia,2021-11-03
18279,Medium,Retail,UK,2025-04-23
18280,Small,Finance,UK,2022-09-23
18281,Small,Manufacturing,India,2024-02-12
18282,Enterprise,Retail,USA,2025-09-10
18283,Large,Healthcare,Singapore,2023-11-15
18284,Small,Manufacturing,India,2025-05-03
18285,Medium,Healthcare,Singapore,2024-09-28
18286,Large,Education,UK,2023-03-24
18287,Medium,Finance,India,2026-01-09
18288,Small,Technology,USA,2023-08-10
18289,Small,Finance,Singapore,2026-07-26
18290,Medium,Manufacturing,USA,2024-05-09
18291,Enterprise,Manufacturing,Germany,2024-09-11
18292,Medium,Media,USA,2021-02-02
18293,Small,Finance,UK,2021-04-07
18294,Small,Finance,Germany,2021-09-20
18295,Large,Education,Singapore,2023-07-03
18296,Large,Professional Services,USA,2021-06-21
18297,Medium,Healthcare,Canada,2023-01-28
18298,Medium,Media,India,2023-07-15
18299,Small,Technology,USA,2024-11-19
18300,Large,Media,USA,2024-07-03
18301,Large,Professional Services,India,2023-06-20
18302,Small,Finance,USA,2023-10-31
18303,Large,Technology,USA,2021-09-28
18304,Small,Finance,Singapore,2023-01-12
18305,Small,Media,Canada,2024-08-28
18306,Small,Healthcare,USA,2026-04-07
18307,Small,Technology,Singapore,2022-01-26
18308,Small,Professional Services,India,2023-08-17
18309,Medium,Retail,USA,2022-07-29
18310,Medium,Healthcare,Canada,2021-12-10
18311,Medium,Professional Services,India,2025-04-19
18312,Small,Technology,Canada,2024-11-02
18313,Small,Finance,India,2022-04-01
18314,Medium,Professional Services,India,2024-12-17
18315,Medium,Finance,India,2022-03-20
18316,Small,Healthcare,Singapore,2021-07-16
18317,Large,Healthcare,Canada,2025-05-17
18318,Large,Professional Services,Canada,2024-11-18
18319,Large,Finance,UK,2025-10-27
18320,Medium,Technology,USA,2022-11-02
18321,Small,Professional Services,Canada,2024-08-10
18322,Medium,Retail,USA,2026-03-21
18323,Small,Media,India,2026-09-04
18324,Medium,Education,Canada,2022-04-06
18325,Small,Healthcare,India,2024-09-06
18326,Large,Finance,India,2021-04-10
18327,Small,Technology,Germany,2022-02-12
18328,Enterprise,Healthcare,Canada,2023-09-05
18329,Large,Technology,Canada,2024-12-28
18330,Medium,Healthcare,USA,2021-05-23
18331,Large,Finance,USA,2022-12-21
18332,Medium,Technology,Canada,2024-12-30
18333,Large,Finance,Australia,2022-02-22
18334,Medium,Technology,UK,2024-01-10
18335,Large,Healthcare,Singapore,2022-06-29
18336,Medium,Education,Singapore,2025-12-15
18337,Enterprise,Media,USA,2023-02-12
18338,Medium,Media,Germany,2025-08-21
18339,Medium,Education,UK,2023-12-05
18340,Large,Media,UK,2024-05-23
18341,Large,Professional Services,India,2021-05-08
18342,Medium,Retail,UK,2025-04-23
18343,Small,Retail,Singapore,2023-05-27
18344,Medium,Professional Services,Australia,2022-06-25
18345,Enterprise,Professional Services,Australia,2025-04-08
18346,Large,Manufacturing,India,2021-05-11
18347,Large,Finance,USA,2022-05-19
18348,Small,Technology,India,2024-12-18
18349,Medium,Retail,USA,2023-04-06
18350,Medium,Healthcare,UK,2023-10-20
18351,Large,Professional Services,USA,2024-06-12
18352,Small,Media,UK,2021-05-11
18353,Large,Education,USA,2022-11-28
18354,Medium,Technology,USA,2023-11-04
18355,Small,Manufacturing,India,2023-03-25
18356,Small,Education,Germany,2022-10-21
18357,Small,Media,India,2023-12-20
18358,Medium,Professional Services,India,2024-03-29
18359,Small,Technology,Germany,2025-01-10
18360,Small,Professional Services,Singapore,2024-11-10
18361,Large,Retail,Australia,2023-12-30
18362,Small,Retail,India,2026-06-21
18363,Small,Finance,India,2026-07-05
18364,Medium,Media,Singapore,2024-06-02
18365,Medium,Manufacturing,Germany,2026-09-19
18366,Large,Technology,UK,2024-03-15
18367,Medium,Manufacturing,India,2021-09-05
18368,Large,Healthcare,India,2021-01-12
18369,Medium,Manufacturing,India,2026-07-04
18370,Small,Professional Services,UK,2023-01-07
18371,Small,Professional Services,India,2022-05-25
18372,Medium,Retail,Singapore,2024-06-22
18373,Medium,Finance,India,2026-06-22
18374,Large,Media,Canada,2021-06-20
18375,Medium,Professional Services,India,2025-07-08
18376,Medium,Retail,UK,2022-12-22
18377,Small,Education,India,2023-03-26
18378,Small,Retail,Australia,2023-11-25
18379,Medium,Technology,UK,2021-07-24
18380,Medium,Media,India,2023-06-09
18381,Medium,Finance,Germany,2024-11-08
18382,Small,Professional Services,UK,2025-05-20
18383,Medium,Technology,Singapore,2023-01-20
18384,Large,Healthcare,Singapore,2025-02-17
18385,Small,Healthcare,Singapore,2026-04-23
18386,Medium,Retail,India,2025-11-03
18387,Enterprise,Finance,India,2024-02-07
18388,Small,Manufacturing,Singapore,2024-04-16
18389,Medium,Finance,USA,2021-09-06
18390,Small,Finance,India,2026-03-11
18391,Medium,Finance,Australia,2023-10-26
18392,Small,Retail,USA,2024-03-26
18393,Enterprise,Technology,Australia,2021-08-18
18394,Large,Retail,Germany,2024-07-08
18395,Large,Manufacturing,Australia,2021-11-17
18396,Large,Technology,USA,2021-01-28
18397,Medium,Manufacturing,USA,2022-05-25
18398,Medium,Education,USA,2022-10-03
18399,Large,Education,USA,2022-06-25
18400,Enterprise,Media,India,2023-06-29
18401,Medium,Professional Services,USA,2024-08-04
18402,Enterprise,Professional Services,UK,2025-02-26
18403,Medium,Technology,UK,2025-01-30
18404,Medium,Retail,Germany,2024-11-19
18405,Medium,Manufacturing,UK,2024-12-29
18406,Small,Manufacturing,India,2023-03-20
18407,Small,Professional Services,Canada,2025-04-10
18408,Small,Professional Services,Australia,2024-08-30
18409,Medium,Healthcare,USA,2024-02-27
18410,Medium,Manufacturing,Canada,2022-05-29
18411,Medium,Retail,India,2021-12-13
18412,Enterprise,Healthcare,USA,2021-04-27
18413,Medium,Retail,Singapore,2024-11-21
18414,Medium,Finance,Singapore,2026-01-29
18415,Small,Manufacturing,UK,2024-11-22
18416,Small,Finance,Canada,2025-06-20
18417,Large,Education,Germany,2026-06-23
18418,Medium,Education,Singapore,2021-10-09
18419,Large,Technology,USA,2026-06-26
18420,Small,Manufacturing,UK,2023-03-18
18421,Medium,Professional Services,USA,2025-08-19
18422,Small,Healthcare,India,2024-12-15
18423,Small,Finance,USA,2021-07-30
18424,Small,Retail,Australia,2025-08-18
18425,Small,Manufacturing,Germany,2025-11-13
18426,Small,Technology,Germany,2024-09-08
18427,Small,Retail,India,2022-11-18
18428,Enterprise,Finance,UK,2023-08-29
18429,Small,Manufacturing,India,2023-07-19
18430,Small,Professional Services,India,2021-01-18
18431,Small,Finance,Singapore,2024-08-07
18432,Medium,Manufacturing,USA,2025-11-09
18433,Small,Manufacturing,Australia,2024-03-31
18434,Large,Finance,India,2022-01-19
18435,Enterprise,Finance,USA,2025-11-05
18436,Small,Retail,Canada,2023-06-14
18437,Medium,Technology,India,2025-03-02
18438,Small,Finance,USA,2023-09-07
18439,Medium,Education,India,2021-03-23
18440,Medium,Media,Canada,2025-05-24
18441,Small,Technology,Singapore,2026-05-08
18442,Small,Education,Germany,2024-12-21
18443,Medium,Retail,Singapore,2025-01-24
18444,Medium,Finance,Germany,2023-06-03
18445,Small,Technology,Germany,2022-12-29
18446,Medium,Professional Services,UK,2021-05-04
18447,Medium,Finance,UK,2025-07-20
18448,Large,Manufacturing,USA,2022-06-10
18449,Small,Finance,Germany,2026-09-18
18450,Large,Professional Services,India,2026-06-27
18451,Medium,Technology,India,2024-10-08
18452,Small,Finance,Singapore,2021-11-07
18453,Medium,Finance,India,2021-02-09
18454,Medium,Healthcare,Singapore,2023-02-20
18455,Enterprise,Healthcare,Australia,2022-08-04
18456,Small,Technology,USA,2026-06-17
18457,Medium,Technology,Canada,2022-03-06
18458,Medium,Manufacturing,Germany,2026-08-02
18459,Enterprise,Manufacturing,India,2022-04-02
18460,Small,Media,Australia,2024-06-04
18461,Enterprise,Finance,Germany,2024-12-22
18462,Enterprise,Education,India,2021-07-23
18463,Small,Technology,India,2021-04-28
18464,Large,Professional Services,India,2026-01-27
18465,Enterprise,Finance,India,2026-01-02
18466,Small,Education,India,2023-06-16
18467,Medium,Healthcare,Australia,2026-08-15
18468,Medium,Manufacturing,USA,2022-05-23
18469,Small,Professional Services,Germany,2023-08-12
18470,Small,Technology,USA,2024-03-28
18471,Small,Finance,USA,2026-04-30
18472,Small,Healthcare,Canada,2023-08-17
18473,Medium,Media,Germany,2026-01-29
18474,Small,Retail,UK,2026-08-21
18475,Large,Healthcare,USA,2021-03-10
18476,Large,Finance,Germany,2025-09-24
18477,Small,Media,USA,2025-06-26
18478,Medium,Manufacturing,India,2023-08-22
18479,Medium,Education,USA,2025-04-17
18480,Enterprise,Professional Services,Australia,2021-07-21
18481,Small,Professional Services,India,2021-09-23
18482,Small,Retail,UK,2021-08-27
18483,Enterprise,Professional Services,UK,2023-08-09
18484,Enterprise,Retail,Singapore,2021-10-18
18485,Large,Media,USA,2025-12-14
18486,Large,Manufacturing,USA,2026-09-21
18487,Small,Retail,USA,2023-08-13
18488,Medium,Technology,USA,2024-05-06
18489,Small,Finance,Australia,2022-09-25
18490,Small,Media,Canada,2026-04-15
18491,Large,Professional Services,Australia,2021-10-11
18492,Small,Retail,Germany,2023-03-18
18493,Medium,Healthcare,Singapore,2023-11-01
18494,Enterprise,Education,USA,2026-03-22
18495,Small,Finance,Singapore,2022-07-30
18496,Enterprise,Manufacturing,India,2025-06-07
18497,Enterprise,Professional Services,Canada,2023-07-16
18498,Medium,Healthcare,UK,2023-10-23
18499,Small,Technology,Germany,2023-03-22
18500,Small,Retail,USA,2024-06-19
18501,Medium,Healthcare,Australia,2023-03-20
18502,Small,Finance,Singapore,2023-07-31
18503,Small,Professional Services,Australia,2021-02-09
18504,Enterprise,Healthcare,Australia,2024-08-31
18505,Small,Technology,India,2022-07-11
18506,Large,Education,India,2024-08-14
18507,Small,Media,Singapore,2025-07-13
18508,Medium,Retail,Canada,2026-07-21
18509,Enterprise,Finance,UK,2023-07-06
18510,Small,Professional Services,USA,2022-10-05
18511,Small,Media,India,2022-01-30
18512,Medium,Retail,USA,2023-03-03
18513,Large,Retail,USA,2026-04-29
18514,Medium,Manufacturing,India,2023-01-14
18515,Small,Retail,India,2025-04-28
18516,Small,Healthcare,UK,2024-05-24
18517,Enterprise,Healthcare,UK,2021-10-04
18518,Enterprise,Media,India,2021-07-13
18519,Medium,Education,UK,2021-06-28
18520,Large,Technology,Singapore,2024-03-12
18521,Medium,Professional Services,USA,2026-08-07
18522,Medium,Media,Germany,2025-04-11
18523,Small,Professional Services,Singapore,2021-08-06
18524,Medium,Media,India,2023-09-15
18525,Medium,Finance,India,2022-07-11
18526,Small,Healthcare,USA,2024-06-01
18527,Medium,Retail,UK,2025-11-21
18528,Large,Technology,USA,2021-03-18
18529,Medium,Media,USA,2022-08-22
18530,Medium,Finance,Canada,2024-05-16
18531,Enterprise,Professional Services,India,2024-03-28
18532,Small,Finance,Singapore,2022-06-08
18533,Medium,Finance,India,2024-10-13
18534,Large,Professional Services,Singapore,2022-01-19
18535,Medium,Finance,India,2025-05-09
18536,Small,Education,India,2025-01-13
18537,Small,Finance,India,2022-01-04
18538,Large,Technology,Singapore,2025-02-03
18539,Medium,Media,India,2021-10-15
18540,Large,Healthcare,Canada,2022-02-03
18541,Medium,Technology,Germany,2024-08-27
18542,Medium,Retail,Canada,2021-05-07
18543,Large,Manufacturing,USA,2026-09-19
18544,Medium,Education,Singapore,2025-11-06
18545,Medium,Education,Germany,2021-09-04
18546,Medium,Retail,USA,2026-01-04
18547,Large,Professional Services,UK,2026-09-13
18548,Medium,Technology,Singapore,2026-08-20
18549,Medium,Technology,Singapore,2024-04-06
18550,Small,Retail,USA,2025-12-13
18551,Enterprise,Professional Services,Germany,2024-05-24
18552,Small,Manufacturing,USA,2025-11-11
18553,Medium,Finance,USA,2025-06-14
18554,Medium,Professional Services,India,2021-12-06
18555,Medium,Media,India,2025-05-11
18556,Medium,Finance,Canada,2025-08-15
18557,Small,Media,UK,2024-08-01
18558,Medium,Healthcare,India,2022-06-18
18559,Large,Technology,USA,2023-03-20
18560,Large,Technology,USA,2024-09-16
18561,Small,Retail,Singapore,2024-05-10
18562,Large,Retail,Germany,2026-08-16
18563,Medium,Finance,USA,2023-04-29
18564,Large,Professional Services,Singapore,2025-02-18
18565,Medium,Technology,USA,2024-05-07
18566,Medium,Technology,Canada,2021-01-13
18567,Enterprise,Education,Singapore,2026-08-16
18568,Large,Media,USA,2024-12-05
18569,Medium,Healthcare,Canada,2025-04-30
18570,Small,Healthcare,USA,2022-06-22
18571,Medium,Media,USA,2026-08-14
18572,Medium,Finance,UK,2025-12-18
18573,Small,Manufacturing,Singapore,2026-07-28
18574,Small,Professional Services,USA,2022-12-23
18575,Large,Technology,Singapore,2025-12-29
18576,Small,Education,Singapore,2025-11-24
18577,Medium,Professional Services,USA,2026-05-07
18578,Small,Technology,USA,2023-08-10
18579,Small,Retail,Canada,2022-09-20
18580,Small,Professional Services,UK,2025-11-13
18581,Small,Finance,India,2025-06-30
18582,Large,Professional Services,Singapore,2024-02-22
18583,Large,Manufacturing,Australia,2024-11-18
18584,Small,Professional Services,USA,2022-10-12
18585,Medium,Professional Services,UK,2023-03-23
18586,Medium,Professional Services,India,2023-12-16
18587,Large,Healthcare,USA,2026-06-13
18588,Large,Technology,Singapore,2025-06-14
18589,Medium,Manufacturing,Germany,2026-01-22
18590,Medium,Media,USA,2026-02-09
18591,Large,Finance,UK,2022-08-02
18592,Small,Media,Canada,2024-02-11
18593,Medium,Healthcare,USA,2023-10-17
18594,Enterprise,Technology,India,2024-03-03
18595,Large,Education,UK,2025-07-08
18596,Medium,Finance,UK,2022-07-23
18597,Medium,Technology,India,2024-08-10
18598,Small,Healthcare,India,2021-10-04
18599,Medium,Healthcare,India,2025-02-24
18600,Medium,Education,USA,2025-05-06
18601,Medium,Finance,UK,2026-05-13
18602,Large,Finance,USA,2025-02-03
18603,Large,Manufacturing,USA,2021-08-22
18604,Small,Technology,Germany,2024-06-19
18605,Medium,Manufacturing,India,2021-02-01
18606,Medium,Healthcare,USA,2024-10-03
18607,Medium,Media,Singapore,2023-01-30
18608,Small,Healthcare,Canada,2025-12-04
18609,Medium,Professional Services,Canada,2025-11-30
18610,Large,Education,USA,2023-03-04
18611,Medium,Education,India,2024-10-23
18612,Enterprise,Media,Canada,2023-02-01
18613,Enterprise,Media,Canada,2021-09-22
18614,Small,Finance,India,2021-10-09
18615,Small,Media,USA,2022-06-14
18616,Enterprise,Manufacturing,Singapore,2026-02-26
18617,Enterprise,Healthcare,India,2026-07-22
18618,Small,Professional Services,USA,2026-08-12
18619,Small,Technology,USA,2023-03-27
18620,Small,Professional Services,Germany,2022-04-09
18621,Enterprise,Retail,Germany,2025-01-10
18622,Small,Technology,Australia,2024-10-18
18623,Medium,Education,USA,2021-06-13
18624,Large,Technology,India,2025-09-23
18625,Small,Media,USA,2025-05-30
18626,Medium,Healthcare,Canada,2022-05-26
18627,Small,Manufacturing,Canada,2025-12-03
18628,Large,Media,Singapore,2024-05-29
18629,Small,Media,USA,2022-07-09
18630,Medium,Professional Services,Canada,2024-07-30
18631,Medium,Finance,UK,2026-03-24
18632,Small,Manufacturing,India,2024-10-29
18633,Small,Retail,USA,2021-09-16
18634,Medium,Finance,UK,2024-05-09
18635,Small,Retail,Singapore,2025-07-24
18636,Large,Retail,USA,2024-11-04
18637,Large,Healthcare,Singapore,2026-02-09
18638,Medium,Healthcare,UK,2023-02-05
18639,Medium,Media,India,2021-03-06
18640,Medium,Education,India,2025-07-28
18641,Large,Education,India,2026-09-21
18642,Medium,Retail,USA,2023-05-29
18643,Small,Manufacturing,India,2021-07-15
18644,Small,Education,USA,2024-10-15
18645,Medium,Healthcare,Singapore,2025-12-01
18646,Medium,Education,Canada,2021-03-06
18647,Medium,Retail,Australia,2024-08-13
18648,Small,Professional Services,India,2024-12-21
18649,Large,Finance,USA,2021-08-11
18650,Small,Manufacturing,USA,2025-03-13
18651,Small,Manufacturing,Germany,2022-03-18
18652,Medium,Technology,India,2024-12-08
18653,Small,Media,USA,2023-06-22
18654,Medium,Education,UK,2023-02-09
18655,Medium,Media,UK,2023-06-02
18656,Medium,Media,Germany,2022-03-27
18657,Medium,Manufacturing,India,2024-01-08
18658,Small,Professional Services,USA,2023-01-13
18659,Small,Professional Services,Australia,2025-05-29
18660,Large,Healthcare,UK,2025-03-25
18661,Medium,Finance,USA,2026-03-31
18662,Medium,Healthcare,India,2024-06-02
18663,Small,Education,Australia,2022-06-12
18664,Medium,Retail,Singapore,2022-12-25
18665,Medium,Professional Services,Canada,2021-08-29
18666,Medium,Professional Services,Germany,2021-12-31
18667,Large,Technology,UK,2024-04-23
18668,Small,Technology,India,2024-03-05
18669,Small,Professional Services,India,2021-01-25
18670,Large,Finance,Canada,2026-05-15
18671,Enterprise,Manufacturing,USA,2022-07-16
18672,Small,Manufacturing,Australia,2022-11-12
18673,Medium,Professional Services,Canada,2025-06-05
18674,Small,Manufacturing,Singapore,2023-11-02
18675,Small,Technology,UK,2022-12-21
18676,Small,Retail,USA,2022-08-10
18677,Small,Manufacturing,USA,2023-09-01
18678,Large,Media,USA,2026-01-21
18679,Medium,Healthcare,Germany,2024-10-03
18680,Small,Professional Services,India,2025-01-06
18681,Small,Manufacturing,Singapore,2022-11-22
18682,Large,Media,Singapore,2021-03-29
18683,Small,Retail,UK,2022-05-09
18684,Medium,Professional Services,USA,2024-05-30
18685,Small,Media,India,2026-07-14
18686,Medium,Finance,USA,2024-02-16
18687,Small,Finance,India,2021-05-16
18688,Small,Media,USA,2023-09-05
18689,Small,Technology,India,2022-06-26
18690,Small,Retail,Canada,2023-07-19
18691,Medium,Media,USA,2024-11-03
18692,Medium,Healthcare,India,2023-03-22
18693,Small,Retail,UK,2022-02-16
18694,Small,Healthcare,Singapore,2021-08-05
18695,Medium,Healthcare,Canada,2023-04-10
18696,Medium,Retail,USA,2024-02-08
18697,Enterprise,Professional Services,Australia,2021-10-12
18698,Medium,Education,Australia,2023-02-09
18699,Medium,Retail,Germany,2026-03-12
18700,Medium,Media,India,2022-07-23
18701,Enterprise,Professional Services,Germany,2024-08-14
18702,Large,Healthcare,USA,2022-06-14
18703,Small,Professional Services,Singapore,2025-11-03
18704,Small,Professional Services,USA,2026-09-06
18705,Small,Manufacturing,Singapore,2026-08-06
18706,Medium,Media,Singapore,2024-02-16
18707,Large,Finance,India,2023-12-14
18708,Medium,Finance,Singapore,2022-05-19
18709,Small,Media,India,2026-07-18
18710,Large,Media,India,2021-06-01
18711,Large,Technology,USA,2023-01-07
18712,Small,Finance,Singapore,2022-04-24
18713,Medium,Education,USA,2025-08-13
18714,Medium,Healthcare,UK,2024-05-24
18715,Large,Retail,Canada,2024-10-03
18716,Large,Retail,Singapore,2024-09-25
18717,Medium,Education,Australia,2023-04-30
18718,Medium,Finance,India,2025-08-24
18719,Large,Healthcare,USA,2024-10-30
18720,Medium,Finance,India,2025-04-10
18721,Small,Professional Services,Canada,2024-08-19
18722,Large,Technology,India,2024-06-19
18723,Small,Finance,USA,2024-11-02
18724,Medium,Technology,Germany,2025-09-05
18725,Large,Media,USA,2024-11-13
18726,Large,Media,UK,2025-10-20
18727,Medium,Retail,USA,2026-05-15
18728,Small,Healthcare,India,2022-09-19
18729,Medium,Manufacturing,USA,2024-06-18
18730,Small,Professional Services,USA,2021-12-29
18731,Small,Technology,Germany,2025-03-13
18732,Large,Finance,USA,2024-07-12
18733,Small,Media,USA,2022-10-19
18734,Medium,Professional Services,Australia,2024-10-15
18735,Medium,Finance,Australia,2022-10-29
18736,Enterprise,Professional Services,Australia,2023-07-09
18737,Medium,Retail,Singapore,2026-05-05
18738,Small,Education,Australia,2022-01-23
18739,Small,Professional Services,USA,2025-11-04
18740,Medium,Media,Germany,2023-06-24
18741,Medium,Manufacturing,UK,2022-01-12
18742,Medium,Education,USA,2021-08-28
18743,Medium,Media,USA,2021-07-01
18744,Small,Finance,India,2024-07-04
18745,Medium,Media,India,2023-01-14
18746,Medium,Education,India,2023-04-21
18747,Small,Professional Services,India,2024-07-02
18748,Small,Manufacturing,Germany,2023-12-05
18749,Small,Manufacturing,Singapore,2023-10-06
18750,Small,Healthcare,UK,2022-08-21
18751,Medium,Media,Germany,2023-10-14
18752,Small,Education,India,2021-07-20
18753,Small,Healthcare,Singapore,2021-12-09
18754,Small,Finance,UK,2022-09-23
18755,Enterprise,Finance,India,2021-10-25
18756,Large,Finance,India,2022-11-29
18757,Small,Retail,USA,2024-05-05
18758,Small,Education,India,2026-02-16
18759,Small,Technology,USA,2025-02-14
18760,Medium,Manufacturing,India,2023-07-19
18761,Small,Technology,India,2022-01-14
18762,Medium,Finance,USA,2022-12-07
18763,Medium,Professional Services,Singapore,2025-04-10
18764,Large,Media,India,2023-02-10
18765,Small,Professional Services,India,2023-12-31
18766,Large,Education,Canada,2023-11-18
18767,Large,Professional Services,Germany,2021-12-15
18768,Small,Healthcare,USA,2024-02-16
18769,Medium,Media,Germany,2024-05-16
18770,Small,Media,USA,2024-12-17
18771,Small,Technology,India,2021-04-03
18772,Small,Professional Services,USA,2025-03-27
18773,Medium,Finance,UK,2026-01-01
18774,Medium,Technology,USA,2023-12-29
18775,Enterprise,Technology,Canada,2022-08-05
18776,Small,Manufacturing,India,2025-09-17
18777,Enterprise,Technology,Canada,2023-06-02
18778,Small,Finance,USA,2021-05-04
18779,Large,Manufacturing,USA,2025-10-24
18780,Small,Media,UK,2025-08-29
18781,Small,Finance,Canada,2022-08-26
18782,Large,Retail,India,2024-09-26
18783,Small,Media,Germany,2021-11-01
18784,Medium,Media,Australia,2024-06-05
18785,Medium,Professional Services,India,2023-07-26
18786,Medium,Retail,Singapore,2023-01-19
18787,Medium,Professional Services,Canada,2022-11-17
18788,Large,Retail,USA,2021-05-20
18789,Small,Technology,India,2021-02-24
18790,Medium,Education,UK,2021-03-15
18791,Large,Finance,India,2023-09-24
18792,Small,Retail,USA,2026-04-29
18793,Small,Media,USA,2022-10-04
18794,Large,Media,Canada,2023-01-14
18795,Medium,Education,India,2026-09-05
18796,Medium,Retail,Germany,2025-05-24
18797,Small,Media,USA,2021-03-03
18798,Medium,Professional Services,USA,2024-05-08
18799,Small,Retail,Australia,2022-05-08
18800,Medium,Education,Canada,2026-06-16
18801,Large,Retail,USA,2024-02-14
18802,Small,Technology,USA,2024-10-26
18803,Medium,Technology,USA,2024-06-09
18804,Enterprise,Manufacturing,UK,2023-09-29
18805,Medium,Technology,USA,2024-01-31
18806,Large,Healthcare,Australia,2021-01-10
18807,Medium,Manufacturing,UK,2024-02-21
18808,Large,Retail,India,2023-02-26
18809,Small,Healthcare,USA,2026-08-14
18810,Small,Finance,India,2021-09-16
18811,Small,Education,USA,2026-04-18
18812,Medium,Finance,UK,2026-09-10
18813,Large,Healthcare,UK,2025-09-08
18814,Small,Media,Australia,2022-06-05
18815,Medium,Technology,India,2022-12-17
18816,Large,Professional Services,Singapore,2025-07-02
18817,Medium,Retail,USA,2021-05-04
18818,Medium,Manufacturing,USA,2025-11-09
18819,Medium,Media,Canada,2023-07-11
18820,Small,Professional Services,Germany,2025-02-12
18821,Small,Media,USA,2025-10-22
18822,Enterprise,Professional Services,Australia,2025-04-15
18823,Small,Retail,Germany,2026-05-02
18824,Small,Technology,Australia,2026-01-27
18825,Large,Retail,India,2021-10-19
18826,Small,Education,Germany,2026-06-17
18827,Medium,Professional Services,Australia,2025-10-04
18828,Small,Education,Canada,2021-06-06
18829,Medium,Media,Australia,2024-01-29
18830,Small,Education,Singapore,2023-06-27
18831,Small,Finance,USA,2025-07-16
18832,Medium,Media,India,2023-07-07
18833,Large,Technology,USA,2026-01-25
18834,Medium,Education,India,2025-08-30
18835,Enterprise,Healthcare,USA,2025-07-24
18836,Small,Education,UK,2024-07-17
18837,Medium,Manufacturing,USA,2021-05-18
18838,Medium,Finance,Canada,2025-09-08
18839,Enterprise,Healthcare,Germany,2023-10-12
18840,Small,Professional Services,USA,2025-09-20
18841,Medium,Technology,Singapore,2024-09-20
18842,Large,Technology,India,2025-04-05
18843,Small,Manufacturing,Germany,2022-02-11
18844,Large,Professional Services,Germany,2021-12-10
18845,Small,Education,USA,2022-10-14
18846,Large,Healthcare,USA,2025-03-25
18847,Enterprise,Manufacturing,USA,2026-02-17
18848,Medium,Healthcare,Germany,2024-03-05
18849,Medium,Education,Germany,2021-02-08
18850,Small,Professional Services,USA,2024-09-05
18851,Enterprise,Education,UK,2021-10-14
18852,Medium,Retail,India,2023-08-26
18853,Small,Retail,USA,2025-01-26
18854,Medium,Education,Singapore,2023-06-10
18855,Medium,Finance,India,2022-10-24
18856,Small,Manufacturing,Singapore,2023-10-26
18857,Small,Retail,Germany,2021-08-24
18858,Small,Media,Singapore,2023-08-27
18859,Medium,Education,India,2024-02-03
18860,Medium,Media,India,2024-05-15
18861,Medium,Media,India,2021-08-27
18862,Large,Healthcare,Australia,2026-01-29
18863,Large,Manufacturing,Canada,2023-04-09
18864,Medium,Professional Services,India,2021-02-21
18865,Small,Retail,Australia,2024-10-12
18866,Medium,Professional Services,USA,2023-11-23
18867,Medium,Finance,India,2021-01-22
18868,Medium,Manufacturing,USA,2021-11-03
18869,Medium,Manufacturing,India,2021-01-11
18870,Medium,Technology,USA,2025-07-21
18871,Enterprise,Healthcare,USA,2021-07-17
18872,Small,Finance,Germany,2026-05-20
18873,Medium,Media,Australia,2023-12-04
18874,Small,Finance,USA,2024-04-23
18875,Enterprise,Professional Services,Australia,2022-07-05
18876,Small,Finance,UK,2025-01-05
18877,Small,Healthcare,USA,2022-05-20
18878,Small,Finance,Australia,2021-05-17
18879,Medium,Technology,Canada,2023-09-16
18880,Small,Retail,UK,2024-07-26
18881,Medium,Healthcare,UK,2023-05-02
18882,Medium,Finance,Canada,2023-11-13
18883,Small,Education,USA,2026-05-30
18884,Small,Retail,Germany,2022-12-12
18885,Large,Professional Services,India,2022-05-22
18886,Medium,Media,Germany,2022-11-17
18887,Large,Manufacturing,USA,2025-03-14
18888,Medium,Healthcare,India,2022-12-09
18889,Small,Education,UK,2025-06-12
18890,Small,Manufacturing,USA,2021-05-22
18891,Small,Education,Germany,2025-09-04
18892,Large,Finance,USA,2021-10-29
18893,Enterprise,Media,Canada,2021-11-14
18894,Medium,Healthcare,USA,2025-12-16
18895,Small,Media,India,2023-05-08
18896,Small,Media,USA,2022-11-08
18897,Small,Professional Services,UK,2022-01-14
18898,Medium,Finance,Canada,2021-08-05
18899,Small,Manufacturing,UK,2026-05-17
18900,Enterprise,Professional Services,Singapore,2023-05-18
18901,Medium,Media,Canada,2022-03-10
18902,Enterprise,Technology,Singapore,2023-01-26
18903,Large,Education,India,2024-07-31
18904,Large,Technology,India,2025-02-15
18905,Medium,Manufacturing,USA,2024-07-14
18906,Medium,Finance,India,2026-04-24
18907,Medium,Professional Services,UK,2022-08-22
18908,Medium,Professional Services,UK,2021-08-24
18909,Medium,Professional Services,UK,2025-11-19
18910,Enterprise,Retail,Australia,2021-04-10
18911,Large,Education,Singapore,2024-10-09
18912,Large,Retail,Germany,2026-09-15
18913,Large,Healthcare,India,2021-11-10
18914,Small,Education,USA,2022-07-05
18915,Small,Technology,USA,2022-06-01
18916,Medium,Retail,India,2026-07-05
18917,Medium,Manufacturing,UK,2021-01-09
18918,Large,Healthcare,UK,2021-02-26
18919,Medium,Education,India,2022-04-06
18920,Medium,Professional Services,Canada,2024-10-14
18921,Medium,Manufacturing,Australia,2026-07-05
18922,Small,Media,India,2023-07-19
18923,Medium,Healthcare,USA,2023-05-05
18924,Large,Technology,Germany,2026-03-07
18925,Small,Professional Services,UK,2021-05-16
18926,Medium,Manufacturing,USA,2023-02-01
18927,Medium,Education,USA,2023-10-07
18928,Small,Healthcare,India,2025-06-18
18929,Small,Finance,India,2026-05-10
18930,Enterprise,Media,Germany,2023-04-30
18931,Medium,Education,India,2026-08-02
18932,Small,Education,USA,2022-04-24
18933,Small,Professional Services,India,2024-08-03
18934,Medium,Education,Australia,2022-06-20
18935,Medium,Professional Services,India,2025-03-01
18936,Medium,Education,USA,2022-02-18
18937,Small,Finance,UK,2025-07-15
18938,Large,Manufacturing,USA,2024-10-26
18939,Medium,Manufacturing,USA,2022-10-01
18940,Small,Manufacturing,USA,2026-09-18
18941,Medium,Technology,Australia,2026-04-05
18942,Medium,Finance,Singapore,2021-12-19
18943,Large,Finance,USA,2022-03-02
18944,Enterprise,Media,India,2022-05-25
18945,Small,Healthcare,India,2021-05-20
18946,Large,Retail,Australia,2021-09-09
18947,Large,Manufacturing,UK,2022-10-31
18948,Enterprise,Retail,Australia,2021-11-13
18949,Small,Healthcare,Canada,2026-07-03
18950,Medium,Finance,Singapore,2023-11-19
18951,Small,Healthcare,Germany,2022-06-25
18952,Large,Education,Australia,2024-01-29
18953,Small,Healthcare,USA,2024-09-05
18954,Medium,Healthcare,USA,2022-07-24
18955,Small,Professional Services,UK,2022-12-24
18956,Small,Education,UK,2023-09-28
18957,Medium,Professional Services,UK,2022-03-26
18958,Large,Retail,India,2021-01-25
18959,Medium,Media,Canada,2026-01-14
18960,Large,Education,USA,2021-09-17
18961,Small,Media,Canada,2026-07-07
18962,Medium,Technology,India,2026-04-12
18963,Medium,Healthcare,USA,2024-05-21
18964,Small,Media,India,2022-03-28
18965,Medium,Healthcare,Germany,2022-12-01
18966,Medium,Professional Services,USA,2025-04-01
18967,Medium,Retail,India,2025-08-10
18968,Large,Professional Services,India,2022-01-20
18969,Medium,Finance,Canada,2022-09-05
18970,Small,Education,India,2024-12-12
18971,Small,Finance,Singapore,2022-07-11
18972,Medium,Technology,UK,2021-12-16
18973,Small,Education,USA,2022-01-25
18974,Small,Technology,Canada,2024-02-17
18975,Medium,Technology,USA,2023-01-16
18976,Medium,Technology,Germany,2026-08-18
18977,Small,Manufacturing,USA,2025-09-27
18978,Large,Education,Singapore,2025-10-29
18979,Medium,Media,UK,2021-01-27
18980,Small,Education,Germany,2021-10-17
18981,Large,Manufacturing,India,2021-01-28
18982,Medium,Retail,USA,2025-11-05
18983,Medium,Media,Australia,2021-04-18
18984,Medium,Manufacturing,Canada,2023-06-10
18985,Small,Media,India,2021-07-22
18986,Medium,Healthcare,USA,2023-02-16
18987,Medium,Finance,USA,2023-09-17
18988,Enterprise,Finance,UK,2026-04-10
18989,Large,Technology,USA,2026-04-18
18990,Medium,Education,USA,2026-05-05
18991,Small,Education,India,2022-03-14
18992,Small,Technology,USA,2023-11-01
18993,Small,Healthcare,India,2023-04-17
18994,Medium,Finance,Singapore,2022-08-30
18995,Small,Manufacturing,India,2022-10-04
18996,Medium,Retail,Singapore,2025-12-14
18997,Small,Media,USA,2022-10-05
18998,Enterprise,Media,USA,2022-12-04
18999,Small,Media,India,2025-09-19
19000,Enterprise,Media,Canada,2023-04-29
19001,Enterprise,Professional Services,Canada,2025-01-02
19002,Medium,Healthcare,USA,2026-02-10
19003,Large,Media,India,2022-05-26
19004,Medium,Education,Singapore,2024-01-01
19005,Medium,Professional Services,Singapore,2023-01-03
19006,Small,Technology,USA,2024-05-22
19007,Small,Finance,UK,2025-01-20
19008,Medium,Professional Services,USA,2026-07-04
19009,Medium,Technology,USA,2025-03-14
19010,Medium,Education,India,2022-10-24
19011,Small,Media,USA,2024-04-16
19012,Medium,Technology,Germany,2021-04-14
19013,Small,Manufacturing,India,2022-08-01
19014,Small,Professional Services,UK,2023-12-18
19015,Small,Professional Services,Germany,2023-03-30
19016,Small,Media,India,2021-03-20
19017,Small,Finance,India,2026-01-22
19018,Large,Technology,Australia,2026-03-05
19019,Small,Finance,USA,2022-07-13
19020,Medium,Professional Services,India,2025-09-03
19021,Small,Technology,USA,2025-06-08
19022,Large,Technology,USA,2026-01-28
19023,Medium,Finance,Germany,2021-03-11
19024,Small,Manufacturing,UK,2024-04-04
19025,Medium,Technology,USA,2023-12-18
19026,Medium,Manufacturing,UK,2025-01-14
19027,Medium,Healthcare,Singapore,2021-09-02
19028,Small,Retail,India,2022-11-15
19029,Enterprise,Healthcare,India,2025-12-05
19030,Medium,Retail,Singapore,2025-05-21
19031,Small,Healthcare,Singapore,2021-03-12
19032,Large,Retail,India,2026-03-04
19033,Medium,Technology,India,2024-06-16
19034,Large,Finance,USA,2024-05-16
19035,Medium,Finance,India,2022-12-23
19036,Large,Media,Canada,2021-10-29
19037,Small,Education,India,2024-12-24
19038,Large,Media,India,2024-10-03
19039,Large,Retail,USA,2026-03-31
19040,Small,Education,Singapore,2024-11-30
19041,Small,Manufacturing,USA,2026-04-10
19042,Small,Manufacturing,USA,2023-08-10
19043,Enterprise,Education,Singapore,2021-09-13
19044,Small,Retail,UK,2023-08-12
19045,Medium,Finance,USA,2024-03-14
19046,Small,Retail,USA,2025-08-27
19047,Medium,Manufacturing,India,2025-03-28
19048,Medium,Technology,UK,2021-12-26
19049,Enterprise,Education,USA,2024-04-28
19050,Medium,Education,USA,2024-02-28
19051,Large,Manufacturing,India,2023-05-11
19052,Medium,Retail,USA,2023-09-17
19053,Small,Education,UK,2022-04-29
19054,Small,Finance,India,2024-12-03
19055,Medium,Education,India,2021-12-07
19056,Enterprise,Retail,Singapore,2026-04-03
19057,Large,Manufacturing,UK,2024-04-13
19058,Small,Finance,India,2025-01-07
19059,Small,Finance,Canada,2021-07-20
19060,Small,Education,India,2023-01-13
19061,Enterprise,Retail,Australia,2021-04-08
19062,Large,Education,Australia,2025-04-26
19063,Large,Professional Services,Canada,2024-07-15
19064,Medium,Technology,Australia,2023-04-19
19065,Medium,Media,India,2021-12-18
19066,Medium,Manufacturing,Australia,2024-07-25
19067,Small,Professional Services,India,2026-06-01
19068,Medium,Media,USA,2022-04-01
19069,Small,Technology,Singapore,2025-10-24
19070,Small,Finance,UK,2024-03-03
19071,Large,Education,Singapore,2021-09-15
19072,Large,Technology,India,2022-04-27
19073,Medium,Healthcare,USA,2025-02-09
19074,Medium,Technology,India,2023-09-27
19075,Medium,Education,Canada,2022-09-27
19076,Large,Media,India,2024-10-28
19077,Large,Education,India,2024-08-15
19078,Large,Manufacturing,USA,2023-12-12
19079,Large,Technology,Australia,2024-11-03
19080,Small,Education,India,2026-06-01
19081,Small,Education,Germany,2026-09-14
19082,Medium,Professional Services,India,2022-10-10
19083,Small,Manufacturing,India,2023-10-08
19084,Large,Professional Services,USA,2025-05-31
19085,Small,Manufacturing,Singapore,2022-05-08
19086,Small,Manufacturing,India,2022-05-06
19087,Medium,Media,India,2025-06-09
19088,Enterprise,Professional Services,Australia,2024-01-31
19089,Small,Manufacturing,USA,2025-12-24
19090,Medium,Healthcare,Canada,2023-06-06
19091,Medium,Media,India,2026-06-08
19092,Small,Finance,USA,2022-05-09
19093,Medium,Education,USA,2023-01-29
19094,Large,Retail,USA,2025-08-11
19095,Medium,Manufacturing,Australia,2022-09-25
19096,Large,Finance,Australia,2021-11-26
19097,Small,Manufacturing,UK,2026-04-08
19098,Small,Media,Singapore,2024-09-12
19099,Enterprise,Media,USA,2021-01-10
19100,Medium,Finance,India,2023-09-12
19101,Medium,Retail,UK,2022-10-31
19102,Large,Media,Canada,2023-11-05
19103,Small,Technology,India,2022-03-18
19104,Large,Healthcare,UK,2025-05-01
19105,Small,Education,USA,2021-10-01
19106,Small,Technology,Australia,2022-09-10
19107,Small,Professional Services,Germany,2023-10-24
19108,Large,Retail,UK,2021-09-10
19109,Small,Healthcare,India,2025-04-07
19110,Large,Healthcare,Canada,2022-03-24
19111,Enterprise,Healthcare,Australia,2022-04-14
19112,Medium,Retail,India,2024-03-05
19113,Medium,Manufacturing,USA,2021-03-11
19114,Medium,Manufacturing,Singapore,2022-04-26
19115,Small,Media,USA,2022-05-05
19116,Medium,Professional Services,India,2022-05-18
19117,Medium,Manufacturing,India,2025-09-18
19118,Enterprise,Media,UK,2021-04-27
19119,Enterprise,Technology,Singapore,2025-12-19
19120,Large,Media,UK,2023-07-08
19121,Large,Education,USA,2023-06-23
19122,Medium,Media,Canada,2022-03-04
19123,Medium,Healthcare,Canada,2022-05-09
19124,Large,Professional Services,UK,2026-01-25
19125,Medium,Professional Services,India,2021-03-21
19126,Enterprise,Healthcare,Canada,2023-11-12
19127,Medium,Technology,USA,2022-08-18
19128,Medium,Media,India,2024-09-09
19129,Large,Manufacturing,UK,2025-03-21
19130,Enterprise,Media,Singapore,2022-09-18
19131,Small,Healthcare,USA,2021-10-11
19132,Large,Healthcare,Singapore,2026-02-20
19133,Medium,Retail,India,2024-04-26
19134,Small,Finance,Australia,2026-08-29
19135,Large,Professional Services,India,2023-02-02
19136,Medium,Technology,USA,2023-04-18
19137,Medium,Media,UK,2026-07-09
19138,Small,Technology,UK,2026-07-09
19139,Medium,Manufacturing,Australia,2023-11-27
19140,Medium,Technology,UK,2025-06-10
19141,Medium,Manufacturing,UK,2021-03-13
19142,Small,Media,Singapore,2022-10-15
19143,Enterprise,Retail,USA,2021-03-05
19144,Medium,Media,India,2021-01-30
19145,Large,Retail,India,2022-07-11
19146,Medium,Education,USA,2025-10-21
19147,Medium,Manufacturing,Canada,2021-10-04
19148,Medium,Professional Services,India,2024-05-01
19149,Medium,Retail,India,2022-11-01
19150,Medium,Media,India,2021-01-26
19151,Medium,Manufacturing,UK,2021-10-03
19152,Medium,Professional Services,India,2024-06-20
19153,Small,Media,India,2021-01-09
19154,Medium,Professional Services,UK,2025-12-01
19155,Small,Media,Australia,2021-02-01
19156,Small,Technology,USA,2023-05-02
19157,Enterprise,Education,UK,2022-08-28
19158,Medium,Finance,India,2025-11-08
19159,Medium,Healthcare,Singapore,2026-08-27
19160,Medium,Healthcare,USA,2025-12-13
19161,Enterprise,Education,Singapore,2021-02-11
19162,Medium,Manufacturing,Singapore,2025-12-07
19163,Large,Manufacturing,Australia,2026-10-01
19164,Medium,Manufacturing,India,2026-05-22
19165,Enterprise,Finance,UK,2022-02-13
19166,Large,Professional Services,India,2026-03-08
19167,Large,Healthcare,Germany,2021-12-10
19168,Small,Education,Australia,2025-09-15
19169,Small,Manufacturing,Singapore,2021-01-28
19170,Small,Retail,UK,2022-09-26
19171,Small,Technology,UK,2021-07-31
19172,Large,Finance,UK,2022-11-19
19173,Small,Media,USA,2025-02-12
19174,Small,Manufacturing,USA,2021-03-13
19175,Small,Healthcare,Canada,2024-02-11
19176,Small,Technology,Singapore,2024-11-21
19177,Small,Education,UK,2021-08-20
19178,Large,Manufacturing,Germany,2021-02-12
19179,Medium,Healthcare,Germany,2021-09-22
19180,Small,Technology,UK,2026-01-06
19181,Medium,Retail,USA,2021-02-15
19182,Medium,Finance,Canada,2026-05-30
19183,Small,Education,USA,2025-08-03
19184,Medium,Media,India,2024-06-23
19185,Large,Healthcare,USA,2022-12-28
19186,Large,Professional Services,Singapore,2023-10-10
19187,Large,Retail,India,2022-05-09
19188,Small,Finance,Canada,2022-12-08
19189,Enterprise,Finance,Germany,2026-09-03
19190,Large,Professional Services,Canada,2026-06-29
19191,Enterprise,Media,UK,2023-01-08
19192,Small,Retail,Canada,2024-06-05
19193,Enterprise,Healthcare,USA,2022-06-27
19194,Large,Finance,India,2025-11-22
19195,Large,Education,Singapore,2024-02-04
19196,Small,Technology,USA,2024-12-31
19197,Large,Education,Canada,2023-10-23
19198,Enterprise,Media,UK,2024-12-31
19199,Medium,Manufacturing,India,2025-01-04
19200,Medium,Media,Singapore,2024-05-30
19201,Enterprise,Finance,Australia,2023-11-15
19202,Medium,Technology,India,2023-11-25
19203,Medium,Retail,Singapore,2023-08-30
19204,Medium,Technology,Australia,2023-09-15
19205,Enterprise,Media,USA,2024-10-21
19206,Small,Technology,UK,2024-09-21
19207,Medium,Professional Services,India,2023-06-18
19208,Medium,Technology,UK,2025-12-19
19209,Large,Finance,India,2025-02-11
19210,Medium,Professional Services,UK,2026-01-04
19211,Enterprise,Media,UK,2021-12-09
19212,Enterprise,Media,Germany,2024-06-02
19213,Small,Media,Australia,2026-09-26
19214,Medium,Professional Services,India,2024-04-23
19215,Small,Manufacturing,Germany,2023-07-04
19216,Small,Manufacturing,UK,2025-07-25
19217,Medium,Professional Services,UK,2021-10-22
19218,Enterprise,Professional Services,India,2025-05-30
19219,Large,Media,Germany,2026-06-03
19220,Small,Media,Singapore,2024-07-05
19221,Small,Media,Australia,2022-07-11
19222,Medium,Healthcare,Singapore,2026-07-16
19223,Medium,Manufacturing,USA,2021-11-05
19224,Small,Finance,Germany,2025-07-31
19225,Large,Healthcare,USA,2024-02-27
19226,Enterprise,Retail,India,2024-03-30
19227,Medium,Retail,Canada,2025-11-30
19228,Large,Retail,Canada,2023-08-31
19229,Medium,Retail,USA,2023-07-27
19230,Large,Retail,India,2024-07-15
19231,Medium,Education,India,2021-08-06
19232,Small,Professional Services,USA,2021-06-13
19233,Enterprise,Finance,India,2025-09-11
19234,Medium,Healthcare,India,2024-12-11
19235,Large,Retail,USA,2026-09-27
19236,Medium,Education,Singapore,2024-05-02
19237,Small,Media,Australia,2023-03-12
19238,Small,Media,USA,2025-08-18
19239,Medium,Manufacturing,Singapore,2021-08-22
19240,Medium,Education,Canada,2026-02-20
19241,Small,Education,USA,2023-08-20
19242,Medium,Finance,USA,2023-06-25
19243,Medium,Retail,USA,2023-10-11
19244,Large,Education,India,2023-11-12
19245,Medium,Professional Services,USA,2026-06-19
19246,Enterprise,Education,UK,2022-01-21
19247,Medium,Retail,UK,2026-07-18
19248,Medium,Finance,Australia,2021-12-30
19249,Small,Education,USA,2024-11-08
19250,Small,Healthcare,Canada,2021-07-27
19251,Small,Technology,UK,2021-10-02
19252,Medium,Media,Singapore,2025-10-19
19253,Small,Manufacturing,USA,2022-05-11
19254,Small,Technology,Singapore,2023-06-21
19255,Large,Technology,Germany,2025-10-16
19256,Small,Finance,Canada,2022-04-05
19257,Small,Media,Canada,2022-01-29
19258,Small,Education,India,2023-07-06
19259,Large,Technology,Singapore,2021-06-13
19260,Small,Technology,India,2022-10-01
19261,Medium,Media,UK,2022-07-24
19262,Medium,Manufacturing,USA,2023-08-18
19263,Medium,Retail,USA,2023-02-07
19264,Medium,Professional Services,UK,2022-01-29
19265,Large,Professional Services,Singapore,2024-04-20
19266,Small,Media,USA,2025-05-16
19267,Small,Education,Singapore,2022-03-19
19268,Small,Education,UK,2023-01-17
19269,Small,Manufacturing,India,2026-02-10
19270,Small,Retail,India,2025-12-05
19271,Small,Media,Canada,2022-05-20
19272,Medium,Education,India,2022-12-21
19273,Medium,Professional Services,USA,2026-06-11
19274,Medium,Professional Services,India,2025-08-05
19275,Large,Healthcare,USA,2026-09-01
19276,Small,Manufacturing,Australia,2023-05-25
19277,Small,Finance,USA,2022-09-26
19278,Medium,Retail,India,2021-10-09
19279,Small,Manufacturing,USA,2024-12-14
19280,Small,Technology,USA,2024-08-17
19281,Medium,Media,India,2023-10-06
19282,Enterprise,Education,UK,2024-02-14
19283,Large,Healthcare,UK,2022-02-08
19284,Small,Professional Services,India,2022-11-27
19285,Large,Healthcare,USA,2023-06-27
19286,Large,Finance,USA,2026-04-11
19287,Medium,Media,USA,2021-05-01
19288,Large,Manufacturing,UK,2025-11-02
19289,Medium,Healthcare,USA,2025-08-05
19290,Small,Manufacturing,USA,2022-01-26
19291,Medium,Media,Australia,2023-04-21
19292,Medium,Education,India,2025-01-29
19293,Medium,Education,UK,2024-06-19
19294,Medium,Professional Services,UK,2025-01-05
19295,Enterprise,Healthcare,USA,2026-01-31
19296,Enterprise,Education,Australia,2022-02-08
19297,Large,Media,UK,2026-01-24
19298,Large,Manufacturing,USA,2022-02-17
19299,Enterprise,Professional Services,Canada,2025-03-18
19300,Small,Education,Germany,2021-06-03
19301,Small,Media,Singapore,2021-08-05
19302,Medium,Media,Canada,2023-10-22
19303,Large,Professional Services,Germany,2023-03-10
19304,Medium,Technology,India,2023-03-17
19305,Large,Manufacturing,UK,2023-08-01
19306,Small,Media,India,2024-06-25
19307,Small,Professional Services,India,2022-03-10
19308,Large,Retail,UK,2022-03-05
19309,Small,Media,Australia,2024-04-02
19310,Medium,Education,USA,2025-02-27
19311,Small,Education,Canada,2021-06-11
19312,Small,Manufacturing,USA,2026-06-19
19313,Large,Media,USA,2026-02-19
19314,Medium,Finance,USA,2023-06-19
19315,Medium,Retail,USA,2025-10-09
19316,Small,Professional Services,USA,2024-09-04
19317,Large,Retail,Canada,2024-03-01
19318,Medium,Professional Services,India,2022-01-29
19319,Medium,Media,India,2025-09-25
19320,Large,Retail,Canada,2022-12-23
19321,Small,Healthcare,UK,2024-10-27
19322,Large,Technology,USA,2026-08-03
19323,Medium,Technology,India,2026-09-10
19324,Medium,Finance,USA,2024-04-12
19325,Small,Retail,Australia,2025-09-30
19326,Enterprise,Retail,Germany,2024-01-25
19327,Large,Education,Canada,2023-10-14
19328,Small,Professional Services,India,2023-11-20
19329,Small,Manufacturing,Canada,2021-06-10
19330,Large,Healthcare,India,2024-08-22
19331,Medium,Healthcare,USA,2025-07-05
19332,Large,Media,India,2024-03-07
19333,Medium,Finance,Australia,2024-08-26
19334,Large,Technology,Canada,2024-04-17
19335,Medium,Media,UK,2021-12-03
19336,Small,Retail,Canada,2021-03-04
19337,Medium,Manufacturing,India,2023-03-30
19338,Enterprise,Finance,USA,2024-11-16
19339,Small,Professional Services,Canada,2024-06-25
19340,Medium,Healthcare,Canada,2024-07-11
19341,Medium,Healthcare,Australia,2023-04-29
19342,Medium,Healthcare,USA,2021-12-27
19343,Large,Retail,Australia,2026-07-29
19344,Large,Retail,USA,2026-05-29
19345,Small,Retail,Canada,2026-04-20
19346,Enterprise,Education,USA,2023-08-07
19347,Large,Technology,Singapore,2025-03-10
19348,Large,Professional Services,India,2026-01-25
19349,Medium,Healthcare,Canada,2026-01-11
19350,Large,Healthcare,UK,2021-10-19
19351,Small,Media,India,2022-08-11
19352,Small,Education,India,2023-03-29
19353,Large,Healthcare,Australia,2021-06-30
19354,Small,Professional Services,India,2022-01-09
19355,Small,Healthcare,India,2026-02-03
19356,Large,Retail,Singapore,2022-09-16
19357,Large,Retail,Canada,2026-04-03
19358,Small,Technology,USA,2023-05-13
19359,Large,Professional Services,UK,2022-03-18
19360,Medium,Professional Services,UK,2025-07-21
19361,Medium,Healthcare,Germany,2023-05-21
19362,Large,Finance,Australia,2025-11-07
19363,Medium,Healthcare,Germany,2025-07-15
19364,Small,Healthcare,India,2026-03-12
19365,Small,Technology,Canada,2023-12-26
19366,Medium,Finance,India,2022-04-28
19367,Medium,Media,India,2021-11-05
19368,Large,Healthcare,Canada,2025-01-23
19369,Large,Manufacturing,India,2022-08-16
19370,Medium,Manufacturing,UK,2023-10-16
19371,Large,Professional Services,Germany,2022-02-02
19372,Small,Professional Services,USA,2022-04-14
19373,Small,Finance,India,2022-09-09
19374,Large,Manufacturing,Canada,2021-04-07
19375,Small,Retail,Singapore,2021-07-14
19376,Small,Retail,Canada,2024-09-19
19377,Medium,Finance,UK,2021-03-24
19378,Medium,Media,India,2021-09-08
19379,Large,Healthcare,India,2023-12-30
19380,Small,Professional Services,Canada,2024-08-08
19381,Small,Finance,India,2024-11-09
19382,Small,Manufacturing,Germany,2025-01-21
19383,Medium,Finance,USA,2024-01-04
19384,Medium,Manufacturing,UK,2021-04-10
19385,Medium,Professional Services,Australia,2024-04-13
19386,Large,Retail,Australia,2023-01-03
19387,Enterprise,Finance,Canada,2021-11-19
19388,Small,Professional Services,Singapore,2026-08-20
19389,Medium,Professional Services,Singapore,2025-03-20
19390,Medium,Education,Singapore,2024-06-15
19391,Enterprise,Media,Germany,2023-03-17
19392,Enterprise,Manufacturing,Canada,2023-06-27
19393,Small,Education,Canada,2025-03-14
19394,Large,Retail,India,2026-08-04
19395,Medium,Professional Services,USA,2021-05-10
19396,Small,Professional Services,India,2025-05-03
19397,Small,Healthcare,India,2022-07-18
19398,Medium,Manufacturing,USA,2024-09-15
19399,Medium,Media,India,2021-05-29
19400,Small,Media,Singapore,2024-12-03
19401,Medium,Healthcare,Germany,2025-06-23
19402,Small,Retail,India,2025-11-19
19403,Medium,Healthcare,India,2024-12-28
19404,Small,Professional Services,Germany,2022-09-07
19405,Small,Manufacturing,Germany,2025-12-30
19406,Medium,Technology,Singapore,2021-08-28
19407,Small,Manufacturing,Singapore,2023-07-02
19408,Medium,Manufacturing,Singapore,2024-08-06
19409,Small,Education,USA,2024-03-23
19410,Medium,Technology,USA,2021-06-08
19411,Small,Technology,Australia,2022-07-17
19412,Medium,Technology,USA,2022-04-21
19413,Large,Manufacturing,Germany,2022-07-02
19414,Small,Retail,UK,2023-11-03
19415,Medium,Technology,Australia,2023-01-25
19416,Small,Finance,USA,2023-01-05
19417,Medium,Healthcare,UK,2021-08-10
19418,Small,Retail,UK,2026-04-09
19419,Medium,Finance,Singapore,2022-06-08
19420,Medium,Manufacturing,USA,2025-02-19
19421,Enterprise,Manufacturing,Singapore,2022-11-12
19422,Medium,Finance,Germany,2026-01-03
19423,Medium,Education,Australia,2022-09-10
19424,Medium,Education,Australia,2023-05-11
19425,Enterprise,Finance,UK,2026-09-20
19426,Large,Media,India,2025-11-20
19427,Small,Education,India,2024-07-14
19428,Large,Healthcare,Germany,2022-01-28
19429,Medium,Healthcare,Australia,2024-02-11
19430,Large,Media,India,2024-07-31
19431,Large,Manufacturing,UK,2025-12-19
19432,Small,Education,USA,2021-02-04
19433,Large,Media,India,2024-10-11
19434,Small,Technology,UK,2021-05-30
19435,Small,Media,USA,2022-03-13
19436,Small,Finance,India,2022-03-26
19437,Large,Healthcare,USA,2021-09-24
19438,Small,Media,UK,2025-06-21
19439,Small,Professional Services,India,2021-11-05
19440,Large,Education,USA,2021-09-22
19441,Small,Professional Services,USA,2022-05-07
19442,Small,Education,India,2025-05-26
19443,Small,Media,India,2023-11-07
19444,Medium,Media,India,2024-04-27
19445,Medium,Healthcare,India,2022-06-06
19446,Small,Healthcare,Germany,2024-04-04
19447,Enterprise,Media,USA,2026-03-30
19448,Large,Technology,India,2025-04-24
19449,Small,Education,India,2026-07-28
19450,Small,Media,USA,2024-09-30
19451,Medium,Education,Australia,2026-03-14
19452,Medium,Retail,USA,2021-02-03
19453,Small,Manufacturing,India,2025-02-22
19454,Small,Technology,USA,2021-08-21
19455,Large,Healthcare,UK,2025-06-11
19456,Small,Professional Services,India,2026-08-04
19457,Medium,Healthcare,Canada,2024-05-01
19458,Large,Finance,USA,2022-06-06
19459,Medium,Manufacturing,India,2022-09-29
19460,Small,Healthcare,Canada,2021-12-07
19461,Medium,Education,Canada,2021-02-28
19462,Small,Healthcare,Canada,2026-07-09
19463,Large,Media,USA,2022-08-09
19464,Medium,Education,UK,2025-03-18
19465,Large,Education,USA,2021-08-31
19466,Enterprise,Technology,Canada,2021-08-16
19467,Enterprise,Healthcare,UK,2022-06-02
19468,Enterprise,Technology,India,2024-03-14
19469,Medium,Professional Services,Canada,2021-05-07
19470,Medium,Professional Services,Canada,2021-12-01
19471,Medium,Manufacturing,USA,2023-01-28
19472,Medium,Education,Germany,2024-12-02
19473,Large,Media,Germany,2025-11-03
19474,Small,Media,India,2024-08-01
19475,Enterprise,Professional Services,Singapore,2025-05-13
19476,Large,Manufacturing,USA,2025-02-02
19477,Enterprise,Healthcare,Australia,2026-07-24
19478,Large,Manufacturing,Germany,2021-09-22
19479,Small,Manufacturing,UK,2022-11-13
19480,Small,Healthcare,USA,2021-09-04
19481,Small,Technology,Singapore,2022-02-28
19482,Small,Technology,India,2023-12-19
19483,Medium,Education,USA,2026-01-10
19484,Large,Media,USA,2023-04-13
19485,Large,Education,Germany,2025-01-21
19486,Medium,Healthcare,Singapore,2021-01-11
19487,Small,Healthcare,India,2026-06-30
19488,Small,Retail,Germany,2023-10-26
19489,Small,Retail,USA,2025-10-07
19490,Medium,Finance,Singapore,2023-08-03
19491,Medium,Media,UK,2022-03-11
19492,Small,Professional Services,India,2025-10-26
19493,Small,Education,India,2023-12-04
19494,Small,Manufacturing,India,2021-09-25
19495,Medium,Professional Services,India,2022-01-17
19496,Medium,Finance,Australia,2025-12-27
19497,Medium,Professional Services,India,2022-05-30
19498,Medium,Media,Singapore,2025-10-10
19499,Enterprise,Media,Canada,2023-07-19
19500,Small,Media,Canada,2025-06-26
19501,Medium,Finance,India,2024-12-19
19502,Large,Technology,Germany,2021-07-18
19503,Medium,Manufacturing,Canada,2026-08-18
19504,Enterprise,Media,Germany,2026-04-11
19505,Medium,Technology,Singapore,2025-11-16
19506,Medium,Media,India,2023-03-16
19507,Small,Retail,India,2026-05-29
19508,Medium,Finance,Germany,2021-11-23
19509,Small,Professional Services,Germany,2025-09-10
19510,Small,Retail,UK,2025-06-06
19511,Medium,Manufacturing,USA,2025-07-06
19512,Medium,Media,Canada,2025-04-19
19513,Small,Manufacturing,USA,2023-11-17
19514,Medium,Education,India,2023-07-19
19515,Medium,Media,USA,2022-06-14
19516,Small,Healthcare,India,2024-06-10
19517,Medium,Technology,USA,2024-11-20
19518,Large,Education,Singapore,2026-06-29
19519,Medium,Professional Services,Germany,2024-08-23
19520,Medium,Education,Singapore,2022-02-28
19521,Small,Professional Services,Germany,2021-05-30
19522,Medium,Technology,USA,2025-02-22
19523,Enterprise,Technology,Germany,2023-12-07
19524,Medium,Manufacturing,Singapore,2021-05-19
19525,Small,Manufacturing,Singapore,2026-02-14
19526,Medium,Finance,Canada,2026-08-24
19527,Large,Retail,India,2026-06-19
19528,Small,Manufacturing,India,2025-11-07
19529,Enterprise,Education,India,2026-03-29
19530,Enterprise,Finance,Singapore,2025-03-23
19531,Small,Professional Services,USA,2025-04-24
19532,Enterprise,Finance,Germany,2021-07-04
19533,Medium,Education,USA,2024-02-13
19534,Large,Manufacturing,Canada,2025-05-20
19535,Medium,Media,India,2023-01-13
19536,Medium,Professional Services,India,2021-03-27
19537,Medium,Education,USA,2021-05-18
19538,Large,Healthcare,Canada,2021-03-18
19539,Small,Manufacturing,India,2026-06-15
19540,Medium,Retail,Australia,2024-03-06
19541,Small,Professional Services,USA,2023-02-15
19542,Small,Education,Germany,2023-10-14
19543,Small,Manufacturing,India,2021-04-07
19544,Medium,Technology,Canada,2023-09-22
19545,Small,Healthcare,USA,2025-04-04
19546,Small,Professional Services,Australia,2023-10-30
19547,Small,Professional Services,USA,2021-03-24
19548,Small,Retail,Canada,2026-09-26
19549,Medium,Manufacturing,Singapore,2025-03-16
19550,Enterprise,Technology,India,2022-03-06
19551,Small,Manufacturing,India,2024-01-19
19552,Enterprise,Technology,Australia,2022-05-28
19553,Large,Retail,Canada,2026-04-07
19554,Medium,Healthcare,USA,2025-08-25
19555,Medium,Professional Services,USA,2025-08-16
19556,Large,Technology,India,2026-03-30
19557,Small,Finance,India,2022-10-20
19558,Medium,Retail,USA,2022-10-09
19559,Medium,Retail,Germany,2023-03-09
19560,Medium,Education,USA,2021-03-18
19561,Large,Healthcare,UK,2025-12-10
19562,Small,Finance,Germany,2023-01-12
19563,Medium,Finance,USA,2024-05-10
19564,Medium,Education,Canada,2025-01-10
19565,Medium,Technology,Germany,2021-04-17
19566,Small,Technology,India,2023-08-23
19567,Medium,Media,USA,2024-08-08
19568,Large,Media,Singapore,2026-01-01
19569,Medium,Finance,Singapore,2022-11-17
19570,Large,Healthcare,India,2023-07-30
19571,Medium,Technology,India,2021-11-08
19572,Small,Retail,USA,2022-09-25
19573,Small,Manufacturing,USA,2022-10-30
19574,Small,Education,USA,2022-08-22
19575,Medium,Healthcare,UK,2024-12-20
19576,Small,Technology,Germany,2022-02-19
19577,Large,Manufacturing,USA,2025-03-23
19578,Large,Finance,Germany,2023-02-11
19579,Small,Education,India,2022-01-19
19580,Small,Technology,India,2025-12-01
19581,Small,Finance,UK,2022-05-02
19582,Medium,Technology,India,2025-11-15
19583,Small,Education,USA,2021-01-30
19584,Small,Retail,Germany,2021-05-10
19585,Enterprise,Professional Services,India,2023-12-30
19586,Large,Retail,Canada,2021-04-29
19587,Small,Professional Services,USA,2021-07-27
19588,Medium,Manufacturing,India,2021-04-01
19589,Medium,Finance,UK,2021-04-30
19590,Large,Professional Services,Germany,2023-09-09
19591,Medium,Retail,USA,2021-07-26
19592,Small,Education,UK,2022-02-10
19593,Large,Finance,Singapore,2021-04-22
19594,Medium,Technology,Australia,2022-09-06
19595,Small,Professional Services,India,2023-08-03
19596,Medium,Media,Australia,2024-11-10
19597,Medium,Professional Services,UK,2022-12-07
19598,Small,Healthcare,Australia,2025-11-12
19599,Small,Professional Services,USA,2021-04-14
19600,Medium,Professional Services,India,2023-02-01
19601,Small,Technology,UK,2023-08-02
19602,Large,Education,USA,2023-04-28
19603,Small,Manufacturing,UK,2021-06-18
19604,Small,Finance,Germany,2023-09-12
19605,Medium,Technology,Germany,2024-01-13
19606,Large,Finance,USA,2021-04-17
19607,Large,Media,USA,2023-06-04
19608,Medium,Retail,UK,2026-09-10
19609,Small,Healthcare,UK,2021-09-04
19610,Large,Media,Singapore,2025-04-03
19611,Medium,Education,Canada,2026-06-26
19612,Small,Technology,USA,2026-09-03
19613,Enterprise,Healthcare,UK,2022-05-13
19614,Small,Professional Services,Canada,2023-05-04
19615,Enterprise,Education,Canada,2021-10-31
19616,Large,Media,UK,2024-11-22
19617,Medium,Education,India,2021-11-12
19618,Enterprise,Manufacturing,India,2026-02-28
19619,Large,Media,USA,2021-10-05
19620,Small,Media,USA,2022-06-26
19621,Medium,Retail,India,2023-02-28
19622,Small,Manufacturing,Germany,2021-12-22
19623,Medium,Manufacturing,USA,2025-03-28
19624,Large,Finance,Singapore,2024-05-11
19625,Medium,Finance,India,2021-09-07
19626,Small,Professional Services,India,2021-04-13
19627,Medium,Healthcare,USA,2025-01-31
19628,Large,Retail,India,2026-09-14
19629,Small,Media,Singapore,2022-06-16
19630,Medium,Education,India,2022-07-13
19631,Small,Professional Services,USA,2025-06-08
19632,Medium,Retail,Singapore,2024-07-15
19633,Small,Retail,USA,2023-02-24
19634,Medium,Media,India,2021-01-18
19635,Small,Media,USA,2024-02-02
19636,Small,Healthcare,USA,2021-06-01
19637,Enterprise,Finance,India,2025-08-28
19638,Small,Media,USA,2023-05-23
19639,Medium,Retail,Germany,2024-12-08
19640,Small,Retail,Germany,2024-01-13
19641,Medium,Retail,India,2024-08-24
19642,Medium,Technology,India,2024-03-20
19643,Small,Retail,USA,2022-07-03
19644,Small,Retail,UK,2025-08-15
19645,Medium,Media,USA,2026-03-07
19646,Medium,Education,Germany,2022-01-11
19647,Large,Manufacturing,Canada,2021-07-27
19648,Medium,Technology,India,2025-05-05
19649,Medium,Retail,Canada,2022-04-05
19650,Small,Manufacturing,India,2021-05-02
19651,Small,Retail,USA,2026-07-23
19652,Small,Healthcare,India,2024-02-18
19653,Small,Media,India,2021-09-08
19654,Small,Media,UK,2026-02-06
19655,Medium,Healthcare,UK,2024-08-15
19656,Medium,Manufacturing,India,2026-09-26
19657,Enterprise,Media,Singapore,2023-06-15
19658,Small,Technology,USA,2025-10-14
19659,Medium,Education,India,2022-12-25
19660,Large,Technology,India,2025-12-29
19661,Medium,Technology,UK,2021-08-06
19662,Small,Healthcare,Singapore,2026-07-13
19663,Small,Healthcare,UK,2026-01-31
19664,Small,Education,Singapore,2024-08-30
19665,Small,Professional Services,USA,2025-09-13
19666,Large,Professional Services,USA,2022-08-27
19667,Small,Professional Services,UK,2021-10-17
19668,Small,Retail,Canada,2022-08-25
19669,Large,Education,USA,2025-05-21
19670,Large,Retail,Germany,2022-09-02
19671,Medium,Manufacturing,India,2022-06-20
19672,Medium,Manufacturing,USA,2023-01-27
19673,Medium,Finance,UK,2021-12-20
19674,Small,Professional Services,UK,2023-01-05
19675,Medium,Healthcare,USA,2021-08-23
19676,Medium,Finance,USA,2021-11-02
19677,Enterprise,Finance,USA,2024-02-08
19678,Small,Healthcare,Canada,2023-11-03
19679,Medium,Media,Australia,2021-02-22
19680,Small,Finance,Australia,2024-04-24
19681,Medium,Media,USA,2021-10-03
19682,Small,Professional Services,Singapore,2026-08-20
19683,Small,Technology,Germany,2021-05-27
19684,Large,Media,USA,2026-02-12
19685,Medium,Retail,India,2022-09-22
19686,Medium,Professional Services,USA,2026-05-08
19687,Small,Media,USA,2023-05-02
19688,Small,Education,Germany,2022-03-04
19689,Medium,Healthcare,Australia,2022-05-03
19690,Large,Technology,Germany,2025-04-03
19691,Enterprise,Manufacturing,USA,2024-11-01
19692,Medium,Education,UK,2025-10-28
19693,Medium,Education,USA,2022-08-07
19694,Large,Media,India,2022-09-08
19695,Medium,Education,Canada,2021-08-03
19696,Medium,Finance,India,2022-05-25
19697,Small,Finance,Canada,2022-05-26
19698,Large,Finance,Canada,2021-01-26
19699,Medium,Professional Services,Germany,2026-06-09
19700,Large,Media,India,2024-05-13
19701,Large,Finance,Australia,2025-12-01
19702,Small,Technology,Singapore,2026-09-30
19703,Large,Finance,Germany,2021-12-09
19704,Large,Media,Australia,2024-11-24
19705,Small,Healthcare,Canada,2021-10-27
19706,Small,Education,USA,2021-05-26
19707,Small,Technology,Australia,2022-04-07
19708,Medium,Media,Australia,2026-05-18
19709,Medium,Manufacturing,Canada,2023-07-05
19710,Medium,Finance,Australia,2023-04-04
19711,Small,Manufacturing,USA,2026-03-27
19712,Large,Education,India,2024-09-01
19713,Small,Technology,UK,2022-05-13
19714,Small,Education,USA,2023-03-02
19715,Medium,Manufacturing,USA,2021-04-15
19716,Medium,Professional Services,India,2021-01-10
19717,Small,Technology,USA,2021-11-23
19718,Small,Retail,Germany,2023-06-02
19719,Small,Professional Services,UK,2025-07-30
19720,Large,Technology,India,2023-06-26
19721,Large,Finance,USA,2023-01-08
19722,Medium,Media,USA,2024-02-14
19723,Large,Manufacturing,USA,2023-07-13
19724,Large,Education,USA,2021-06-20
19725,Small,Media,Singapore,2025-02-22
19726,Enterprise,Education,India,2022-01-22
19727,Large,Education,Canada,2023-10-09
19728,Small,Healthcare,Germany,2025-06-13
19729,Small,Healthcare,Singapore,2024-02-28
19730,Small,Finance,India,2026-09-02
19731,Small,Retail,UK,2022-05-20
19732,Large,Media,India,2023-07-10
19733,Medium,Healthcare,USA,2026-06-19
19734,Large,Technology,India,2025-04-05
19735,Large,Professional Services,Germany,2024-12-14
19736,Medium,Manufacturing,India,2022-02-16
19737,Medium,Finance,UK,2025-11-11
19738,Small,Professional Services,UK,2021-01-29
19739,Small,Retail,Singapore,2023-04-06
19740,Medium,Professional Services,Canada,2026-03-25
19741,Small,Media,USA,2023-12-20
19742,Small,Technology,India,2021-05-19
19743,Large,Education,India,2021-12-23
19744,Medium,Healthcare,Australia,2024-03-08
19745,Small,Technology,Canada,2025-02-25
19746,Medium,Retail,UK,2024-09-21
19747,Large,Finance,India,2025-06-23
19748,Small,Professional Services,Australia,2021-10-10
19749,Small,Technology,Canada,2024-02-14
19750,Enterprise,Media,Singapore,2025-12-03
19751,Small,Finance,UK,2021-02-10
19752,Small,Education,USA,2024-04-05
19753,Medium,Retail,USA,2024-05-29
19754,Large,Retail,India,2021-11-09
19755,Small,Professional Services,Australia,2026-04-15
19756,Small,Healthcare,Canada,2024-02-29
19757,Small,Manufacturing,India,2021-02-17
19758,Enterprise,Retail,India,2021-05-14
19759,Small,Media,India,2025-04-29
19760,Medium,Technology,Singapore,2023-12-08
19761,Enterprise,Media,India,2026-03-04
19762,Small,Technology,USA,2023-07-15
19763,Enterprise,Technology,USA,2021-08-28
19764,Enterprise,Education,USA,2021-02-13
19765,Large,Retail,Canada,2024-04-06
19766,Small,Retail,Germany,2025-12-16
19767,Medium,Technology,India,2024-04-29
19768,Large,Professional Services,Canada,2022-10-26
19769,Enterprise,Media,USA,2025-05-05
19770,Small,Healthcare,Singapore,2026-01-23
19771,Large,Professional Services,USA,2023-01-24
19772,Small,Healthcare,India,2021-04-15
19773,Small,Retail,UK,2023-07-16
19774,Medium,Professional Services,India,2026-03-14
19775,Large,Media,India,2024-10-04
19776,Medium,Retail,Canada,2023-08-12
19777,Medium,Finance,Australia,2025-08-01
19778,Enterprise,Retail,USA,2024-09-04
19779,Medium,Professional Services,Canada,2021-08-28
19780,Medium,Media,UK,2021-06-01
19781,Medium,Technology,Canada,2021-05-10
19782,Medium,Manufacturing,UK,2025-01-03
19783,Medium,Education,Canada,2024-05-20
19784,Enterprise,Media,India,2022-02-04
19785,Medium,Retail,USA,2025-10-07
19786,Large,Retail,USA,2026-04-22
19787,Small,Technology,USA,2022-06-25
19788,Small,Media,Australia,2021-07-01
19789,Medium,Finance,USA,2023-12-11
19790,Small,Manufacturing,India,2025-11-06
19791,Small,Media,USA,2023-12-18
19792,Medium,Retail,India,2022-02-23
19793,Small,Healthcare,Australia,2024-03-06
19794,Small,Healthcare,USA,2022-10-02
19795,Medium,Healthcare,Canada,2026-09-16
19796,Medium,Education,USA,2022-05-09
19797,Enterprise,Education,Germany,2021-12-25
19798,Medium,Media,Singapore,2025-12-09
19799,Medium,Manufacturing,Canada,2024-01-14
19800,Enterprise,Retail,Germany,2022-06-23
19801,Large,Retail,UK,2021-12-10
19802,Small,Retail,Singapore,2025-09-10
19803,Small,Education,Germany,2023-05-16
19804,Medium,Manufacturing,Singapore,2026-08-30
19805,Medium,Retail,Canada,2026-04-17
19806,Large,Technology,Australia,2023-02-15
19807,Large,Finance,UK,2023-09-24
19808,Medium,Professional Services,USA,2022-07-30
19809,Enterprise,Media,USA,2023-11-02
19810,Medium,Media,Germany,2021-12-27
19811,Small,Healthcare,India,2021-10-23
19812,Large,Healthcare,UK,2024-11-27
19813,Small,Media,USA,2024-10-30
19814,Large,Technology,USA,2025-11-06
19815,Enterprise,Retail,Germany,2022-11-24
19816,Medium,Manufacturing,Germany,2022-05-15
19817,Medium,Manufacturing,UK,2023-12-04
19818,Medium,Education,USA,2024-02-07
19819,Medium,Retail,USA,2024-01-27
19820,Medium,Manufacturing,USA,2025-10-29
19821,Medium,Retail,USA,2024-05-26
19822,Large,Healthcare,India,2023-08-05
19823,Medium,Professional Services,UK,2025-06-04
19824,Small,Professional Services,USA,2022-07-18
19825,Medium,Professional Services,Canada,2021-03-04
19826,Large,Healthcare,USA,2025-06-08
19827,Medium,Education,USA,2026-05-28
19828,Medium,Professional Services,India,2022-01-29
19829,Large,Healthcare,Singapore,2025-03-07
19830,Medium,Retail,UK,2025-02-10
19831,Medium,Professional Services,India,2022-06-04
19832,Large,Technology,UK,2022-01-24
19833,Small,Education,Germany,2022-08-11
19834,Enterprise,Technology,Australia,2025-06-02
19835,Small,Media,Canada,2022-09-28
19836,Small,Retail,India,2021-10-07
19837,Large,Education,Canada,2026-06-08
19838,Small,Technology,Australia,2021-07-05
19839,Large,Education,UK,2023-03-16
19840,Large,Retail,Germany,2021-03-16
19841,Large,Media,USA,2022-12-11
19842,Enterprise,Manufacturing,India,2024-04-06
19843,Small,Professional Services,Germany,2022-06-19
19844,Large,Media,Canada,2024-12-01
19845,Small,Education,India,2026-07-15
19846,Medium,Professional Services,USA,2024-06-07
19847,Large,Media,Germany,2023-06-15
19848,Medium,Professional Services,India,2023-08-30
19849,Medium,Manufacturing,India,2022-10-09
19850,Medium,Retail,USA,2026-08-01
19851,Medium,Education,Singapore,2021-02-07
19852,Enterprise,Education,Singapore,2024-06-09
19853,Small,Manufacturing,UK,2021-04-13
19854,Medium,Healthcare,UK,2021-05-25
19855,Large,Manufacturing,USA,2023-01-25
19856,Medium,Manufacturing,India,2022-01-01
19857,Small,Manufacturing,Germany,2026-01-05
19858,Medium,Retail,India,2025-09-24
19859,Small,Media,USA,2021-03-24
19860,Small,Finance,Canada,2024-08-04
19861,Large,Manufacturing,India,2026-03-10
19862,Medium,Education,UK,2025-02-21
19863,Enterprise,Technology,UK,2025-07-15
19864,Large,Healthcare,Australia,2025-06-04
19865,Medium,Manufacturing,India,2021-05-31
19866,Small,Manufacturing,USA,2022-12-31
19867,Medium,Healthcare,UK,2026-08-25
19868,Small,Manufacturing,Singapore,2021-04-11
19869,Enterprise,Education,India,2023-02-19
19870,Small,Finance,Singapore,2023-11-25
19871,Small,Manufacturing,Canada,2022-09-29
19872,Medium,Healthcare,Germany,2025-10-26
19873,Small,Manufacturing,India,2025-08-24
19874,Small,Retail,USA,2022-06-09
19875,Medium,Education,India,2021-06-14
19876,Small,Education,USA,2022-03-04
19877,Small,Finance,Singapore,2024-07-05
19878,Medium,Media,India,2023-07-23
19879,Large,Retail,UK,2022-07-14
19880,Medium,Retail,India,2023-04-29
19881,Medium,Finance,Canada,2024-09-07
19882,Medium,Professional Services,India,2026-05-23
19883,Medium,Professional Services,India,2024-10-17
19884,Enterprise,Media,USA,2026-05-09
19885,Small,Technology,Australia,2022-08-13
19886,Medium,Media,India,2022-05-14
19887,Large,Professional Services,India,2025-03-10
19888,Large,Media,India,2025-06-27
19889,Small,Manufacturing,Singapore,2024-02-07
19890,Small,Retail,UK,2026-02-04
19891,Large,Media,Canada,2022-01-23
19892,Small,Technology,Canada,2022-02-20
19893,Large,Technology,India,2023-06-20
19894,Large,Education,UK,2025-05-11
19895,Large,Manufacturing,India,2021-11-08
19896,Small,Education,USA,2026-07-29
19897,Large,Healthcare,UK,2025-05-27
19898,Medium,Professional Services,UK,2025-09-12
19899,Large,Education,India,2021-07-22
19900,Small,Retail,India,2021-04-20
19901,Small,Retail,Australia,2021-03-23
19902,Medium,Manufacturing,Australia,2025-06-08
19903,Small,Technology,India,2023-02-08
19904,Medium,Retail,India,2021-05-19
19905,Enterprise,Professional Services,Germany,2021-08-09
19906,Medium,Education,Australia,2023-05-11
19907,Large,Professional Services,Singapore,2023-08-17
19908,Small,Media,USA,2024-12-16
19909,Small,Education,USA,2025-05-29
19910,Small,Manufacturing,India,2024-09-09
19911,Small,Media,Canada,2024-07-07
19912,Enterprise,Professional Services,India,2021-07-18
19913,Small,Education,India,2026-03-04
19914,Medium,Professional Services,India,2024-03-06
19915,Medium,Finance,Canada,2024-10-01
19916,Enterprise,Manufacturing,USA,2026-07-28
19917,Small,Manufacturing,UK,2022-05-04
19918,Small,Retail,Germany,2026-02-21
19919,Small,Manufacturing,Australia,2026-05-07
19920,Medium,Healthcare,USA,2022-03-18
19921,Small,Retail,Singapore,2023-05-15
19922,Large,Retail,USA,2026-01-14
19923,Medium,Media,India,2022-10-18
19924,Medium,Media,Singapore,2026-03-06
19925,Medium,Professional Services,India,2024-10-11
19926,Small,Finance,UK,2021-08-24
19927,Medium,Retail,USA,2023-09-16
19928,Enterprise,Media,UK,2024-10-14
19929,Large,Technology,UK,2023-03-26
19930,Large,Education,India,2024-07-18
19931,Large,Education,UK,2025-08-17
19932,Small,Manufacturing,Australia,2025-03-14
19933,Small,Professional Services,USA,2025-07-24
19934,Small,Finance,USA,2025-12-29
19935,Small,Education,USA,2025-02-03
19936,Small,Technology,Germany,2025-09-29
19937,Medium,Finance,Australia,2024-08-27
19938,Medium,Healthcare,Germany,2024-05-25
19939,Large,Education,India,2022-09-03
19940,Large,Retail,India,2024-08-28
19941,Enterprise,Technology,India,2021-08-18
19942,Small,Professional Services,India,2021-12-06
19943,Small,Professional Services,UK,2021-03-12
19944,Medium,Technology,Singapore,2025-10-16
19945,Small,Education,USA,2023-04-30
19946,Small,Media,Singapore,2023-12-13
19947,Small,Media,India,2025-06-09
19948,Small,Manufacturing,Singapore,2021-12-08
19949,Medium,Healthcare,India,2023-07-24
19950,Medium,Retail,Singapore,2022-08-11
19951,Medium,Healthcare,India,2026-07-03
19952,Medium,Healthcare,Singapore,2024-01-08
19953,Medium,Education,India,2021-04-17
19954,Small,Retail,USA,2026-05-27
19955,Small,Education,USA,2021-08-18
19956,Small,Education,USA,2026-08-30
19957,Large,Manufacturing,Canada,2024-09-08
19958,Large,Technology,Singapore,2022-10-14
19959,Medium,Professional Services,UK,2024-08-26
19960,Small,Manufacturing,Australia,2022-04-17
19961,Medium,Professional Services,India,2021-03-15
19962,Medium,Manufacturing,Canada,2022-10-16
19963,Medium,Education,USA,2024-12-30
19964,Medium,Manufacturing,Germany,2022-04-07
19965,Medium,Professional Services,USA,2024-03-19
19966,Medium,Manufacturing,Canada,2025-07-26
19967,Large,Finance,India,2026-03-23
19968,Small,Retail,USA,2026-01-30
19969,Large,Technology,USA,2022-10-02
19970,Small,Professional Services,USA,2021-10-01
19971,Small,Retail,USA,2022-04-27
19972,Enterprise,Technology,India,2021-03-23
19973,Enterprise,Media,Germany,2021-01-31
19974,Small,Finance,India,2024-01-13
19975,Medium,Education,Germany,2023-09-23
19976,Small,Media,India,2026-09-21
19977,Medium,Professional Services,India,2021-09-08
19978,Large,Media,UK,2025-06-09
19979,Enterprise,Technology,UK,2023-09-23
19980,Medium,Technology,USA,2025-09-15
19981,Medium,Technology,UK,2021-09-23
19982,Medium,Finance,USA,2021-01-22
19983,Small,Media,Canada,2024-12-01
19984,Enterprise,Retail,UK,2025-02-19
19985,Large,Finance,USA,2022-11-11
19986,Medium,Technology,Germany,2026-04-17
19987,Small,Manufacturing,Australia,2021-08-28
19988,Small,Technology,USA,2021-02-20
19989,Small,Manufacturing,Germany,2022-04-21
19990,Large,Education,Singapore,2026-06-28
19991,Medium,Finance,UK,2025-06-14
19992,Small,Manufacturing,India,2023-06-13
19993,Medium,Finance,Singapore,2021-06-06
19994,Large,Healthcare,India,2023-10-21
19995,Small,Retail,India,2022-10-28
19996,Large,Healthcare,USA,2026-07-13
19997,Large,Manufacturing,Australia,2024-02-16
19998,Enterprise,Healthcare,Singapore,2025-08-14
19999,Medium,Media,Canada,2021-03-16
20000,Small,Professional Services,Singapore,2023-08-10
