subscription_id,customer_id,plan,contract_type,monthly_recurring_revenue,discount_percentage,contract_start_date,contract_end_date
50001,10001,Starter,Monthly,127.44,17.7,2025-04-11,2025-05-11
50002,10002,Starter,Quarterly,110.92,13.7,2023-01-05,2023-04-05
50003,10003,Starter,Annual,125.23,5.6,2024-09-24,2025-09-19
50004,10004,Professional,Quarterly,337.54,6.8,2025-04-29,2025-07-28
50005,10005,Professional,Monthly,300.39,16.1,2025-06-08,2025-07-08
50006,10006,Enterprise,Annual,2573.5,10.2,2026-08-05,2027-07-31
50007,10007,Professional,Annual,394.82,21.0,2021-08-08,2022-08-03
50008,10008,Business,Quarterly,997.41,21.1,2024-05-12,2024-08-10
50009,10009,Professional,Monthly,381.14,12.5,2025-09-25,2025-10-25
50010,10010,Starter,Monthly,120.89,4.4,2021-07-21,2021-08-20
50011,10011,Starter,Monthly,122.71,8.8,2026-03-05,2026-04-04
50012,10012,Business,Annual,783.37,16.7,2026-09-11,2027-09-06
50013,10013,Starter,Annual,118.22,1.9,2025-09-10,2026-09-05
50014,10014,Starter,Annual,108.88,17.2,2023-01-23,2024-01-18
50015,10015,Starter,Quarterly,121.89,4.4,2023-10-14,2024-01-12
50016,10016,Starter,Annual,129.13,5.9,2021-04-25,2022-04-20
50017,10017,Starter,Annual,112.78,4.8,2024-05-30,2025-05-25
50018,10018,Professional,Annual,413.11,1.5,2022-04-14,2023-04-09
50019,10019,Starter,Annual,129.17,20.1,2022-03-02,2023-02-25
50020,10020,Professional,Annual,324.44,12.4,2025-04-25,2026-04-20
50021,10021,Business,Monthly,772.18,4.2,2026-02-09,2026-03-11
50022,10022,Business,Annual,773.07,6.3,2023-04-14,2024-04-08
50023,10023,Professional,Monthly,416.8,20.1,2026-07-22,2026-08-21
50024,10024,Professional,Quarterly,326.49,8.3,2021-01-11,2021-04-11
50025,10025,Starter,Annual,109.07,15.3,2024-11-09,2025-11-04
50026,10026,Business,Monthly,771.29,8.6,2026-09-21,2026-10-21
50027,10027,Professional,Monthly,339.68,15.7,2025-09-22,2025-10-22
50028,10028,Professional,Annual,372.88,4.4,2023-08-31,2024-08-25
50029,10029,Business,Annual,746.03,3.2,2022-08-27,2023-08-22
50030,10030,Professional,Annual,317.03,9.4,2021-08-01,2022-07-27
50031,10031,Professional,Annual,417.12,15.0,2022-06-24,2023-06-19
50032,10032,Professional,Annual,373.18,6.9,2022-12-07,2023-12-02
50033,10033,Professional,Annual,314.61,8.6,2025-10-25,2026-10-20
50034,10034,Business,Monthly,886.15,11.2,2025-08-12,2025-09-11
50035,10035,Professional,Monthly,327.01,6.2,2024-03-04,2024-04-03
50036,10036,Starter,Monthly,142.89,5.2,2022-05-13,2022-06-12
50037,10037,Professional,Monthly,345.13,11.3,2023-02-21,2023-03-23
50038,10038,Enterprise,Annual,1979.63,19.2,2026-03-25,2027-03-20
50039,10039,Starter,Quarterly,127.74,5.0,2021-05-06,2021-08-04
50040,10040,Business,Annual,763.35,8.1,2025-03-07,2026-03-02
50041,10041,Professional,Quarterly,360.96,13.2,2023-04-21,2023-07-20
50042,10042,Professional,Quarterly,401.9,11.5,2023-09-10,2023-12-09
50043,10043,Business,Monthly,825.35,19.8,2024-09-03,2024-10-03
50044,10044,Business,Annual,864.55,9.9,2021-01-12,2022-01-07
50045,10045,Business,Quarterly,754.73,0.5,2025-02-09,2025-05-10
50046,10046,Starter,Monthly,129.15,1.8,2024-08-10,2024-09-09
50047,10047,Starter,Annual,106.71,19.0,2025-01-03,2025-12-29
50048,10048,Professional,Monthly,337.55,1.5,2026-01-05,2026-02-04
50049,10049,Business,Monthly,972.75,9.0,2022-05-31,2022-06-30
50050,10050,Business,Quarterly,767.1,2.4,2025-08-31,2025-11-29
50051,10051,Starter,Monthly,137.29,10.2,2024-02-22,2024-03-23
50052,10052,Starter,Annual,128.48,11.9,2025-03-29,2026-03-24
50053,10053,Business,Quarterly,764.46,12.3,2026-09-18,2026-12-17
50054,10054,Professional,Annual,318.14,9.2,2023-09-06,2024-08-31
50055,10055,Professional,Monthly,378.74,0.4,2026-06-30,2026-07-30
50056,10056,Business,Annual,939.43,6.1,2026-01-21,2027-01-16
50057,10057,Starter,Quarterly,129.54,5.7,2021-08-12,2021-11-10
50058,10058,Starter,Monthly,131.99,17.0,2021-10-07,2021-11-06
50059,10059,Business,Monthly,830.07,5.9,2024-04-08,2024-05-08
50060,10060,Starter,Monthly,102.06,0.0,2025-12-25,2026-01-24
50061,10061,Starter,Annual,124.21,16.0,2025-10-24,2026-10-19
50062,10062,Starter,Monthly,126.97,13.4,2026-08-08,2026-09-07
50063,10063,Professional,Quarterly,381.74,5.6,2021-09-05,2021-12-04
50064,10064,Starter,Quarterly,111.72,1.2,2024-10-16,2025-01-14
50065,10065,Business,Annual,773.14,6.8,2024-10-04,2025-09-29
50066,10066,Enterprise,Annual,2509.34,10.0,2021-02-14,2022-02-09
50067,10067,Starter,Annual,137.33,14.2,2026-09-17,2027-09-12
50068,10068,Business,Monthly,1016.31,22.4,2022-02-20,2022-03-22
50069,10069,Starter,Quarterly,116.27,12.2,2024-06-29,2024-09-27
50070,10070,Starter,Monthly,104.48,14.7,2023-12-21,2024-01-20
50071,10071,Professional,Annual,355.8,0.0,2024-02-17,2025-02-11
50072,10072,Enterprise,Annual,2239.4,2.3,2021-03-28,2022-03-23
50073,10073,Enterprise,Monthly,1898.13,17.7,2021-08-16,2021-09-15
50074,10074,Starter,Quarterly,126.15,0.8,2026-01-13,2026-04-13
50075,10075,Starter,Monthly,112.95,4.7,2022-09-15,2022-10-15
50076,10076,Enterprise,Annual,1961.73,12.7,2025-05-26,2026-05-21
50077,10077,Starter,Annual,127.41,12.6,2022-04-30,2023-04-25
50078,10078,Business,Monthly,806.5,3.6,2021-01-25,2021-02-24
50079,10079,Starter,Annual,125.59,20.9,2025-12-20,2026-12-15
50080,10080,Professional,Annual,299.36,2.1,2024-05-10,2025-05-05
50081,10081,Professional,Monthly,342.36,12.1,2024-06-02,2024-07-02
50082,10082,Professional,Monthly,403.51,22.3,2023-02-18,2023-03-20
50083,10083,Business,Monthly,915.91,12.4,2023-07-20,2023-08-19
50084,10084,Starter,Monthly,138.44,0.0,2025-05-22,2025-06-21
50085,10085,Professional,Monthly,388.21,16.6,2025-05-02,2025-06-01
50086,10086,Professional,Quarterly,385.67,8.7,2023-01-23,2023-04-23
50087,10087,Starter,Monthly,138.54,14.9,2025-09-10,2025-10-10
50088,10088,Starter,Monthly,102.82,19.9,2024-01-06,2024-02-05
50089,10089,Starter,Quarterly,119.64,0.0,2022-03-02,2022-05-31
50090,10090,Starter,Monthly,142.34,13.1,2022-10-22,2022-11-21
50091,10091,Enterprise,Monthly,2006.41,18.6,2025-02-26,2025-03-28
50092,10092,Professional,Monthly,377.58,12.5,2022-07-01,2022-07-31
50093,10093,Professional,Monthly,394.3,20.6,2024-01-06,2024-02-05
50094,10094,Business,Quarterly,1000.25,11.5,2025-02-05,2025-05-06
50095,10095,Business,Monthly,981.86,21.8,2025-01-02,2025-02-01
50096,10096,Professional,Annual,380.38,0.0,2025-10-02,2026-09-27
50097,10097,Professional,Monthly,384.62,16.3,2025-11-07,2025-12-07
50098,10098,Professional,Quarterly,339.52,0.0,2024-09-05,2024-12-04
50099,10099,Starter,Annual,111.41,12.4,2024-10-26,2025-10-21
50100,10100,Business,Monthly,1007.69,1.9,2024-05-24,2024-06-23
50101,10101,Business,Quarterly,1012.73,15.7,2021-02-18,2021-05-19
50102,10102,Professional,Quarterly,349.51,7.2,2025-12-26,2026-03-26
50103,10103,Professional,Monthly,347.83,10.7,2025-10-13,2025-11-12
50104,10104,Professional,Quarterly,352.84,5.6,2022-05-11,2022-08-09
50105,10105,Professional,Monthly,354.02,22.7,2022-09-26,2022-10-26
50106,10106,Starter,Annual,137.37,8.6,2022-08-25,2023-08-20
50107,10107,Starter,Monthly,120.09,4.0,2021-06-25,2021-07-25
50108,10108,Business,Annual,985.0,0.0,2022-10-01,2023-09-26
50109,10109,Professional,Annual,382.66,3.7,2021-10-24,2022-10-19
50110,10110,Starter,Annual,142.55,2.8,2024-07-07,2025-07-02
50111,10111,Professional,Monthly,380.13,10.0,2026-02-18,2026-03-20
50112,10112,Professional,Monthly,347.99,8.1,2022-04-20,2022-05-20
50113,10113,Business,Annual,995.6,0.0,2025-07-05,2026-06-30
50114,10114,Business,Quarterly,790.86,7.2,2026-05-13,2026-08-11
50115,10115,Professional,Monthly,415.71,0.0,2023-11-27,2023-12-27
50116,10116,Enterprise,Monthly,1903.44,15.9,2025-11-24,2025-12-24
50117,10117,Business,Monthly,913.18,8.6,2021-01-25,2021-02-24
50118,10118,Business,Quarterly,727.93,0.7,2021-12-15,2022-03-15
50119,10119,Professional,Monthly,322.49,8.3,2022-09-29,2022-10-29
50120,10120,Professional,Monthly,354.34,16.9,2021-08-15,2021-09-14
50121,10121,Professional,Monthly,316.89,8.2,2024-10-03,2024-11-02
50122,10122,Professional,Annual,418.63,10.5,2021-02-07,2022-02-02
50123,10123,Business,Quarterly,952.47,16.0,2024-11-07,2025-02-05
50124,10124,Starter,Monthly,137.74,5.9,2024-04-19,2024-05-19
50125,10125,Business,Monthly,1013.77,3.7,2021-12-14,2022-01-13
50126,10126,Professional,Annual,380.16,3.9,2024-04-18,2025-04-13
50127,10127,Starter,Monthly,113.2,15.8,2023-09-10,2023-10-10
50128,10128,Professional,Monthly,390.23,11.5,2023-01-02,2023-02-01
50129,10129,Starter,Quarterly,126.54,13.8,2023-12-03,2024-03-02
50130,10130,Starter,Monthly,113.23,1.1,2025-02-12,2025-03-14
50131,10131,Business,Monthly,831.77,21.7,2024-02-16,2024-03-17
50132,10132,Business,Annual,903.34,17.4,2025-05-14,2026-05-09
50133,10133,Starter,Monthly,118.61,2.6,2025-12-15,2026-01-14
50134,10134,Enterprise,Monthly,2051.05,13.6,2022-03-29,2022-04-28
50135,10135,Starter,Monthly,120.06,3.5,2025-10-30,2025-11-29
50136,10136,Professional,Monthly,326.12,0.0,2021-06-13,2021-07-13
50137,10137,Starter,Annual,138.75,12.8,2024-12-18,2025-12-13
50138,10138,Starter,Annual,131.15,11.6,2021-04-12,2022-04-07
50139,10139,Starter,Quarterly,117.81,14.0,2024-12-23,2025-03-23
50140,10140,Business,Annual,1003.77,16.5,2022-11-22,2023-11-17
50141,10141,Enterprise,Monthly,2169.49,15.7,2024-12-21,2025-01-20
50142,10142,Business,Monthly,893.4,10.7,2026-05-21,2026-06-20
50143,10143,Professional,Monthly,360.2,9.5,2022-06-20,2022-07-20
50144,10144,Business,Quarterly,758.77,19.2,2026-07-19,2026-10-17
50145,10145,Professional,Monthly,349.41,7.6,2025-08-28,2025-09-27
50146,10146,Professional,Annual,307.0,17.6,2025-01-03,2025-12-29
50147,10147,Business,Monthly,773.24,0.0,2025-06-18,2025-07-18
50148,10148,Enterprise,Monthly,2476.4,6.0,2026-02-22,2026-03-24
50149,10149,Starter,Annual,114.71,9.7,2021-05-04,2022-04-29
50150,10150,Professional,Monthly,308.4,14.4,2021-09-06,2021-10-06
50151,10151,Professional,Annual,385.57,15.7,2026-05-26,2027-05-21
50152,10152,Professional,Quarterly,395.79,17.4,2024-07-18,2024-10-16
50153,10153,Professional,Monthly,368.31,11.5,2024-12-23,2025-01-22
50154,10154,Professional,Annual,409.66,9.0,2025-05-13,2026-05-08
50155,10155,Starter,Annual,137.68,18.0,2022-12-14,2023-12-09
50156,10156,Professional,Monthly,365.21,11.0,2021-09-04,2021-10-04
50157,10157,Professional,Monthly,387.78,18.9,2022-04-26,2022-05-26
50158,10158,Professional,Monthly,337.83,13.7,2024-12-19,2025-01-18
50159,10159,Business,Monthly,911.79,10.1,2023-10-26,2023-11-25
50160,10160,Professional,Annual,417.17,16.4,2026-07-07,2027-07-02
50161,10161,Starter,Monthly,135.59,11.9,2022-04-04,2022-05-04
50162,10162,Starter,Monthly,117.73,11.8,2022-08-16,2022-09-15
50163,10163,Starter,Annual,141.16,4.2,2022-05-13,2023-05-08
50164,10164,Starter,Annual,136.66,8.7,2024-08-09,2025-08-04
50165,10165,Professional,Monthly,302.06,6.6,2021-07-16,2021-08-15
50166,10166,Business,Monthly,944.44,11.8,2021-01-27,2021-02-26
50167,10167,Professional,Monthly,417.11,11.3,2025-09-14,2025-10-14
50168,10168,Business,Annual,817.02,8.8,2024-01-19,2025-01-13
50169,10169,Starter,Quarterly,113.56,9.1,2024-12-09,2025-03-09
50170,10170,Starter,Monthly,128.88,13.1,2022-08-26,2022-09-25
50171,10171,Starter,Monthly,106.63,0.0,2023-12-28,2024-01-27
50172,10172,Enterprise,Monthly,2389.73,0.0,2021-12-28,2022-01-27
50173,10173,Professional,Monthly,325.26,8.8,2024-07-07,2024-08-06
50174,10174,Professional,Monthly,352.81,18.7,2023-12-23,2024-01-22
50175,10175,Starter,Quarterly,139.46,20.0,2026-07-09,2026-10-07
50176,10176,Business,Monthly,959.54,0.0,2023-08-30,2023-09-29
50177,10177,Business,Annual,754.63,32.0,2025-09-12,2026-09-07
50178,10178,Professional,Monthly,390.77,3.8,2025-07-05,2025-08-04
50179,10179,Business,Monthly,844.98,3.1,2025-09-23,2025-10-23
50180,10180,Professional,Quarterly,419.32,0.0,2023-06-27,2023-09-25
50181,10181,Starter,Monthly,114.59,5.4,2021-09-03,2021-10-03
50182,10182,Business,Monthly,862.5,7.6,2021-12-13,2022-01-12
50183,10183,Enterprise,Monthly,2132.71,20.8,2026-05-15,2026-06-14
50184,10184,Professional,Monthly,369.31,15.7,2022-01-07,2022-02-06
50185,10185,Starter,Monthly,113.17,17.7,2023-03-20,2023-04-19
50186,10186,Starter,Quarterly,140.33,23.2,2021-06-09,2021-09-07
50187,10187,Enterprise,Annual,2345.08,25.6,2024-02-25,2025-02-19
50188,10188,Professional,Quarterly,412.98,23.8,2024-08-27,2024-11-25
50189,10189,Business,Quarterly,924.95,12.6,2022-06-02,2022-08-31
50190,10190,Professional,Annual,320.26,7.2,2024-07-12,2025-07-07
50191,10191,Professional,Annual,299.39,17.2,2023-01-16,2024-01-11
50192,10192,Starter,Monthly,119.12,4.8,2022-02-24,2022-03-26
50193,10193,Starter,Quarterly,143.73,14.3,2025-04-01,2025-06-30
50194,10194,Professional,Monthly,404.92,8.5,2021-05-20,2021-06-19
50195,10195,Enterprise,Quarterly,2522.04,6.1,2026-01-07,2026-04-07
50196,10196,Starter,Monthly,125.88,0.0,2022-12-08,2023-01-07
50197,10197,Professional,Monthly,309.12,13.2,2022-11-29,2022-12-29
50198,10198,Business,Monthly,727.01,3.4,2022-04-20,2022-05-20
50199,10199,Professional,Quarterly,400.23,14.4,2025-07-19,2025-10-17
50200,10200,Professional,Annual,319.23,9.0,2026-03-17,2027-03-12
50201,10201,Business,Quarterly,745.32,9.8,2022-05-26,2022-08-24
50202,10202,Business,Monthly,933.65,9.0,2022-06-22,2022-07-22
50203,10203,Professional,Annual,297.64,0.1,2025-03-17,2026-03-12
50204,10204,Business,Monthly,942.89,5.1,2024-07-12,2024-08-11
50205,10205,Professional,Annual,321.06,4.0,2024-09-28,2025-09-23
50206,10206,Business,Annual,818.11,3.9,2023-11-28,2024-11-22
50207,10207,Starter,Monthly,109.21,3.6,2021-08-21,2021-09-20
50208,10208,Professional,Monthly,392.7,3.1,2021-11-04,2021-12-04
50209,10209,Starter,Monthly,122.36,4.4,2022-02-07,2022-03-09
50210,10210,Professional,Annual,317.81,4.9,2023-09-24,2024-09-18
50211,10211,Starter,Annual,103.62,13.8,2024-07-08,2025-07-03
50212,10212,Business,Monthly,1016.05,11.3,2025-02-08,2025-03-10
50213,10213,Business,Monthly,935.02,3.3,2023-01-20,2023-02-19
50214,10214,Business,Monthly,924.79,7.1,2024-02-04,2024-03-05
50215,10215,Professional,Monthly,359.09,0.0,2021-10-31,2021-11-30
50216,10216,Business,Annual,851.91,11.1,2025-01-10,2026-01-05
50217,10217,Business,Annual,959.3,8.2,2023-11-28,2024-11-22
50218,10218,Professional,Monthly,398.76,3.5,2023-05-05,2023-06-04
50219,10219,Professional,Monthly,304.98,24.7,2023-12-06,2024-01-05
50220,10220,Professional,Quarterly,402.78,8.2,2025-10-12,2026-01-10
50221,10221,Starter,Monthly,133.99,13.1,2025-06-17,2025-07-17
50222,10222,Enterprise,Annual,2244.38,7.6,2024-06-08,2025-06-03
50223,10223,Professional,Annual,355.85,2.0,2023-03-29,2024-03-23
50224,10224,Professional,Monthly,399.76,11.3,2025-10-04,2025-11-03
50225,10225,Business,Monthly,958.58,6.4,2023-08-31,2023-09-30
50226,10226,Starter,Annual,107.83,14.9,2021-02-07,2022-02-02
50227,10227,Starter,Quarterly,125.07,7.9,2024-03-24,2024-06-22
50228,10228,Starter,Monthly,142.71,8.2,2021-04-15,2021-05-15
50229,10229,Professional,Monthly,387.59,17.2,2021-09-12,2021-10-12
50230,10230,Starter,Monthly,142.87,11.0,2026-06-05,2026-07-05
50231,10231,Business,Monthly,953.36,11.2,2022-08-14,2022-09-13
50232,10232,Professional,Monthly,361.77,11.7,2022-06-09,2022-07-09
50233,10233,Professional,Quarterly,371.6,16.4,2022-01-05,2022-04-05
50234,10234,Starter,Quarterly,131.8,27.4,2021-04-12,2021-07-11
50235,10235,Starter,Annual,132.61,6.8,2022-10-26,2023-10-21
50236,10236,Business,Monthly,944.9,9.1,2022-11-21,2022-12-21
50237,10237,Starter,Monthly,141.07,5.1,2026-04-11,2026-05-11
50238,10238,Business,Quarterly,814.48,8.0,2025-03-16,2025-06-14
50239,10239,Starter,Monthly,136.84,12.5,2026-07-22,2026-08-21
50240,10240,Professional,Annual,367.29,13.5,2023-07-20,2024-07-14
50241,10241,Professional,Quarterly,405.95,17.9,2026-01-31,2026-05-01
50242,10242,Professional,Monthly,374.81,7.4,2026-06-13,2026-07-13
50243,10243,Enterprise,Monthly,2590.06,12.7,2026-03-01,2026-03-31
50244,10244,Professional,Annual,349.44,3.6,2023-09-05,2024-08-30
50245,10245,Business,Monthly,752.04,4.4,2026-06-18,2026-07-18
50246,10246,Starter,Annual,129.08,16.2,2022-01-15,2023-01-10
50247,10247,Professional,Annual,392.39,7.9,2025-02-22,2026-02-17
50248,10248,Starter,Annual,131.04,5.2,2024-02-23,2025-02-17
50249,10249,Professional,Annual,386.31,0.0,2026-09-17,2027-09-12
50250,10250,Professional,Monthly,301.04,16.9,2023-02-20,2023-03-22
50251,10251,Professional,Quarterly,415.7,0.0,2021-11-06,2022-02-04
50252,10252,Business,Monthly,801.09,0.0,2022-07-10,2022-08-09
50253,10253,Business,Quarterly,845.62,14.0,2022-02-01,2022-05-02
50254,10254,Business,Monthly,846.98,8.4,2026-02-27,2026-03-29
50255,10255,Starter,Annual,140.08,12.6,2024-03-15,2025-03-10
50256,10256,Professional,Annual,388.62,8.0,2021-07-20,2022-07-15
50257,10257,Professional,Quarterly,373.48,16.1,2026-03-06,2026-06-04
50258,10258,Starter,Monthly,107.04,18.4,2021-01-12,2021-02-11
50259,10259,Professional,Annual,337.12,19.2,2023-12-12,2024-12-06
50260,10260,Starter,Annual,122.65,8.4,2026-05-31,2027-05-26
50261,10261,Enterprise,Quarterly,1958.47,2.1,2024-08-18,2024-11-16
50262,10262,Business,Monthly,892.46,9.8,2026-03-11,2026-04-10
50263,10263,Business,Monthly,786.27,4.1,2023-07-09,2023-08-08
50264,10264,Enterprise,Quarterly,2504.86,6.0,2023-05-21,2023-08-19
50265,10265,Business,Monthly,969.11,23.3,2022-01-01,2022-01-31
50266,10266,Starter,Annual,127.16,15.9,2022-10-19,2023-10-14
50267,10267,Business,Monthly,829.45,8.0,2021-06-10,2021-07-10
50268,10268,Starter,Annual,103.87,9.3,2021-06-24,2022-06-19
50269,10269,Starter,Annual,128.42,6.5,2025-02-12,2026-02-07
50270,10270,Starter,Monthly,134.95,11.3,2022-06-29,2022-07-29
50271,10271,Starter,Monthly,135.2,7.0,2025-10-28,2025-11-27
50272,10272,Business,Quarterly,866.63,17.6,2023-08-15,2023-11-13
50273,10273,Business,Monthly,764.28,9.9,2022-03-28,2022-04-27
50274,10274,Starter,Monthly,104.72,3.8,2021-03-23,2021-04-22
50275,10275,Starter,Quarterly,104.34,20.1,2024-05-21,2024-08-19
50276,10276,Starter,Annual,112.48,13.3,2023-03-27,2024-03-21
50277,10277,Professional,Monthly,314.83,12.7,2022-03-23,2022-04-22
50278,10278,Professional,Monthly,318.19,0.0,2025-06-08,2025-07-08
50279,10279,Enterprise,Quarterly,2408.22,9.7,2025-11-29,2026-02-27
50280,10280,Starter,Annual,109.54,4.9,2023-01-19,2024-01-14
50281,10281,Enterprise,Monthly,2403.1,0.0,2024-03-19,2024-04-18
50282,10282,Starter,Annual,116.77,9.4,2026-03-25,2027-03-20
50283,10283,Professional,Monthly,392.41,9.0,2025-04-06,2025-05-06
50284,10284,Starter,Annual,108.68,18.8,2022-10-08,2023-10-03
50285,10285,Professional,Quarterly,300.36,6.0,2022-01-14,2022-04-14
50286,10286,Starter,Monthly,105.75,4.3,2024-02-15,2024-03-16
50287,10287,Business,Annual,1009.93,5.2,2023-07-26,2024-07-20
50288,10288,Starter,Annual,124.59,11.7,2026-07-07,2027-07-02
50289,10289,Professional,Annual,371.86,18.1,2022-10-24,2023-10-19
50290,10290,Starter,Monthly,142.61,10.0,2024-09-02,2024-10-02
50291,10291,Professional,Quarterly,392.56,6.0,2023-05-26,2023-08-24
50292,10292,Starter,Monthly,106.73,8.7,2021-01-12,2021-02-11
50293,10293,Enterprise,Annual,2194.76,14.6,2024-01-19,2025-01-13
50294,10294,Starter,Quarterly,136.5,18.1,2022-01-23,2022-04-23
50295,10295,Professional,Annual,378.96,18.3,2026-04-04,2027-03-30
50296,10296,Professional,Monthly,323.93,9.2,2022-01-31,2022-03-02
50297,10297,Business,Monthly,962.2,13.2,2022-10-02,2022-11-01
50298,10298,Starter,Quarterly,125.47,15.6,2021-04-10,2021-07-09
50299,10299,Business,Monthly,957.02,9.5,2022-04-02,2022-05-02
50300,10300,Professional,Monthly,374.24,14.8,2026-07-16,2026-08-15
50301,10301,Professional,Annual,354.2,15.4,2021-03-15,2022-03-10
50302,10302,Starter,Monthly,132.6,13.7,2026-02-07,2026-03-09
50303,10303,Professional,Monthly,403.54,15.7,2021-06-24,2021-07-24
50304,10304,Professional,Annual,354.53,24.5,2025-10-27,2026-10-22
50305,10305,Starter,Monthly,103.25,4.2,2022-05-12,2022-06-11
50306,10306,Starter,Monthly,126.92,19.2,2024-07-16,2024-08-15
50307,10307,Business,Annual,749.38,11.4,2022-03-04,2023-02-27
50308,10308,Starter,Annual,115.63,9.6,2021-02-04,2022-01-30
50309,10309,Starter,Annual,125.09,6.1,2024-10-26,2025-10-21
50310,10310,Professional,Annual,339.8,11.9,2024-10-12,2025-10-07
50311,10311,Starter,Monthly,113.8,6.4,2021-06-25,2021-07-25
50312,10312,Professional,Monthly,299.96,8.9,2022-08-15,2022-09-14
50313,10313,Professional,Annual,330.49,0.0,2024-04-01,2025-03-27
50314,10314,Starter,Annual,118.16,10.7,2023-07-03,2024-06-27
50315,10315,Professional,Quarterly,333.06,3.7,2024-07-14,2024-10-12
50316,10316,Starter,Annual,128.39,8.8,2025-05-06,2026-05-01
50317,10317,Professional,Annual,379.06,10.1,2024-07-26,2025-07-21
50318,10318,Enterprise,Quarterly,2470.53,3.5,2024-08-19,2024-11-17
50319,10319,Professional,Annual,320.27,3.4,2023-08-11,2024-08-05
50320,10320,Business,Quarterly,906.63,6.9,2023-05-11,2023-08-09
50321,10321,Professional,Monthly,350.18,5.3,2024-06-23,2024-07-23
50322,10322,Business,Monthly,818.56,10.9,2021-08-22,2021-09-21
50323,10323,Business,Annual,866.13,9.0,2025-01-02,2025-12-28
50324,10324,Starter,Quarterly,122.21,16.5,2025-12-15,2026-03-15
50325,10325,Professional,Annual,375.82,10.6,2024-03-18,2025-03-13
50326,10326,Business,Annual,888.87,12.3,2021-02-25,2022-02-20
50327,10327,Professional,Quarterly,374.83,9.3,2023-03-24,2023-06-22
50328,10328,Starter,Annual,143.18,0.0,2026-01-24,2027-01-19
50329,10329,Starter,Annual,136.04,9.2,2026-05-14,2027-05-09
50330,10330,Starter,Monthly,114.27,0.0,2023-12-23,2024-01-22
50331,10331,Business,Quarterly,881.21,6.7,2023-03-17,2023-06-15
50332,10332,Professional,Monthly,325.6,14.0,2025-04-25,2025-05-25
50333,10333,Professional,Quarterly,361.06,2.0,2022-08-23,2022-11-21
50334,10334,Professional,Annual,384.73,0.0,2022-09-04,2023-08-30
50335,10335,Starter,Annual,104.76,4.7,2024-05-23,2025-05-18
50336,10336,Starter,Quarterly,107.77,11.1,2026-05-04,2026-08-02
50337,10337,Professional,Annual,298.4,6.8,2025-03-11,2026-03-06
50338,10338,Starter,Monthly,117.9,0.9,2022-07-15,2022-08-14
50339,10339,Starter,Quarterly,134.23,6.4,2022-09-19,2022-12-18
50340,10340,Starter,Annual,120.88,13.5,2025-05-30,2026-05-25
50341,10341,Business,Monthly,892.31,7.6,2022-11-06,2022-12-06
50342,10342,Starter,Monthly,126.77,15.6,2021-02-18,2021-03-20
50343,10343,Professional,Annual,308.47,6.1,2024-10-18,2025-10-13
50344,10344,Business,Monthly,774.4,0.0,2026-03-18,2026-04-17
50345,10345,Starter,Annual,140.44,21.7,2022-09-19,2023-09-14
50346,10346,Professional,Monthly,353.69,12.7,2021-10-04,2021-11-03
50347,10347,Business,Quarterly,847.04,19.4,2026-09-26,2026-12-25
50348,10348,Business,Quarterly,945.92,9.3,2021-08-04,2021-11-02
50349,10349,Business,Monthly,735.94,8.1,2021-08-18,2021-09-17
50350,10350,Starter,Annual,137.31,19.9,2025-08-13,2026-08-08
50351,10351,Enterprise,Quarterly,2386.24,20.8,2024-08-03,2024-11-01
50352,10352,Starter,Monthly,108.09,0.7,2021-02-15,2021-03-17
50353,10353,Enterprise,Annual,1919.99,5.7,2026-01-11,2027-01-06
50354,10354,Enterprise,Quarterly,1872.22,3.7,2023-11-04,2024-02-02
50355,10355,Professional,Annual,333.53,14.5,2022-09-25,2023-09-20
50356,10356,Professional,Annual,337.29,4.7,2023-09-14,2024-09-08
50357,10357,Business,Monthly,775.1,13.5,2021-11-29,2021-12-29
50358,10358,Professional,Annual,332.67,15.7,2026-02-23,2027-02-18
50359,10359,Professional,Annual,366.35,23.1,2022-05-22,2023-05-17
50360,10360,Enterprise,Annual,1956.9,2.3,2021-04-27,2022-04-22
50361,10361,Starter,Monthly,110.45,18.2,2023-08-01,2023-08-31
50362,10362,Enterprise,Annual,2302.73,8.4,2022-09-28,2023-09-23
50363,10363,Business,Quarterly,932.08,23.4,2025-05-09,2025-08-07
50364,10364,Business,Monthly,999.55,17.4,2025-01-02,2025-02-01
50365,10365,Starter,Monthly,123.44,16.7,2026-06-15,2026-07-15
50366,10366,Starter,Monthly,106.76,4.8,2023-05-19,2023-06-18
50367,10367,Enterprise,Annual,2325.48,8.6,2024-07-18,2025-07-13
50368,10368,Starter,Monthly,143.81,12.9,2025-10-01,2025-10-31
50369,10369,Professional,Annual,405.68,6.1,2021-04-23,2022-04-18
50370,10370,Business,Monthly,954.6,14.8,2022-03-03,2022-04-02
50371,10371,Starter,Monthly,132.85,22.6,2024-03-04,2024-04-03
50372,10372,Business,Annual,947.28,5.6,2023-12-03,2024-11-27
50373,10373,Starter,Monthly,105.81,5.0,2021-10-11,2021-11-10
50374,10374,Professional,Quarterly,361.22,5.9,2023-04-14,2023-07-13
50375,10375,Professional,Monthly,381.97,20.4,2021-08-18,2021-09-17
50376,10376,Professional,Monthly,306.41,8.6,2026-04-04,2026-05-04
50377,10377,Business,Monthly,994.64,21.4,2025-07-25,2025-08-24
50378,10378,Starter,Annual,107.36,15.4,2022-01-20,2023-01-15
50379,10379,Professional,Monthly,308.3,13.1,2021-06-08,2021-07-08
50380,10380,Professional,Annual,312.62,23.2,2023-04-04,2024-03-29
50381,10381,Professional,Quarterly,349.35,4.8,2021-07-27,2021-10-25
50382,10382,Professional,Monthly,364.04,0.0,2021-06-23,2021-07-23
50383,10383,Business,Annual,750.68,5.1,2025-12-29,2026-12-24
50384,10384,Enterprise,Monthly,2475.21,8.6,2024-01-10,2024-02-09
50385,10385,Starter,Annual,110.41,11.9,2023-11-08,2024-11-02
50386,10386,Business,Annual,889.24,15.4,2023-10-14,2024-10-08
50387,10387,Professional,Monthly,357.66,12.7,2022-12-09,2023-01-08
50388,10388,Enterprise,Monthly,2567.34,13.5,2024-10-15,2024-11-14
50389,10389,Starter,Monthly,139.52,9.6,2026-03-07,2026-04-06
50390,10390,Business,Quarterly,793.43,14.4,2024-07-26,2024-10-24
50391,10391,Enterprise,Quarterly,2284.59,12.2,2022-11-08,2023-02-06
50392,10392,Enterprise,Annual,2628.76,19.1,2022-10-24,2023-10-19
50393,10393,Professional,Monthly,338.15,13.9,2025-04-13,2025-05-13
50394,10394,Professional,Quarterly,306.52,15.4,2024-06-14,2024-09-12
50395,10395,Professional,Annual,385.46,28.5,2021-12-24,2022-12-19
50396,10396,Professional,Quarterly,359.14,7.9,2024-08-01,2024-10-30
50397,10397,Professional,Monthly,412.61,17.0,2024-08-09,2024-09-08
50398,10398,Professional,Monthly,367.96,10.7,2022-02-23,2022-03-25
50399,10399,Professional,Monthly,360.16,8.3,2025-01-31,2025-03-02
50400,10400,Professional,Monthly,409.57,9.1,2022-10-04,2022-11-03
50401,10401,Starter,Monthly,117.98,15.6,2025-05-13,2025-06-12
50402,10402,Starter,Annual,127.09,9.0,2022-05-22,2023-05-17
50403,10403,Professional,Monthly,401.1,0.0,2025-08-09,2025-09-08
50404,10404,Starter,Annual,127.1,6.8,2025-02-10,2026-02-05
50405,10405,Business,Monthly,811.09,20.0,2024-10-17,2024-11-16
50406,10406,Professional,Quarterly,365.89,15.0,2021-11-08,2022-02-06
50407,10407,Business,Quarterly,851.03,0.0,2025-07-16,2025-10-14
50408,10408,Starter,Monthly,143.36,5.1,2021-09-02,2021-10-02
50409,10409,Business,Monthly,737.66,2.4,2022-04-22,2022-05-22
50410,10410,Enterprise,Monthly,2461.34,0.0,2022-09-07,2022-10-07
50411,10411,Professional,Quarterly,300.44,9.6,2021-09-07,2021-12-06
50412,10412,Starter,Annual,127.36,18.6,2025-05-15,2026-05-10
50413,10413,Professional,Annual,350.29,3.3,2025-11-09,2026-11-04
50414,10414,Professional,Monthly,409.03,6.1,2026-04-14,2026-05-14
50415,10415,Starter,Annual,124.65,7.9,2026-02-19,2027-02-14
50416,10416,Enterprise,Quarterly,2507.05,0.0,2022-05-26,2022-08-24
50417,10417,Professional,Monthly,379.84,25.1,2025-07-28,2025-08-27
50418,10418,Business,Monthly,855.5,15.9,2026-02-16,2026-03-18
50419,10419,Professional,Monthly,338.87,11.2,2023-02-13,2023-03-15
50420,10420,Starter,Quarterly,106.92,5.3,2024-09-27,2024-12-26
50421,10421,Starter,Annual,102.57,1.0,2023-07-13,2024-07-07
50422,10422,Starter,Monthly,102.06,4.5,2021-03-15,2021-04-14
50423,10423,Enterprise,Monthly,2043.95,17.7,2023-03-20,2023-04-19
50424,10424,Business,Monthly,889.37,5.4,2023-11-12,2023-12-12
50425,10425,Business,Monthly,1012.71,9.5,2021-08-23,2021-09-22
50426,10426,Enterprise,Annual,2413.03,10.4,2022-10-04,2023-09-29
50427,10427,Starter,Monthly,104.97,33.1,2022-09-13,2022-10-13
50428,10428,Starter,Monthly,129.1,5.8,2023-09-12,2023-10-12
50429,10429,Enterprise,Annual,2243.83,2.1,2024-07-22,2025-07-17
50430,10430,Professional,Monthly,375.43,0.0,2025-06-06,2025-07-06
50431,10431,Professional,Monthly,373.84,5.4,2025-12-01,2025-12-31
50432,10432,Professional,Annual,315.13,26.4,2023-05-10,2024-05-04
50433,10433,Business,Quarterly,996.04,14.0,2026-09-17,2026-12-16
50434,10434,Professional,Annual,365.43,20.4,2022-01-12,2023-01-07
50435,10435,Business,Quarterly,930.98,13.2,2026-03-13,2026-06-11
50436,10436,Enterprise,Monthly,2168.05,7.6,2022-01-11,2022-02-10
50437,10437,Professional,Monthly,312.48,14.9,2025-05-24,2025-06-23
50438,10438,Professional,Annual,382.14,3.5,2022-08-18,2023-08-13
50439,10439,Professional,Monthly,412.95,14.6,2023-12-02,2024-01-01
50440,10440,Starter,Annual,126.41,17.1,2026-07-01,2027-06-26
50441,10441,Business,Monthly,781.6,17.0,2023-11-18,2023-12-18
50442,10442,Starter,Annual,128.18,8.6,2022-09-21,2023-09-16
50443,10443,Enterprise,Annual,2200.28,18.5,2025-03-13,2026-03-08
50444,10444,Professional,Monthly,346.38,2.2,2026-01-05,2026-02-04
50445,10445,Enterprise,Monthly,2573.4,15.1,2024-03-29,2024-04-28
50446,10446,Starter,Annual,132.96,11.9,2023-01-16,2024-01-11
50447,10447,Enterprise,Quarterly,2261.76,5.1,2024-07-01,2024-09-29
50448,10448,Professional,Quarterly,348.64,2.3,2026-05-06,2026-08-04
50449,10449,Business,Monthly,794.77,9.5,2024-08-18,2024-09-17
50450,10450,Starter,Quarterly,116.43,10.5,2024-03-17,2024-06-15
50451,10451,Professional,Monthly,363.73,5.6,2021-08-09,2021-09-08
50452,10452,Professional,Monthly,303.42,0.9,2026-02-15,2026-03-17
50453,10453,Professional,Monthly,341.3,15.9,2022-11-15,2022-12-15
50454,10454,Starter,Monthly,122.75,16.8,2023-05-26,2023-06-25
50455,10455,Enterprise,Annual,2338.39,24.7,2023-11-21,2024-11-15
50456,10456,Starter,Monthly,133.21,5.3,2026-05-17,2026-06-16
50457,10457,Starter,Monthly,102.58,10.5,2021-12-15,2022-01-14
50458,10458,Professional,Quarterly,333.61,16.7,2021-08-07,2021-11-05
50459,10459,Enterprise,Monthly,2070.94,17.4,2023-10-20,2023-11-19
50460,10460,Professional,Annual,361.36,12.6,2022-03-26,2023-03-21
50461,10461,Professional,Monthly,354.59,15.0,2022-05-19,2022-06-18
50462,10462,Professional,Annual,307.29,5.3,2021-03-27,2022-03-22
50463,10463,Business,Monthly,949.0,10.8,2024-07-12,2024-08-11
50464,10464,Starter,Monthly,130.87,3.9,2022-06-07,2022-07-07
50465,10465,Starter,Annual,136.49,14.7,2022-09-22,2023-09-17
50466,10466,Starter,Quarterly,106.66,17.6,2021-01-18,2021-04-18
50467,10467,Professional,Quarterly,359.51,34.3,2024-06-22,2024-09-20
50468,10468,Professional,Monthly,371.46,20.4,2024-03-22,2024-04-21
50469,10469,Professional,Monthly,303.5,0.0,2025-06-21,2025-07-21
50470,10470,Business,Quarterly,1007.93,2.8,2022-05-15,2022-08-13
50471,10471,Starter,Monthly,135.37,20.4,2022-04-03,2022-05-03
50472,10472,Starter,Monthly,112.23,13.9,2021-04-25,2021-05-25
50473,10473,Starter,Annual,128.41,10.8,2023-01-23,2024-01-18
50474,10474,Starter,Annual,108.02,9.6,2023-02-08,2024-02-03
50475,10475,Starter,Annual,138.67,3.3,2026-02-14,2027-02-09
50476,10476,Professional,Quarterly,309.55,0.0,2021-11-18,2022-02-16
50477,10477,Professional,Monthly,408.25,3.5,2026-05-27,2026-06-26
50478,10478,Business,Monthly,968.79,8.5,2021-08-14,2021-09-13
50479,10479,Professional,Annual,356.08,11.5,2021-12-27,2022-12-22
50480,10480,Starter,Monthly,129.41,8.0,2025-04-04,2025-05-04
50481,10481,Professional,Quarterly,327.61,1.0,2023-04-14,2023-07-13
50482,10482,Professional,Monthly,344.58,6.2,2021-04-22,2021-05-22
50483,10483,Business,Quarterly,787.19,10.9,2021-07-31,2021-10-29
50484,10484,Business,Annual,879.47,11.7,2024-06-10,2025-06-05
50485,10485,Professional,Annual,336.54,7.1,2023-08-06,2024-07-31
50486,10486,Professional,Annual,340.56,7.4,2021-06-08,2022-06-03
50487,10487,Starter,Monthly,120.6,15.6,2026-03-24,2026-04-23
50488,10488,Professional,Quarterly,404.39,11.7,2024-09-09,2024-12-08
50489,10489,Enterprise,Monthly,2292.44,7.3,2024-06-25,2024-07-25
50490,10490,Professional,Monthly,396.31,12.4,2023-06-30,2023-07-30
50491,10491,Professional,Annual,401.45,0.0,2022-02-08,2023-02-03
50492,10492,Professional,Monthly,327.56,7.9,2026-01-16,2026-02-15
50493,10493,Enterprise,Annual,2468.82,8.9,2025-08-18,2026-08-13
50494,10494,Starter,Annual,129.24,9.8,2025-01-03,2025-12-29
50495,10495,Professional,Monthly,359.66,3.9,2024-06-10,2024-07-10
50496,10496,Professional,Monthly,308.36,14.5,2021-07-12,2021-08-11
50497,10497,Starter,Monthly,126.04,1.2,2024-01-28,2024-02-27
50498,10498,Professional,Monthly,316.53,0.0,2026-05-29,2026-06-28
50499,10499,Professional,Monthly,397.49,8.7,2025-07-01,2025-07-31
50500,10500,Starter,Monthly,141.25,5.9,2023-09-27,2023-10-27
50501,10501,Professional,Quarterly,356.07,0.8,2025-10-06,2026-01-04
50502,10502,Professional,Quarterly,351.46,12.9,2022-06-07,2022-09-05
50503,10503,Starter,Annual,122.53,9.7,2021-12-16,2022-12-11
50504,10504,Enterprise,Monthly,1921.73,16.6,2025-10-07,2025-11-06
50505,10505,Starter,Monthly,111.95,12.2,2026-04-29,2026-05-29
50506,10506,Professional,Monthly,412.72,9.1,2025-04-10,2025-05-10
50507,10507,Starter,Monthly,116.49,2.0,2022-10-14,2022-11-13
50508,10508,Professional,Annual,369.94,1.8,2022-09-27,2023-09-22
50509,10509,Professional,Annual,377.02,7.6,2025-12-07,2026-12-02
50510,10510,Professional,Monthly,404.95,6.8,2022-08-16,2022-09-15
50511,10511,Business,Monthly,793.36,15.5,2024-05-16,2024-06-15
50512,10512,Business,Monthly,987.31,15.5,2023-01-26,2023-02-25
50513,10513,Professional,Monthly,345.48,0.0,2024-07-23,2024-08-22
50514,10514,Starter,Annual,140.71,1.7,2022-05-12,2023-05-07
50515,10515,Professional,Annual,347.89,0.0,2023-02-12,2024-02-07
50516,10516,Professional,Annual,310.24,5.1,2025-05-18,2026-05-13
50517,10517,Starter,Annual,104.19,17.9,2021-07-03,2022-06-28
50518,10518,Starter,Monthly,142.63,12.5,2021-02-01,2021-03-03
50519,10519,Professional,Monthly,312.36,11.2,2021-10-10,2021-11-09
50520,10520,Starter,Monthly,124.73,9.2,2023-04-16,2023-05-16
50521,10521,Professional,Quarterly,362.05,5.2,2024-12-26,2025-03-26
50522,10522,Business,Quarterly,841.9,16.0,2022-11-17,2023-02-15
50523,10523,Professional,Monthly,348.71,13.8,2022-04-07,2022-05-07
50524,10524,Enterprise,Monthly,2236.3,16.7,2023-05-21,2023-06-20
50525,10525,Starter,Monthly,106.18,3.4,2022-01-03,2022-02-02
50526,10526,Starter,Monthly,135.22,7.9,2021-06-15,2021-07-15
50527,10527,Professional,Annual,343.69,1.0,2025-09-25,2026-09-20
50528,10528,Business,Annual,795.25,4.1,2022-08-25,2023-08-20
50529,10529,Business,Quarterly,817.18,4.7,2021-02-07,2021-05-08
50530,10530,Business,Monthly,904.53,13.5,2021-12-14,2022-01-13
50531,10531,Business,Annual,953.09,12.9,2024-05-21,2025-05-16
50532,10532,Business,Quarterly,768.14,18.2,2026-07-15,2026-10-13
50533,10533,Business,Quarterly,898.79,0.0,2023-01-04,2023-04-04
50534,10534,Business,Monthly,848.17,8.0,2022-03-02,2022-04-01
50535,10535,Starter,Annual,138.2,31.8,2024-06-24,2025-06-19
50536,10536,Business,Annual,1004.92,14.1,2022-10-10,2023-10-05
50537,10537,Starter,Annual,130.5,8.5,2021-11-16,2022-11-11
50538,10538,Enterprise,Quarterly,2324.15,15.5,2022-05-27,2022-08-25
50539,10539,Starter,Monthly,134.77,4.1,2025-09-19,2025-10-19
50540,10540,Professional,Monthly,358.24,2.5,2025-10-23,2025-11-22
50541,10541,Enterprise,Monthly,1912.64,9.6,2025-11-13,2025-12-13
50542,10542,Starter,Monthly,131.45,12.0,2025-03-20,2025-04-19
50543,10543,Business,Monthly,895.16,15.0,2023-07-27,2023-08-26
50544,10544,Professional,Monthly,316.05,15.3,2023-02-04,2023-03-06
50545,10545,Starter,Annual,110.94,4.1,2022-10-15,2023-10-10
50546,10546,Enterprise,Quarterly,2047.62,12.3,2022-04-26,2022-07-25
50547,10547,Starter,Annual,132.76,17.0,2022-05-31,2023-05-26
50548,10548,Business,Monthly,876.72,15.8,2025-07-22,2025-08-21
50549,10549,Professional,Monthly,303.37,14.7,2021-07-06,2021-08-05
50550,10550,Business,Monthly,971.79,13.7,2021-05-26,2021-06-25
50551,10551,Business,Annual,914.38,13.1,2023-10-03,2024-09-27
50552,10552,Professional,Monthly,387.31,9.8,2021-06-01,2021-07-01
50553,10553,Enterprise,Monthly,2591.83,22.4,2024-10-18,2024-11-17
50554,10554,Starter,Monthly,112.93,15.9,2021-04-03,2021-05-03
50555,10555,Business,Quarterly,897.91,7.9,2026-01-24,2026-04-24
50556,10556,Business,Monthly,948.64,0.0,2022-08-25,2022-09-24
50557,10557,Professional,Monthly,360.32,25.2,2021-02-18,2021-03-20
50558,10558,Professional,Quarterly,357.04,4.4,2026-03-18,2026-06-16
50559,10559,Professional,Annual,411.27,0.0,2023-02-14,2024-02-09
50560,10560,Business,Monthly,794.97,16.9,2022-06-30,2022-07-30
50561,10561,Starter,Quarterly,129.42,10.0,2025-01-03,2025-04-03
50562,10562,Starter,Monthly,142.75,13.9,2024-06-14,2024-07-14
50563,10563,Starter,Annual,111.24,1.2,2022-10-12,2023-10-07
50564,10564,Starter,Annual,121.42,15.8,2026-07-17,2027-07-12
50565,10565,Starter,Quarterly,142.97,20.4,2023-12-17,2024-03-16
50566,10566,Professional,Monthly,301.89,9.8,2021-06-24,2021-07-24
50567,10567,Professional,Quarterly,374.66,5.9,2024-05-22,2024-08-20
50568,10568,Business,Annual,842.85,3.9,2026-09-06,2027-09-01
50569,10569,Business,Annual,951.9,15.4,2026-04-26,2027-04-21
50570,10570,Starter,Annual,115.58,17.9,2024-02-17,2025-02-11
50571,10571,Starter,Monthly,117.66,7.4,2021-05-27,2021-06-26
50572,10572,Business,Monthly,875.9,6.3,2023-05-18,2023-06-17
50573,10573,Business,Quarterly,825.4,10.3,2026-02-27,2026-05-28
50574,10574,Business,Monthly,799.72,8.2,2023-01-13,2023-02-12
50575,10575,Professional,Monthly,341.03,0.3,2025-03-03,2025-04-02
50576,10576,Starter,Monthly,140.13,0.0,2022-12-11,2023-01-10
50577,10577,Professional,Monthly,339.48,8.0,2024-09-12,2024-10-12
50578,10578,Business,Annual,990.08,4.6,2023-12-30,2024-12-24
50579,10579,Starter,Annual,110.61,14.5,2026-05-07,2027-05-02
50580,10580,Professional,Quarterly,379.84,3.4,2025-05-25,2025-08-23
50581,10581,Starter,Annual,133.29,0.0,2025-08-09,2026-08-04
50582,10582,Professional,Quarterly,311.14,7.9,2026-01-29,2026-04-29
50583,10583,Professional,Quarterly,364.14,14.8,2022-07-15,2022-10-13
50584,10584,Professional,Monthly,299.1,22.6,2023-06-11,2023-07-11
50585,10585,Professional,Annual,411.21,24.0,2022-08-20,2023-08-15
50586,10586,Professional,Quarterly,361.72,6.3,2022-03-26,2022-06-24
50587,10587,Enterprise,Quarterly,1898.31,3.3,2026-08-14,2026-11-12
50588,10588,Professional,Monthly,381.19,10.0,2025-12-31,2026-01-30
50589,10589,Business,Monthly,986.0,12.9,2024-06-03,2024-07-03
50590,10590,Starter,Annual,132.98,5.8,2024-03-19,2025-03-14
50591,10591,Professional,Annual,313.88,6.3,2025-08-11,2026-08-06
50592,10592,Starter,Annual,124.68,18.2,2024-04-13,2025-04-08
50593,10593,Starter,Annual,132.79,2.2,2023-10-07,2024-10-01
50594,10594,Professional,Monthly,395.57,9.9,2025-11-07,2025-12-07
50595,10595,Professional,Monthly,299.46,17.1,2025-09-04,2025-10-04
50596,10596,Professional,Annual,332.26,17.3,2022-03-16,2023-03-11
50597,10597,Business,Monthly,985.68,17.0,2024-08-01,2024-08-31
50598,10598,Business,Monthly,799.38,25.6,2026-07-24,2026-08-23
50599,10599,Starter,Annual,121.85,13.6,2026-05-22,2027-05-17
50600,10600,Business,Quarterly,929.76,9.1,2021-09-03,2021-12-02
50601,10601,Professional,Monthly,418.24,2.8,2025-03-23,2025-04-22
50602,10602,Business,Quarterly,849.19,5.7,2024-05-22,2024-08-20
50603,10603,Professional,Annual,359.2,0.0,2025-06-02,2026-05-28
50604,10604,Starter,Annual,125.46,11.8,2025-09-21,2026-09-16
50605,10605,Professional,Quarterly,326.19,12.3,2023-08-11,2023-11-09
50606,10606,Professional,Annual,342.66,7.8,2021-10-10,2022-10-05
50607,10607,Enterprise,Quarterly,2204.54,3.0,2026-04-25,2026-07-24
50608,10608,Starter,Monthly,102.81,10.1,2021-06-21,2021-07-21
50609,10609,Business,Monthly,724.77,8.7,2024-05-29,2024-06-28
50610,10610,Professional,Monthly,324.98,5.2,2024-01-24,2024-02-23
50611,10611,Professional,Monthly,360.25,10.1,2026-02-26,2026-03-28
50612,10612,Business,Monthly,1006.82,16.3,2026-09-23,2026-10-23
50613,10613,Business,Monthly,1011.85,7.1,2022-08-24,2022-09-23
50614,10614,Business,Monthly,915.04,5.9,2026-07-17,2026-08-16
50615,10615,Starter,Monthly,136.73,7.3,2022-04-12,2022-05-12
50616,10616,Professional,Monthly,407.84,7.3,2025-10-05,2025-11-04
50617,10617,Starter,Monthly,137.24,13.2,2021-10-24,2021-11-23
50618,10618,Professional,Monthly,364.1,12.9,2023-10-17,2023-11-16
50619,10619,Professional,Monthly,383.76,13.0,2025-03-28,2025-04-27
50620,10620,Professional,Monthly,297.95,9.5,2026-03-14,2026-04-13
50621,10621,Business,Quarterly,915.3,11.2,2022-10-23,2023-01-21
50622,10622,Professional,Monthly,349.67,0.0,2022-10-16,2022-11-15
50623,10623,Professional,Quarterly,376.48,3.1,2023-03-13,2023-06-11
50624,10624,Professional,Annual,382.56,9.8,2021-12-07,2022-12-02
50625,10625,Professional,Monthly,309.49,10.7,2022-12-05,2023-01-04
50626,10626,Professional,Monthly,404.63,16.3,2023-05-03,2023-06-02
50627,10627,Starter,Monthly,109.38,6.7,2021-11-02,2021-12-02
50628,10628,Business,Annual,725.61,0.0,2026-04-18,2027-04-13
50629,10629,Business,Annual,850.34,13.5,2025-11-23,2026-11-18
50630,10630,Business,Monthly,749.18,0.0,2023-05-24,2023-06-23
50631,10631,Professional,Monthly,414.61,7.2,2025-05-01,2025-05-31
50632,10632,Professional,Monthly,332.27,0.0,2022-05-10,2022-06-09
50633,10633,Professional,Monthly,324.89,23.4,2025-08-13,2025-09-12
50634,10634,Starter,Quarterly,113.0,1.5,2025-05-25,2025-08-23
50635,10635,Professional,Annual,332.21,10.3,2025-03-18,2026-03-13
50636,10636,Enterprise,Annual,1918.18,8.7,2025-06-24,2026-06-19
50637,10637,Starter,Quarterly,124.68,0.0,2023-06-15,2023-09-13
50638,10638,Professional,Monthly,299.71,20.3,2024-03-13,2024-04-12
50639,10639,Business,Monthly,944.66,14.6,2026-02-05,2026-03-07
50640,10640,Professional,Quarterly,391.55,6.6,2023-01-27,2023-04-27
50641,10641,Professional,Annual,346.46,0.9,2021-01-31,2022-01-26
50642,10642,Business,Monthly,1011.32,2.5,2026-06-17,2026-07-17
50643,10643,Professional,Monthly,393.27,0.0,2026-10-01,2026-10-31
50644,10644,Business,Quarterly,759.11,8.0,2021-08-31,2021-11-29
50645,10645,Professional,Quarterly,417.53,11.7,2022-11-17,2023-02-15
50646,10646,Business,Monthly,973.92,18.6,2025-06-24,2025-07-24
50647,10647,Starter,Annual,131.57,15.7,2024-12-11,2025-12-06
50648,10648,Starter,Monthly,129.44,15.9,2025-02-07,2025-03-09
50649,10649,Professional,Monthly,371.58,12.8,2024-11-16,2024-12-16
50650,10650,Professional,Annual,418.8,12.2,2024-11-13,2025-11-08
50651,10651,Business,Annual,864.85,8.6,2022-07-27,2023-07-22
50652,10652,Professional,Monthly,317.81,15.0,2026-06-15,2026-07-15
50653,10653,Business,Quarterly,810.1,5.7,2024-12-02,2025-03-02
50654,10654,Starter,Monthly,117.76,9.5,2024-04-27,2024-05-27
50655,10655,Enterprise,Monthly,2113.65,11.1,2025-07-18,2025-08-17
50656,10656,Professional,Monthly,301.22,15.1,2022-08-22,2022-09-21
50657,10657,Starter,Annual,105.1,6.4,2021-03-11,2022-03-06
50658,10658,Business,Monthly,723.97,22.1,2024-10-25,2024-11-24
50659,10659,Enterprise,Quarterly,2392.92,28.1,2025-07-08,2025-10-06
50660,10660,Enterprise,Monthly,2381.67,0.0,2025-03-19,2025-04-18
50661,10661,Starter,Monthly,104.86,13.4,2022-04-12,2022-05-12
50662,10662,Business,Annual,816.27,18.9,2022-07-11,2023-07-06
50663,10663,Professional,Monthly,332.17,6.1,2023-06-13,2023-07-13
50664,10664,Business,Monthly,857.45,14.3,2023-04-16,2023-05-16
50665,10665,Professional,Monthly,341.44,5.7,2024-08-03,2024-09-02
50666,10666,Professional,Monthly,398.01,5.7,2022-09-10,2022-10-10
50667,10667,Business,Quarterly,985.1,9.1,2024-08-10,2024-11-08
50668,10668,Business,Quarterly,783.8,2.9,2025-02-13,2025-05-14
50669,10669,Business,Quarterly,758.5,8.4,2021-05-14,2021-08-12
50670,10670,Business,Quarterly,972.19,2.9,2021-01-08,2021-04-08
50671,10671,Business,Monthly,871.7,10.0,2026-09-07,2026-10-07
50672,10672,Starter,Monthly,115.62,10.4,2023-02-22,2023-03-24
50673,10673,Business,Annual,737.79,11.5,2024-08-26,2025-08-21
50674,10674,Professional,Quarterly,371.75,13.1,2022-06-25,2022-09-23
50675,10675,Professional,Monthly,322.95,11.8,2023-11-24,2023-12-24
50676,10676,Business,Monthly,733.71,15.8,2026-08-17,2026-09-16
50677,10677,Business,Quarterly,854.83,5.8,2026-09-19,2026-12-18
50678,10678,Enterprise,Monthly,2329.8,16.6,2023-06-28,2023-07-28
50679,10679,Professional,Annual,318.49,12.9,2024-08-13,2025-08-08
50680,10680,Professional,Monthly,377.3,9.2,2021-11-18,2021-12-18
50681,10681,Enterprise,Annual,2015.44,6.2,2023-01-03,2023-12-29
50682,10682,Professional,Annual,300.04,0.0,2024-11-19,2025-11-14
50683,10683,Business,Annual,766.81,1.9,2024-10-12,2025-10-07
50684,10684,Enterprise,Monthly,2321.99,21.4,2024-09-21,2024-10-21
50685,10685,Business,Monthly,911.5,1.9,2026-08-30,2026-09-29
50686,10686,Enterprise,Quarterly,2535.89,5.1,2026-03-30,2026-06-28
50687,10687,Professional,Monthly,305.14,8.2,2022-07-03,2022-08-02
50688,10688,Starter,Annual,142.02,10.0,2024-07-06,2025-07-01
50689,10689,Starter,Monthly,123.92,7.1,2022-08-28,2022-09-27
50690,10690,Business,Quarterly,795.56,14.4,2025-09-19,2025-12-18
50691,10691,Starter,Annual,117.35,11.6,2025-05-01,2026-04-26
50692,10692,Business,Monthly,739.06,13.8,2022-12-16,2023-01-15
50693,10693,Starter,Annual,106.62,19.6,2023-07-14,2024-07-08
50694,10694,Enterprise,Monthly,2549.45,11.5,2021-02-27,2021-03-29
50695,10695,Starter,Quarterly,106.45,8.3,2022-03-10,2022-06-08
50696,10696,Professional,Annual,304.34,0.0,2025-11-20,2026-11-15
50697,10697,Business,Monthly,900.48,26.0,2022-04-28,2022-05-28
50698,10698,Business,Monthly,836.36,21.9,2022-01-02,2022-02-01
50699,10699,Professional,Monthly,347.23,18.9,2023-06-08,2023-07-08
50700,10700,Enterprise,Monthly,1962.61,11.3,2026-01-27,2026-02-26
50701,10701,Professional,Monthly,302.91,9.2,2024-09-16,2024-10-16
50702,10702,Starter,Monthly,138.36,9.8,2025-09-20,2025-10-20
50703,10703,Professional,Monthly,345.22,12.5,2024-06-12,2024-07-12
50704,10704,Business,Monthly,755.26,15.8,2022-02-15,2022-03-17
50705,10705,Professional,Annual,322.03,4.7,2026-08-23,2027-08-18
50706,10706,Business,Quarterly,753.12,7.4,2025-12-18,2026-03-18
50707,10707,Professional,Monthly,356.07,7.9,2025-12-08,2026-01-07
50708,10708,Starter,Quarterly,135.75,13.8,2022-11-09,2023-02-07
50709,10709,Starter,Annual,118.53,16.9,2022-09-10,2023-09-05
50710,10710,Enterprise,Monthly,2347.32,19.0,2023-03-06,2023-04-05
50711,10711,Business,Annual,923.45,11.8,2022-12-30,2023-12-25
50712,10712,Starter,Quarterly,131.91,22.7,2025-08-21,2025-11-19
50713,10713,Starter,Annual,127.43,10.7,2026-03-01,2027-02-24
50714,10714,Professional,Annual,365.38,22.3,2022-10-01,2023-09-26
50715,10715,Business,Annual,864.82,17.0,2021-07-10,2022-07-05
50716,10716,Starter,Monthly,121.89,7.6,2025-12-07,2026-01-06
50717,10717,Professional,Monthly,338.28,26.2,2023-06-18,2023-07-18
50718,10718,Starter,Quarterly,123.19,0.2,2026-06-20,2026-09-18
50719,10719,Business,Monthly,865.02,20.6,2025-01-29,2025-02-28
50720,10720,Starter,Monthly,115.42,8.6,2024-11-03,2024-12-03
50721,10721,Starter,Monthly,114.65,0.0,2024-12-23,2025-01-22
50722,10722,Business,Monthly,855.21,27.2,2026-04-28,2026-05-28
50723,10723,Professional,Monthly,395.87,12.6,2022-09-30,2022-10-30
50724,10724,Business,Monthly,796.19,8.5,2023-09-26,2023-10-26
50725,10725,Starter,Quarterly,137.51,8.6,2025-03-09,2025-06-07
50726,10726,Professional,Monthly,386.19,17.6,2021-03-04,2021-04-03
50727,10727,Starter,Monthly,113.0,10.8,2021-01-16,2021-02-15
50728,10728,Professional,Monthly,299.19,24.9,2023-04-22,2023-05-22
50729,10729,Starter,Annual,105.23,7.0,2024-01-30,2025-01-24
50730,10730,Starter,Annual,139.08,2.1,2024-05-01,2025-04-26
50731,10731,Professional,Monthly,396.35,12.5,2026-06-20,2026-07-20
50732,10732,Professional,Monthly,344.0,13.0,2023-06-18,2023-07-18
50733,10733,Professional,Annual,305.06,3.2,2025-01-30,2026-01-25
50734,10734,Professional,Annual,396.86,0.7,2024-06-11,2025-06-06
50735,10735,Professional,Monthly,328.77,4.2,2025-02-23,2025-03-25
50736,10736,Starter,Quarterly,142.03,7.5,2022-02-21,2022-05-22
50737,10737,Professional,Monthly,361.55,5.0,2025-04-06,2025-05-06
50738,10738,Starter,Monthly,132.04,19.5,2022-03-27,2022-04-26
50739,10739,Starter,Annual,121.4,8.2,2025-12-29,2026-12-24
50740,10740,Starter,Monthly,103.16,20.1,2021-10-07,2021-11-06
50741,10741,Starter,Annual,104.65,0.0,2021-09-01,2022-08-27
50742,10742,Business,Monthly,1012.85,13.4,2022-11-06,2022-12-06
50743,10743,Professional,Quarterly,348.0,11.7,2021-04-13,2021-07-12
50744,10744,Professional,Monthly,319.94,18.7,2021-04-27,2021-05-27
50745,10745,Business,Monthly,936.79,9.7,2025-02-04,2025-03-06
50746,10746,Enterprise,Monthly,2549.29,3.5,2023-02-02,2023-03-04
50747,10747,Professional,Monthly,330.21,11.8,2025-09-20,2025-10-20
50748,10748,Professional,Monthly,367.46,11.6,2023-02-24,2023-03-26
50749,10749,Enterprise,Monthly,2058.95,5.6,2025-02-01,2025-03-03
50750,10750,Business,Monthly,967.21,8.8,2022-12-08,2023-01-07
50751,10751,Business,Annual,748.32,7.2,2023-03-07,2024-03-01
50752,10752,Professional,Quarterly,343.13,21.9,2022-04-18,2022-07-17
50753,10753,Professional,Monthly,344.04,9.5,2022-11-13,2022-12-13
50754,10754,Professional,Monthly,375.52,9.6,2021-04-04,2021-05-04
50755,10755,Business,Quarterly,775.52,8.5,2023-01-06,2023-04-06
50756,10756,Professional,Annual,355.69,7.8,2026-08-04,2027-07-30
50757,10757,Business,Monthly,886.73,11.8,2026-09-17,2026-10-17
50758,10758,Enterprise,Monthly,2555.98,4.9,2026-03-29,2026-04-28
50759,10759,Professional,Quarterly,362.01,9.2,2025-05-09,2025-08-07
50760,10760,Professional,Monthly,313.66,0.0,2024-02-25,2024-03-26
50761,10761,Business,Monthly,752.65,11.6,2026-07-07,2026-08-06
50762,10762,Starter,Annual,140.81,11.8,2021-02-11,2022-02-06
50763,10763,Enterprise,Monthly,2624.34,2.2,2021-02-10,2021-03-12
50764,10764,Business,Monthly,772.19,14.4,2025-02-19,2025-03-21
50765,10765,Starter,Quarterly,133.56,7.6,2025-08-22,2025-11-20
50766,10766,Professional,Monthly,328.21,20.1,2023-01-14,2023-02-13
50767,10767,Business,Annual,970.29,8.6,2023-12-10,2024-12-04
50768,10768,Starter,Annual,106.06,19.4,2024-12-02,2025-11-27
50769,10769,Starter,Quarterly,120.36,14.5,2021-10-25,2022-01-23
50770,10770,Professional,Quarterly,370.52,1.9,2021-01-16,2021-04-16
50771,10771,Business,Quarterly,976.12,6.3,2023-12-12,2024-03-11
50772,10772,Starter,Annual,137.98,21.6,2021-04-17,2022-04-12
50773,10773,Business,Monthly,777.33,16.1,2021-08-07,2021-09-06
50774,10774,Professional,Monthly,415.97,3.1,2022-01-06,2022-02-05
50775,10775,Starter,Annual,128.82,13.6,2021-09-11,2022-09-06
50776,10776,Professional,Annual,378.2,5.5,2024-11-29,2025-11-24
50777,10777,Professional,Monthly,406.4,7.9,2026-07-02,2026-08-01
50778,10778,Enterprise,Annual,2116.63,20.0,2025-09-19,2026-09-14
50779,10779,Enterprise,Monthly,2189.72,13.5,2024-08-05,2024-09-04
50780,10780,Starter,Quarterly,143.37,1.8,2023-09-12,2023-12-11
50781,10781,Professional,Annual,299.53,10.7,2021-12-16,2022-12-11
50782,10782,Enterprise,Quarterly,2537.71,18.2,2025-01-18,2025-04-18
50783,10783,Professional,Annual,400.71,12.8,2023-05-29,2024-05-23
50784,10784,Professional,Annual,329.65,9.8,2021-11-07,2022-11-02
50785,10785,Starter,Annual,136.51,6.4,2024-01-20,2025-01-14
50786,10786,Business,Annual,820.75,10.3,2024-08-14,2025-08-09
50787,10787,Professional,Monthly,374.55,0.0,2021-10-07,2021-11-06
50788,10788,Professional,Monthly,352.24,10.8,2023-08-25,2023-09-24
50789,10789,Professional,Quarterly,309.91,2.9,2022-11-26,2023-02-24
50790,10790,Starter,Annual,139.61,1.9,2023-06-29,2024-06-23
50791,10791,Starter,Monthly,124.9,12.3,2021-09-28,2021-10-28
50792,10792,Enterprise,Annual,2240.99,11.5,2025-03-21,2026-03-16
50793,10793,Business,Annual,984.15,8.8,2024-01-30,2025-01-24
50794,10794,Professional,Monthly,337.68,9.4,2024-11-12,2024-12-12
50795,10795,Starter,Quarterly,125.95,5.6,2024-08-02,2024-10-31
50796,10796,Professional,Monthly,405.58,0.0,2025-10-20,2025-11-19
50797,10797,Professional,Monthly,339.5,9.4,2023-04-21,2023-05-21
50798,10798,Professional,Annual,394.71,14.2,2025-12-27,2026-12-22
50799,10799,Enterprise,Monthly,2266.07,2.4,2023-10-01,2023-10-31
50800,10800,Starter,Annual,108.63,6.4,2021-08-28,2022-08-23
50801,10801,Business,Monthly,734.58,9.1,2025-06-28,2025-07-28
50802,10802,Professional,Monthly,386.52,8.8,2021-12-27,2022-01-26
50803,10803,Professional,Monthly,329.58,9.9,2023-01-04,2023-02-03
50804,10804,Business,Annual,965.18,10.5,2023-05-02,2024-04-26
50805,10805,Professional,Monthly,320.64,3.1,2023-05-10,2023-06-09
50806,10806,Starter,Annual,125.85,13.3,2022-12-02,2023-11-27
50807,10807,Professional,Monthly,308.95,6.8,2024-09-12,2024-10-12
50808,10808,Enterprise,Monthly,2436.54,14.9,2023-04-03,2023-05-03
50809,10809,Professional,Monthly,391.3,11.0,2025-06-23,2025-07-23
50810,10810,Starter,Monthly,140.49,12.6,2021-04-07,2021-05-07
50811,10811,Business,Monthly,889.5,16.8,2021-11-23,2021-12-23
50812,10812,Starter,Quarterly,106.47,13.1,2023-09-21,2023-12-20
50813,10813,Professional,Monthly,398.9,15.3,2024-07-03,2024-08-02
50814,10814,Professional,Monthly,335.95,20.8,2025-11-02,2025-12-02
50815,10815,Professional,Monthly,407.7,1.4,2023-09-21,2023-10-21
50816,10816,Professional,Monthly,417.28,5.6,2021-11-29,2021-12-29
50817,10817,Business,Annual,761.92,6.3,2024-03-26,2025-03-21
50818,10818,Starter,Monthly,105.48,19.1,2026-05-19,2026-06-18
50819,10819,Professional,Monthly,407.46,9.8,2021-04-09,2021-05-09
50820,10820,Starter,Annual,139.75,5.0,2021-09-01,2022-08-27
50821,10821,Professional,Monthly,369.19,3.1,2025-02-09,2025-03-11
50822,10822,Starter,Monthly,139.3,15.1,2025-01-04,2025-02-03
50823,10823,Starter,Quarterly,141.08,12.3,2024-10-30,2025-01-28
50824,10824,Professional,Annual,365.54,0.0,2022-01-02,2022-12-28
50825,10825,Starter,Quarterly,130.83,5.8,2025-01-21,2025-04-21
50826,10826,Professional,Monthly,372.66,0.0,2023-11-14,2023-12-14
50827,10827,Professional,Monthly,318.89,15.8,2021-10-10,2021-11-09
50828,10828,Professional,Monthly,350.94,10.2,2024-08-08,2024-09-07
50829,10829,Starter,Annual,130.62,8.8,2024-10-18,2025-10-13
50830,10830,Starter,Annual,127.63,0.0,2025-10-04,2026-09-29
50831,10831,Professional,Monthly,323.85,5.5,2022-02-26,2022-03-28
50832,10832,Business,Monthly,993.15,14.3,2024-06-20,2024-07-20
50833,10833,Professional,Monthly,393.55,7.9,2024-10-09,2024-11-08
50834,10834,Enterprise,Annual,1922.71,6.3,2024-11-12,2025-11-07
50835,10835,Enterprise,Quarterly,2134.94,21.7,2022-04-20,2022-07-19
50836,10836,Starter,Annual,143.81,0.0,2026-09-15,2027-09-10
50837,10837,Starter,Monthly,118.37,5.5,2021-12-24,2022-01-23
50838,10838,Business,Annual,919.87,4.1,2022-07-12,2023-07-07
50839,10839,Starter,Monthly,106.23,13.9,2024-09-12,2024-10-12
50840,10840,Professional,Monthly,335.59,11.9,2023-12-04,2024-01-03
50841,10841,Enterprise,Monthly,2549.18,9.4,2023-01-08,2023-02-07
50842,10842,Business,Annual,874.39,2.2,2021-01-25,2022-01-20
50843,10843,Starter,Monthly,136.65,11.8,2022-10-02,2022-11-01
50844,10844,Business,Monthly,724.78,0.0,2025-04-24,2025-05-24
50845,10845,Professional,Annual,379.1,7.5,2024-04-23,2025-04-18
50846,10846,Enterprise,Annual,2100.94,5.9,2021-06-23,2022-06-18
50847,10847,Starter,Annual,138.15,16.1,2024-11-18,2025-11-13
50848,10848,Professional,Monthly,413.15,14.0,2021-07-05,2021-08-04
50849,10849,Business,Annual,927.07,13.9,2024-07-28,2025-07-23
50850,10850,Starter,Quarterly,108.14,11.1,2023-09-28,2023-12-27
50851,10851,Starter,Annual,121.66,18.8,2024-08-11,2025-08-06
50852,10852,Starter,Annual,121.51,15.4,2022-06-12,2023-06-07
50853,10853,Professional,Monthly,399.21,2.6,2022-11-15,2022-12-15
50854,10854,Enterprise,Monthly,2224.67,6.8,2025-04-17,2025-05-17
50855,10855,Starter,Quarterly,115.97,14.3,2022-07-29,2022-10-27
50856,10856,Starter,Annual,127.68,11.6,2026-07-28,2027-07-23
50857,10857,Professional,Monthly,376.77,9.7,2026-02-28,2026-03-30
50858,10858,Starter,Monthly,136.02,12.5,2024-08-17,2024-09-16
50859,10859,Professional,Annual,407.8,0.0,2021-11-05,2022-10-31
50860,10860,Professional,Quarterly,406.52,12.8,2024-04-27,2024-07-26
50861,10861,Professional,Annual,374.27,17.9,2026-01-16,2027-01-11
50862,10862,Starter,Quarterly,124.02,15.2,2024-12-05,2025-03-05
50863,10863,Starter,Monthly,135.65,28.6,2022-06-22,2022-07-22
50864,10864,Business,Annual,813.77,13.2,2023-05-08,2024-05-02
50865,10865,Starter,Quarterly,133.83,9.0,2025-04-24,2025-07-23
50866,10866,Business,Quarterly,873.07,20.8,2021-07-12,2021-10-10
50867,10867,Business,Annual,759.29,3.8,2024-04-01,2025-03-27
50868,10868,Starter,Quarterly,133.62,6.7,2021-02-22,2021-05-23
50869,10869,Enterprise,Monthly,2369.32,9.4,2022-04-20,2022-05-20
50870,10870,Starter,Monthly,105.46,4.2,2021-06-23,2021-07-23
50871,10871,Business,Annual,856.48,14.7,2024-05-04,2025-04-29
50872,10872,Professional,Monthly,357.1,16.1,2025-12-19,2026-01-18
50873,10873,Starter,Monthly,129.45,6.6,2022-12-01,2022-12-31
50874,10874,Enterprise,Annual,2392.44,12.3,2022-04-02,2023-03-28
50875,10875,Enterprise,Monthly,2016.71,12.1,2024-09-16,2024-10-16
50876,10876,Professional,Monthly,301.63,12.5,2025-02-27,2025-03-29
50877,10877,Professional,Monthly,394.77,8.2,2021-06-08,2021-07-08
50878,10878,Enterprise,Annual,2625.83,4.9,2026-01-12,2027-01-07
50879,10879,Professional,Quarterly,412.73,19.8,2022-05-31,2022-08-29
50880,10880,Starter,Monthly,123.03,4.8,2023-10-23,2023-11-22
50881,10881,Professional,Annual,362.29,7.6,2022-10-21,2023-10-16
50882,10882,Business,Monthly,999.35,16.9,2022-11-09,2022-12-09
50883,10883,Business,Monthly,884.38,9.8,2021-11-11,2021-12-11
50884,10884,Enterprise,Monthly,2083.8,25.8,2021-10-03,2021-11-02
50885,10885,Starter,Annual,130.46,3.3,2022-03-28,2023-03-23
50886,10886,Business,Quarterly,864.47,4.4,2025-05-08,2025-08-06
50887,10887,Starter,Monthly,134.97,8.3,2022-05-01,2022-05-31
50888,10888,Business,Quarterly,955.53,16.0,2024-02-05,2024-05-05
50889,10889,Professional,Monthly,412.15,10.5,2022-07-21,2022-08-20
50890,10890,Starter,Annual,107.79,13.8,2021-09-03,2022-08-29
50891,10891,Business,Monthly,877.6,21.3,2023-06-08,2023-07-08
50892,10892,Starter,Quarterly,135.01,0.0,2021-01-01,2021-04-01
50893,10893,Professional,Quarterly,350.77,0.0,2021-05-31,2021-08-29
50894,10894,Professional,Quarterly,374.29,5.6,2025-11-03,2026-02-01
50895,10895,Business,Monthly,965.57,8.9,2025-02-19,2025-03-21
50896,10896,Professional,Monthly,355.49,0.8,2024-06-02,2024-07-02
50897,10897,Starter,Annual,119.15,19.2,2024-02-03,2025-01-28
50898,10898,Starter,Monthly,109.58,10.9,2023-09-26,2023-10-26
50899,10899,Professional,Annual,398.51,19.0,2022-11-29,2023-11-24
50900,10900,Starter,Monthly,135.42,9.3,2023-12-25,2024-01-24
50901,10901,Business,Monthly,943.59,9.3,2024-05-15,2024-06-14
50902,10902,Enterprise,Quarterly,2172.85,2.8,2022-11-17,2023-02-15
50903,10903,Professional,Monthly,368.94,9.8,2023-07-17,2023-08-16
50904,10904,Business,Annual,759.39,18.1,2026-01-17,2027-01-12
50905,10905,Professional,Annual,336.64,14.0,2025-09-29,2026-09-24
50906,10906,Professional,Annual,350.85,14.5,2023-01-10,2024-01-05
50907,10907,Starter,Quarterly,103.83,6.7,2021-09-28,2021-12-27
50908,10908,Professional,Monthly,310.19,3.5,2026-05-27,2026-06-26
50909,10909,Enterprise,Quarterly,2508.89,5.7,2022-12-12,2023-03-12
50910,10910,Business,Annual,1011.43,13.3,2021-11-21,2022-11-16
50911,10911,Enterprise,Monthly,2117.93,2.5,2023-09-17,2023-10-17
50912,10912,Enterprise,Annual,1952.19,8.4,2025-03-31,2026-03-26
50913,10913,Starter,Quarterly,141.29,4.5,2023-03-09,2023-06-07
50914,10914,Starter,Annual,140.4,3.3,2026-02-13,2027-02-08
50915,10915,Professional,Quarterly,377.7,16.1,2023-12-29,2024-03-28
50916,10916,Business,Annual,823.23,10.4,2021-07-31,2022-07-26
50917,10917,Professional,Monthly,311.29,17.4,2025-05-01,2025-05-31
50918,10918,Business,Monthly,1002.0,7.6,2024-12-14,2025-01-13
50919,10919,Business,Quarterly,996.31,17.1,2021-02-17,2021-05-18
50920,10920,Professional,Quarterly,388.54,14.9,2021-08-19,2021-11-17
50921,10921,Starter,Annual,141.22,4.5,2022-08-02,2023-07-28
50922,10922,Starter,Monthly,107.87,17.2,2024-01-18,2024-02-17
50923,10923,Professional,Annual,310.88,4.6,2025-10-21,2026-10-16
50924,10924,Enterprise,Quarterly,2017.87,19.5,2026-10-01,2026-12-30
50925,10925,Professional,Quarterly,323.9,20.4,2022-02-26,2022-05-27
50926,10926,Professional,Monthly,398.83,12.1,2022-09-03,2022-10-03
50927,10927,Enterprise,Quarterly,2579.74,9.3,2022-03-22,2022-06-20
50928,10928,Starter,Quarterly,111.05,2.8,2023-08-19,2023-11-17
50929,10929,Starter,Monthly,121.43,25.2,2021-05-11,2021-06-10
50930,10930,Professional,Quarterly,353.17,0.2,2025-07-30,2025-10-28
50931,10931,Professional,Monthly,319.29,0.4,2021-12-02,2022-01-01
50932,10932,Enterprise,Quarterly,2527.08,4.8,2024-02-15,2024-05-15
50933,10933,Starter,Quarterly,123.94,13.1,2023-10-22,2024-01-20
50934,10934,Professional,Annual,366.86,0.0,2025-07-11,2026-07-06
50935,10935,Professional,Monthly,329.16,3.9,2022-06-22,2022-07-22
50936,10936,Professional,Monthly,366.0,9.0,2022-05-11,2022-06-10
50937,10937,Starter,Annual,135.29,22.3,2022-05-23,2023-05-18
50938,10938,Business,Monthly,813.22,7.6,2022-11-12,2022-12-12
50939,10939,Professional,Annual,311.38,8.3,2023-02-20,2024-02-15
50940,10940,Business,Monthly,896.25,19.0,2023-01-30,2023-03-01
50941,10941,Professional,Annual,375.39,8.4,2021-05-08,2022-05-03
50942,10942,Professional,Monthly,322.25,0.0,2024-07-16,2024-08-15
50943,10943,Business,Monthly,796.37,13.1,2023-08-24,2023-09-23
50944,10944,Starter,Annual,108.43,0.0,2022-07-14,2023-07-09
50945,10945,Starter,Monthly,140.7,10.3,2024-05-07,2024-06-06
50946,10946,Professional,Monthly,323.59,16.4,2023-07-13,2023-08-12
50947,10947,Business,Quarterly,725.66,7.0,2025-06-16,2025-09-14
50948,10948,Professional,Annual,400.42,6.2,2023-12-08,2024-12-02
50949,10949,Professional,Monthly,395.9,17.2,2022-06-25,2022-07-25
50950,10950,Starter,Annual,121.17,9.2,2024-04-14,2025-04-09
50951,10951,Starter,Annual,135.48,6.7,2022-05-26,2023-05-21
50952,10952,Starter,Monthly,120.88,11.1,2026-08-29,2026-09-28
50953,10953,Enterprise,Monthly,2042.88,21.0,2021-12-21,2022-01-20
50954,10954,Business,Monthly,849.25,5.4,2021-12-11,2022-01-10
50955,10955,Starter,Quarterly,122.45,9.4,2023-12-20,2024-03-19
50956,10956,Starter,Quarterly,102.38,0.0,2025-11-26,2026-02-24
50957,10957,Starter,Monthly,106.76,18.4,2021-05-27,2021-06-26
50958,10958,Starter,Quarterly,138.74,4.3,2022-02-03,2022-05-04
50959,10959,Business,Monthly,839.25,12.0,2025-09-20,2025-10-20
50960,10960,Professional,Monthly,338.1,21.5,2024-12-05,2025-01-04
50961,10961,Starter,Annual,139.31,11.1,2022-08-10,2023-08-05
50962,10962,Professional,Annual,316.43,19.4,2024-07-18,2025-07-13
50963,10963,Starter,Monthly,111.11,17.5,2025-03-23,2025-04-22
50964,10964,Professional,Annual,398.92,12.8,2025-12-10,2026-12-05
50965,10965,Business,Annual,805.7,0.0,2026-07-29,2027-07-24
50966,10966,Professional,Monthly,375.07,0.0,2024-11-28,2024-12-28
50967,10967,Starter,Monthly,133.06,19.0,2023-01-08,2023-02-07
50968,10968,Professional,Annual,324.78,12.7,2025-11-13,2026-11-08
50969,10969,Business,Annual,797.89,12.3,2022-01-15,2023-01-10
50970,10970,Starter,Annual,123.68,6.8,2024-04-18,2025-04-13
50971,10971,Starter,Monthly,135.27,7.2,2025-07-20,2025-08-19
50972,10972,Professional,Monthly,365.41,8.6,2024-07-30,2024-08-29
50973,10973,Professional,Monthly,305.75,6.9,2021-12-22,2022-01-21
50974,10974,Starter,Monthly,116.74,12.6,2021-01-16,2021-02-15
50975,10975,Starter,Monthly,115.89,14.8,2021-11-11,2021-12-11
50976,10976,Starter,Quarterly,135.92,3.3,2023-11-06,2024-02-04
50977,10977,Professional,Monthly,332.98,15.6,2025-01-26,2025-02-25
50978,10978,Starter,Monthly,139.85,10.9,2022-11-25,2022-12-25
50979,10979,Business,Annual,822.16,9.3,2021-03-10,2022-03-05
50980,10980,Professional,Monthly,321.28,11.8,2022-02-15,2022-03-17
50981,10981,Professional,Monthly,363.64,2.5,2023-07-08,2023-08-07
50982,10982,Professional,Quarterly,344.83,5.5,2023-01-10,2023-04-10
50983,10983,Business,Monthly,915.16,0.0,2025-01-30,2025-03-01
50984,10984,Enterprise,Annual,2575.1,12.4,2021-09-30,2022-09-25
50985,10985,Business,Annual,1002.38,9.8,2022-04-04,2023-03-30
50986,10986,Professional,Quarterly,325.35,8.9,2023-03-31,2023-06-29
50987,10987,Business,Annual,770.78,8.6,2024-04-11,2025-04-06
50988,10988,Professional,Monthly,412.64,12.9,2023-05-11,2023-06-10
50989,10989,Professional,Monthly,397.02,5.2,2026-05-28,2026-06-27
50990,10990,Starter,Monthly,112.99,11.7,2025-03-25,2025-04-24
50991,10991,Professional,Annual,396.11,17.3,2023-03-06,2024-02-29
50992,10992,Starter,Quarterly,133.12,0.0,2023-03-16,2023-06-14
50993,10993,Starter,Monthly,112.65,8.2,2024-01-01,2024-01-31
50994,10994,Starter,Quarterly,140.04,4.2,2026-03-06,2026-06-04
50995,10995,Enterprise,Monthly,2117.79,17.7,2023-04-20,2023-05-20
50996,10996,Starter,Quarterly,122.17,12.8,2022-08-26,2022-11-24
50997,10997,Professional,Monthly,372.13,15.1,2024-12-03,2025-01-02
50998,10998,Enterprise,Quarterly,2017.27,15.1,2026-01-08,2026-04-08
50999,10999,Professional,Annual,372.38,22.0,2022-01-02,2022-12-28
51000,11000,Professional,Monthly,384.02,12.3,2021-09-13,2021-10-13
51001,11001,Business,Annual,752.71,4.0,2024-09-20,2025-09-15
51002,11002,Professional,Monthly,343.97,13.1,2022-11-21,2022-12-21
51003,11003,Starter,Monthly,127.71,7.0,2021-11-04,2021-12-04
51004,11004,Business,Quarterly,998.05,12.7,2026-07-29,2026-10-27
51005,11005,Starter,Annual,139.42,10.2,2025-08-24,2026-08-19
51006,11006,Business,Monthly,772.98,3.9,2022-02-13,2022-03-15
51007,11007,Starter,Annual,127.64,8.5,2023-04-06,2024-03-31
51008,11008,Professional,Quarterly,309.51,0.0,2024-04-06,2024-07-05
51009,11009,Professional,Annual,333.5,7.5,2026-08-13,2027-08-08
51010,11010,Enterprise,Annual,2329.9,8.8,2025-04-01,2026-03-27
51011,11011,Professional,Quarterly,307.47,1.0,2021-04-08,2021-07-07
51012,11012,Enterprise,Quarterly,2554.42,6.8,2025-11-10,2026-02-08
51013,11013,Professional,Quarterly,399.05,23.4,2025-03-26,2025-06-24
51014,11014,Business,Annual,863.33,13.7,2021-11-17,2022-11-12
51015,11015,Professional,Monthly,357.74,0.8,2022-06-18,2022-07-18
51016,11016,Starter,Annual,139.02,7.1,2024-04-22,2025-04-17
51017,11017,Business,Annual,737.51,2.7,2022-02-21,2023-02-16
51018,11018,Starter,Quarterly,108.04,15.9,2024-05-22,2024-08-20
51019,11019,Professional,Monthly,335.23,4.3,2023-04-28,2023-05-28
51020,11020,Business,Annual,830.9,6.6,2022-11-01,2023-10-27
51021,11021,Enterprise,Monthly,2630.33,16.8,2026-04-28,2026-05-28
51022,11022,Professional,Annual,315.56,12.3,2023-01-11,2024-01-06
51023,11023,Professional,Monthly,334.63,8.8,2021-01-23,2021-02-22
51024,11024,Professional,Annual,398.92,10.2,2025-07-13,2026-07-08
51025,11025,Business,Monthly,955.85,4.9,2022-04-05,2022-05-05
51026,11026,Enterprise,Annual,2374.21,20.8,2022-10-12,2023-10-07
51027,11027,Professional,Quarterly,337.75,2.7,2022-04-27,2022-07-26
51028,11028,Professional,Quarterly,311.93,12.9,2021-04-30,2021-07-29
51029,11029,Starter,Monthly,143.31,14.2,2022-11-04,2022-12-04
51030,11030,Starter,Annual,112.56,21.4,2026-02-28,2027-02-23
51031,11031,Business,Monthly,973.78,8.8,2021-11-14,2021-12-14
51032,11032,Enterprise,Annual,2559.16,2.7,2023-05-18,2024-05-12
51033,11033,Business,Quarterly,853.67,12.5,2022-01-29,2022-04-29
51034,11034,Enterprise,Monthly,2525.14,3.7,2023-08-29,2023-09-28
51035,11035,Professional,Quarterly,331.68,5.0,2021-11-09,2022-02-07
51036,11036,Professional,Quarterly,406.51,0.7,2024-07-06,2024-10-04
51037,11037,Professional,Annual,375.41,4.3,2026-08-24,2027-08-19
51038,11038,Professional,Monthly,321.31,8.4,2021-03-18,2021-04-17
51039,11039,Professional,Annual,393.85,2.6,2022-02-13,2023-02-08
51040,11040,Professional,Quarterly,409.43,6.1,2023-01-14,2023-04-14
51041,11041,Professional,Monthly,367.38,14.7,2022-03-09,2022-04-08
51042,11042,Business,Quarterly,948.71,11.9,2025-01-18,2025-04-18
51043,11043,Business,Monthly,958.95,15.7,2025-08-05,2025-09-04
51044,11044,Business,Monthly,956.75,15.2,2026-01-06,2026-02-05
51045,11045,Professional,Monthly,353.17,11.2,2023-09-15,2023-10-15
51046,11046,Professional,Annual,388.14,7.8,2025-03-02,2026-02-25
51047,11047,Starter,Monthly,125.04,9.8,2025-04-03,2025-05-03
51048,11048,Starter,Annual,119.42,4.9,2023-01-25,2024-01-20
51049,11049,Professional,Monthly,317.81,2.4,2022-11-07,2022-12-07
51050,11050,Starter,Monthly,140.18,15.9,2023-04-12,2023-05-12
51051,11051,Professional,Monthly,348.33,15.2,2024-01-25,2024-02-24
51052,11052,Professional,Annual,326.85,12.5,2021-01-28,2022-01-23
51053,11053,Starter,Monthly,112.18,8.6,2024-06-07,2024-07-07
51054,11054,Professional,Monthly,327.16,11.7,2022-02-20,2022-03-22
51055,11055,Starter,Monthly,102.1,16.3,2026-09-04,2026-10-04
51056,11056,Starter,Monthly,120.41,1.4,2025-09-07,2025-10-07
51057,11057,Starter,Annual,139.41,8.9,2022-06-26,2023-06-21
51058,11058,Starter,Annual,103.06,18.5,2021-06-14,2022-06-09
51059,11059,Professional,Monthly,414.68,11.0,2023-09-12,2023-10-12
51060,11060,Professional,Monthly,319.44,15.4,2022-01-08,2022-02-07
51061,11061,Professional,Annual,385.56,21.8,2022-09-10,2023-09-05
51062,11062,Starter,Monthly,134.98,18.6,2021-03-10,2021-04-09
51063,11063,Starter,Annual,132.87,1.3,2025-03-24,2026-03-19
51064,11064,Business,Monthly,823.4,17.9,2025-07-17,2025-08-16
51065,11065,Professional,Monthly,383.72,12.7,2021-04-11,2021-05-11
51066,11066,Professional,Monthly,355.44,17.6,2021-01-01,2021-01-31
51067,11067,Professional,Annual,316.14,0.0,2026-08-17,2027-08-12
51068,11068,Enterprise,Monthly,2024.72,15.0,2021-11-14,2021-12-14
51069,11069,Professional,Monthly,300.69,12.4,2026-02-22,2026-03-24
51070,11070,Professional,Monthly,338.17,13.0,2021-07-05,2021-08-04
51071,11071,Starter,Monthly,132.58,2.2,2022-12-29,2023-01-28
51072,11072,Professional,Monthly,416.21,12.0,2021-12-09,2022-01-08
51073,11073,Professional,Monthly,313.86,14.5,2022-12-14,2023-01-13
51074,11074,Starter,Annual,116.84,20.9,2021-05-16,2022-05-11
51075,11075,Starter,Monthly,109.62,13.5,2026-04-07,2026-05-07
51076,11076,Enterprise,Monthly,2455.88,14.2,2022-01-18,2022-02-17
51077,11077,Business,Annual,996.08,10.1,2021-07-05,2022-06-30
51078,11078,Business,Annual,756.42,0.8,2023-07-17,2024-07-11
51079,11079,Business,Quarterly,991.32,15.2,2023-08-22,2023-11-20
51080,11080,Starter,Quarterly,113.4,10.3,2022-07-15,2022-10-13
51081,11081,Business,Annual,788.86,19.7,2024-04-04,2025-03-30
51082,11082,Starter,Monthly,104.38,5.0,2023-06-17,2023-07-17
51083,11083,Professional,Quarterly,307.36,14.2,2026-04-13,2026-07-12
51084,11084,Business,Monthly,743.09,8.8,2026-01-12,2026-02-11
51085,11085,Starter,Monthly,120.75,19.3,2025-09-09,2025-10-09
51086,11086,Business,Monthly,918.45,5.7,2025-10-05,2025-11-04
51087,11087,Professional,Annual,320.09,11.2,2024-03-26,2025-03-21
51088,11088,Professional,Annual,324.16,8.8,2023-05-08,2024-05-02
51089,11089,Enterprise,Quarterly,2003.13,18.4,2021-10-12,2022-01-10
51090,11090,Business,Monthly,962.45,13.3,2025-07-06,2025-08-05
51091,11091,Starter,Quarterly,107.76,0.0,2022-10-28,2023-01-26
51092,11092,Professional,Annual,306.49,3.2,2024-10-25,2025-10-20
51093,11093,Professional,Quarterly,302.0,0.0,2026-07-18,2026-10-16
51094,11094,Starter,Quarterly,103.69,14.7,2023-07-19,2023-10-17
51095,11095,Business,Monthly,885.14,0.0,2021-08-02,2021-09-01
51096,11096,Starter,Quarterly,105.95,13.9,2021-10-31,2022-01-29
51097,11097,Starter,Monthly,111.34,7.9,2024-11-04,2024-12-04
51098,11098,Starter,Quarterly,136.97,18.6,2021-07-19,2021-10-17
51099,11099,Professional,Annual,416.09,3.5,2022-11-02,2023-10-28
51100,11100,Starter,Monthly,138.16,6.6,2025-09-25,2025-10-25
51101,11101,Professional,Monthly,415.05,11.1,2024-06-03,2024-07-03
51102,11102,Professional,Annual,379.63,2.4,2023-05-29,2024-05-23
51103,11103,Professional,Annual,418.43,9.6,2021-09-08,2022-09-03
51104,11104,Starter,Monthly,122.85,3.2,2022-05-13,2022-06-12
51105,11105,Professional,Monthly,394.85,14.0,2026-06-11,2026-07-11
51106,11106,Professional,Monthly,416.53,14.9,2023-09-05,2023-10-05
51107,11107,Professional,Monthly,384.39,17.0,2023-02-23,2023-03-25
51108,11108,Starter,Annual,142.18,2.7,2022-06-23,2023-06-18
51109,11109,Starter,Monthly,112.65,16.2,2023-06-20,2023-07-20
51110,11110,Starter,Annual,114.61,0.0,2025-01-06,2026-01-01
51111,11111,Business,Annual,840.68,1.2,2021-07-29,2022-07-24
51112,11112,Starter,Monthly,121.51,12.0,2025-09-30,2025-10-30
51113,11113,Professional,Monthly,407.43,0.8,2022-05-06,2022-06-05
51114,11114,Professional,Annual,406.26,18.1,2025-09-06,2026-09-01
51115,11115,Enterprise,Annual,2376.63,15.9,2025-10-20,2026-10-15
51116,11116,Business,Monthly,791.61,25.7,2026-04-03,2026-05-03
51117,11117,Enterprise,Quarterly,2055.09,7.0,2026-07-28,2026-10-26
51118,11118,Business,Annual,910.44,13.6,2026-04-14,2027-04-09
51119,11119,Professional,Monthly,359.17,10.7,2025-01-26,2025-02-25
51120,11120,Business,Monthly,799.41,9.3,2026-06-27,2026-07-27
51121,11121,Professional,Monthly,318.11,20.2,2025-02-09,2025-03-11
51122,11122,Professional,Annual,386.02,8.0,2021-07-17,2022-07-12
51123,11123,Professional,Monthly,397.12,10.4,2026-05-22,2026-06-21
51124,11124,Professional,Monthly,329.51,13.9,2022-06-05,2022-07-05
51125,11125,Business,Monthly,848.91,16.8,2025-03-03,2025-04-02
51126,11126,Starter,Annual,131.97,5.4,2025-03-15,2026-03-10
51127,11127,Starter,Monthly,121.71,17.3,2025-09-10,2025-10-10
51128,11128,Business,Annual,1008.47,14.9,2024-09-10,2025-09-05
51129,11129,Professional,Monthly,313.38,10.5,2022-11-19,2022-12-19
51130,11130,Business,Annual,976.67,7.4,2022-04-12,2023-04-07
51131,11131,Enterprise,Annual,2105.68,19.8,2022-08-19,2023-08-14
51132,11132,Starter,Monthly,130.86,19.6,2021-05-19,2021-06-18
51133,11133,Starter,Monthly,112.66,3.4,2023-10-12,2023-11-11
51134,11134,Professional,Monthly,415.89,0.4,2021-08-30,2021-09-29
51135,11135,Business,Monthly,737.41,10.2,2023-01-03,2023-02-02
51136,11136,Starter,Annual,123.57,1.8,2021-05-15,2022-05-10
51137,11137,Starter,Monthly,140.24,5.2,2025-02-19,2025-03-21
51138,11138,Starter,Quarterly,121.73,1.9,2025-12-24,2026-03-24
51139,11139,Professional,Monthly,400.44,16.9,2023-01-28,2023-02-27
51140,11140,Professional,Monthly,413.85,4.8,2022-02-21,2022-03-23
51141,11141,Business,Monthly,742.68,7.4,2021-07-26,2021-08-25
51142,11142,Business,Monthly,867.92,14.9,2025-07-02,2025-08-01
51143,11143,Business,Monthly,926.71,18.1,2021-11-07,2021-12-07
51144,11144,Professional,Quarterly,399.44,6.8,2024-08-24,2024-11-22
51145,11145,Professional,Monthly,317.49,15.6,2024-10-31,2024-11-30
51146,11146,Professional,Annual,366.93,17.0,2025-03-31,2026-03-26
51147,11147,Professional,Annual,317.46,2.8,2021-03-24,2022-03-19
51148,11148,Starter,Annual,133.73,17.4,2025-05-20,2026-05-15
51149,11149,Business,Annual,807.18,14.4,2025-01-15,2026-01-10
51150,11150,Professional,Annual,330.43,2.2,2023-10-24,2024-10-18
51151,11151,Starter,Monthly,134.33,11.8,2025-01-19,2025-02-18
51152,11152,Starter,Monthly,137.36,2.0,2025-07-23,2025-08-22
51153,11153,Starter,Quarterly,116.42,5.9,2025-11-18,2026-02-16
51154,11154,Starter,Monthly,123.05,7.8,2026-09-09,2026-10-09
51155,11155,Professional,Annual,382.45,16.5,2025-05-26,2026-05-21
51156,11156,Professional,Monthly,388.78,11.7,2023-09-09,2023-10-09
51157,11157,Starter,Annual,134.34,12.6,2022-08-28,2023-08-23
51158,11158,Professional,Quarterly,345.32,5.9,2021-08-26,2021-11-24
51159,11159,Enterprise,Annual,2282.98,8.7,2023-01-01,2023-12-27
51160,11160,Starter,Annual,106.6,0.0,2024-09-04,2025-08-30
51161,11161,Starter,Monthly,141.84,13.3,2026-06-18,2026-07-18
51162,11162,Professional,Monthly,383.42,12.0,2024-09-22,2024-10-22
51163,11163,Professional,Annual,343.51,16.3,2026-09-10,2027-09-05
51164,11164,Professional,Annual,345.23,15.3,2023-09-05,2024-08-30
51165,11165,Professional,Annual,308.58,0.0,2023-07-04,2024-06-28
51166,11166,Business,Annual,858.43,5.2,2025-06-26,2026-06-21
51167,11167,Business,Monthly,922.72,25.4,2025-06-17,2025-07-17
51168,11168,Enterprise,Quarterly,2603.47,10.8,2026-06-05,2026-09-03
51169,11169,Professional,Annual,376.83,20.3,2022-08-06,2023-08-01
51170,11170,Enterprise,Monthly,2371.05,10.1,2022-04-05,2022-05-05
51171,11171,Business,Monthly,956.46,7.7,2021-05-16,2021-06-15
51172,11172,Business,Monthly,874.17,2.3,2026-05-31,2026-06-30
51173,11173,Professional,Quarterly,301.44,11.4,2023-09-05,2023-12-04
51174,11174,Enterprise,Quarterly,2555.19,6.6,2021-10-11,2022-01-09
51175,11175,Enterprise,Quarterly,2179.9,15.3,2021-01-17,2021-04-17
51176,11176,Starter,Monthly,143.36,18.2,2024-05-23,2024-06-22
51177,11177,Professional,Monthly,347.28,3.6,2024-11-23,2024-12-23
51178,11178,Enterprise,Annual,2384.62,4.3,2024-06-21,2025-06-16
51179,11179,Professional,Annual,353.83,10.0,2026-08-16,2027-08-11
51180,11180,Starter,Monthly,111.76,6.8,2023-02-19,2023-03-21
51181,11181,Starter,Monthly,141.09,9.3,2025-06-28,2025-07-28
51182,11182,Professional,Annual,374.33,10.7,2022-02-24,2023-02-19
51183,11183,Business,Monthly,856.53,21.1,2026-01-01,2026-01-31
51184,11184,Starter,Monthly,108.06,14.7,2023-05-10,2023-06-09
51185,11185,Business,Quarterly,1019.73,20.0,2021-07-26,2021-10-24
51186,11186,Business,Quarterly,988.81,3.5,2026-08-03,2026-11-01
51187,11187,Starter,Monthly,119.76,14.5,2021-04-25,2021-05-25
51188,11188,Starter,Annual,109.2,20.6,2021-07-30,2022-07-25
51189,11189,Business,Monthly,731.33,9.7,2021-05-12,2021-06-11
51190,11190,Enterprise,Monthly,1986.91,10.3,2024-10-29,2024-11-28
51191,11191,Starter,Monthly,124.45,7.5,2021-06-03,2021-07-03
51192,11192,Business,Annual,965.2,12.2,2023-07-09,2024-07-03
51193,11193,Professional,Annual,342.03,0.0,2024-12-17,2025-12-12
51194,11194,Starter,Monthly,120.23,14.1,2023-08-10,2023-09-09
51195,11195,Business,Monthly,863.3,9.9,2024-10-21,2024-11-20
51196,11196,Professional,Monthly,299.65,0.0,2025-09-14,2025-10-14
51197,11197,Business,Monthly,775.17,15.0,2021-05-27,2021-06-26
51198,11198,Professional,Quarterly,358.86,18.8,2025-12-23,2026-03-23
51199,11199,Business,Annual,805.62,9.0,2022-12-16,2023-12-11
51200,11200,Starter,Monthly,123.98,10.5,2025-05-16,2025-06-15
51201,11201,Professional,Annual,310.74,0.4,2025-03-04,2026-02-27
51202,11202,Professional,Annual,395.84,1.3,2023-06-26,2024-06-20
51203,11203,Starter,Monthly,134.92,11.6,2025-07-05,2025-08-04
51204,11204,Business,Monthly,921.78,0.0,2025-09-21,2025-10-21
51205,11205,Starter,Monthly,124.32,5.2,2026-07-24,2026-08-23
51206,11206,Professional,Quarterly,345.26,0.8,2025-07-18,2025-10-16
51207,11207,Business,Quarterly,925.59,7.1,2023-04-09,2023-07-08
51208,11208,Professional,Quarterly,393.27,15.9,2024-08-30,2024-11-28
51209,11209,Professional,Monthly,396.55,8.9,2021-01-11,2021-02-10
51210,11210,Business,Monthly,825.91,16.2,2025-03-09,2025-04-08
51211,11211,Professional,Annual,321.26,8.9,2022-01-13,2023-01-08
51212,11212,Starter,Annual,116.36,16.0,2021-12-27,2022-12-22
51213,11213,Professional,Annual,298.45,6.4,2025-04-21,2026-04-16
51214,11214,Professional,Annual,349.35,19.7,2022-10-04,2023-09-29
51215,11215,Business,Monthly,803.86,6.3,2022-07-27,2022-08-26
51216,11216,Professional,Monthly,394.28,11.0,2026-05-10,2026-06-09
51217,11217,Starter,Annual,130.34,0.0,2025-05-04,2026-04-29
51218,11218,Professional,Annual,300.68,16.2,2023-07-12,2024-07-06
51219,11219,Professional,Monthly,315.18,0.0,2025-03-22,2025-04-21
51220,11220,Starter,Monthly,124.77,16.2,2025-12-20,2026-01-19
51221,11221,Enterprise,Monthly,2345.93,5.8,2026-03-05,2026-04-04
51222,11222,Professional,Annual,391.69,1.7,2026-03-15,2027-03-10
51223,11223,Professional,Annual,416.12,10.9,2024-05-12,2025-05-07
51224,11224,Business,Annual,931.32,3.4,2024-12-10,2025-12-05
51225,11225,Starter,Monthly,124.89,14.8,2023-11-23,2023-12-23
51226,11226,Professional,Monthly,348.27,7.2,2025-02-15,2025-03-17
51227,11227,Business,Monthly,942.11,9.4,2025-06-19,2025-07-19
51228,11228,Starter,Monthly,141.26,8.1,2023-08-23,2023-09-22
51229,11229,Business,Annual,848.32,0.0,2023-09-19,2024-09-13
51230,11230,Business,Monthly,896.43,12.0,2022-05-10,2022-06-09
51231,11231,Professional,Monthly,322.86,6.5,2024-04-08,2024-05-08
51232,11232,Starter,Annual,138.01,4.8,2022-12-04,2023-11-29
51233,11233,Enterprise,Monthly,2419.42,8.4,2023-10-28,2023-11-27
51234,11234,Professional,Annual,340.95,23.0,2024-11-04,2025-10-30
51235,11235,Professional,Monthly,404.57,2.1,2023-04-06,2023-05-06
51236,11236,Business,Annual,1011.33,0.0,2023-11-24,2024-11-18
51237,11237,Professional,Annual,332.84,15.0,2022-07-17,2023-07-12
51238,11238,Professional,Monthly,320.36,6.5,2022-01-02,2022-02-01
51239,11239,Business,Monthly,969.99,5.4,2023-03-05,2023-04-04
51240,11240,Professional,Monthly,368.85,5.2,2022-09-28,2022-10-28
51241,11241,Business,Monthly,985.6,16.9,2025-09-02,2025-10-02
51242,11242,Starter,Monthly,116.6,9.9,2023-09-14,2023-10-14
51243,11243,Business,Annual,895.42,4.2,2023-08-16,2024-08-10
51244,11244,Professional,Monthly,368.21,10.4,2023-05-05,2023-06-04
51245,11245,Starter,Monthly,109.91,12.4,2025-04-19,2025-05-19
51246,11246,Starter,Monthly,143.66,7.9,2024-12-05,2025-01-04
51247,11247,Professional,Annual,378.85,11.8,2021-01-08,2022-01-03
51248,11248,Business,Annual,920.08,12.3,2023-01-07,2024-01-02
51249,11249,Professional,Monthly,333.87,0.0,2021-03-22,2021-04-21
51250,11250,Business,Monthly,915.99,21.0,2024-03-04,2024-04-03
51251,11251,Professional,Monthly,399.54,12.4,2021-08-26,2021-09-25
51252,11252,Business,Monthly,964.52,0.0,2025-02-04,2025-03-06
51253,11253,Starter,Quarterly,140.63,16.3,2023-11-16,2024-02-14
51254,11254,Professional,Monthly,315.71,21.5,2021-07-06,2021-08-05
51255,11255,Starter,Annual,109.68,11.8,2026-03-21,2027-03-16
51256,11256,Enterprise,Monthly,2416.83,8.8,2022-09-22,2022-10-22
51257,11257,Professional,Annual,396.45,16.4,2025-09-29,2026-09-24
51258,11258,Professional,Monthly,380.1,8.2,2023-03-26,2023-04-25
51259,11259,Professional,Annual,315.0,6.8,2022-09-06,2023-09-01
51260,11260,Professional,Annual,370.38,9.3,2024-04-01,2025-03-27
51261,11261,Business,Annual,945.14,12.3,2023-09-12,2024-09-06
51262,11262,Professional,Annual,314.28,11.3,2023-03-09,2024-03-03
51263,11263,Professional,Monthly,304.34,12.0,2023-12-14,2024-01-13
51264,11264,Enterprise,Monthly,2066.19,0.0,2021-03-08,2021-04-07
51265,11265,Enterprise,Annual,1939.88,5.9,2022-06-28,2023-06-23
51266,11266,Starter,Annual,108.24,17.1,2025-11-22,2026-11-17
51267,11267,Business,Monthly,783.0,5.3,2022-06-04,2022-07-04
51268,11268,Professional,Annual,362.51,0.0,2023-08-04,2024-07-29
51269,11269,Business,Quarterly,768.87,24.0,2024-12-25,2025-03-25
51270,11270,Professional,Monthly,371.57,23.5,2023-11-25,2023-12-25
51271,11271,Professional,Monthly,333.11,19.3,2024-01-18,2024-02-17
51272,11272,Enterprise,Monthly,2109.13,9.6,2023-08-05,2023-09-04
51273,11273,Professional,Monthly,416.01,13.7,2021-05-16,2021-06-15
51274,11274,Professional,Annual,396.13,4.0,2023-03-04,2024-02-27
51275,11275,Business,Monthly,848.68,7.0,2024-02-11,2024-03-12
51276,11276,Starter,Quarterly,120.79,4.0,2024-09-24,2024-12-23
51277,11277,Professional,Annual,311.56,15.0,2022-07-09,2023-07-04
51278,11278,Starter,Annual,137.47,33.1,2023-08-04,2024-07-29
51279,11279,Business,Quarterly,723.69,8.7,2024-09-28,2024-12-27
51280,11280,Business,Quarterly,765.48,17.2,2023-08-07,2023-11-05
51281,11281,Starter,Annual,124.43,18.4,2021-04-14,2022-04-09
51282,11282,Starter,Monthly,109.91,12.4,2023-11-13,2023-12-13
51283,11283,Professional,Monthly,375.02,14.9,2026-02-04,2026-03-06
51284,11284,Business,Annual,723.58,12.2,2023-08-22,2024-08-16
51285,11285,Professional,Monthly,309.56,17.0,2023-04-18,2023-05-18
51286,11286,Professional,Monthly,391.17,0.0,2025-05-02,2025-06-01
51287,11287,Professional,Monthly,368.12,12.0,2023-06-01,2023-07-01
51288,11288,Professional,Monthly,299.88,10.3,2022-02-28,2022-03-30
51289,11289,Starter,Annual,110.64,9.4,2021-07-31,2022-07-26
51290,11290,Starter,Monthly,112.04,5.2,2024-04-30,2024-05-30
51291,11291,Starter,Monthly,137.66,20.1,2023-05-31,2023-06-30
51292,11292,Professional,Annual,368.86,11.6,2023-01-25,2024-01-20
51293,11293,Starter,Quarterly,124.74,18.2,2024-01-27,2024-04-26
51294,11294,Professional,Quarterly,308.12,11.7,2022-12-02,2023-03-02
51295,11295,Professional,Monthly,377.98,18.0,2022-01-06,2022-02-05
51296,11296,Business,Monthly,768.88,14.5,2025-09-29,2025-10-29
51297,11297,Professional,Monthly,361.41,9.1,2024-03-09,2024-04-08
51298,11298,Starter,Quarterly,126.89,19.2,2023-07-02,2023-09-30
51299,11299,Enterprise,Quarterly,2518.24,14.4,2026-01-03,2026-04-03
51300,11300,Starter,Quarterly,135.87,9.3,2023-03-13,2023-06-11
51301,11301,Professional,Annual,320.79,0.0,2023-09-17,2024-09-11
51302,11302,Enterprise,Monthly,2575.47,14.5,2022-11-07,2022-12-07
51303,11303,Professional,Monthly,297.84,24.2,2022-02-20,2022-03-22
51304,11304,Business,Quarterly,820.71,15.9,2024-03-08,2024-06-06
51305,11305,Professional,Quarterly,305.63,12.3,2023-08-20,2023-11-18
51306,11306,Starter,Monthly,132.28,4.8,2025-06-09,2025-07-09
51307,11307,Professional,Monthly,358.78,0.0,2025-03-16,2025-04-15
51308,11308,Professional,Annual,318.93,16.7,2021-09-06,2022-09-01
51309,11309,Starter,Quarterly,105.58,12.6,2026-03-02,2026-05-31
51310,11310,Starter,Monthly,111.5,2.1,2022-07-27,2022-08-26
51311,11311,Professional,Annual,410.29,7.8,2025-12-14,2026-12-09
51312,11312,Professional,Monthly,380.51,7.9,2023-03-09,2023-04-08
51313,11313,Enterprise,Annual,2056.53,13.6,2023-09-28,2024-09-22
51314,11314,Business,Monthly,988.39,10.4,2023-01-31,2023-03-02
51315,11315,Business,Quarterly,763.11,17.8,2021-10-20,2022-01-18
51316,11316,Professional,Quarterly,381.83,23.3,2021-07-17,2021-10-15
51317,11317,Starter,Quarterly,119.84,13.1,2021-03-21,2021-06-19
51318,11318,Starter,Monthly,113.27,0.0,2024-11-09,2024-12-09
51319,11319,Professional,Quarterly,329.63,15.5,2021-05-17,2021-08-15
51320,11320,Business,Monthly,871.49,15.2,2021-08-01,2021-08-31
51321,11321,Enterprise,Monthly,2587.25,15.9,2026-02-06,2026-03-08
51322,11322,Business,Monthly,943.34,20.5,2022-09-11,2022-10-11
51323,11323,Starter,Quarterly,129.81,18.4,2023-08-18,2023-11-16
51324,11324,Business,Monthly,982.97,12.7,2025-09-19,2025-10-19
51325,11325,Professional,Monthly,367.37,0.0,2024-03-07,2024-04-06
51326,11326,Starter,Monthly,110.06,14.4,2026-03-05,2026-04-04
51327,11327,Professional,Monthly,417.2,16.4,2026-08-03,2026-09-02
51328,11328,Professional,Quarterly,363.01,22.4,2025-04-03,2025-07-02
51329,11329,Business,Quarterly,816.3,19.6,2024-01-05,2024-04-04
51330,11330,Professional,Monthly,392.83,19.4,2025-08-16,2025-09-15
51331,11331,Starter,Annual,121.49,5.0,2021-02-06,2022-02-01
51332,11332,Starter,Quarterly,102.52,11.3,2023-04-25,2023-07-24
51333,11333,Starter,Annual,115.44,0.0,2025-08-09,2026-08-04
51334,11334,Enterprise,Quarterly,2222.04,3.5,2025-07-02,2025-09-30
51335,11335,Enterprise,Monthly,2156.92,12.1,2024-06-17,2024-07-17
51336,11336,Enterprise,Quarterly,2294.84,7.8,2026-08-06,2026-11-04
51337,11337,Professional,Monthly,319.96,8.6,2021-08-04,2021-09-03
51338,11338,Starter,Quarterly,126.04,20.6,2022-11-12,2023-02-10
51339,11339,Enterprise,Annual,2629.62,0.0,2025-12-18,2026-12-13
51340,11340,Enterprise,Monthly,2450.44,16.6,2025-02-16,2025-03-18
51341,11341,Starter,Monthly,130.75,21.8,2026-09-22,2026-10-22
51342,11342,Business,Monthly,782.18,12.6,2024-01-22,2024-02-21
51343,11343,Starter,Monthly,126.43,11.7,2024-07-16,2024-08-15
51344,11344,Enterprise,Annual,2501.15,16.9,2025-07-03,2026-06-28
51345,11345,Starter,Monthly,112.11,12.3,2024-05-23,2024-06-22
51346,11346,Business,Monthly,748.32,6.8,2023-08-17,2023-09-16
51347,11347,Starter,Quarterly,129.79,20.0,2024-02-23,2024-05-23
51348,11348,Professional,Quarterly,380.01,0.1,2026-01-03,2026-04-03
51349,11349,Professional,Quarterly,396.04,6.7,2021-06-07,2021-09-05
51350,11350,Professional,Monthly,374.62,7.0,2023-06-27,2023-07-27
51351,11351,Professional,Annual,401.39,9.0,2025-03-09,2026-03-04
51352,11352,Business,Monthly,801.66,7.7,2024-02-15,2024-03-16
51353,11353,Starter,Monthly,103.48,0.0,2025-04-09,2025-05-09
51354,11354,Business,Monthly,940.51,16.2,2026-03-13,2026-04-12
51355,11355,Starter,Quarterly,118.21,15.9,2023-04-08,2023-07-07
51356,11356,Starter,Monthly,110.8,7.1,2025-12-06,2026-01-05
51357,11357,Professional,Monthly,303.83,14.9,2024-04-18,2024-05-18
51358,11358,Starter,Annual,133.73,20.1,2023-04-25,2024-04-19
51359,11359,Enterprise,Monthly,2506.27,9.2,2024-06-22,2024-07-22
51360,11360,Business,Annual,838.23,16.1,2022-09-30,2023-09-25
51361,11361,Business,Annual,985.82,8.6,2022-10-11,2023-10-06
51362,11362,Starter,Quarterly,119.45,15.1,2025-06-18,2025-09-16
51363,11363,Starter,Annual,141.97,25.0,2023-09-17,2024-09-11
51364,11364,Enterprise,Quarterly,2627.07,15.7,2023-03-15,2023-06-13
51365,11365,Starter,Monthly,136.34,8.0,2021-05-08,2021-06-07
51366,11366,Business,Quarterly,798.73,10.3,2023-08-10,2023-11-08
51367,11367,Starter,Annual,117.39,6.2,2021-01-20,2022-01-15
51368,11368,Professional,Annual,362.75,10.3,2025-11-17,2026-11-12
51369,11369,Business,Annual,820.28,5.8,2022-11-06,2023-11-01
51370,11370,Enterprise,Annual,2500.58,9.6,2023-01-09,2024-01-04
51371,11371,Starter,Monthly,140.96,0.0,2022-07-11,2022-08-10
51372,11372,Starter,Annual,143.4,7.0,2022-05-19,2023-05-14
51373,11373,Business,Quarterly,822.55,9.2,2024-06-24,2024-09-22
51374,11374,Starter,Annual,113.35,20.8,2023-01-08,2024-01-03
51375,11375,Starter,Monthly,108.76,16.5,2023-03-03,2023-04-02
51376,11376,Starter,Annual,103.99,10.2,2024-10-02,2025-09-27
51377,11377,Professional,Monthly,319.18,1.5,2021-07-16,2021-08-15
51378,11378,Business,Monthly,807.14,9.6,2024-02-05,2024-03-06
51379,11379,Enterprise,Monthly,2171.12,7.6,2023-01-14,2023-02-13
51380,11380,Starter,Annual,106.61,5.3,2025-06-25,2026-06-20
51381,11381,Starter,Quarterly,136.45,15.5,2024-03-29,2024-06-27
51382,11382,Professional,Quarterly,373.33,6.0,2025-06-19,2025-09-17
51383,11383,Starter,Monthly,125.63,8.3,2026-05-06,2026-06-05
51384,11384,Professional,Quarterly,364.3,0.2,2026-08-01,2026-10-30
51385,11385,Professional,Annual,333.02,10.6,2024-08-29,2025-08-24
51386,11386,Starter,Monthly,141.38,16.2,2023-07-15,2023-08-14
51387,11387,Professional,Annual,325.89,5.7,2021-08-23,2022-08-18
51388,11388,Enterprise,Monthly,2384.88,17.5,2022-04-24,2022-05-24
51389,11389,Business,Annual,797.8,16.9,2022-10-28,2023-10-23
51390,11390,Professional,Quarterly,418.73,7.6,2024-01-29,2024-04-28
51391,11391,Professional,Monthly,409.18,19.1,2024-10-19,2024-11-18
51392,11392,Professional,Monthly,329.91,18.0,2022-10-04,2022-11-03
51393,11393,Business,Monthly,1016.27,14.4,2025-02-25,2025-03-27
51394,11394,Enterprise,Monthly,2351.99,24.9,2022-07-29,2022-08-28
51395,11395,Business,Quarterly,939.24,17.0,2025-09-18,2025-12-17
51396,11396,Professional,Monthly,332.16,18.2,2023-10-16,2023-11-15
51397,11397,Starter,Annual,111.07,9.8,2024-08-20,2025-08-15
51398,11398,Enterprise,Annual,2530.71,4.0,2022-02-04,2023-01-30
51399,11399,Business,Annual,804.37,5.4,2022-08-18,2023-08-13
51400,11400,Business,Annual,995.46,10.0,2024-12-27,2025-12-22
51401,11401,Professional,Monthly,342.41,16.1,2025-05-15,2025-06-14
51402,11402,Professional,Monthly,298.62,8.9,2021-04-27,2021-05-27
51403,11403,Starter,Quarterly,126.87,16.5,2022-01-18,2022-04-18
51404,11404,Enterprise,Annual,2142.29,0.0,2023-05-09,2024-05-03
51405,11405,Enterprise,Annual,2621.5,3.5,2026-01-25,2027-01-20
51406,11406,Starter,Monthly,118.24,6.1,2023-04-12,2023-05-12
51407,11407,Business,Quarterly,816.05,4.1,2023-05-23,2023-08-21
51408,11408,Starter,Quarterly,125.79,14.6,2022-01-22,2022-04-22
51409,11409,Professional,Quarterly,386.91,9.2,2026-06-30,2026-09-28
51410,11410,Professional,Monthly,415.9,4.7,2021-10-24,2021-11-23
51411,11411,Professional,Monthly,306.03,14.5,2022-12-20,2023-01-19
51412,11412,Professional,Annual,348.89,21.7,2025-05-18,2026-05-13
51413,11413,Professional,Annual,378.8,14.9,2026-05-21,2027-05-16
51414,11414,Business,Quarterly,723.98,6.0,2024-03-28,2024-06-26
51415,11415,Professional,Annual,357.41,12.0,2021-01-11,2022-01-06
51416,11416,Business,Annual,962.44,5.3,2023-02-24,2024-02-19
51417,11417,Professional,Annual,303.73,15.9,2022-02-15,2023-02-10
51418,11418,Business,Quarterly,823.81,11.6,2024-05-14,2024-08-12
51419,11419,Enterprise,Quarterly,2178.71,19.3,2022-08-22,2022-11-20
51420,11420,Starter,Monthly,132.08,10.8,2023-04-04,2023-05-04
51421,11421,Professional,Quarterly,333.73,11.6,2024-01-27,2024-04-26
51422,11422,Starter,Quarterly,112.34,0.0,2021-01-19,2021-04-19
51423,11423,Professional,Monthly,311.65,0.0,2021-11-09,2021-12-09
51424,11424,Starter,Annual,143.83,12.1,2026-04-30,2027-04-25
51425,11425,Professional,Monthly,355.28,0.0,2021-08-19,2021-09-18
51426,11426,Business,Monthly,736.84,4.3,2021-02-13,2021-03-15
51427,11427,Professional,Monthly,306.88,12.8,2024-07-12,2024-08-11
51428,11428,Professional,Quarterly,313.17,7.6,2025-02-28,2025-05-29
51429,11429,Starter,Monthly,110.89,2.4,2024-11-11,2024-12-11
51430,11430,Starter,Monthly,133.1,5.7,2023-04-01,2023-05-01
51431,11431,Business,Monthly,888.71,20.5,2021-06-20,2021-07-20
51432,11432,Starter,Monthly,134.62,10.9,2021-09-03,2021-10-03
51433,11433,Enterprise,Monthly,1885.26,13.3,2024-03-10,2024-04-09
51434,11434,Professional,Monthly,329.98,10.7,2025-06-28,2025-07-28
51435,11435,Professional,Monthly,347.18,20.5,2022-09-09,2022-10-09
51436,11436,Starter,Monthly,120.02,12.5,2021-08-28,2021-09-27
51437,11437,Professional,Annual,304.06,14.2,2026-05-11,2027-05-06
51438,11438,Business,Monthly,874.68,0.0,2024-12-10,2025-01-09
51439,11439,Enterprise,Monthly,2090.7,9.3,2022-02-02,2022-03-04
51440,11440,Starter,Monthly,110.04,8.6,2026-01-31,2026-03-02
51441,11441,Business,Monthly,922.17,2.2,2023-07-12,2023-08-11
51442,11442,Starter,Annual,105.52,0.2,2023-03-03,2024-02-26
51443,11443,Professional,Monthly,403.71,7.9,2026-03-22,2026-04-21
51444,11444,Professional,Annual,407.73,28.9,2026-03-20,2027-03-15
51445,11445,Enterprise,Monthly,2120.66,2.9,2026-09-01,2026-10-01
51446,11446,Starter,Monthly,143.45,11.6,2023-03-24,2023-04-23
51447,11447,Starter,Annual,118.85,9.2,2023-06-23,2024-06-17
51448,11448,Professional,Annual,415.38,14.2,2025-09-27,2026-09-22
51449,11449,Business,Monthly,1016.1,23.4,2023-04-12,2023-05-12
51450,11450,Professional,Monthly,398.8,0.0,2024-10-26,2024-11-25
51451,11451,Professional,Quarterly,312.79,3.5,2026-05-21,2026-08-19
51452,11452,Enterprise,Quarterly,2320.0,20.8,2023-11-11,2024-02-09
51453,11453,Enterprise,Annual,2433.58,12.7,2023-01-14,2024-01-09
51454,11454,Business,Monthly,745.55,6.7,2023-03-24,2023-04-23
51455,11455,Business,Monthly,988.36,7.3,2025-04-29,2025-05-29
51456,11456,Business,Quarterly,975.91,0.0,2024-10-07,2025-01-05
51457,11457,Starter,Monthly,141.22,12.4,2025-07-09,2025-08-08
51458,11458,Starter,Monthly,123.6,10.7,2022-06-14,2022-07-14
51459,11459,Professional,Monthly,337.23,10.1,2024-11-19,2024-12-19
51460,11460,Enterprise,Monthly,2259.89,6.3,2026-09-06,2026-10-06
51461,11461,Business,Annual,939.48,11.6,2023-07-28,2024-07-22
51462,11462,Starter,Monthly,119.48,3.6,2021-10-12,2021-11-11
51463,11463,Starter,Annual,116.77,5.7,2025-12-26,2026-12-21
51464,11464,Business,Quarterly,745.42,12.5,2022-10-11,2023-01-09
51465,11465,Professional,Annual,352.29,7.2,2021-07-08,2022-07-03
51466,11466,Professional,Monthly,345.63,10.5,2025-09-22,2025-10-22
51467,11467,Professional,Annual,378.75,7.2,2024-05-07,2025-05-02
51468,11468,Starter,Quarterly,120.43,13.3,2024-01-31,2024-04-30
51469,11469,Enterprise,Monthly,1873.11,6.4,2022-04-24,2022-05-24
51470,11470,Business,Monthly,866.6,12.1,2026-08-06,2026-09-05
51471,11471,Enterprise,Annual,2465.76,15.4,2026-07-19,2027-07-14
51472,11472,Starter,Quarterly,141.7,9.7,2022-06-01,2022-08-30
51473,11473,Business,Monthly,779.9,8.5,2026-03-04,2026-04-03
51474,11474,Professional,Annual,349.26,7.0,2025-03-31,2026-03-26
51475,11475,Professional,Monthly,401.31,8.7,2025-03-21,2025-04-20
51476,11476,Professional,Annual,302.75,20.4,2024-02-12,2025-02-06
51477,11477,Enterprise,Quarterly,2139.42,17.6,2025-03-20,2025-06-18
51478,11478,Business,Monthly,898.35,13.7,2025-10-15,2025-11-14
51479,11479,Professional,Monthly,339.46,6.6,2021-02-03,2021-03-05
51480,11480,Enterprise,Monthly,2246.83,19.3,2021-10-23,2021-11-22
51481,11481,Professional,Annual,412.54,22.7,2024-11-30,2025-11-25
51482,11482,Business,Quarterly,729.62,0.0,2024-02-25,2024-05-25
51483,11483,Business,Annual,745.68,9.4,2026-06-11,2027-06-06
51484,11484,Business,Monthly,781.1,11.2,2022-10-10,2022-11-09
51485,11485,Business,Monthly,837.01,6.9,2025-09-06,2025-10-06
51486,11486,Starter,Annual,121.77,0.0,2025-03-28,2026-03-23
51487,11487,Enterprise,Monthly,1898.24,4.2,2022-04-08,2022-05-08
51488,11488,Starter,Monthly,139.07,19.7,2024-04-24,2024-05-24
51489,11489,Professional,Monthly,390.43,3.4,2022-05-29,2022-06-28
51490,11490,Starter,Quarterly,113.26,5.6,2021-01-01,2021-04-01
51491,11491,Starter,Monthly,112.78,11.0,2024-06-16,2024-07-16
51492,11492,Professional,Monthly,300.63,9.9,2023-12-15,2024-01-14
51493,11493,Business,Quarterly,841.24,6.3,2025-01-11,2025-04-11
51494,11494,Professional,Quarterly,328.67,15.4,2021-12-04,2022-03-04
51495,11495,Starter,Monthly,127.97,15.2,2024-02-02,2024-03-03
51496,11496,Professional,Monthly,364.62,3.9,2023-09-04,2023-10-04
51497,11497,Business,Annual,1007.25,0.8,2023-06-02,2024-05-27
51498,11498,Starter,Annual,135.4,13.1,2023-11-04,2024-10-29
51499,11499,Business,Monthly,746.56,9.5,2025-08-31,2025-09-30
51500,11500,Starter,Monthly,131.58,13.2,2023-05-22,2023-06-21
51501,11501,Professional,Monthly,310.62,9.7,2022-04-02,2022-05-02
51502,11502,Professional,Monthly,337.08,6.4,2025-03-30,2025-04-29
51503,11503,Business,Monthly,887.62,8.6,2022-01-01,2022-01-31
51504,11504,Professional,Quarterly,358.23,19.4,2021-06-09,2021-09-07
51505,11505,Professional,Quarterly,382.43,5.2,2023-04-24,2023-07-23
51506,11506,Professional,Quarterly,396.73,8.5,2026-06-23,2026-09-21
51507,11507,Professional,Monthly,399.1,0.5,2025-06-27,2025-07-27
51508,11508,Professional,Quarterly,304.65,0.0,2021-08-21,2021-11-19
51509,11509,Professional,Monthly,376.1,1.3,2021-08-21,2021-09-20
51510,11510,Business,Monthly,1008.51,0.0,2022-07-12,2022-08-11
51511,11511,Business,Annual,947.12,1.6,2026-05-04,2027-04-29
51512,11512,Starter,Monthly,123.84,13.2,2024-12-30,2025-01-29
51513,11513,Professional,Monthly,419.82,14.8,2021-12-01,2021-12-31
51514,11514,Business,Quarterly,735.58,1.3,2021-09-13,2021-12-12
51515,11515,Business,Quarterly,748.73,1.3,2023-12-26,2024-03-25
51516,11516,Business,Monthly,951.02,9.1,2023-02-11,2023-03-13
51517,11517,Business,Monthly,886.05,26.0,2023-08-04,2023-09-03
51518,11518,Professional,Quarterly,312.74,5.1,2024-01-17,2024-04-16
51519,11519,Professional,Annual,343.48,7.9,2021-11-07,2022-11-02
51520,11520,Starter,Annual,104.7,19.0,2025-05-14,2026-05-09
51521,11521,Starter,Annual,124.11,18.0,2024-07-05,2025-06-30
51522,11522,Enterprise,Monthly,1950.13,15.2,2025-05-01,2025-05-31
51523,11523,Enterprise,Monthly,1875.31,17.0,2023-03-01,2023-03-31
51524,11524,Business,Monthly,818.42,18.7,2026-08-27,2026-09-26
51525,11525,Professional,Monthly,326.15,6.3,2021-12-08,2022-01-07
51526,11526,Professional,Monthly,341.86,13.5,2023-09-30,2023-10-30
51527,11527,Business,Quarterly,826.76,7.2,2023-04-18,2023-07-17
51528,11528,Professional,Monthly,374.68,4.2,2022-09-20,2022-10-20
51529,11529,Business,Monthly,924.8,13.8,2024-06-26,2024-07-26
51530,11530,Starter,Quarterly,107.35,8.4,2022-12-11,2023-03-11
51531,11531,Starter,Monthly,122.52,9.1,2023-01-09,2023-02-08
51532,11532,Business,Monthly,987.02,18.2,2025-11-14,2025-12-14
51533,11533,Enterprise,Quarterly,1984.28,12.6,2023-08-04,2023-11-02
51534,11534,Business,Monthly,1010.15,8.9,2022-05-10,2022-06-09
51535,11535,Business,Annual,728.26,9.3,2021-02-04,2022-01-30
51536,11536,Starter,Annual,106.19,0.4,2024-12-01,2025-11-26
51537,11537,Professional,Monthly,319.25,14.8,2026-06-15,2026-07-15
51538,11538,Starter,Quarterly,121.73,9.1,2023-03-29,2023-06-27
51539,11539,Professional,Monthly,334.15,8.4,2021-01-10,2021-02-09
51540,11540,Professional,Annual,348.73,21.3,2023-09-13,2024-09-07
51541,11541,Professional,Monthly,412.75,15.6,2025-10-04,2025-11-03
51542,11542,Enterprise,Annual,2132.86,11.5,2025-04-08,2026-04-03
51543,11543,Professional,Quarterly,401.39,12.7,2022-03-26,2022-06-24
51544,11544,Professional,Annual,306.42,17.9,2024-05-28,2025-05-23
51545,11545,Starter,Annual,136.1,8.5,2023-05-15,2024-05-09
51546,11546,Starter,Monthly,139.87,15.1,2025-12-06,2026-01-05
51547,11547,Professional,Monthly,332.41,2.6,2021-07-26,2021-08-25
51548,11548,Business,Annual,885.26,11.7,2025-12-15,2026-12-10
51549,11549,Professional,Annual,320.43,0.0,2023-04-30,2024-04-24
51550,11550,Business,Quarterly,749.53,11.1,2021-09-03,2021-12-02
51551,11551,Professional,Annual,391.87,18.8,2025-10-01,2026-09-26
51552,11552,Professional,Annual,374.65,6.4,2026-06-21,2027-06-16
51553,11553,Business,Annual,946.29,10.4,2021-11-13,2022-11-08
51554,11554,Starter,Quarterly,120.47,5.1,2025-09-16,2025-12-15
51555,11555,Professional,Monthly,328.08,11.6,2025-12-12,2026-01-11
51556,11556,Professional,Quarterly,349.79,2.2,2022-08-23,2022-11-21
51557,11557,Starter,Monthly,104.72,2.1,2024-01-12,2024-02-11
51558,11558,Business,Monthly,806.85,13.3,2025-04-05,2025-05-05
51559,11559,Starter,Annual,114.5,3.3,2023-04-21,2024-04-15
51560,11560,Starter,Monthly,132.01,20.6,2021-12-14,2022-01-13
51561,11561,Starter,Monthly,104.23,20.3,2024-07-19,2024-08-18
51562,11562,Professional,Monthly,327.55,3.2,2021-11-27,2021-12-27
51563,11563,Professional,Monthly,331.38,25.9,2022-09-02,2022-10-02
51564,11564,Professional,Quarterly,365.04,9.7,2026-04-29,2026-07-28
51565,11565,Starter,Monthly,112.28,10.1,2023-01-14,2023-02-13
51566,11566,Starter,Annual,107.56,15.9,2022-07-23,2023-07-18
51567,11567,Starter,Monthly,112.84,19.6,2025-08-12,2025-09-11
51568,11568,Starter,Monthly,119.72,19.5,2023-08-29,2023-09-28
51569,11569,Business,Monthly,878.83,24.3,2023-01-17,2023-02-16
51570,11570,Professional,Monthly,301.98,13.0,2025-10-31,2025-11-30
51571,11571,Professional,Annual,335.45,12.9,2024-10-16,2025-10-11
51572,11572,Starter,Monthly,134.1,13.2,2024-05-10,2024-06-09
51573,11573,Enterprise,Monthly,2330.17,11.2,2023-10-16,2023-11-15
51574,11574,Business,Monthly,858.17,0.3,2021-01-16,2021-02-15
51575,11575,Business,Annual,857.26,0.0,2022-07-22,2023-07-17
51576,11576,Starter,Quarterly,117.49,3.0,2026-07-18,2026-10-16
51577,11577,Starter,Annual,116.37,15.9,2025-06-02,2026-05-28
51578,11578,Business,Monthly,841.69,8.6,2026-09-09,2026-10-09
51579,11579,Starter,Quarterly,138.51,2.6,2025-03-23,2025-06-21
51580,11580,Professional,Monthly,354.93,18.4,2026-04-16,2026-05-16
51581,11581,Starter,Annual,130.11,5.9,2026-09-01,2027-08-27
51582,11582,Starter,Annual,135.93,0.0,2024-12-25,2025-12-20
51583,11583,Starter,Monthly,120.14,1.5,2025-08-30,2025-09-29
51584,11584,Professional,Quarterly,400.3,6.1,2024-12-04,2025-03-04
51585,11585,Business,Monthly,1017.82,4.4,2021-11-21,2021-12-21
51586,11586,Starter,Monthly,123.17,9.1,2024-08-14,2024-09-13
51587,11587,Starter,Quarterly,118.92,11.9,2021-05-02,2021-07-31
51588,11588,Business,Monthly,962.22,12.0,2025-01-16,2025-02-15
51589,11589,Professional,Monthly,377.02,9.1,2021-09-23,2021-10-23
51590,11590,Business,Monthly,904.93,16.7,2021-01-28,2021-02-27
51591,11591,Business,Annual,986.12,17.7,2024-07-06,2025-07-01
51592,11592,Starter,Annual,129.28,13.7,2022-03-08,2023-03-03
51593,11593,Professional,Monthly,376.09,17.2,2023-05-29,2023-06-28
51594,11594,Business,Monthly,784.05,0.0,2023-11-25,2023-12-25
51595,11595,Professional,Monthly,381.81,0.0,2022-03-12,2022-04-11
51596,11596,Starter,Monthly,140.35,3.1,2023-12-22,2024-01-21
51597,11597,Professional,Monthly,368.1,12.4,2026-10-01,2026-10-31
51598,11598,Business,Monthly,991.25,16.9,2026-09-26,2026-10-26
51599,11599,Enterprise,Annual,2131.47,2.6,2021-04-11,2022-04-06
51600,11600,Professional,Quarterly,302.72,12.7,2024-07-26,2024-10-24
51601,11601,Professional,Monthly,352.03,16.9,2023-09-10,2023-10-10
51602,11602,Professional,Monthly,297.98,6.9,2023-06-06,2023-07-06
51603,11603,Starter,Monthly,108.5,6.3,2023-03-11,2023-04-10
51604,11604,Starter,Monthly,110.0,15.3,2023-10-23,2023-11-22
51605,11605,Professional,Quarterly,362.89,4.5,2025-02-24,2025-05-25
51606,11606,Business,Monthly,1005.1,4.6,2026-03-19,2026-04-18
51607,11607,Starter,Annual,102.83,7.8,2026-03-29,2027-03-24
51608,11608,Enterprise,Monthly,2052.25,8.5,2024-07-19,2024-08-18
51609,11609,Starter,Quarterly,142.72,7.2,2024-03-13,2024-06-11
51610,11610,Professional,Annual,405.5,0.0,2022-03-11,2023-03-06
51611,11611,Business,Monthly,970.87,10.8,2025-01-14,2025-02-13
51612,11612,Starter,Quarterly,105.86,20.5,2023-07-05,2023-10-03
51613,11613,Starter,Monthly,129.05,8.6,2022-06-29,2022-07-29
51614,11614,Starter,Monthly,110.53,2.9,2024-05-22,2024-06-21
51615,11615,Enterprise,Monthly,2371.29,15.0,2022-10-10,2022-11-09
51616,11616,Professional,Monthly,349.87,7.3,2024-12-02,2025-01-01
51617,11617,Starter,Monthly,128.7,5.2,2023-12-13,2024-01-12
51618,11618,Business,Monthly,850.09,16.8,2025-05-19,2025-06-18
51619,11619,Professional,Annual,408.69,6.6,2021-02-06,2022-02-01
51620,11620,Starter,Annual,103.06,11.7,2022-12-25,2023-12-20
51621,11621,Professional,Monthly,320.97,17.5,2025-03-28,2025-04-27
51622,11622,Professional,Monthly,399.54,10.9,2023-09-07,2023-10-07
51623,11623,Starter,Monthly,132.94,7.1,2021-03-25,2021-04-24
51624,11624,Professional,Monthly,320.32,13.3,2024-01-23,2024-02-22
51625,11625,Starter,Monthly,107.1,0.0,2024-09-27,2024-10-27
51626,11626,Business,Quarterly,815.1,15.4,2022-12-20,2023-03-20
51627,11627,Starter,Monthly,122.24,4.6,2022-07-04,2022-08-03
51628,11628,Starter,Monthly,103.97,10.8,2024-10-03,2024-11-02
51629,11629,Enterprise,Annual,2521.1,10.3,2022-08-10,2023-08-05
51630,11630,Professional,Monthly,361.32,12.4,2026-02-08,2026-03-10
51631,11631,Starter,Quarterly,140.62,12.2,2021-06-01,2021-08-30
51632,11632,Business,Monthly,819.4,4.0,2023-11-28,2023-12-28
51633,11633,Business,Quarterly,737.03,6.0,2025-04-17,2025-07-16
51634,11634,Starter,Annual,138.6,4.4,2021-07-31,2022-07-26
51635,11635,Business,Quarterly,767.01,7.2,2023-01-12,2023-04-12
51636,11636,Professional,Quarterly,338.62,0.0,2021-04-06,2021-07-05
51637,11637,Business,Monthly,860.64,0.0,2025-03-07,2025-04-06
51638,11638,Business,Monthly,868.85,13.2,2022-06-06,2022-07-06
51639,11639,Business,Monthly,729.49,20.4,2023-11-06,2023-12-06
51640,11640,Enterprise,Annual,2275.59,2.3,2025-08-30,2026-08-25
51641,11641,Business,Quarterly,745.42,14.8,2021-01-18,2021-04-18
51642,11642,Starter,Monthly,115.73,0.6,2025-09-16,2025-10-16
51643,11643,Enterprise,Quarterly,2621.11,9.7,2023-09-05,2023-12-04
51644,11644,Professional,Quarterly,331.85,14.2,2023-05-29,2023-08-27
51645,11645,Business,Annual,964.33,22.4,2022-08-17,2023-08-12
51646,11646,Business,Monthly,874.32,10.6,2022-10-05,2022-11-04
51647,11647,Professional,Annual,322.3,1.8,2023-03-12,2024-03-06
51648,11648,Starter,Quarterly,132.32,10.2,2022-03-31,2022-06-29
51649,11649,Enterprise,Monthly,2297.46,11.4,2025-05-29,2025-06-28
51650,11650,Starter,Monthly,124.39,27.1,2023-05-26,2023-06-25
51651,11651,Professional,Monthly,301.16,25.9,2024-01-01,2024-01-31
51652,11652,Professional,Monthly,338.4,14.9,2023-10-11,2023-11-10
51653,11653,Starter,Quarterly,132.86,5.9,2024-01-16,2024-04-15
51654,11654,Business,Monthly,959.34,11.1,2022-04-07,2022-05-07
51655,11655,Starter,Monthly,136.22,1.7,2026-08-16,2026-09-15
51656,11656,Enterprise,Monthly,1898.79,4.0,2023-08-03,2023-09-02
51657,11657,Enterprise,Quarterly,1995.29,18.0,2021-03-25,2021-06-23
51658,11658,Professional,Annual,418.23,16.2,2024-12-10,2025-12-05
51659,11659,Business,Annual,768.75,13.8,2024-02-10,2025-02-04
51660,11660,Professional,Annual,323.59,6.6,2022-11-30,2023-11-25
51661,11661,Professional,Quarterly,395.82,0.0,2025-12-26,2026-03-26
51662,11662,Professional,Quarterly,345.7,9.2,2022-06-14,2022-09-12
51663,11663,Business,Monthly,757.1,2.6,2021-11-15,2021-12-15
51664,11664,Professional,Annual,312.82,3.7,2024-01-04,2024-12-29
51665,11665,Business,Monthly,747.42,14.3,2021-09-06,2021-10-06
51666,11666,Professional,Monthly,319.63,26.8,2022-01-22,2022-02-21
51667,11667,Professional,Annual,358.38,9.3,2026-05-12,2027-05-07
51668,11668,Starter,Annual,102.63,11.4,2026-03-06,2027-03-01
51669,11669,Professional,Monthly,311.85,2.7,2021-12-29,2022-01-28
51670,11670,Business,Monthly,992.37,4.1,2025-04-05,2025-05-05
51671,11671,Business,Monthly,983.28,9.2,2025-12-12,2026-01-11
51672,11672,Business,Annual,970.34,0.0,2021-10-23,2022-10-18
51673,11673,Business,Monthly,932.62,2.7,2026-06-15,2026-07-15
51674,11674,Starter,Annual,129.78,14.0,2026-09-12,2027-09-07
51675,11675,Starter,Annual,113.57,21.8,2024-10-29,2025-10-24
51676,11676,Professional,Annual,338.54,12.9,2021-02-01,2022-01-27
51677,11677,Professional,Annual,326.39,5.0,2022-07-09,2023-07-04
51678,11678,Starter,Annual,143.17,1.3,2021-11-01,2022-10-27
51679,11679,Starter,Monthly,128.64,8.3,2023-03-04,2023-04-03
51680,11680,Business,Monthly,1009.82,8.7,2024-02-06,2024-03-07
51681,11681,Professional,Annual,330.79,4.4,2021-04-06,2022-04-01
51682,11682,Professional,Monthly,373.6,15.5,2023-12-26,2024-01-25
51683,11683,Professional,Monthly,390.47,0.7,2021-08-18,2021-09-17
51684,11684,Starter,Monthly,105.98,5.1,2021-12-24,2022-01-23
51685,11685,Professional,Monthly,379.2,7.4,2022-02-06,2022-03-08
51686,11686,Starter,Monthly,109.1,25.4,2023-03-01,2023-03-31
51687,11687,Enterprise,Monthly,2122.62,16.3,2021-04-09,2021-05-09
51688,11688,Starter,Monthly,132.08,13.2,2021-09-28,2021-10-28
51689,11689,Business,Quarterly,853.42,15.5,2025-12-04,2026-03-04
51690,11690,Business,Annual,996.55,11.6,2021-12-28,2022-12-23
51691,11691,Professional,Monthly,327.05,11.9,2024-04-02,2024-05-02
51692,11692,Enterprise,Monthly,1988.41,8.5,2022-06-24,2022-07-24
51693,11693,Starter,Monthly,116.16,18.5,2026-02-09,2026-03-11
51694,11694,Starter,Annual,137.78,11.0,2023-04-13,2024-04-07
51695,11695,Professional,Monthly,401.31,6.7,2023-11-26,2023-12-26
51696,11696,Business,Monthly,832.37,16.8,2021-11-10,2021-12-10
51697,11697,Starter,Monthly,136.01,8.6,2024-07-23,2024-08-22
51698,11698,Starter,Quarterly,105.27,9.8,2021-08-21,2021-11-19
51699,11699,Professional,Monthly,298.43,8.6,2025-06-28,2025-07-28
51700,11700,Business,Annual,979.78,21.2,2023-10-27,2024-10-21
51701,11701,Starter,Quarterly,138.71,9.2,2021-09-01,2021-11-30
51702,11702,Professional,Quarterly,315.07,11.7,2025-04-08,2025-07-07
51703,11703,Professional,Monthly,333.97,0.0,2021-03-28,2021-04-27
51704,11704,Starter,Quarterly,137.73,9.2,2023-05-31,2023-08-29
51705,11705,Business,Quarterly,747.42,11.2,2024-03-18,2024-06-16
51706,11706,Professional,Monthly,403.23,20.1,2021-06-09,2021-07-09
51707,11707,Business,Annual,893.47,14.6,2025-03-30,2026-03-25
51708,11708,Business,Monthly,918.04,9.6,2022-04-23,2022-05-23
51709,11709,Starter,Annual,126.98,8.6,2025-04-29,2026-04-24
51710,11710,Professional,Monthly,368.86,0.0,2026-08-24,2026-09-23
51711,11711,Enterprise,Quarterly,2012.5,5.5,2026-05-15,2026-08-13
51712,11712,Professional,Monthly,326.42,10.6,2025-10-12,2025-11-11
51713,11713,Professional,Monthly,368.56,0.0,2022-08-25,2022-09-24
51714,11714,Business,Annual,841.92,12.3,2024-11-20,2025-11-15
51715,11715,Starter,Monthly,124.73,19.1,2026-04-03,2026-05-03
51716,11716,Business,Quarterly,797.88,19.5,2021-11-29,2022-02-27
51717,11717,Business,Annual,860.49,4.7,2021-12-21,2022-12-16
51718,11718,Professional,Monthly,315.07,21.0,2023-04-27,2023-05-27
51719,11719,Starter,Quarterly,103.61,9.0,2021-06-12,2021-09-10
51720,11720,Enterprise,Monthly,2602.36,3.5,2021-04-26,2021-05-26
51721,11721,Starter,Monthly,132.37,7.0,2024-01-08,2024-02-07
51722,11722,Professional,Monthly,358.51,10.3,2025-01-10,2025-02-09
51723,11723,Business,Annual,886.43,0.0,2026-03-22,2027-03-17
51724,11724,Starter,Monthly,123.47,17.3,2023-11-13,2023-12-13
51725,11725,Enterprise,Monthly,2562.08,0.0,2022-06-27,2022-07-27
51726,11726,Professional,Quarterly,392.27,8.5,2022-02-18,2022-05-19
51727,11727,Professional,Monthly,337.33,17.3,2022-11-13,2022-12-13
51728,11728,Professional,Annual,324.23,9.9,2022-10-04,2023-09-29
51729,11729,Business,Quarterly,742.29,13.6,2024-12-03,2025-03-03
51730,11730,Enterprise,Annual,1983.8,19.0,2022-10-31,2023-10-26
51731,11731,Professional,Monthly,357.53,15.7,2026-09-01,2026-10-01
51732,11732,Professional,Monthly,322.31,11.8,2023-08-27,2023-09-26
51733,11733,Professional,Monthly,335.77,29.4,2025-09-01,2025-10-01
51734,11734,Professional,Annual,313.83,0.0,2024-03-26,2025-03-21
51735,11735,Starter,Quarterly,140.76,12.9,2023-11-12,2024-02-10
51736,11736,Business,Annual,732.53,14.0,2025-02-04,2026-01-30
51737,11737,Enterprise,Monthly,2140.89,0.0,2024-07-11,2024-08-10
51738,11738,Business,Quarterly,799.3,5.7,2025-12-04,2026-03-04
51739,11739,Professional,Quarterly,298.52,2.7,2022-12-25,2023-03-25
51740,11740,Business,Quarterly,998.76,10.3,2024-03-05,2024-06-03
51741,11741,Business,Monthly,815.8,7.3,2021-09-09,2021-10-09
51742,11742,Professional,Quarterly,359.03,23.7,2021-07-24,2021-10-22
51743,11743,Enterprise,Quarterly,2318.61,17.8,2026-02-23,2026-05-24
51744,11744,Starter,Monthly,127.64,12.1,2023-03-02,2023-04-01
51745,11745,Starter,Monthly,121.33,9.7,2023-12-21,2024-01-20
51746,11746,Starter,Monthly,126.94,0.0,2022-04-10,2022-05-10
51747,11747,Starter,Quarterly,133.57,0.0,2026-01-16,2026-04-16
51748,11748,Professional,Quarterly,414.13,13.1,2024-08-18,2024-11-16
51749,11749,Enterprise,Monthly,2375.92,11.4,2025-02-04,2025-03-06
51750,11750,Business,Monthly,860.01,0.0,2022-01-29,2022-02-28
51751,11751,Business,Monthly,854.77,14.3,2025-06-19,2025-07-19
51752,11752,Professional,Monthly,384.46,7.1,2026-07-22,2026-08-21
51753,11753,Professional,Quarterly,374.31,2.2,2023-07-01,2023-09-29
51754,11754,Professional,Annual,349.0,11.6,2024-07-06,2025-07-01
51755,11755,Professional,Annual,338.65,14.0,2024-04-25,2025-04-20
51756,11756,Business,Annual,1017.96,5.3,2024-05-20,2025-05-15
51757,11757,Professional,Monthly,391.43,14.5,2023-11-25,2023-12-25
51758,11758,Professional,Monthly,322.83,4.6,2024-03-16,2024-04-15
51759,11759,Business,Annual,809.42,6.3,2024-06-26,2025-06-21
51760,11760,Starter,Quarterly,139.53,0.0,2021-02-26,2021-05-27
51761,11761,Professional,Monthly,378.45,12.4,2026-03-08,2026-04-07
51762,11762,Enterprise,Quarterly,2109.28,0.0,2025-10-15,2026-01-13
51763,11763,Enterprise,Monthly,2150.44,3.1,2021-12-27,2022-01-26
51764,11764,Starter,Annual,117.91,6.4,2026-05-03,2027-04-28
51765,11765,Professional,Annual,320.32,17.7,2021-08-11,2022-08-06
51766,11766,Professional,Monthly,360.12,6.1,2025-06-28,2025-07-28
51767,11767,Starter,Monthly,134.15,18.2,2021-11-23,2021-12-23
51768,11768,Professional,Monthly,366.6,0.0,2024-01-27,2024-02-26
51769,11769,Professional,Monthly,377.85,13.4,2024-06-03,2024-07-03
51770,11770,Business,Monthly,899.63,15.9,2025-10-24,2025-11-23
51771,11771,Starter,Annual,104.47,9.4,2023-04-16,2024-04-10
51772,11772,Enterprise,Annual,2014.81,17.5,2023-09-12,2024-09-06
51773,11773,Professional,Quarterly,340.42,7.7,2024-09-19,2024-12-18
51774,11774,Business,Annual,987.05,10.5,2023-03-03,2024-02-26
51775,11775,Professional,Monthly,340.21,0.0,2026-03-02,2026-04-01
51776,11776,Enterprise,Annual,2121.88,6.5,2022-01-17,2023-01-12
51777,11777,Enterprise,Quarterly,1932.05,2.1,2024-12-17,2025-03-17
51778,11778,Professional,Annual,416.58,16.5,2024-10-03,2025-09-28
51779,11779,Business,Monthly,954.12,15.8,2026-02-18,2026-03-20
51780,11780,Professional,Annual,391.33,18.3,2026-07-02,2027-06-27
51781,11781,Professional,Annual,344.5,0.0,2024-02-17,2025-02-11
51782,11782,Starter,Quarterly,105.29,11.3,2021-08-02,2021-10-31
51783,11783,Professional,Monthly,329.78,12.3,2022-07-19,2022-08-18
51784,11784,Business,Annual,976.24,0.0,2023-01-02,2023-12-28
51785,11785,Starter,Monthly,109.57,0.0,2022-03-15,2022-04-14
51786,11786,Professional,Monthly,407.05,25.1,2025-05-08,2025-06-07
51787,11787,Professional,Monthly,363.13,15.3,2022-09-21,2022-10-21
51788,11788,Professional,Quarterly,385.03,7.5,2023-06-22,2023-09-20
51789,11789,Business,Annual,857.46,17.7,2025-01-10,2026-01-05
51790,11790,Starter,Annual,141.16,1.5,2022-01-30,2023-01-25
51791,11791,Business,Monthly,793.8,11.8,2021-09-04,2021-10-04
51792,11792,Business,Annual,892.8,15.1,2025-06-25,2026-06-20
51793,11793,Starter,Monthly,104.9,0.1,2025-01-12,2025-02-11
51794,11794,Business,Annual,865.43,3.4,2024-05-29,2025-05-24
51795,11795,Professional,Annual,416.66,9.8,2026-09-30,2027-09-25
51796,11796,Professional,Monthly,308.3,18.2,2023-09-08,2023-10-08
51797,11797,Professional,Monthly,359.57,21.5,2024-04-25,2024-05-25
51798,11798,Enterprise,Monthly,2333.78,21.2,2025-03-29,2025-04-28
51799,11799,Enterprise,Quarterly,2587.44,15.3,2022-02-23,2022-05-24
51800,11800,Enterprise,Annual,2099.01,10.4,2021-09-16,2022-09-11
51801,11801,Business,Monthly,872.12,29.9,2025-02-28,2025-03-30
51802,11802,Starter,Monthly,143.46,11.7,2024-06-22,2024-07-22
51803,11803,Professional,Quarterly,391.7,14.1,2023-07-29,2023-10-27
51804,11804,Business,Monthly,963.6,18.3,2021-07-15,2021-08-14
51805,11805,Business,Quarterly,954.7,3.6,2021-03-03,2021-06-01
51806,11806,Professional,Quarterly,360.62,17.2,2022-07-16,2022-10-14
51807,11807,Business,Monthly,851.72,4.0,2021-02-09,2021-03-11
51808,11808,Starter,Annual,112.7,16.8,2025-11-03,2026-10-29
51809,11809,Professional,Annual,354.58,17.5,2026-07-31,2027-07-26
51810,11810,Professional,Quarterly,300.01,14.6,2026-02-19,2026-05-20
51811,11811,Professional,Monthly,309.4,11.6,2023-02-27,2023-03-29
51812,11812,Business,Monthly,807.96,20.3,2026-02-20,2026-03-22
51813,11813,Enterprise,Quarterly,2126.89,0.0,2021-01-02,2021-04-02
51814,11814,Starter,Monthly,131.72,6.5,2025-02-01,2025-03-03
51815,11815,Business,Annual,773.55,4.0,2024-02-04,2025-01-29
51816,11816,Professional,Monthly,394.98,8.8,2023-02-16,2023-03-18
51817,11817,Business,Monthly,960.74,9.0,2025-11-18,2025-12-18
51818,11818,Professional,Monthly,369.41,8.8,2022-02-18,2022-03-20
51819,11819,Enterprise,Monthly,2248.45,27.8,2021-07-29,2021-08-28
51820,11820,Professional,Monthly,354.76,6.4,2026-05-18,2026-06-17
51821,11821,Starter,Monthly,119.66,9.0,2026-09-22,2026-10-22
51822,11822,Business,Quarterly,748.85,23.6,2025-07-03,2025-10-01
51823,11823,Starter,Monthly,129.53,16.1,2025-05-03,2025-06-02
51824,11824,Professional,Monthly,368.22,12.8,2022-12-27,2023-01-26
51825,11825,Starter,Monthly,102.66,20.4,2024-11-13,2024-12-13
51826,11826,Professional,Quarterly,322.33,3.1,2024-05-06,2024-08-04
51827,11827,Professional,Annual,350.95,18.5,2021-04-17,2022-04-12
51828,11828,Starter,Annual,139.85,19.9,2021-11-23,2022-11-18
51829,11829,Business,Quarterly,1017.11,21.2,2022-10-06,2023-01-04
51830,11830,Professional,Quarterly,389.54,14.1,2021-12-23,2022-03-23
51831,11831,Professional,Annual,389.29,7.2,2024-07-31,2025-07-26
51832,11832,Business,Monthly,846.04,18.4,2022-05-23,2022-06-22
51833,11833,Professional,Monthly,367.44,1.3,2023-12-26,2024-01-25
51834,11834,Business,Monthly,791.76,15.3,2021-07-14,2021-08-13
51835,11835,Professional,Quarterly,387.92,13.4,2024-04-26,2024-07-25
51836,11836,Professional,Monthly,304.82,12.3,2021-02-16,2021-03-18
51837,11837,Business,Monthly,846.63,9.6,2024-10-17,2024-11-16
51838,11838,Starter,Monthly,136.92,21.3,2025-05-21,2025-06-20
51839,11839,Business,Quarterly,1014.01,14.1,2025-02-19,2025-05-20
51840,11840,Professional,Monthly,382.83,16.5,2023-04-27,2023-05-27
51841,11841,Professional,Annual,321.67,10.8,2025-05-22,2026-05-17
51842,11842,Business,Monthly,892.39,18.2,2022-12-10,2023-01-09
51843,11843,Professional,Annual,366.16,7.7,2023-03-19,2024-03-13
51844,11844,Business,Monthly,1009.82,2.0,2021-04-25,2021-05-25
51845,11845,Professional,Annual,400.42,6.5,2022-09-23,2023-09-18
51846,11846,Starter,Annual,104.06,5.8,2021-07-16,2022-07-11
51847,11847,Business,Monthly,787.98,0.0,2022-02-05,2022-03-07
51848,11848,Business,Monthly,972.97,10.1,2026-08-02,2026-09-01
51849,11849,Professional,Quarterly,416.63,0.5,2021-03-17,2021-06-15
51850,11850,Business,Monthly,810.16,8.1,2024-12-20,2025-01-19
51851,11851,Professional,Annual,382.11,10.3,2021-10-14,2022-10-09
51852,11852,Business,Monthly,814.07,5.4,2025-04-18,2025-05-18
51853,11853,Starter,Monthly,103.73,11.1,2024-08-15,2024-09-14
51854,11854,Starter,Monthly,136.84,8.8,2023-05-11,2023-06-10
51855,11855,Starter,Monthly,133.03,3.0,2023-01-12,2023-02-11
51856,11856,Business,Quarterly,738.36,5.0,2025-09-27,2025-12-26
51857,11857,Professional,Quarterly,315.32,14.7,2023-03-20,2023-06-18
51858,11858,Professional,Annual,419.94,13.2,2026-05-14,2027-05-09
51859,11859,Business,Annual,916.1,27.4,2022-02-18,2023-02-13
51860,11860,Starter,Monthly,135.62,5.1,2022-03-07,2022-04-06
51861,11861,Professional,Annual,345.11,8.5,2025-12-19,2026-12-14
51862,11862,Professional,Monthly,360.99,5.0,2024-06-07,2024-07-07
51863,11863,Professional,Monthly,373.44,2.6,2026-04-03,2026-05-03
51864,11864,Starter,Monthly,135.85,4.9,2024-09-02,2024-10-02
51865,11865,Business,Annual,823.32,4.0,2022-06-28,2023-06-23
51866,11866,Professional,Quarterly,379.85,11.2,2025-02-23,2025-05-24
51867,11867,Starter,Quarterly,134.58,5.7,2024-11-12,2025-02-10
51868,11868,Starter,Quarterly,135.82,6.5,2021-03-13,2021-06-11
51869,11869,Starter,Monthly,122.97,5.6,2023-10-20,2023-11-19
51870,11870,Professional,Monthly,355.49,5.5,2022-06-16,2022-07-16
51871,11871,Starter,Monthly,106.39,8.5,2022-07-31,2022-08-30
51872,11872,Professional,Monthly,358.47,26.3,2024-01-18,2024-02-17
51873,11873,Business,Quarterly,931.33,12.9,2026-04-30,2026-07-29
51874,11874,Business,Quarterly,996.37,14.5,2022-12-14,2023-03-14
51875,11875,Business,Monthly,759.75,0.0,2025-04-08,2025-05-08
51876,11876,Business,Monthly,1010.74,9.9,2022-10-04,2022-11-03
51877,11877,Professional,Monthly,326.17,5.0,2023-03-23,2023-04-22
51878,11878,Professional,Quarterly,319.04,12.4,2023-10-12,2024-01-10
51879,11879,Enterprise,Annual,1958.18,16.5,2024-09-24,2025-09-19
51880,11880,Business,Quarterly,1017.07,10.5,2026-07-15,2026-10-13
51881,11881,Professional,Quarterly,366.22,9.0,2025-03-21,2025-06-19
51882,11882,Professional,Monthly,330.65,9.4,2026-02-05,2026-03-07
51883,11883,Business,Annual,816.97,8.0,2023-02-23,2024-02-18
51884,11884,Starter,Annual,141.91,0.0,2022-11-02,2023-10-28
51885,11885,Enterprise,Monthly,2562.98,8.3,2023-04-27,2023-05-27
51886,11886,Professional,Quarterly,340.37,2.9,2024-05-26,2024-08-24
51887,11887,Professional,Annual,305.29,0.0,2024-07-01,2025-06-26
51888,11888,Starter,Monthly,137.01,11.5,2024-10-16,2024-11-15
51889,11889,Starter,Annual,140.41,0.0,2025-10-31,2026-10-26
51890,11890,Starter,Monthly,137.18,10.7,2021-06-27,2021-07-27
51891,11891,Starter,Quarterly,140.35,4.9,2021-10-03,2022-01-01
51892,11892,Professional,Monthly,368.05,0.8,2025-07-24,2025-08-23
51893,11893,Starter,Monthly,137.27,15.1,2023-03-02,2023-04-01
51894,11894,Enterprise,Annual,2596.81,14.0,2025-08-04,2026-07-30
51895,11895,Professional,Monthly,406.51,13.5,2024-11-25,2024-12-25
51896,11896,Professional,Monthly,369.43,6.6,2024-05-25,2024-06-24
51897,11897,Professional,Quarterly,388.95,2.5,2021-01-27,2021-04-27
51898,11898,Starter,Annual,132.29,5.8,2024-09-09,2025-09-04
51899,11899,Business,Monthly,961.38,8.8,2025-05-10,2025-06-09
51900,11900,Professional,Monthly,325.53,0.3,2025-09-23,2025-10-23
51901,11901,Starter,Monthly,102.09,12.8,2021-10-12,2021-11-11
51902,11902,Starter,Annual,123.42,20.4,2024-01-18,2025-01-12
51903,11903,Professional,Monthly,391.28,7.4,2023-12-05,2024-01-04
51904,11904,Professional,Monthly,312.83,9.8,2023-07-01,2023-07-31
51905,11905,Professional,Monthly,362.77,23.1,2025-12-20,2026-01-19
51906,11906,Professional,Monthly,336.02,14.8,2021-03-23,2021-04-22
51907,11907,Business,Monthly,971.88,11.9,2023-09-07,2023-10-07
51908,11908,Business,Annual,752.33,5.9,2024-04-05,2025-03-31
51909,11909,Professional,Annual,401.37,17.1,2025-11-08,2026-11-03
51910,11910,Business,Annual,904.2,10.5,2025-12-31,2026-12-26
51911,11911,Starter,Monthly,140.62,11.8,2025-11-09,2025-12-09
51912,11912,Professional,Monthly,412.11,0.0,2024-08-26,2024-09-25
51913,11913,Starter,Monthly,135.97,17.3,2026-07-01,2026-07-31
51914,11914,Starter,Monthly,124.26,11.0,2021-03-23,2021-04-22
51915,11915,Professional,Annual,314.96,5.5,2021-04-04,2022-03-30
51916,11916,Business,Annual,789.56,16.1,2024-09-06,2025-09-01
51917,11917,Starter,Annual,119.55,12.7,2021-12-09,2022-12-04
51918,11918,Starter,Monthly,132.62,16.6,2026-01-29,2026-02-28
51919,11919,Enterprise,Quarterly,2289.54,4.9,2023-12-26,2024-03-25
51920,11920,Professional,Quarterly,351.19,6.3,2022-09-16,2022-12-15
51921,11921,Starter,Annual,122.06,6.9,2023-05-18,2024-05-12
51922,11922,Starter,Quarterly,133.14,4.0,2021-06-20,2021-09-18
51923,11923,Business,Monthly,732.72,8.0,2025-11-18,2025-12-18
51924,11924,Professional,Monthly,351.72,15.3,2022-08-01,2022-08-31
51925,11925,Starter,Annual,126.05,4.6,2021-03-09,2022-03-04
51926,11926,Professional,Quarterly,369.62,12.2,2025-02-24,2025-05-25
51927,11927,Professional,Quarterly,373.29,0.0,2023-11-24,2024-02-22
51928,11928,Professional,Annual,304.05,12.9,2021-01-01,2021-12-27
51929,11929,Enterprise,Monthly,2299.62,12.9,2023-06-21,2023-07-21
51930,11930,Starter,Monthly,125.12,6.6,2025-12-13,2026-01-12
51931,11931,Enterprise,Monthly,2528.24,6.0,2023-01-20,2023-02-19
51932,11932,Business,Monthly,948.62,16.5,2023-03-06,2023-04-05
51933,11933,Professional,Monthly,301.33,2.1,2026-08-29,2026-09-28
51934,11934,Business,Monthly,887.88,21.4,2025-12-25,2026-01-24
51935,11935,Professional,Monthly,382.14,9.4,2026-09-14,2026-10-14
51936,11936,Business,Monthly,895.09,6.1,2022-01-06,2022-02-05
51937,11937,Professional,Monthly,380.36,0.0,2026-08-17,2026-09-16
51938,11938,Starter,Monthly,106.9,14.5,2022-01-06,2022-02-05
51939,11939,Professional,Annual,318.23,10.6,2025-08-16,2026-08-11
51940,11940,Starter,Annual,126.47,14.4,2023-01-27,2024-01-22
51941,11941,Starter,Quarterly,135.63,19.7,2024-02-13,2024-05-13
51942,11942,Business,Annual,730.23,4.7,2024-09-22,2025-09-17
51943,11943,Enterprise,Quarterly,2205.9,7.0,2024-03-11,2024-06-09
51944,11944,Professional,Annual,419.03,3.1,2025-02-17,2026-02-12
51945,11945,Business,Quarterly,950.31,4.8,2025-01-01,2025-04-01
51946,11946,Starter,Monthly,120.91,17.4,2022-04-08,2022-05-08
51947,11947,Business,Annual,751.67,15.6,2022-04-26,2023-04-21
51948,11948,Business,Monthly,829.36,10.8,2023-04-03,2023-05-03
51949,11949,Starter,Monthly,108.49,13.9,2022-06-08,2022-07-08
51950,11950,Starter,Quarterly,140.67,22.5,2021-09-01,2021-11-30
51951,11951,Business,Annual,926.48,7.3,2021-08-27,2022-08-22
51952,11952,Professional,Monthly,402.32,15.9,2024-05-05,2024-06-04
51953,11953,Professional,Quarterly,407.44,14.4,2023-02-08,2023-05-09
51954,11954,Enterprise,Monthly,2337.31,4.6,2021-08-23,2021-09-22
51955,11955,Enterprise,Annual,1875.08,9.2,2022-05-12,2023-05-07
51956,11956,Business,Quarterly,887.93,5.4,2025-02-28,2025-05-29
51957,11957,Business,Monthly,961.24,20.6,2026-03-19,2026-04-18
51958,11958,Starter,Quarterly,115.21,2.0,2025-06-23,2025-09-21
51959,11959,Starter,Monthly,140.97,0.0,2023-07-25,2023-08-24
51960,11960,Enterprise,Monthly,2637.55,0.0,2024-06-22,2024-07-22
51961,11961,Business,Annual,885.91,6.1,2023-03-30,2024-03-24
51962,11962,Business,Quarterly,880.54,11.9,2021-01-22,2021-04-22
51963,11963,Starter,Monthly,129.52,0.0,2023-12-25,2024-01-24
51964,11964,Business,Monthly,890.99,11.7,2026-01-02,2026-02-01
51965,11965,Starter,Annual,108.74,12.5,2026-06-14,2027-06-09
51966,11966,Starter,Quarterly,113.39,7.3,2022-12-30,2023-03-30
51967,11967,Starter,Monthly,110.48,8.8,2026-02-17,2026-03-19
51968,11968,Business,Monthly,743.96,13.5,2021-07-31,2021-08-30
51969,11969,Business,Monthly,764.27,11.9,2025-11-09,2025-12-09
51970,11970,Professional,Annual,416.61,10.9,2021-07-19,2022-07-14
51971,11971,Starter,Annual,125.31,0.0,2023-09-14,2024-09-08
51972,11972,Business,Monthly,759.96,5.8,2021-06-27,2021-07-27
51973,11973,Enterprise,Annual,2419.08,1.9,2024-12-17,2025-12-12
51974,11974,Starter,Quarterly,122.03,14.3,2023-07-20,2023-10-18
51975,11975,Business,Quarterly,789.34,6.7,2026-07-30,2026-10-28
51976,11976,Enterprise,Annual,2596.55,20.2,2025-01-25,2026-01-20
51977,11977,Professional,Monthly,325.01,18.4,2026-09-23,2026-10-23
51978,11978,Starter,Monthly,106.1,19.4,2024-12-25,2025-01-24
51979,11979,Enterprise,Annual,2028.45,7.4,2021-06-17,2022-06-12
51980,11980,Starter,Monthly,140.3,5.5,2022-08-09,2022-09-08
51981,11981,Starter,Annual,138.03,7.5,2026-03-31,2027-03-26
51982,11982,Business,Quarterly,988.56,16.6,2021-01-16,2021-04-16
51983,11983,Professional,Monthly,409.73,18.2,2025-05-23,2025-06-22
51984,11984,Business,Monthly,745.56,8.2,2023-04-17,2023-05-17
51985,11985,Business,Monthly,934.12,17.9,2025-04-26,2025-05-26
51986,11986,Business,Annual,920.2,8.3,2021-11-02,2022-10-28
51987,11987,Professional,Monthly,419.13,11.4,2026-08-16,2026-09-15
51988,11988,Professional,Quarterly,385.05,6.9,2025-09-13,2025-12-12
51989,11989,Professional,Monthly,394.52,24.0,2021-12-27,2022-01-26
51990,11990,Business,Annual,935.21,23.1,2024-04-23,2025-04-18
51991,11991,Enterprise,Annual,2347.85,15.5,2026-02-02,2027-01-28
51992,11992,Professional,Quarterly,365.25,8.3,2026-05-26,2026-08-24
51993,11993,Starter,Annual,142.71,0.0,2024-01-29,2025-01-23
51994,11994,Enterprise,Monthly,2590.98,10.5,2024-01-19,2024-02-18
51995,11995,Starter,Monthly,120.39,14.1,2023-09-11,2023-10-11
51996,11996,Starter,Monthly,113.93,0.1,2024-06-23,2024-07-23
51997,11997,Business,Monthly,873.95,22.3,2021-06-28,2021-07-28
51998,11998,Professional,Monthly,388.9,19.9,2022-07-15,2022-08-14
51999,11999,Professional,Annual,346.62,3.7,2025-12-15,2026-12-10
52000,12000,Enterprise,Annual,2283.67,11.0,2021-10-19,2022-10-14
52001,12001,Enterprise,Quarterly,2100.0,11.6,2021-10-18,2022-01-16
52002,12002,Professional,Annual,349.89,9.7,2022-06-26,2023-06-21
52003,12003,Business,Monthly,1007.3,11.8,2026-03-25,2026-04-24
52004,12004,Business,Monthly,786.42,5.6,2022-08-17,2022-09-16
52005,12005,Starter,Quarterly,143.53,9.2,2024-11-29,2025-02-27
52006,12006,Enterprise,Monthly,2035.97,11.1,2023-08-06,2023-09-05
52007,12007,Starter,Quarterly,115.41,5.6,2024-09-10,2024-12-09
52008,12008,Professional,Monthly,308.18,15.1,2022-01-16,2022-02-15
52009,12009,Professional,Quarterly,389.63,10.2,2025-09-01,2025-11-30
52010,12010,Business,Annual,727.75,6.5,2021-11-06,2022-11-01
52011,12011,Starter,Quarterly,135.09,3.7,2025-08-21,2025-11-19
52012,12012,Business,Monthly,894.2,14.4,2025-02-07,2025-03-09
52013,12013,Business,Monthly,945.26,10.7,2024-03-11,2024-04-10
52014,12014,Starter,Monthly,134.89,4.7,2022-10-23,2022-11-22
52015,12015,Business,Quarterly,759.5,7.8,2025-02-06,2025-05-07
52016,12016,Professional,Monthly,300.12,7.5,2026-09-04,2026-10-04
52017,12017,Professional,Annual,318.17,15.9,2022-07-19,2023-07-14
52018,12018,Starter,Monthly,118.13,20.7,2025-05-25,2025-06-24
52019,12019,Professional,Quarterly,306.48,9.0,2024-04-14,2024-07-13
52020,12020,Starter,Monthly,121.18,12.6,2022-10-06,2022-11-05
52021,12021,Business,Monthly,807.31,14.4,2024-12-02,2025-01-01
52022,12022,Starter,Annual,117.28,1.9,2026-05-05,2027-04-30
52023,12023,Professional,Annual,412.7,10.4,2022-04-04,2023-03-30
52024,12024,Professional,Monthly,386.22,13.1,2021-12-04,2022-01-03
52025,12025,Professional,Quarterly,378.12,13.6,2024-09-16,2024-12-15
52026,12026,Starter,Annual,129.45,8.2,2026-07-07,2027-07-02
52027,12027,Starter,Quarterly,125.33,0.9,2021-12-11,2022-03-11
52028,12028,Starter,Monthly,123.55,13.5,2022-07-30,2022-08-29
52029,12029,Professional,Annual,405.56,11.7,2025-04-20,2026-04-15
52030,12030,Starter,Annual,105.15,15.8,2025-03-28,2026-03-23
52031,12031,Starter,Quarterly,114.12,0.0,2023-08-01,2023-10-30
52032,12032,Starter,Monthly,106.37,10.2,2021-12-12,2022-01-11
52033,12033,Business,Monthly,725.79,7.7,2021-11-21,2021-12-21
52034,12034,Enterprise,Quarterly,1880.68,6.6,2021-10-21,2022-01-19
52035,12035,Business,Annual,729.64,1.4,2022-06-08,2023-06-03
52036,12036,Professional,Quarterly,381.01,3.1,2021-09-16,2021-12-15
52037,12037,Starter,Monthly,106.68,11.0,2024-01-16,2024-02-15
52038,12038,Professional,Monthly,322.3,4.8,2025-02-26,2025-03-28
52039,12039,Professional,Quarterly,348.83,3.2,2023-04-01,2023-06-30
52040,12040,Professional,Monthly,330.48,9.6,2026-03-08,2026-04-07
52041,12041,Professional,Quarterly,397.55,4.3,2025-03-20,2025-06-18
52042,12042,Professional,Annual,373.87,9.5,2022-07-23,2023-07-18
52043,12043,Starter,Annual,116.0,9.3,2022-05-24,2023-05-19
52044,12044,Starter,Annual,115.35,11.3,2025-04-13,2026-04-08
52045,12045,Starter,Quarterly,130.72,3.4,2026-08-26,2026-11-24
52046,12046,Starter,Annual,109.17,15.9,2022-06-09,2023-06-04
52047,12047,Starter,Quarterly,113.78,15.3,2024-04-22,2024-07-21
52048,12048,Starter,Annual,116.84,9.7,2021-11-05,2022-10-31
52049,12049,Starter,Quarterly,121.1,12.3,2026-01-14,2026-04-14
52050,12050,Starter,Annual,110.0,13.0,2024-10-15,2025-10-10
52051,12051,Starter,Monthly,108.6,13.9,2026-04-27,2026-05-27
52052,12052,Starter,Annual,143.58,13.5,2024-03-26,2025-03-21
52053,12053,Professional,Monthly,409.37,13.2,2023-11-11,2023-12-11
52054,12054,Business,Monthly,878.28,12.0,2023-10-09,2023-11-08
52055,12055,Enterprise,Monthly,2459.47,12.6,2021-12-16,2022-01-15
52056,12056,Enterprise,Monthly,2388.98,0.0,2023-08-19,2023-09-18
52057,12057,Professional,Quarterly,306.7,2.1,2022-03-14,2022-06-12
52058,12058,Professional,Quarterly,360.94,13.9,2022-04-01,2022-06-30
52059,12059,Starter,Monthly,109.72,2.5,2025-04-19,2025-05-19
52060,12060,Enterprise,Quarterly,2319.72,10.1,2024-01-09,2024-04-08
52061,12061,Business,Annual,740.88,4.3,2025-01-15,2026-01-10
52062,12062,Business,Annual,770.97,11.6,2025-06-07,2026-06-02
52063,12063,Starter,Monthly,134.83,0.0,2025-02-21,2025-03-23
52064,12064,Professional,Quarterly,400.8,12.0,2022-10-05,2023-01-03
52065,12065,Starter,Monthly,140.11,8.9,2022-01-27,2022-02-26
52066,12066,Enterprise,Monthly,2560.48,3.2,2026-09-12,2026-10-12
52067,12067,Starter,Quarterly,140.1,16.3,2023-07-10,2023-10-08
52068,12068,Professional,Annual,309.1,21.8,2025-06-12,2026-06-07
52069,12069,Starter,Annual,129.7,0.0,2026-04-30,2027-04-25
52070,12070,Business,Annual,931.06,5.3,2024-01-20,2025-01-14
52071,12071,Starter,Quarterly,113.26,0.0,2022-02-17,2022-05-18
52072,12072,Business,Quarterly,1017.9,0.0,2025-11-24,2026-02-22
52073,12073,Professional,Annual,332.51,10.7,2021-09-18,2022-09-13
52074,12074,Professional,Monthly,367.92,2.5,2026-07-07,2026-08-06
52075,12075,Starter,Monthly,138.64,2.4,2024-08-28,2024-09-27
52076,12076,Business,Monthly,808.53,4.7,2023-08-17,2023-09-16
52077,12077,Business,Monthly,902.94,9.5,2026-01-23,2026-02-22
52078,12078,Professional,Monthly,385.7,17.8,2026-08-01,2026-08-31
52079,12079,Professional,Monthly,374.27,12.2,2024-04-03,2024-05-03
52080,12080,Starter,Annual,119.05,12.1,2021-12-01,2022-11-26
52081,12081,Starter,Quarterly,141.68,4.1,2023-03-15,2023-06-13
52082,12082,Professional,Annual,372.51,16.1,2023-08-30,2024-08-24
52083,12083,Professional,Annual,324.98,17.5,2023-12-31,2024-12-25
52084,12084,Professional,Annual,396.25,16.1,2023-07-30,2024-07-24
52085,12085,Professional,Annual,377.85,4.7,2023-06-22,2024-06-16
52086,12086,Business,Monthly,755.08,15.6,2024-06-22,2024-07-22
52087,12087,Enterprise,Monthly,2084.17,18.5,2021-01-24,2021-02-23
52088,12088,Professional,Annual,316.87,15.8,2022-07-11,2023-07-06
52089,12089,Professional,Quarterly,306.4,8.7,2024-10-28,2025-01-26
52090,12090,Business,Monthly,790.98,4.1,2026-02-20,2026-03-22
52091,12091,Professional,Monthly,331.57,11.3,2025-10-24,2025-11-23
52092,12092,Professional,Annual,354.65,6.4,2023-06-01,2024-05-26
52093,12093,Business,Annual,1010.86,0.0,2026-02-22,2027-02-17
52094,12094,Business,Monthly,1003.12,5.4,2024-05-27,2024-06-26
52095,12095,Business,Annual,946.72,11.8,2024-05-26,2025-05-21
52096,12096,Starter,Quarterly,129.15,13.0,2026-09-10,2026-12-09
52097,12097,Professional,Quarterly,413.54,20.7,2024-06-27,2024-09-25
52098,12098,Starter,Monthly,107.98,19.5,2022-07-20,2022-08-19
52099,12099,Professional,Annual,337.97,13.3,2026-08-20,2027-08-15
52100,12100,Professional,Quarterly,365.28,4.3,2022-11-09,2023-02-07
52101,12101,Starter,Monthly,136.19,10.7,2023-05-01,2023-05-31
52102,12102,Professional,Monthly,373.91,7.0,2021-10-12,2021-11-11
52103,12103,Professional,Monthly,396.59,0.0,2025-04-02,2025-05-02
52104,12104,Business,Monthly,768.04,28.7,2022-01-06,2022-02-05
52105,12105,Starter,Monthly,110.09,2.2,2026-01-15,2026-02-14
52106,12106,Professional,Quarterly,388.22,0.0,2026-02-22,2026-05-23
52107,12107,Professional,Monthly,340.17,0.0,2025-05-30,2025-06-29
52108,12108,Starter,Annual,120.32,8.5,2021-05-21,2022-05-16
52109,12109,Professional,Monthly,394.48,17.0,2024-02-04,2024-03-05
52110,12110,Business,Annual,743.34,5.0,2025-06-16,2026-06-11
52111,12111,Starter,Annual,109.06,13.7,2024-10-10,2025-10-05
52112,12112,Professional,Monthly,333.74,12.5,2026-08-31,2026-09-30
52113,12113,Professional,Monthly,405.73,7.8,2024-05-29,2024-06-28
52114,12114,Starter,Quarterly,119.0,2.7,2024-01-16,2024-04-15
52115,12115,Starter,Annual,112.59,15.9,2025-09-12,2026-09-07
52116,12116,Business,Monthly,924.33,11.1,2022-03-29,2022-04-28
52117,12117,Business,Monthly,731.51,10.0,2021-12-08,2022-01-07
52118,12118,Business,Annual,953.09,18.7,2022-01-28,2023-01-23
52119,12119,Professional,Annual,382.99,12.1,2024-10-07,2025-10-02
52120,12120,Business,Quarterly,738.89,4.6,2024-06-23,2024-09-21
52121,12121,Starter,Quarterly,122.92,17.2,2025-09-06,2025-12-05
52122,12122,Business,Monthly,842.73,19.4,2023-08-29,2023-09-28
52123,12123,Professional,Monthly,316.87,12.7,2025-05-26,2025-06-25
52124,12124,Business,Monthly,768.33,8.5,2022-11-30,2022-12-30
52125,12125,Starter,Monthly,108.73,22.0,2021-06-15,2021-07-15
52126,12126,Business,Quarterly,900.9,20.9,2026-09-13,2026-12-12
52127,12127,Professional,Monthly,318.46,12.9,2021-09-12,2021-10-12
52128,12128,Starter,Monthly,104.5,0.6,2021-10-29,2021-11-28
52129,12129,Professional,Annual,414.8,5.1,2023-07-24,2024-07-18
52130,12130,Professional,Monthly,302.3,26.2,2025-02-14,2025-03-16
52131,12131,Starter,Annual,129.88,5.5,2024-06-10,2025-06-05
52132,12132,Professional,Monthly,412.16,18.2,2023-08-11,2023-09-10
52133,12133,Professional,Monthly,302.15,2.5,2021-09-02,2021-10-02
52134,12134,Starter,Monthly,142.56,5.1,2026-08-30,2026-09-29
52135,12135,Professional,Monthly,359.04,6.3,2021-07-29,2021-08-28
52136,12136,Starter,Monthly,134.97,13.9,2022-03-02,2022-04-01
52137,12137,Starter,Monthly,128.26,11.9,2023-09-08,2023-10-08
52138,12138,Starter,Monthly,127.91,28.8,2021-06-27,2021-07-27
52139,12139,Starter,Monthly,135.13,0.0,2025-03-27,2025-04-26
52140,12140,Enterprise,Monthly,1920.39,0.0,2026-03-14,2026-04-13
52141,12141,Enterprise,Quarterly,2172.14,5.8,2026-07-28,2026-10-26
52142,12142,Business,Quarterly,1010.95,12.2,2021-10-26,2022-01-24
52143,12143,Starter,Monthly,104.29,12.8,2021-10-02,2021-11-01
52144,12144,Business,Monthly,800.68,9.4,2025-09-25,2025-10-25
52145,12145,Professional,Monthly,379.83,3.0,2026-01-21,2026-02-20
52146,12146,Starter,Annual,106.22,9.0,2025-11-30,2026-11-25
52147,12147,Business,Quarterly,882.16,3.3,2021-02-22,2021-05-23
52148,12148,Enterprise,Monthly,2419.3,9.7,2026-01-20,2026-02-19
52149,12149,Business,Annual,947.83,16.3,2024-11-24,2025-11-19
52150,12150,Starter,Annual,125.57,0.0,2024-12-08,2025-12-03
52151,12151,Professional,Monthly,358.83,17.7,2025-06-16,2025-07-16
52152,12152,Starter,Monthly,131.98,0.0,2026-05-02,2026-06-01
52153,12153,Starter,Monthly,108.09,2.0,2022-05-04,2022-06-03
52154,12154,Business,Annual,924.95,27.9,2022-02-21,2023-02-16
52155,12155,Professional,Monthly,410.11,5.9,2023-07-10,2023-08-09
52156,12156,Starter,Monthly,130.68,16.9,2025-04-03,2025-05-03
52157,12157,Starter,Annual,103.95,19.8,2022-10-28,2023-10-23
52158,12158,Professional,Quarterly,359.48,17.0,2021-01-06,2021-04-06
52159,12159,Enterprise,Quarterly,2429.23,0.0,2025-01-14,2025-04-14
52160,12160,Professional,Annual,302.8,7.8,2025-01-11,2026-01-06
52161,12161,Starter,Annual,134.01,3.1,2021-12-04,2022-11-29
52162,12162,Professional,Monthly,332.0,12.5,2021-09-26,2021-10-26
52163,12163,Professional,Quarterly,369.62,5.3,2023-12-24,2024-03-23
52164,12164,Business,Quarterly,1009.99,18.3,2024-07-17,2024-10-15
52165,12165,Professional,Monthly,419.38,14.3,2022-10-19,2022-11-18
52166,12166,Starter,Monthly,128.65,6.0,2024-11-01,2024-12-01
52167,12167,Starter,Monthly,122.64,9.5,2026-02-12,2026-03-14
52168,12168,Business,Annual,775.36,12.8,2025-07-15,2026-07-10
52169,12169,Starter,Annual,110.75,9.3,2023-05-12,2024-05-06
52170,12170,Business,Annual,850.19,3.7,2024-08-29,2025-08-24
52171,12171,Starter,Annual,131.5,7.6,2025-07-26,2026-07-21
52172,12172,Business,Monthly,951.37,6.2,2025-12-31,2026-01-30
52173,12173,Starter,Monthly,111.32,0.0,2024-04-27,2024-05-27
52174,12174,Starter,Monthly,124.49,15.8,2023-12-02,2024-01-01
52175,12175,Professional,Quarterly,369.97,5.3,2021-11-16,2022-02-14
52176,12176,Professional,Annual,406.9,5.8,2025-08-08,2026-08-03
52177,12177,Professional,Monthly,404.86,15.1,2022-03-21,2022-04-20
52178,12178,Professional,Monthly,397.63,11.7,2024-10-29,2024-11-28
52179,12179,Professional,Quarterly,360.79,7.6,2021-10-13,2022-01-11
52180,12180,Business,Annual,741.86,11.0,2026-01-02,2026-12-28
52181,12181,Professional,Monthly,338.47,6.5,2025-01-03,2025-02-02
52182,12182,Business,Annual,907.46,2.6,2022-08-16,2023-08-11
52183,12183,Professional,Monthly,375.61,7.5,2022-02-20,2022-03-22
52184,12184,Business,Monthly,975.1,7.3,2026-09-04,2026-10-04
52185,12185,Professional,Monthly,343.98,4.4,2021-04-04,2021-05-04
52186,12186,Professional,Annual,412.24,0.1,2024-03-24,2025-03-19
52187,12187,Professional,Annual,317.5,9.9,2022-11-17,2023-11-12
52188,12188,Professional,Annual,303.61,0.0,2023-05-13,2024-05-07
52189,12189,Professional,Quarterly,319.14,10.0,2022-11-16,2023-02-14
52190,12190,Business,Monthly,860.04,7.2,2023-11-04,2023-12-04
52191,12191,Professional,Quarterly,398.31,8.9,2021-12-07,2022-03-07
52192,12192,Business,Annual,768.27,10.7,2022-08-27,2023-08-22
52193,12193,Professional,Monthly,364.65,14.4,2025-12-12,2026-01-11
52194,12194,Starter,Monthly,134.62,5.5,2023-01-04,2023-02-03
52195,12195,Business,Quarterly,732.87,6.8,2025-02-05,2025-05-06
52196,12196,Business,Monthly,734.85,10.6,2024-02-06,2024-03-07
52197,12197,Starter,Monthly,122.6,2.7,2024-09-16,2024-10-16
52198,12198,Starter,Quarterly,109.67,3.7,2022-06-24,2022-09-22
52199,12199,Professional,Annual,352.69,11.8,2025-09-29,2026-09-24
52200,12200,Starter,Annual,103.85,7.7,2025-10-02,2026-09-27
52201,12201,Professional,Quarterly,417.17,2.6,2024-11-20,2025-02-18
52202,12202,Enterprise,Annual,2373.73,0.0,2026-06-13,2027-06-08
52203,12203,Starter,Monthly,130.84,9.1,2022-09-07,2022-10-07
52204,12204,Starter,Annual,123.41,13.2,2022-05-03,2023-04-28
52205,12205,Business,Monthly,967.91,14.8,2024-04-27,2024-05-27
52206,12206,Starter,Annual,137.0,0.2,2024-12-12,2025-12-07
52207,12207,Business,Annual,769.83,12.7,2024-10-16,2025-10-11
52208,12208,Starter,Monthly,134.27,2.6,2023-04-29,2023-05-29
52209,12209,Professional,Annual,366.92,22.0,2021-10-28,2022-10-23
52210,12210,Starter,Monthly,134.02,7.9,2024-10-23,2024-11-22
52211,12211,Business,Annual,995.81,1.3,2024-09-01,2025-08-27
52212,12212,Professional,Monthly,338.55,12.1,2022-12-06,2023-01-05
52213,12213,Enterprise,Annual,2309.6,9.4,2021-09-26,2022-09-21
52214,12214,Professional,Monthly,393.97,15.0,2025-03-05,2025-04-04
52215,12215,Business,Monthly,1016.06,11.5,2022-04-23,2022-05-23
52216,12216,Professional,Annual,372.54,21.7,2021-06-25,2022-06-20
52217,12217,Enterprise,Annual,2425.35,7.3,2021-08-27,2022-08-22
52218,12218,Starter,Annual,137.55,16.0,2026-05-23,2027-05-18
52219,12219,Professional,Annual,389.53,5.4,2022-09-02,2023-08-28
52220,12220,Professional,Quarterly,412.94,11.5,2025-11-23,2026-02-21
52221,12221,Starter,Annual,111.65,6.6,2022-05-07,2023-05-02
52222,12222,Professional,Annual,408.7,17.7,2021-11-25,2022-11-20
52223,12223,Business,Monthly,784.11,16.7,2022-03-21,2022-04-20
52224,12224,Professional,Annual,366.73,13.6,2025-08-17,2026-08-12
52225,12225,Starter,Annual,123.96,12.4,2023-09-25,2024-09-19
52226,12226,Starter,Annual,136.92,14.9,2022-03-18,2023-03-13
52227,12227,Starter,Monthly,118.74,16.7,2023-03-06,2023-04-05
52228,12228,Enterprise,Annual,1980.25,10.7,2026-01-06,2027-01-01
52229,12229,Professional,Annual,384.08,13.8,2023-06-10,2024-06-04
52230,12230,Professional,Monthly,371.81,20.9,2026-09-10,2026-10-10
52231,12231,Professional,Annual,398.82,8.6,2024-02-29,2025-02-23
52232,12232,Starter,Monthly,133.86,11.8,2025-10-18,2025-11-17
52233,12233,Starter,Monthly,139.58,7.2,2024-09-11,2024-10-11
52234,12234,Professional,Monthly,400.29,19.5,2021-10-18,2021-11-17
52235,12235,Business,Monthly,926.6,8.3,2022-01-03,2022-02-02
52236,12236,Business,Quarterly,861.05,13.6,2022-05-01,2022-07-30
52237,12237,Business,Quarterly,728.56,24.9,2021-06-17,2021-09-15
52238,12238,Enterprise,Monthly,2106.85,17.0,2026-02-28,2026-03-30
52239,12239,Starter,Quarterly,132.56,8.3,2025-11-26,2026-02-24
52240,12240,Starter,Monthly,104.5,15.8,2021-03-19,2021-04-18
52241,12241,Starter,Annual,133.78,13.1,2024-01-14,2025-01-08
52242,12242,Professional,Annual,360.76,0.0,2023-06-11,2024-06-05
52243,12243,Professional,Quarterly,403.8,1.9,2022-10-23,2023-01-21
52244,12244,Business,Annual,918.8,7.8,2024-05-09,2025-05-04
52245,12245,Professional,Annual,395.31,12.5,2022-08-12,2023-08-07
52246,12246,Professional,Annual,318.51,5.8,2022-07-19,2023-07-14
52247,12247,Professional,Monthly,318.68,10.2,2021-10-29,2021-11-28
52248,12248,Starter,Monthly,110.87,6.3,2021-10-21,2021-11-20
52249,12249,Business,Annual,821.66,3.7,2021-04-19,2022-04-14
52250,12250,Enterprise,Monthly,2566.41,6.9,2025-02-26,2025-03-28
52251,12251,Professional,Monthly,392.35,12.2,2025-09-05,2025-10-05
52252,12252,Business,Monthly,830.98,13.5,2022-03-04,2022-04-03
52253,12253,Professional,Quarterly,410.01,7.6,2022-09-30,2022-12-29
52254,12254,Starter,Quarterly,134.71,20.4,2021-04-15,2021-07-14
52255,12255,Starter,Quarterly,129.55,5.1,2023-12-21,2024-03-20
52256,12256,Starter,Monthly,120.34,11.8,2021-01-12,2021-02-11
52257,12257,Professional,Monthly,377.33,7.1,2022-10-11,2022-11-10
52258,12258,Starter,Monthly,126.92,4.1,2023-05-25,2023-06-24
52259,12259,Business,Quarterly,955.11,3.7,2023-06-03,2023-09-01
52260,12260,Enterprise,Quarterly,2043.7,9.3,2022-07-09,2022-10-07
52261,12261,Starter,Monthly,139.19,0.0,2024-12-30,2025-01-29
52262,12262,Starter,Monthly,126.86,12.7,2024-09-05,2024-10-05
52263,12263,Business,Annual,962.51,12.8,2026-03-10,2027-03-05
52264,12264,Business,Annual,825.82,14.5,2023-09-16,2024-09-10
52265,12265,Professional,Monthly,345.51,21.7,2025-04-29,2025-05-29
52266,12266,Professional,Quarterly,412.32,12.3,2021-12-19,2022-03-19
52267,12267,Business,Monthly,907.53,2.7,2025-02-15,2025-03-17
52268,12268,Professional,Monthly,336.42,7.1,2026-07-23,2026-08-22
52269,12269,Starter,Annual,105.45,10.2,2026-01-21,2027-01-16
52270,12270,Enterprise,Monthly,2204.45,8.4,2026-09-03,2026-10-03
52271,12271,Starter,Monthly,137.66,3.4,2023-06-04,2023-07-04
52272,12272,Starter,Monthly,112.56,5.2,2025-01-05,2025-02-04
52273,12273,Professional,Annual,402.89,12.8,2022-07-28,2023-07-23
52274,12274,Starter,Annual,108.79,14.6,2025-08-16,2026-08-11
52275,12275,Enterprise,Quarterly,1970.05,6.9,2023-02-14,2023-05-15
52276,12276,Professional,Quarterly,371.7,11.7,2021-08-31,2021-11-29
52277,12277,Business,Monthly,961.88,0.2,2023-05-15,2023-06-14
52278,12278,Starter,Annual,134.76,2.5,2024-12-10,2025-12-05
52279,12279,Starter,Monthly,124.83,9.5,2022-12-15,2023-01-14
52280,12280,Professional,Monthly,375.74,0.5,2022-07-30,2022-08-29
52281,12281,Enterprise,Annual,2068.81,11.3,2023-09-16,2024-09-10
52282,12282,Starter,Annual,125.15,0.0,2024-11-15,2025-11-10
52283,12283,Professional,Monthly,322.94,18.7,2021-03-11,2021-04-10
52284,12284,Starter,Quarterly,140.99,19.0,2023-04-23,2023-07-22
52285,12285,Business,Annual,924.22,19.9,2023-07-07,2024-07-01
52286,12286,Enterprise,Annual,2304.78,3.5,2023-01-13,2024-01-08
52287,12287,Professional,Annual,327.77,15.7,2021-02-24,2022-02-19
52288,12288,Business,Monthly,844.17,5.7,2026-01-12,2026-02-11
52289,12289,Starter,Annual,134.77,0.0,2024-10-08,2025-10-03
52290,12290,Starter,Monthly,112.06,4.7,2022-02-14,2022-03-16
52291,12291,Starter,Monthly,107.41,16.3,2023-11-05,2023-12-05
52292,12292,Starter,Monthly,114.91,12.1,2021-05-27,2021-06-26
52293,12293,Business,Monthly,958.86,5.9,2025-02-22,2025-03-24
52294,12294,Professional,Quarterly,405.68,8.6,2025-08-07,2025-11-05
52295,12295,Starter,Monthly,119.4,5.8,2023-11-15,2023-12-15
52296,12296,Business,Monthly,954.92,8.9,2025-09-11,2025-10-11
52297,12297,Enterprise,Monthly,2125.81,19.6,2024-04-12,2024-05-12
52298,12298,Professional,Annual,359.83,7.3,2025-12-04,2026-11-29
52299,12299,Professional,Monthly,299.97,22.7,2021-01-27,2021-02-26
52300,12300,Starter,Monthly,131.9,2.9,2024-01-30,2024-02-29
52301,12301,Professional,Quarterly,385.54,13.8,2023-12-27,2024-03-26
52302,12302,Professional,Annual,309.77,16.6,2021-09-07,2022-09-02
52303,12303,Enterprise,Quarterly,2146.28,0.6,2021-05-22,2021-08-20
52304,12304,Business,Annual,866.36,12.2,2021-09-24,2022-09-19
52305,12305,Business,Monthly,952.8,0.7,2021-08-03,2021-09-02
52306,12306,Starter,Monthly,136.59,22.9,2022-05-04,2022-06-03
52307,12307,Professional,Annual,385.6,19.1,2022-05-11,2023-05-06
52308,12308,Starter,Quarterly,111.07,14.6,2022-04-25,2022-07-24
52309,12309,Business,Monthly,828.51,10.2,2021-01-01,2021-01-31
52310,12310,Starter,Monthly,112.39,6.4,2026-03-19,2026-04-18
52311,12311,Professional,Annual,375.56,5.4,2023-04-21,2024-04-15
52312,12312,Starter,Annual,129.19,20.1,2023-04-24,2024-04-18
52313,12313,Professional,Monthly,299.48,11.2,2026-03-01,2026-03-31
52314,12314,Professional,Monthly,387.13,18.8,2022-10-12,2022-11-11
52315,12315,Professional,Annual,325.62,19.2,2024-12-11,2025-12-06
52316,12316,Starter,Monthly,135.66,9.3,2026-03-09,2026-04-08
52317,12317,Professional,Monthly,399.52,8.7,2024-07-25,2024-08-24
52318,12318,Professional,Monthly,395.13,8.2,2025-01-22,2025-02-21
52319,12319,Enterprise,Monthly,2184.25,4.1,2025-09-22,2025-10-22
52320,12320,Starter,Annual,116.63,9.2,2024-09-16,2025-09-11
52321,12321,Enterprise,Annual,2205.04,9.7,2024-07-17,2025-07-12
52322,12322,Professional,Monthly,362.09,14.6,2024-04-10,2024-05-10
52323,12323,Starter,Monthly,112.5,9.2,2022-02-08,2022-03-10
52324,12324,Business,Annual,999.66,15.4,2025-01-31,2026-01-26
52325,12325,Professional,Monthly,359.25,14.1,2025-03-27,2025-04-26
52326,12326,Starter,Quarterly,105.07,15.1,2026-01-27,2026-04-27
52327,12327,Professional,Monthly,419.66,11.1,2021-04-21,2021-05-21
52328,12328,Professional,Monthly,356.8,13.5,2023-03-24,2023-04-23
52329,12329,Business,Quarterly,1004.23,11.6,2023-07-19,2023-10-17
52330,12330,Business,Annual,838.61,0.0,2023-06-05,2024-05-30
52331,12331,Professional,Annual,325.03,7.1,2023-06-28,2024-06-22
52332,12332,Professional,Monthly,387.77,3.7,2026-06-06,2026-07-06
52333,12333,Starter,Monthly,120.16,20.5,2021-06-24,2021-07-24
52334,12334,Professional,Monthly,405.48,16.6,2024-09-25,2024-10-25
52335,12335,Starter,Monthly,121.51,11.7,2023-11-04,2023-12-04
52336,12336,Starter,Annual,116.21,12.7,2026-09-22,2027-09-17
52337,12337,Professional,Monthly,415.92,19.9,2022-04-06,2022-05-06
52338,12338,Starter,Monthly,136.88,6.4,2021-05-29,2021-06-28
52339,12339,Professional,Quarterly,322.69,18.7,2021-12-04,2022-03-04
52340,12340,Professional,Monthly,357.38,22.5,2023-09-30,2023-10-30
52341,12341,Business,Annual,756.21,10.5,2024-02-08,2025-02-02
52342,12342,Starter,Quarterly,106.53,4.5,2021-12-20,2022-03-20
52343,12343,Professional,Monthly,402.04,8.7,2024-01-13,2024-02-12
52344,12344,Business,Monthly,999.72,17.5,2026-03-30,2026-04-29
52345,12345,Enterprise,Annual,2438.9,14.0,2024-01-15,2025-01-09
52346,12346,Enterprise,Annual,2631.71,12.0,2021-03-25,2022-03-20
52347,12347,Professional,Annual,303.05,3.9,2026-06-01,2027-05-27
52348,12348,Business,Monthly,821.12,10.5,2021-08-15,2021-09-14
52349,12349,Professional,Monthly,313.69,12.3,2023-10-10,2023-11-09
52350,12350,Professional,Quarterly,393.3,6.9,2021-01-20,2021-04-20
52351,12351,Professional,Monthly,406.58,7.2,2025-01-06,2025-02-05
52352,12352,Professional,Monthly,352.27,15.3,2021-09-27,2021-10-27
52353,12353,Starter,Annual,136.83,14.3,2025-03-12,2026-03-07
52354,12354,Business,Annual,974.67,10.4,2021-10-31,2022-10-26
52355,12355,Business,Quarterly,764.06,8.7,2024-08-01,2024-10-30
52356,12356,Starter,Monthly,117.83,9.3,2023-03-21,2023-04-20
52357,12357,Business,Monthly,778.44,17.3,2023-11-19,2023-12-19
52358,12358,Professional,Quarterly,379.58,14.2,2026-04-17,2026-07-16
52359,12359,Professional,Annual,344.95,11.4,2026-08-03,2027-07-29
52360,12360,Professional,Annual,379.3,21.6,2023-06-28,2024-06-22
52361,12361,Enterprise,Quarterly,2544.42,5.4,2021-05-22,2021-08-20
52362,12362,Professional,Monthly,348.06,2.1,2025-08-07,2025-09-06
52363,12363,Business,Quarterly,1011.65,0.0,2023-03-20,2023-06-18
52364,12364,Professional,Monthly,347.56,13.9,2023-08-06,2023-09-05
52365,12365,Business,Quarterly,786.09,20.9,2023-02-05,2023-05-06
52366,12366,Business,Annual,879.96,20.4,2023-07-09,2024-07-03
52367,12367,Business,Quarterly,841.21,5.9,2023-07-28,2023-10-26
52368,12368,Enterprise,Monthly,1966.25,4.5,2024-06-16,2024-07-16
52369,12369,Starter,Quarterly,102.97,0.0,2023-08-13,2023-11-11
52370,12370,Professional,Annual,388.64,5.4,2024-08-07,2025-08-02
52371,12371,Professional,Quarterly,411.78,2.3,2022-06-27,2022-09-25
52372,12372,Professional,Annual,351.46,18.8,2024-01-08,2025-01-02
52373,12373,Business,Monthly,741.96,11.2,2021-05-24,2021-06-23
52374,12374,Starter,Monthly,133.11,10.5,2024-04-14,2024-05-14
52375,12375,Business,Annual,980.45,5.1,2022-08-16,2023-08-11
52376,12376,Business,Quarterly,818.79,0.5,2022-07-21,2022-10-19
52377,12377,Starter,Annual,111.32,1.0,2022-11-22,2023-11-17
52378,12378,Professional,Monthly,338.79,2.9,2024-02-08,2024-03-09
52379,12379,Starter,Monthly,140.15,15.5,2022-10-27,2022-11-26
52380,12380,Business,Monthly,846.84,0.3,2026-06-06,2026-07-06
52381,12381,Starter,Annual,129.47,13.8,2022-02-10,2023-02-05
52382,12382,Starter,Annual,105.12,31.0,2023-09-13,2024-09-07
52383,12383,Starter,Monthly,113.82,7.1,2024-11-17,2024-12-17
52384,12384,Starter,Monthly,111.58,12.5,2022-06-01,2022-07-01
52385,12385,Professional,Monthly,305.17,10.4,2023-04-30,2023-05-30
52386,12386,Business,Quarterly,758.38,1.0,2026-03-17,2026-06-15
52387,12387,Professional,Monthly,348.53,2.6,2023-06-27,2023-07-27
52388,12388,Starter,Monthly,125.44,6.7,2021-11-12,2021-12-12
52389,12389,Professional,Quarterly,335.71,9.7,2024-07-09,2024-10-07
52390,12390,Professional,Annual,348.89,23.7,2025-02-16,2026-02-11
52391,12391,Professional,Monthly,390.54,5.4,2021-01-27,2021-02-26
52392,12392,Professional,Annual,327.78,4.2,2025-02-27,2026-02-22
52393,12393,Business,Monthly,732.65,3.5,2021-02-24,2021-03-26
52394,12394,Professional,Monthly,328.98,18.4,2026-04-19,2026-05-19
52395,12395,Business,Monthly,996.62,6.0,2026-01-30,2026-03-01
52396,12396,Professional,Quarterly,299.71,21.7,2021-09-06,2021-12-05
52397,12397,Starter,Monthly,107.42,12.3,2025-12-07,2026-01-06
52398,12398,Enterprise,Monthly,1920.11,21.1,2023-05-07,2023-06-06
52399,12399,Starter,Monthly,117.83,10.5,2025-01-09,2025-02-08
52400,12400,Professional,Annual,376.85,8.7,2026-02-20,2027-02-15
52401,12401,Enterprise,Monthly,2570.97,11.6,2025-03-06,2025-04-05
52402,12402,Starter,Annual,135.35,19.5,2024-11-17,2025-11-12
52403,12403,Starter,Monthly,112.53,11.9,2025-11-30,2025-12-30
52404,12404,Professional,Annual,375.27,13.8,2021-04-19,2022-04-14
52405,12405,Starter,Annual,129.88,10.6,2023-09-08,2024-09-02
52406,12406,Professional,Annual,308.59,8.7,2021-12-19,2022-12-14
52407,12407,Business,Quarterly,849.57,13.7,2024-11-28,2025-02-26
52408,12408,Professional,Quarterly,335.63,11.7,2025-09-27,2025-12-26
52409,12409,Professional,Monthly,316.75,11.7,2025-11-13,2025-12-13
52410,12410,Business,Monthly,739.95,1.5,2024-01-22,2024-02-21
52411,12411,Business,Monthly,730.57,6.4,2022-06-18,2022-07-18
52412,12412,Business,Monthly,977.97,10.3,2024-05-02,2024-06-01
52413,12413,Enterprise,Annual,2124.59,0.8,2024-06-09,2025-06-04
52414,12414,Professional,Monthly,357.9,15.2,2026-06-03,2026-07-03
52415,12415,Starter,Monthly,114.25,1.8,2026-09-08,2026-10-08
52416,12416,Professional,Quarterly,317.82,4.7,2022-06-16,2022-09-14
52417,12417,Business,Monthly,800.24,12.5,2026-04-29,2026-05-29
52418,12418,Starter,Monthly,109.14,0.4,2021-05-20,2021-06-19
52419,12419,Business,Monthly,947.97,14.8,2021-09-19,2021-10-19
52420,12420,Professional,Annual,408.67,1.5,2021-01-19,2022-01-14
52421,12421,Enterprise,Annual,2204.57,12.9,2026-08-22,2027-08-17
52422,12422,Business,Monthly,967.32,6.6,2025-03-29,2025-04-28
52423,12423,Business,Annual,849.17,11.0,2025-01-28,2026-01-23
52424,12424,Business,Annual,855.42,8.3,2026-09-03,2027-08-29
52425,12425,Enterprise,Monthly,2243.54,4.7,2023-10-29,2023-11-28
52426,12426,Professional,Monthly,397.98,0.0,2021-08-16,2021-09-15
52427,12427,Enterprise,Annual,2590.97,1.3,2022-01-11,2023-01-06
52428,12428,Starter,Monthly,133.27,0.0,2024-02-21,2024-03-22
52429,12429,Business,Annual,986.81,5.7,2024-01-19,2025-01-13
52430,12430,Professional,Quarterly,376.23,14.5,2023-01-06,2023-04-06
52431,12431,Professional,Monthly,400.31,21.4,2021-09-14,2021-10-14
52432,12432,Business,Quarterly,888.16,18.0,2023-04-13,2023-07-12
52433,12433,Professional,Annual,392.16,15.6,2025-12-12,2026-12-07
52434,12434,Professional,Monthly,383.89,21.4,2022-12-02,2023-01-01
52435,12435,Starter,Annual,133.47,18.2,2023-06-30,2024-06-24
52436,12436,Enterprise,Monthly,2050.47,22.9,2022-11-30,2022-12-30
52437,12437,Professional,Annual,316.33,11.5,2022-03-14,2023-03-09
52438,12438,Starter,Monthly,129.43,13.8,2025-09-20,2025-10-20
52439,12439,Professional,Annual,356.65,0.8,2026-09-16,2027-09-11
52440,12440,Professional,Annual,391.17,0.5,2025-08-12,2026-08-07
52441,12441,Professional,Quarterly,315.45,15.4,2022-09-07,2022-12-06
52442,12442,Starter,Monthly,141.8,2.2,2026-04-27,2026-05-27
52443,12443,Professional,Monthly,383.74,10.3,2026-03-28,2026-04-27
52444,12444,Enterprise,Quarterly,1887.7,22.3,2023-11-07,2024-02-05
52445,12445,Enterprise,Quarterly,2313.93,9.9,2024-03-28,2024-06-26
52446,12446,Business,Annual,815.5,13.6,2023-08-18,2024-08-12
52447,12447,Business,Monthly,804.22,8.0,2026-01-14,2026-02-13
52448,12448,Starter,Monthly,139.89,17.0,2024-07-29,2024-08-28
52449,12449,Professional,Quarterly,399.9,14.8,2021-10-05,2022-01-03
52450,12450,Business,Monthly,725.34,14.9,2021-05-05,2021-06-04
52451,12451,Starter,Quarterly,109.63,15.6,2024-09-05,2024-12-04
52452,12452,Starter,Quarterly,132.22,6.5,2022-11-06,2023-02-04
52453,12453,Professional,Annual,401.4,28.2,2022-12-16,2023-12-11
52454,12454,Professional,Quarterly,385.41,8.4,2026-07-04,2026-10-02
52455,12455,Starter,Monthly,124.06,8.3,2025-02-14,2025-03-16
52456,12456,Professional,Monthly,418.11,4.3,2024-09-09,2024-10-09
52457,12457,Enterprise,Monthly,2483.91,10.0,2023-07-02,2023-08-01
52458,12458,Starter,Quarterly,121.65,11.5,2026-06-13,2026-09-11
52459,12459,Professional,Annual,368.98,8.7,2023-02-12,2024-02-07
52460,12460,Professional,Monthly,302.99,19.2,2023-12-17,2024-01-16
52461,12461,Business,Quarterly,1009.51,12.1,2025-10-19,2026-01-17
52462,12462,Business,Quarterly,830.41,16.4,2023-09-28,2023-12-27
52463,12463,Starter,Monthly,129.78,0.0,2025-10-04,2025-11-03
52464,12464,Starter,Monthly,130.01,8.3,2021-03-15,2021-04-14
52465,12465,Professional,Quarterly,304.48,14.0,2024-01-14,2024-04-13
52466,12466,Starter,Monthly,113.17,3.0,2023-11-04,2023-12-04
52467,12467,Professional,Quarterly,377.88,3.5,2025-07-23,2025-10-21
52468,12468,Professional,Annual,409.24,10.0,2023-07-01,2024-06-25
52469,12469,Starter,Monthly,134.7,9.8,2023-03-05,2023-04-04
52470,12470,Professional,Monthly,368.57,6.2,2026-09-28,2026-10-28
52471,12471,Professional,Annual,325.98,8.5,2021-12-25,2022-12-20
52472,12472,Starter,Quarterly,141.85,16.5,2026-02-01,2026-05-02
52473,12473,Business,Monthly,842.59,7.2,2023-12-13,2024-01-12
52474,12474,Enterprise,Quarterly,1985.43,0.9,2025-12-06,2026-03-06
52475,12475,Starter,Annual,102.91,9.7,2025-04-25,2026-04-20
52476,12476,Starter,Monthly,141.91,6.6,2025-09-16,2025-10-16
52477,12477,Enterprise,Monthly,2468.99,17.1,2025-07-27,2025-08-26
52478,12478,Business,Quarterly,786.87,21.0,2023-05-29,2023-08-27
52479,12479,Business,Monthly,764.68,2.6,2021-01-05,2021-02-04
52480,12480,Professional,Annual,415.04,13.0,2025-05-24,2026-05-19
52481,12481,Professional,Annual,327.0,0.0,2023-12-12,2024-12-06
52482,12482,Enterprise,Monthly,2225.69,14.9,2021-11-25,2021-12-25
52483,12483,Professional,Monthly,372.33,12.7,2023-09-30,2023-10-30
52484,12484,Business,Annual,741.06,10.9,2023-02-22,2024-02-17
52485,12485,Business,Monthly,824.97,9.9,2022-07-31,2022-08-30
52486,12486,Business,Annual,1003.23,3.2,2021-11-23,2022-11-18
52487,12487,Enterprise,Monthly,2409.27,4.2,2025-03-08,2025-04-07
52488,12488,Professional,Monthly,342.55,3.3,2025-01-05,2025-02-04
52489,12489,Starter,Monthly,135.25,11.7,2022-10-14,2022-11-13
52490,12490,Starter,Monthly,137.16,0.0,2022-05-10,2022-06-09
52491,12491,Business,Quarterly,767.65,0.0,2024-02-13,2024-05-13
52492,12492,Starter,Annual,126.64,20.2,2024-09-18,2025-09-13
52493,12493,Starter,Monthly,117.4,11.3,2024-02-28,2024-03-29
52494,12494,Business,Monthly,873.29,0.0,2024-01-30,2024-02-29
52495,12495,Professional,Monthly,354.96,16.7,2024-05-04,2024-06-03
52496,12496,Business,Monthly,872.39,3.9,2023-03-13,2023-04-12
52497,12497,Professional,Monthly,361.44,5.6,2026-08-05,2026-09-04
52498,12498,Professional,Annual,305.98,10.0,2021-07-27,2022-07-22
52499,12499,Starter,Quarterly,109.46,0.6,2022-04-18,2022-07-17
52500,12500,Professional,Annual,366.86,14.2,2025-06-27,2026-06-22
52501,12501,Starter,Monthly,141.31,5.8,2023-10-29,2023-11-28
52502,12502,Professional,Quarterly,388.95,0.0,2021-05-16,2021-08-14
52503,12503,Professional,Quarterly,326.73,12.5,2021-09-18,2021-12-17
52504,12504,Starter,Annual,117.19,19.4,2024-03-16,2025-03-11
52505,12505,Professional,Monthly,338.58,18.8,2022-04-03,2022-05-03
52506,12506,Business,Annual,951.43,1.1,2026-04-13,2027-04-08
52507,12507,Enterprise,Monthly,2618.59,13.4,2025-09-17,2025-10-17
52508,12508,Professional,Annual,341.04,6.7,2024-12-07,2025-12-02
52509,12509,Starter,Monthly,102.62,11.9,2021-05-27,2021-06-26
52510,12510,Business,Quarterly,1001.22,0.3,2022-12-18,2023-03-18
52511,12511,Business,Monthly,946.59,5.6,2022-05-22,2022-06-21
52512,12512,Enterprise,Monthly,2512.45,2.6,2022-03-22,2022-04-21
52513,12513,Professional,Monthly,323.06,0.0,2022-03-20,2022-04-19
52514,12514,Professional,Monthly,376.59,2.3,2021-04-28,2021-05-28
52515,12515,Enterprise,Quarterly,2049.19,10.5,2025-03-21,2025-06-19
52516,12516,Professional,Monthly,298.92,0.7,2023-07-18,2023-08-17
52517,12517,Starter,Monthly,108.6,10.0,2022-07-21,2022-08-20
52518,12518,Professional,Annual,410.54,14.6,2026-04-21,2027-04-16
52519,12519,Starter,Monthly,111.04,18.1,2021-03-29,2021-04-28
52520,12520,Business,Annual,896.58,22.2,2025-07-11,2026-07-06
52521,12521,Professional,Annual,416.08,15.2,2022-04-21,2023-04-16
52522,12522,Starter,Quarterly,105.18,1.6,2025-09-02,2025-12-01
52523,12523,Business,Monthly,962.86,13.6,2025-02-17,2025-03-19
52524,12524,Professional,Monthly,370.7,16.4,2021-10-22,2021-11-21
52525,12525,Starter,Quarterly,115.58,3.5,2022-12-21,2023-03-21
52526,12526,Starter,Monthly,117.3,17.7,2024-11-05,2024-12-05
52527,12527,Business,Annual,730.59,5.9,2023-09-22,2024-09-16
52528,12528,Professional,Annual,328.84,10.3,2024-07-30,2025-07-25
52529,12529,Business,Annual,848.46,17.8,2022-11-17,2023-11-12
52530,12530,Starter,Quarterly,132.11,6.5,2024-04-18,2024-07-17
52531,12531,Starter,Annual,113.54,8.0,2023-08-19,2024-08-13
52532,12532,Business,Monthly,895.14,16.6,2023-07-24,2023-08-23
52533,12533,Professional,Annual,387.13,13.6,2022-02-10,2023-02-05
52534,12534,Professional,Monthly,383.07,0.0,2024-07-14,2024-08-13
52535,12535,Enterprise,Monthly,2324.52,0.0,2025-06-06,2025-07-06
52536,12536,Starter,Monthly,126.37,8.2,2023-12-24,2024-01-23
52537,12537,Business,Monthly,937.06,7.7,2021-04-29,2021-05-29
52538,12538,Business,Monthly,822.31,4.3,2021-11-09,2021-12-09
52539,12539,Starter,Annual,120.91,24.7,2021-06-12,2022-06-07
52540,12540,Professional,Monthly,415.86,17.6,2025-03-09,2025-04-08
52541,12541,Enterprise,Monthly,2384.82,0.0,2021-10-20,2021-11-19
52542,12542,Professional,Monthly,361.19,17.7,2022-11-21,2022-12-21
52543,12543,Professional,Monthly,368.34,2.9,2024-11-01,2024-12-01
52544,12544,Professional,Monthly,310.29,9.0,2025-04-15,2025-05-15
52545,12545,Business,Annual,898.62,0.0,2022-11-04,2023-10-30
52546,12546,Enterprise,Quarterly,2514.1,18.4,2022-02-03,2022-05-04
52547,12547,Business,Annual,878.28,11.4,2023-11-14,2024-11-08
52548,12548,Business,Quarterly,775.13,19.5,2026-04-27,2026-07-26
52549,12549,Starter,Annual,120.82,12.0,2021-08-28,2022-08-23
52550,12550,Business,Quarterly,805.21,6.9,2022-11-03,2023-02-01
52551,12551,Starter,Annual,117.11,4.5,2022-02-06,2023-02-01
52552,12552,Business,Quarterly,789.44,0.0,2021-02-22,2021-05-23
52553,12553,Starter,Quarterly,116.02,7.7,2023-12-24,2024-03-23
52554,12554,Professional,Monthly,398.16,11.6,2024-02-17,2024-03-18
52555,12555,Business,Monthly,947.92,0.0,2021-10-13,2021-11-12
52556,12556,Business,Annual,868.44,15.6,2026-08-28,2027-08-23
52557,12557,Business,Monthly,955.29,10.6,2023-10-26,2023-11-25
52558,12558,Starter,Quarterly,142.97,7.5,2026-04-13,2026-07-12
52559,12559,Starter,Quarterly,119.06,2.3,2021-06-09,2021-09-07
52560,12560,Enterprise,Annual,2624.59,1.7,2021-05-22,2022-05-17
52561,12561,Starter,Monthly,112.33,8.8,2022-02-01,2022-03-03
52562,12562,Business,Quarterly,1006.48,8.9,2023-11-08,2024-02-06
52563,12563,Enterprise,Quarterly,2535.61,0.0,2022-06-18,2022-09-16
52564,12564,Business,Annual,781.74,26.0,2025-04-05,2026-03-31
52565,12565,Professional,Quarterly,340.36,2.8,2025-12-04,2026-03-04
52566,12566,Professional,Quarterly,384.22,18.2,2025-06-22,2025-09-20
52567,12567,Professional,Annual,320.97,6.6,2021-10-13,2022-10-08
52568,12568,Professional,Monthly,369.86,13.6,2023-10-26,2023-11-25
52569,12569,Starter,Monthly,124.46,8.0,2023-08-14,2023-09-13
52570,12570,Business,Annual,809.33,6.9,2022-11-02,2023-10-28
52571,12571,Starter,Monthly,114.62,10.8,2022-05-14,2022-06-13
52572,12572,Professional,Quarterly,360.75,6.5,2024-01-12,2024-04-11
52573,12573,Professional,Quarterly,334.23,17.8,2026-01-30,2026-04-30
52574,12574,Professional,Monthly,319.58,0.0,2024-02-16,2024-03-17
52575,12575,Starter,Monthly,134.48,8.6,2026-09-08,2026-10-08
52576,12576,Business,Monthly,895.57,4.6,2024-03-26,2024-04-25
52577,12577,Professional,Monthly,351.11,14.4,2026-09-10,2026-10-10
52578,12578,Business,Monthly,776.42,0.0,2026-06-30,2026-07-30
52579,12579,Starter,Quarterly,126.96,18.0,2024-08-02,2024-10-31
52580,12580,Starter,Annual,128.4,2.5,2025-08-16,2026-08-11
52581,12581,Starter,Monthly,122.15,13.9,2021-12-02,2022-01-01
52582,12582,Starter,Monthly,117.66,0.0,2022-07-24,2022-08-23
52583,12583,Starter,Quarterly,138.42,5.7,2022-08-22,2022-11-20
52584,12584,Business,Quarterly,932.18,6.4,2024-02-21,2024-05-21
52585,12585,Starter,Annual,116.96,10.3,2023-05-15,2024-05-09
52586,12586,Starter,Quarterly,126.91,13.2,2023-03-16,2023-06-14
52587,12587,Starter,Monthly,111.82,24.9,2021-11-10,2021-12-10
52588,12588,Business,Monthly,725.91,5.9,2021-01-28,2021-02-27
52589,12589,Professional,Annual,403.93,14.3,2024-06-07,2025-06-02
52590,12590,Professional,Monthly,397.81,6.3,2023-10-27,2023-11-26
52591,12591,Business,Monthly,912.72,11.9,2026-06-20,2026-07-20
52592,12592,Professional,Annual,396.89,0.0,2024-09-03,2025-08-29
52593,12593,Starter,Monthly,134.79,11.4,2024-06-02,2024-07-02
52594,12594,Business,Monthly,978.43,2.8,2026-09-19,2026-10-19
52595,12595,Professional,Monthly,406.75,0.0,2022-11-12,2022-12-12
52596,12596,Professional,Annual,397.8,9.0,2022-01-10,2023-01-05
52597,12597,Business,Quarterly,975.9,10.5,2023-11-08,2024-02-06
52598,12598,Starter,Monthly,123.07,7.5,2025-03-31,2025-04-30
52599,12599,Starter,Annual,131.74,12.6,2026-01-28,2027-01-23
52600,12600,Enterprise,Monthly,2126.6,22.3,2023-03-17,2023-04-16
52601,12601,Professional,Monthly,402.99,3.2,2021-10-06,2021-11-05
52602,12602,Professional,Annual,402.68,15.5,2024-11-06,2025-11-01
52603,12603,Business,Quarterly,742.18,4.8,2023-02-27,2023-05-28
52604,12604,Starter,Annual,116.57,12.3,2023-08-10,2024-08-04
52605,12605,Starter,Annual,109.2,9.3,2024-08-25,2025-08-20
52606,12606,Starter,Annual,107.7,20.6,2021-10-04,2022-09-29
52607,12607,Business,Monthly,845.93,9.4,2022-03-09,2022-04-08
52608,12608,Professional,Monthly,374.14,9.9,2023-10-07,2023-11-06
52609,12609,Business,Monthly,824.76,17.2,2024-01-01,2024-01-31
52610,12610,Starter,Monthly,114.99,13.3,2021-11-13,2021-12-13
52611,12611,Professional,Quarterly,309.07,14.3,2024-04-26,2024-07-25
52612,12612,Professional,Quarterly,344.41,18.8,2021-05-01,2021-07-30
52613,12613,Starter,Quarterly,121.78,11.5,2024-09-27,2024-12-26
52614,12614,Business,Quarterly,841.12,20.6,2021-10-31,2022-01-29
52615,12615,Professional,Monthly,380.81,0.0,2023-07-25,2023-08-24
52616,12616,Professional,Annual,332.8,8.5,2022-05-11,2023-05-06
52617,12617,Starter,Annual,132.07,9.6,2022-12-14,2023-12-09
52618,12618,Business,Quarterly,985.12,4.3,2021-12-16,2022-03-16
52619,12619,Starter,Monthly,126.83,14.8,2023-06-25,2023-07-25
52620,12620,Business,Quarterly,838.13,11.6,2026-01-02,2026-04-02
52621,12621,Business,Quarterly,775.96,0.0,2022-05-17,2022-08-15
52622,12622,Starter,Quarterly,141.16,18.4,2024-03-23,2024-06-21
52623,12623,Starter,Monthly,133.58,17.1,2023-07-03,2023-08-02
52624,12624,Business,Annual,795.82,11.3,2025-02-24,2026-02-19
52625,12625,Starter,Monthly,108.33,12.5,2022-06-11,2022-07-11
52626,12626,Business,Annual,737.17,1.4,2024-04-07,2025-04-02
52627,12627,Professional,Monthly,320.84,3.4,2026-07-20,2026-08-19
52628,12628,Professional,Monthly,387.22,0.0,2022-12-12,2023-01-11
52629,12629,Starter,Monthly,128.44,5.0,2026-08-03,2026-09-02
52630,12630,Starter,Monthly,142.63,9.2,2021-04-22,2021-05-22
52631,12631,Starter,Monthly,115.52,13.7,2026-10-01,2026-10-31
52632,12632,Starter,Annual,135.04,1.2,2025-07-31,2026-07-26
52633,12633,Starter,Monthly,107.06,16.7,2025-07-09,2025-08-08
52634,12634,Professional,Quarterly,366.42,10.6,2021-10-27,2022-01-25
52635,12635,Professional,Monthly,354.68,17.2,2023-08-16,2023-09-15
52636,12636,Starter,Quarterly,137.2,15.9,2026-03-06,2026-06-04
52637,12637,Starter,Annual,131.47,10.9,2021-11-03,2022-10-29
52638,12638,Professional,Monthly,321.3,12.6,2021-05-01,2021-05-31
52639,12639,Business,Monthly,1015.21,5.5,2026-07-12,2026-08-11
52640,12640,Professional,Monthly,398.34,9.5,2024-07-01,2024-07-31
52641,12641,Enterprise,Quarterly,2143.07,11.3,2024-11-28,2025-02-26
52642,12642,Starter,Monthly,136.69,15.9,2025-02-26,2025-03-28
52643,12643,Starter,Annual,142.19,10.4,2024-03-31,2025-03-26
52644,12644,Starter,Monthly,139.39,24.1,2026-04-16,2026-05-16
52645,12645,Starter,Annual,125.36,10.6,2024-12-26,2025-12-21
52646,12646,Enterprise,Monthly,2314.4,0.0,2024-03-25,2024-04-24
52647,12647,Professional,Monthly,310.56,6.8,2024-09-08,2024-10-08
52648,12648,Professional,Monthly,317.68,3.4,2022-09-21,2022-10-21
52649,12649,Starter,Monthly,143.27,7.5,2024-04-29,2024-05-29
52650,12650,Business,Annual,951.51,1.9,2024-04-14,2025-04-09
52651,12651,Business,Quarterly,730.09,0.0,2026-05-16,2026-08-14
52652,12652,Professional,Monthly,364.57,4.4,2022-06-01,2022-07-01
52653,12653,Business,Quarterly,825.23,12.7,2023-04-25,2023-07-24
52654,12654,Enterprise,Annual,2109.86,13.6,2025-03-28,2026-03-23
52655,12655,Starter,Monthly,125.38,4.2,2025-05-14,2025-06-13
52656,12656,Starter,Quarterly,115.45,15.2,2023-03-31,2023-06-29
52657,12657,Starter,Monthly,112.57,5.8,2023-02-01,2023-03-03
52658,12658,Professional,Quarterly,412.38,4.9,2024-09-24,2024-12-23
52659,12659,Starter,Monthly,103.67,6.9,2021-04-21,2021-05-21
52660,12660,Business,Quarterly,852.26,0.0,2026-01-16,2026-04-16
52661,12661,Professional,Quarterly,360.12,8.1,2023-03-18,2023-06-16
52662,12662,Business,Quarterly,853.39,0.0,2025-02-05,2025-05-06
52663,12663,Professional,Annual,378.01,5.9,2024-05-28,2025-05-23
52664,12664,Business,Annual,730.14,4.4,2022-05-02,2023-04-27
52665,12665,Professional,Monthly,405.91,16.2,2023-03-22,2023-04-21
52666,12666,Enterprise,Monthly,2255.16,3.5,2026-08-06,2026-09-05
52667,12667,Business,Monthly,887.22,25.6,2022-06-01,2022-07-01
52668,12668,Professional,Monthly,354.19,4.4,2023-04-15,2023-05-15
52669,12669,Professional,Quarterly,351.95,6.4,2022-09-16,2022-12-15
52670,12670,Enterprise,Monthly,2013.76,11.4,2023-11-14,2023-12-14
52671,12671,Professional,Quarterly,359.29,5.4,2025-04-14,2025-07-13
52672,12672,Business,Monthly,847.85,16.3,2024-03-01,2024-03-31
52673,12673,Professional,Monthly,354.84,0.0,2024-09-06,2024-10-06
52674,12674,Business,Annual,726.61,10.9,2022-05-12,2023-05-07
52675,12675,Enterprise,Monthly,1970.79,5.0,2022-06-27,2022-07-27
52676,12676,Professional,Monthly,390.99,15.1,2023-07-05,2023-08-04
52677,12677,Professional,Monthly,348.84,9.3,2025-12-07,2026-01-06
52678,12678,Professional,Monthly,388.51,13.1,2021-03-23,2021-04-22
52679,12679,Starter,Annual,109.19,16.4,2023-09-21,2024-09-15
52680,12680,Business,Monthly,930.22,19.6,2024-03-25,2024-04-24
52681,12681,Starter,Quarterly,114.14,12.4,2021-06-15,2021-09-13
52682,12682,Professional,Annual,383.88,21.5,2026-09-03,2027-08-29
52683,12683,Professional,Annual,308.13,1.9,2023-03-18,2024-03-12
52684,12684,Starter,Monthly,116.01,7.0,2021-11-28,2021-12-28
52685,12685,Business,Monthly,758.01,5.0,2025-05-05,2025-06-04
52686,12686,Starter,Monthly,128.45,10.2,2025-03-15,2025-04-14
52687,12687,Business,Monthly,839.3,11.1,2025-06-05,2025-07-05
52688,12688,Starter,Quarterly,105.12,5.9,2021-06-30,2021-09-28
52689,12689,Starter,Monthly,124.11,17.5,2024-08-09,2024-09-08
52690,12690,Professional,Monthly,300.55,0.0,2026-07-10,2026-08-09
52691,12691,Starter,Quarterly,136.38,17.3,2024-01-12,2024-04-11
52692,12692,Professional,Quarterly,412.45,5.4,2025-05-09,2025-08-07
52693,12693,Starter,Annual,136.02,12.7,2025-10-05,2026-09-30
52694,12694,Professional,Monthly,414.06,0.7,2022-05-03,2022-06-02
52695,12695,Professional,Quarterly,407.4,11.2,2022-09-04,2022-12-03
52696,12696,Professional,Monthly,407.13,11.3,2024-01-18,2024-02-17
52697,12697,Business,Annual,795.52,16.9,2024-10-29,2025-10-24
52698,12698,Business,Monthly,791.27,16.2,2024-12-27,2025-01-26
52699,12699,Professional,Monthly,396.65,0.0,2024-08-30,2024-09-29
52700,12700,Starter,Annual,122.64,9.4,2021-11-23,2022-11-18
52701,12701,Professional,Monthly,412.93,16.1,2022-02-06,2022-03-08
52702,12702,Business,Annual,989.43,5.5,2022-05-03,2023-04-28
52703,12703,Professional,Monthly,406.91,0.0,2024-03-04,2024-04-03
52704,12704,Starter,Monthly,115.7,10.1,2024-04-17,2024-05-17
52705,12705,Professional,Monthly,313.78,0.0,2021-03-20,2021-04-19
52706,12706,Enterprise,Annual,2392.02,5.4,2025-06-09,2026-06-04
52707,12707,Professional,Monthly,351.47,3.2,2025-04-06,2025-05-06
52708,12708,Professional,Monthly,411.91,7.9,2022-01-13,2022-02-12
52709,12709,Starter,Annual,137.86,17.5,2021-06-14,2022-06-09
52710,12710,Professional,Quarterly,411.28,13.9,2025-04-13,2025-07-12
52711,12711,Starter,Monthly,125.85,18.0,2023-01-19,2023-02-18
52712,12712,Starter,Monthly,124.1,13.2,2025-09-17,2025-10-17
52713,12713,Business,Monthly,974.51,10.9,2026-01-20,2026-02-19
52714,12714,Starter,Annual,123.5,18.8,2021-06-04,2022-05-30
52715,12715,Enterprise,Annual,2563.02,0.0,2024-02-21,2025-02-15
52716,12716,Professional,Monthly,301.72,19.6,2023-11-30,2023-12-30
52717,12717,Professional,Monthly,341.45,13.7,2024-09-15,2024-10-15
52718,12718,Professional,Annual,399.77,16.1,2025-01-03,2025-12-29
52719,12719,Professional,Monthly,323.22,5.9,2025-02-25,2025-03-27
52720,12720,Enterprise,Quarterly,2177.2,4.1,2021-11-24,2022-02-22
52721,12721,Starter,Monthly,102.42,10.1,2025-03-07,2025-04-06
52722,12722,Business,Annual,812.26,1.6,2023-02-28,2024-02-23
52723,12723,Professional,Monthly,336.53,6.7,2024-08-11,2024-09-10
52724,12724,Business,Annual,940.43,7.1,2022-07-16,2023-07-11
52725,12725,Starter,Monthly,130.45,6.5,2022-05-28,2022-06-27
52726,12726,Business,Monthly,854.87,4.9,2022-05-31,2022-06-30
52727,12727,Starter,Quarterly,132.6,0.0,2025-03-20,2025-06-18
52728,12728,Enterprise,Monthly,2199.82,13.4,2024-03-31,2024-04-30
52729,12729,Business,Annual,851.8,11.3,2022-10-29,2023-10-24
52730,12730,Professional,Monthly,376.58,1.7,2025-03-31,2025-04-30
52731,12731,Enterprise,Quarterly,2426.62,12.5,2025-04-17,2025-07-16
52732,12732,Starter,Quarterly,137.57,7.8,2024-12-19,2025-03-19
52733,12733,Enterprise,Annual,2448.58,3.6,2023-08-25,2024-08-19
52734,12734,Business,Annual,921.92,14.0,2026-06-04,2027-05-30
52735,12735,Starter,Monthly,125.58,9.9,2025-05-18,2025-06-17
52736,12736,Professional,Monthly,335.24,19.4,2026-06-04,2026-07-04
52737,12737,Business,Quarterly,800.17,4.8,2021-12-30,2022-03-30
52738,12738,Professional,Annual,400.8,13.0,2021-04-18,2022-04-13
52739,12739,Professional,Monthly,385.37,20.7,2022-09-15,2022-10-15
52740,12740,Starter,Monthly,129.95,10.7,2021-11-17,2021-12-17
52741,12741,Starter,Monthly,112.87,2.5,2022-05-25,2022-06-24
52742,12742,Enterprise,Monthly,2616.74,6.3,2023-12-01,2023-12-31
52743,12743,Starter,Monthly,105.42,19.6,2021-10-31,2021-11-30
52744,12744,Enterprise,Quarterly,2515.45,19.3,2023-08-27,2023-11-25
52745,12745,Starter,Monthly,110.85,6.4,2024-12-09,2025-01-08
52746,12746,Professional,Monthly,345.55,4.6,2024-11-18,2024-12-18
52747,12747,Starter,Quarterly,119.97,15.3,2023-09-16,2023-12-15
52748,12748,Enterprise,Monthly,2380.28,4.0,2021-09-16,2021-10-16
52749,12749,Starter,Monthly,124.96,10.4,2026-05-29,2026-06-28
52750,12750,Professional,Monthly,320.3,0.0,2024-07-13,2024-08-12
52751,12751,Business,Quarterly,731.43,20.7,2021-08-18,2021-11-16
52752,12752,Business,Monthly,935.87,11.5,2021-05-30,2021-06-29
52753,12753,Business,Monthly,872.71,6.8,2023-06-29,2023-07-29
52754,12754,Enterprise,Annual,2148.58,12.5,2023-09-05,2024-08-30
52755,12755,Enterprise,Quarterly,2089.1,14.5,2022-09-27,2022-12-26
52756,12756,Business,Monthly,967.36,0.0,2026-03-09,2026-04-08
52757,12757,Professional,Monthly,394.95,4.1,2022-09-14,2022-10-14
52758,12758,Professional,Monthly,398.69,7.3,2023-08-06,2023-09-05
52759,12759,Starter,Monthly,111.2,0.4,2023-12-30,2024-01-29
52760,12760,Business,Annual,975.96,6.9,2021-02-23,2022-02-18
52761,12761,Starter,Monthly,143.39,6.9,2023-04-24,2023-05-24
52762,12762,Business,Quarterly,900.75,4.4,2026-02-09,2026-05-10
52763,12763,Professional,Monthly,303.28,5.9,2021-10-26,2021-11-25
52764,12764,Enterprise,Monthly,2410.74,8.0,2022-03-21,2022-04-20
52765,12765,Starter,Annual,124.6,0.0,2021-04-08,2022-04-03
52766,12766,Business,Annual,934.33,15.5,2021-06-26,2022-06-21
52767,12767,Professional,Annual,320.56,13.0,2022-12-20,2023-12-15
52768,12768,Enterprise,Monthly,2336.47,7.0,2024-08-01,2024-08-31
52769,12769,Starter,Quarterly,124.65,10.0,2026-08-01,2026-10-30
52770,12770,Starter,Monthly,127.3,9.6,2021-11-19,2021-12-19
52771,12771,Professional,Annual,386.65,23.1,2025-09-20,2026-09-15
52772,12772,Professional,Monthly,364.17,5.0,2024-10-25,2024-11-24
52773,12773,Professional,Annual,336.92,12.0,2026-06-13,2027-06-08
52774,12774,Enterprise,Annual,2107.93,0.0,2023-04-26,2024-04-20
52775,12775,Starter,Monthly,131.19,12.0,2021-03-31,2021-04-30
52776,12776,Professional,Monthly,378.82,6.8,2021-05-11,2021-06-10
52777,12777,Starter,Annual,119.72,12.1,2023-11-19,2024-11-13
52778,12778,Starter,Annual,116.85,11.2,2023-12-17,2024-12-11
52779,12779,Enterprise,Monthly,2347.5,9.7,2023-09-21,2023-10-21
52780,12780,Professional,Monthly,335.74,11.1,2024-11-18,2024-12-18
52781,12781,Business,Monthly,1009.07,15.5,2021-07-09,2021-08-08
52782,12782,Business,Monthly,899.95,8.3,2023-06-18,2023-07-18
52783,12783,Business,Annual,898.6,7.6,2025-10-27,2026-10-22
52784,12784,Professional,Annual,314.2,16.9,2022-05-21,2023-05-16
52785,12785,Business,Quarterly,903.87,11.0,2026-05-21,2026-08-19
52786,12786,Professional,Annual,333.63,4.7,2021-07-02,2022-06-27
52787,12787,Professional,Monthly,352.85,13.1,2021-06-03,2021-07-03
52788,12788,Starter,Quarterly,124.6,8.3,2024-07-16,2024-10-14
52789,12789,Professional,Monthly,356.05,0.5,2026-05-08,2026-06-07
52790,12790,Enterprise,Annual,2493.23,13.1,2023-11-13,2024-11-07
52791,12791,Professional,Monthly,309.68,7.2,2022-08-29,2022-09-28
52792,12792,Business,Monthly,772.28,0.0,2024-09-28,2024-10-28
52793,12793,Starter,Annual,108.59,0.9,2026-05-13,2027-05-08
52794,12794,Enterprise,Annual,2498.96,14.4,2023-12-01,2024-11-25
52795,12795,Starter,Monthly,106.97,11.6,2025-08-27,2025-09-26
52796,12796,Enterprise,Monthly,2618.01,8.8,2022-06-02,2022-07-02
52797,12797,Business,Annual,1010.83,13.2,2021-05-18,2022-05-13
52798,12798,Starter,Annual,143.66,14.1,2024-01-28,2025-01-22
52799,12799,Professional,Annual,417.51,15.4,2024-09-01,2025-08-27
52800,12800,Business,Quarterly,766.83,15.3,2024-01-08,2024-04-07
52801,12801,Professional,Monthly,378.03,5.8,2022-11-28,2022-12-28
52802,12802,Starter,Monthly,118.79,0.0,2023-03-22,2023-04-21
52803,12803,Business,Quarterly,940.22,6.1,2022-04-18,2022-07-17
52804,12804,Professional,Annual,347.22,26.9,2021-03-18,2022-03-13
52805,12805,Starter,Quarterly,118.1,15.3,2023-10-23,2024-01-21
52806,12806,Starter,Monthly,139.97,7.0,2026-08-27,2026-09-26
52807,12807,Professional,Quarterly,358.08,6.8,2021-12-10,2022-03-10
52808,12808,Starter,Quarterly,133.07,18.7,2023-07-29,2023-10-27
52809,12809,Business,Quarterly,915.85,1.9,2023-04-26,2023-07-25
52810,12810,Business,Quarterly,918.17,14.6,2023-10-28,2024-01-26
52811,12811,Professional,Monthly,340.27,0.0,2023-09-13,2023-10-13
52812,12812,Professional,Monthly,328.42,17.9,2021-06-23,2021-07-23
52813,12813,Business,Annual,985.92,9.5,2023-04-26,2024-04-20
52814,12814,Enterprise,Monthly,1888.93,16.7,2022-11-24,2022-12-24
52815,12815,Professional,Monthly,318.68,6.9,2023-10-06,2023-11-05
52816,12816,Enterprise,Monthly,1972.25,23.9,2024-08-25,2024-09-24
52817,12817,Professional,Annual,413.8,11.8,2021-08-25,2022-08-20
52818,12818,Professional,Monthly,298.12,14.0,2024-06-28,2024-07-28
52819,12819,Starter,Monthly,102.34,17.9,2024-05-29,2024-06-28
52820,12820,Professional,Monthly,325.27,22.2,2021-12-04,2022-01-03
52821,12821,Professional,Monthly,331.69,8.3,2024-05-19,2024-06-18
52822,12822,Business,Annual,889.05,11.1,2021-12-03,2022-11-28
52823,12823,Enterprise,Quarterly,2610.15,12.7,2024-03-03,2024-06-01
52824,12824,Enterprise,Annual,2228.08,18.7,2026-02-11,2027-02-06
52825,12825,Starter,Monthly,114.13,16.3,2022-05-10,2022-06-09
52826,12826,Professional,Quarterly,397.58,0.0,2022-07-01,2022-09-29
52827,12827,Starter,Annual,118.2,0.3,2021-06-10,2022-06-05
52828,12828,Starter,Monthly,107.95,15.1,2026-07-30,2026-08-29
52829,12829,Starter,Monthly,135.37,21.9,2025-10-08,2025-11-07
52830,12830,Professional,Quarterly,297.8,6.6,2025-02-16,2025-05-17
52831,12831,Business,Quarterly,783.52,14.1,2025-03-06,2025-06-04
52832,12832,Professional,Monthly,375.3,6.7,2023-09-15,2023-10-15
52833,12833,Business,Monthly,752.98,11.0,2024-10-07,2024-11-06
52834,12834,Enterprise,Monthly,2066.98,4.7,2025-04-03,2025-05-03
52835,12835,Professional,Quarterly,345.68,6.2,2026-07-17,2026-10-15
52836,12836,Business,Annual,840.43,9.0,2026-04-02,2027-03-28
52837,12837,Starter,Monthly,142.86,11.8,2026-02-12,2026-03-14
52838,12838,Professional,Quarterly,380.25,20.6,2025-05-21,2025-08-19
52839,12839,Professional,Quarterly,302.04,4.3,2024-07-23,2024-10-21
52840,12840,Starter,Monthly,111.3,20.3,2022-12-12,2023-01-11
52841,12841,Professional,Monthly,373.01,15.0,2025-01-16,2025-02-15
52842,12842,Professional,Monthly,384.89,5.5,2023-11-08,2023-12-08
52843,12843,Business,Annual,835.73,5.2,2021-03-13,2022-03-08
52844,12844,Business,Monthly,977.33,1.5,2026-08-09,2026-09-08
52845,12845,Business,Quarterly,1003.17,4.3,2024-10-10,2025-01-08
52846,12846,Professional,Monthly,372.72,0.0,2025-12-23,2026-01-22
52847,12847,Starter,Annual,125.62,10.0,2024-01-09,2025-01-03
52848,12848,Professional,Monthly,389.47,7.0,2022-12-21,2023-01-20
52849,12849,Starter,Annual,134.85,4.9,2026-07-09,2027-07-04
52850,12850,Starter,Monthly,111.05,18.5,2026-04-16,2026-05-16
52851,12851,Starter,Monthly,122.31,11.0,2024-04-09,2024-05-09
52852,12852,Professional,Monthly,352.31,12.1,2022-02-10,2022-03-12
52853,12853,Professional,Annual,412.83,17.2,2026-04-30,2027-04-25
52854,12854,Starter,Annual,106.69,1.9,2023-11-23,2024-11-17
52855,12855,Starter,Monthly,141.63,8.7,2022-06-20,2022-07-20
52856,12856,Business,Quarterly,892.85,17.5,2023-12-06,2024-03-05
52857,12857,Business,Quarterly,808.2,0.0,2021-10-01,2021-12-30
52858,12858,Professional,Monthly,403.99,12.2,2025-11-02,2025-12-02
52859,12859,Starter,Monthly,104.12,20.3,2021-05-13,2021-06-12
52860,12860,Starter,Monthly,115.4,0.0,2021-09-21,2021-10-21
52861,12861,Starter,Annual,133.61,20.4,2022-01-02,2022-12-28
52862,12862,Business,Monthly,968.74,15.4,2026-08-15,2026-09-14
52863,12863,Professional,Monthly,318.02,11.3,2023-05-01,2023-05-31
52864,12864,Business,Monthly,1002.68,18.0,2025-09-26,2025-10-26
52865,12865,Professional,Annual,304.08,12.6,2024-12-15,2025-12-10
52866,12866,Business,Monthly,851.48,3.2,2024-10-01,2024-10-31
52867,12867,Professional,Monthly,309.44,7.1,2026-05-03,2026-06-02
52868,12868,Starter,Quarterly,106.1,9.4,2021-12-24,2022-03-24
52869,12869,Starter,Annual,140.38,14.3,2025-09-08,2026-09-03
52870,12870,Business,Annual,991.43,5.0,2024-11-10,2025-11-05
52871,12871,Professional,Annual,372.87,11.2,2021-11-21,2022-11-16
52872,12872,Starter,Monthly,142.58,10.3,2023-01-21,2023-02-20
52873,12873,Business,Monthly,868.59,11.1,2021-09-13,2021-10-13
52874,12874,Starter,Annual,134.88,15.1,2023-06-30,2024-06-24
52875,12875,Professional,Annual,309.42,6.9,2022-08-07,2023-08-02
52876,12876,Enterprise,Monthly,2174.63,3.4,2022-07-31,2022-08-30
52877,12877,Starter,Monthly,123.63,8.8,2026-02-15,2026-03-17
52878,12878,Starter,Monthly,134.68,0.0,2024-02-27,2024-03-28
52879,12879,Professional,Annual,338.47,13.6,2026-08-13,2027-08-08
52880,12880,Professional,Monthly,417.59,13.4,2023-06-14,2023-07-14
52881,12881,Starter,Annual,132.86,11.4,2025-11-19,2026-11-14
52882,12882,Professional,Monthly,362.79,0.9,2023-12-30,2024-01-29
52883,12883,Starter,Monthly,115.89,3.3,2026-10-01,2026-10-31
52884,12884,Starter,Annual,128.97,21.4,2022-03-13,2023-03-08
52885,12885,Business,Annual,922.74,8.2,2023-10-19,2024-10-13
52886,12886,Business,Quarterly,924.56,15.2,2022-06-02,2022-08-31
52887,12887,Business,Monthly,896.89,28.4,2023-01-12,2023-02-11
52888,12888,Starter,Monthly,118.82,7.9,2026-07-18,2026-08-17
52889,12889,Business,Monthly,965.45,13.5,2023-05-13,2023-06-12
52890,12890,Professional,Quarterly,329.14,9.5,2026-08-04,2026-11-02
52891,12891,Professional,Quarterly,374.11,14.6,2021-02-12,2021-05-13
52892,12892,Professional,Monthly,355.28,13.6,2026-01-22,2026-02-21
52893,12893,Business,Monthly,988.12,13.6,2025-09-30,2025-10-30
52894,12894,Business,Quarterly,898.19,20.5,2022-02-08,2022-05-09
52895,12895,Professional,Annual,402.32,4.9,2024-08-19,2025-08-14
52896,12896,Business,Monthly,1006.11,11.4,2024-04-20,2024-05-20
52897,12897,Business,Monthly,760.29,9.6,2025-05-19,2025-06-18
52898,12898,Starter,Quarterly,125.32,2.7,2022-03-18,2022-06-16
52899,12899,Professional,Monthly,405.79,11.2,2021-09-07,2021-10-07
52900,12900,Starter,Annual,138.63,18.0,2023-05-28,2024-05-22
52901,12901,Professional,Annual,321.5,0.0,2026-03-02,2027-02-25
52902,12902,Business,Quarterly,865.71,17.1,2024-07-27,2024-10-25
52903,12903,Enterprise,Quarterly,2041.78,12.9,2025-10-07,2026-01-05
52904,12904,Starter,Annual,139.67,16.5,2024-01-18,2025-01-12
52905,12905,Starter,Annual,102.14,10.2,2026-04-29,2027-04-24
52906,12906,Professional,Quarterly,324.25,31.0,2026-03-14,2026-06-12
52907,12907,Professional,Annual,347.61,13.0,2026-07-16,2027-07-11
52908,12908,Business,Quarterly,788.29,11.5,2021-09-05,2021-12-04
52909,12909,Professional,Monthly,416.76,10.7,2022-07-22,2022-08-21
52910,12910,Professional,Monthly,327.39,4.7,2026-02-13,2026-03-15
52911,12911,Starter,Monthly,117.22,8.1,2026-02-06,2026-03-08
52912,12912,Business,Quarterly,774.29,7.0,2024-04-03,2024-07-02
52913,12913,Starter,Annual,140.92,14.2,2024-09-15,2025-09-10
52914,12914,Starter,Monthly,119.27,16.9,2023-07-23,2023-08-22
52915,12915,Professional,Quarterly,329.58,17.8,2023-09-08,2023-12-07
52916,12916,Professional,Monthly,327.65,7.4,2023-05-20,2023-06-19
52917,12917,Business,Annual,896.72,0.6,2021-06-18,2022-06-13
52918,12918,Starter,Monthly,143.06,15.3,2022-01-14,2022-02-13
52919,12919,Enterprise,Quarterly,2620.11,4.2,2024-05-17,2024-08-15
52920,12920,Starter,Quarterly,143.23,18.4,2026-04-17,2026-07-16
52921,12921,Professional,Monthly,344.86,13.8,2026-04-10,2026-05-10
52922,12922,Professional,Annual,409.52,14.3,2021-07-13,2022-07-08
52923,12923,Business,Monthly,854.71,5.5,2021-09-21,2021-10-21
52924,12924,Business,Monthly,874.39,7.8,2024-06-24,2024-07-24
52925,12925,Starter,Quarterly,123.84,6.7,2025-07-12,2025-10-10
52926,12926,Professional,Monthly,305.29,17.8,2025-01-11,2025-02-10
52927,12927,Professional,Quarterly,319.19,3.4,2026-07-09,2026-10-07
52928,12928,Business,Monthly,986.11,16.6,2025-10-30,2025-11-29
52929,12929,Professional,Monthly,407.3,16.3,2022-06-05,2022-07-05
52930,12930,Professional,Annual,322.24,9.0,2023-07-08,2024-07-02
52931,12931,Business,Quarterly,812.53,22.5,2024-07-24,2024-10-22
52932,12932,Professional,Monthly,399.15,13.8,2022-07-28,2022-08-27
52933,12933,Enterprise,Monthly,2027.21,0.0,2025-03-18,2025-04-17
52934,12934,Enterprise,Quarterly,2548.23,12.6,2024-10-15,2025-01-13
52935,12935,Business,Monthly,967.4,3.1,2024-10-12,2024-11-11
52936,12936,Business,Annual,962.75,7.3,2025-03-04,2026-02-27
52937,12937,Professional,Quarterly,406.74,17.6,2023-06-15,2023-09-13
52938,12938,Professional,Monthly,406.15,4.5,2024-01-12,2024-02-11
52939,12939,Starter,Quarterly,140.52,17.0,2022-06-01,2022-08-30
52940,12940,Business,Quarterly,984.16,10.0,2023-10-21,2024-01-19
52941,12941,Professional,Annual,371.85,8.5,2023-06-15,2024-06-09
52942,12942,Professional,Annual,316.82,1.3,2022-04-10,2023-04-05
52943,12943,Business,Annual,903.72,2.6,2025-05-30,2026-05-25
52944,12944,Business,Annual,1002.81,16.5,2022-09-05,2023-08-31
52945,12945,Professional,Quarterly,416.04,6.4,2022-08-28,2022-11-26
52946,12946,Starter,Monthly,132.6,7.9,2025-07-13,2025-08-12
52947,12947,Starter,Monthly,131.14,9.6,2022-09-13,2022-10-13
52948,12948,Professional,Monthly,412.46,13.3,2021-06-05,2021-07-05
52949,12949,Professional,Monthly,333.18,22.6,2021-09-01,2021-10-01
52950,12950,Starter,Monthly,108.34,14.4,2022-03-26,2022-04-25
52951,12951,Professional,Annual,333.03,29.0,2023-01-24,2024-01-19
52952,12952,Starter,Annual,141.86,14.4,2022-02-10,2023-02-05
52953,12953,Starter,Monthly,110.92,1.8,2023-12-06,2024-01-05
52954,12954,Business,Monthly,789.36,10.9,2023-01-19,2023-02-18
52955,12955,Professional,Quarterly,321.14,26.7,2024-07-18,2024-10-16
52956,12956,Professional,Monthly,356.89,22.8,2025-04-29,2025-05-29
52957,12957,Starter,Monthly,135.45,18.4,2026-07-29,2026-08-28
52958,12958,Business,Monthly,836.1,0.0,2024-04-05,2024-05-05
52959,12959,Enterprise,Monthly,1947.09,20.4,2024-10-31,2024-11-30
52960,12960,Professional,Quarterly,388.17,6.4,2022-12-25,2023-03-25
52961,12961,Enterprise,Monthly,2339.57,12.0,2024-12-12,2025-01-11
52962,12962,Professional,Monthly,356.2,10.1,2024-03-23,2024-04-22
52963,12963,Starter,Monthly,142.49,8.1,2022-12-26,2023-01-25
52964,12964,Starter,Monthly,121.76,9.8,2021-03-28,2021-04-27
52965,12965,Starter,Annual,132.77,7.5,2021-02-23,2022-02-18
52966,12966,Professional,Quarterly,316.92,0.0,2025-10-18,2026-01-16
52967,12967,Professional,Quarterly,348.53,1.4,2023-12-02,2024-03-01
52968,12968,Professional,Quarterly,323.5,14.4,2024-06-07,2024-09-05
52969,12969,Professional,Monthly,340.15,19.3,2023-01-12,2023-02-11
52970,12970,Professional,Monthly,356.27,11.1,2026-02-16,2026-03-18
52971,12971,Starter,Annual,109.33,15.2,2026-05-01,2027-04-26
52972,12972,Starter,Annual,135.73,8.2,2025-01-26,2026-01-21
52973,12973,Business,Monthly,834.36,8.2,2021-03-14,2021-04-13
52974,12974,Business,Annual,989.23,6.1,2022-12-26,2023-12-21
52975,12975,Professional,Annual,380.15,0.0,2021-09-27,2022-09-22
52976,12976,Starter,Annual,109.42,13.5,2021-08-07,2022-08-02
52977,12977,Starter,Monthly,128.96,8.5,2022-07-01,2022-07-31
52978,12978,Enterprise,Annual,1887.9,17.7,2024-01-07,2025-01-01
52979,12979,Starter,Quarterly,135.91,14.0,2025-11-24,2026-02-22
52980,12980,Starter,Monthly,142.92,13.8,2026-05-23,2026-06-22
52981,12981,Professional,Annual,380.53,10.1,2026-04-12,2027-04-07
52982,12982,Starter,Monthly,140.91,0.8,2022-02-25,2022-03-27
52983,12983,Enterprise,Monthly,2097.0,2.5,2024-06-13,2024-07-13
52984,12984,Professional,Annual,349.39,7.5,2026-02-01,2027-01-27
52985,12985,Enterprise,Annual,2196.94,16.9,2022-08-08,2023-08-03
52986,12986,Business,Annual,755.83,14.9,2025-04-12,2026-04-07
52987,12987,Business,Annual,959.44,27.9,2026-09-17,2027-09-12
52988,12988,Business,Quarterly,869.78,2.0,2025-11-25,2026-02-23
52989,12989,Professional,Quarterly,357.58,16.3,2026-03-08,2026-06-06
52990,12990,Starter,Annual,130.08,3.1,2021-07-24,2022-07-19
52991,12991,Professional,Monthly,318.45,16.8,2023-01-12,2023-02-11
52992,12992,Starter,Annual,136.03,11.5,2024-04-19,2025-04-14
52993,12993,Professional,Quarterly,342.32,0.0,2026-09-19,2026-12-18
52994,12994,Professional,Annual,307.26,9.2,2021-06-17,2022-06-12
52995,12995,Starter,Quarterly,109.99,19.8,2022-10-04,2023-01-02
52996,12996,Starter,Monthly,112.62,10.1,2024-01-11,2024-02-10
52997,12997,Starter,Annual,109.47,12.7,2025-12-29,2026-12-24
52998,12998,Business,Quarterly,794.56,15.4,2021-04-12,2021-07-11
52999,12999,Business,Monthly,1018.77,6.7,2021-03-30,2021-04-29
53000,13000,Business,Monthly,882.47,20.9,2026-05-01,2026-05-31
53001,13001,Starter,Quarterly,127.32,12.5,2022-08-31,2022-11-29
53002,13002,Starter,Monthly,108.97,18.8,2021-10-13,2021-11-12
53003,13003,Starter,Annual,103.85,12.6,2023-05-15,2024-05-09
53004,13004,Professional,Monthly,335.52,10.6,2021-02-24,2021-03-26
53005,13005,Professional,Quarterly,391.8,5.5,2022-07-30,2022-10-28
53006,13006,Business,Monthly,888.74,15.7,2026-09-12,2026-10-12
53007,13007,Business,Monthly,725.71,7.2,2022-07-12,2022-08-11
53008,13008,Starter,Monthly,135.13,7.2,2023-01-01,2023-01-31
53009,13009,Enterprise,Quarterly,1950.08,0.0,2023-09-20,2023-12-19
53010,13010,Business,Quarterly,853.51,3.7,2023-03-12,2023-06-10
53011,13011,Business,Quarterly,1019.84,5.0,2021-07-15,2021-10-13
53012,13012,Starter,Annual,107.1,9.5,2022-03-24,2023-03-19
53013,13013,Enterprise,Quarterly,2497.57,14.1,2025-12-27,2026-03-27
53014,13014,Professional,Annual,395.4,5.9,2025-06-03,2026-05-29
53015,13015,Starter,Monthly,120.69,5.9,2021-04-02,2021-05-02
53016,13016,Business,Monthly,1016.51,19.9,2022-08-31,2022-09-30
53017,13017,Starter,Monthly,114.93,16.4,2024-06-05,2024-07-05
53018,13018,Enterprise,Monthly,2113.15,8.2,2021-10-13,2021-11-12
53019,13019,Business,Monthly,767.84,6.6,2021-04-12,2021-05-12
53020,13020,Professional,Monthly,342.79,2.3,2021-05-20,2021-06-19
53021,13021,Starter,Annual,114.45,13.0,2023-04-15,2024-04-09
53022,13022,Professional,Quarterly,371.55,20.5,2025-08-06,2025-11-04
53023,13023,Starter,Annual,103.71,6.7,2022-06-19,2023-06-14
53024,13024,Starter,Annual,115.03,10.9,2021-01-16,2022-01-11
53025,13025,Professional,Annual,298.08,12.8,2022-07-15,2023-07-10
53026,13026,Starter,Monthly,102.27,5.4,2023-06-29,2023-07-29
53027,13027,Business,Monthly,966.54,2.3,2024-11-14,2024-12-14
53028,13028,Starter,Monthly,133.49,1.2,2023-07-02,2023-08-01
53029,13029,Business,Annual,943.88,18.5,2021-04-29,2022-04-24
53030,13030,Starter,Monthly,116.85,7.9,2026-08-20,2026-09-19
53031,13031,Professional,Monthly,383.16,17.9,2025-01-31,2025-03-02
53032,13032,Business,Monthly,798.82,11.3,2026-09-28,2026-10-28
53033,13033,Starter,Monthly,114.99,23.5,2022-05-29,2022-06-28
53034,13034,Business,Quarterly,889.84,0.9,2026-07-01,2026-09-29
53035,13035,Business,Quarterly,930.64,17.0,2024-05-18,2024-08-16
53036,13036,Professional,Annual,330.05,7.8,2024-03-08,2025-03-03
53037,13037,Professional,Quarterly,380.71,0.0,2021-02-06,2021-05-07
53038,13038,Business,Monthly,1008.84,6.2,2025-01-19,2025-02-18
53039,13039,Professional,Monthly,357.99,0.0,2025-03-16,2025-04-15
53040,13040,Professional,Quarterly,347.37,0.0,2025-03-21,2025-06-19
53041,13041,Business,Monthly,791.67,14.6,2021-05-10,2021-06-09
53042,13042,Starter,Monthly,116.96,9.5,2025-11-07,2025-12-07
53043,13043,Starter,Annual,124.21,14.0,2021-12-25,2022-12-20
53044,13044,Professional,Quarterly,413.15,12.4,2025-06-11,2025-09-09
53045,13045,Starter,Monthly,112.95,9.8,2025-05-01,2025-05-31
53046,13046,Professional,Annual,325.85,16.7,2024-03-23,2025-03-18
53047,13047,Professional,Monthly,415.17,0.2,2022-05-21,2022-06-20
53048,13048,Professional,Quarterly,371.72,16.8,2025-03-13,2025-06-11
53049,13049,Starter,Quarterly,132.88,8.6,2023-03-29,2023-06-27
53050,13050,Enterprise,Annual,2508.87,10.4,2023-03-05,2024-02-28
53051,13051,Starter,Monthly,105.44,19.9,2023-04-19,2023-05-19
53052,13052,Business,Annual,866.73,0.0,2022-09-15,2023-09-10
53053,13053,Professional,Monthly,314.66,14.2,2021-04-07,2021-05-07
53054,13054,Business,Monthly,908.23,2.7,2026-05-18,2026-06-17
53055,13055,Starter,Monthly,142.06,19.9,2024-07-29,2024-08-28
53056,13056,Professional,Monthly,304.39,22.8,2025-09-21,2025-10-21
53057,13057,Enterprise,Monthly,2081.06,14.9,2022-08-22,2022-09-21
53058,13058,Business,Monthly,1019.91,17.0,2022-03-05,2022-04-04
53059,13059,Business,Monthly,724.13,0.0,2025-04-16,2025-05-16
53060,13060,Starter,Annual,107.86,5.5,2024-08-17,2025-08-12
53061,13061,Business,Monthly,746.53,10.0,2026-01-27,2026-02-26
53062,13062,Professional,Monthly,391.1,12.4,2025-11-03,2025-12-03
53063,13063,Professional,Annual,389.49,6.7,2023-12-05,2024-11-29
53064,13064,Starter,Monthly,134.66,6.7,2025-02-25,2025-03-27
53065,13065,Professional,Monthly,392.42,4.7,2024-09-01,2024-10-01
53066,13066,Professional,Monthly,399.81,10.2,2026-10-01,2026-10-31
53067,13067,Professional,Monthly,392.18,3.7,2022-07-18,2022-08-17
53068,13068,Business,Annual,866.36,0.0,2023-09-04,2024-08-29
53069,13069,Professional,Monthly,388.82,0.0,2024-09-03,2024-10-03
53070,13070,Enterprise,Monthly,2330.16,13.5,2024-12-04,2025-01-03
53071,13071,Business,Monthly,831.54,10.7,2025-06-03,2025-07-03
53072,13072,Professional,Monthly,399.98,9.9,2025-05-04,2025-06-03
53073,13073,Starter,Monthly,135.1,16.8,2024-06-07,2024-07-07
53074,13074,Starter,Monthly,109.29,0.0,2024-09-29,2024-10-29
53075,13075,Starter,Quarterly,103.03,9.0,2024-10-26,2025-01-24
53076,13076,Business,Quarterly,816.5,20.0,2022-07-10,2022-10-08
53077,13077,Starter,Annual,118.96,7.3,2024-06-24,2025-06-19
53078,13078,Starter,Annual,109.32,8.5,2021-08-07,2022-08-02
53079,13079,Starter,Quarterly,137.92,16.9,2022-06-18,2022-09-16
53080,13080,Starter,Monthly,103.41,8.2,2025-02-04,2025-03-06
53081,13081,Starter,Monthly,122.31,0.0,2024-10-05,2024-11-04
53082,13082,Starter,Monthly,104.33,9.0,2021-02-13,2021-03-15
53083,13083,Enterprise,Monthly,2283.21,5.3,2021-03-06,2021-04-05
53084,13084,Starter,Annual,121.47,1.3,2021-09-03,2022-08-29
53085,13085,Starter,Annual,134.77,19.5,2023-09-14,2024-09-08
53086,13086,Enterprise,Monthly,2401.05,11.4,2025-05-28,2025-06-27
53087,13087,Professional,Monthly,400.88,16.8,2025-09-21,2025-10-21
53088,13088,Starter,Annual,124.86,0.0,2025-02-07,2026-02-02
53089,13089,Starter,Quarterly,136.54,7.7,2023-11-15,2024-02-13
53090,13090,Starter,Monthly,132.2,16.4,2021-06-09,2021-07-09
53091,13091,Professional,Monthly,392.99,13.3,2023-10-02,2023-11-01
53092,13092,Starter,Monthly,127.23,18.7,2026-04-26,2026-05-26
53093,13093,Professional,Annual,385.65,6.8,2022-04-24,2023-04-19
53094,13094,Business,Monthly,842.01,10.8,2024-08-19,2024-09-18
53095,13095,Starter,Annual,105.57,11.4,2022-01-22,2023-01-17
53096,13096,Professional,Quarterly,348.53,12.0,2022-04-17,2022-07-16
53097,13097,Enterprise,Annual,2003.52,10.7,2021-11-05,2022-10-31
53098,13098,Business,Monthly,909.74,7.0,2022-12-02,2023-01-01
53099,13099,Business,Annual,800.81,15.5,2026-04-06,2027-04-01
53100,13100,Professional,Annual,414.87,14.6,2026-01-27,2027-01-22
53101,13101,Professional,Monthly,330.72,11.7,2026-07-11,2026-08-10
53102,13102,Professional,Monthly,309.52,5.0,2023-12-15,2024-01-14
53103,13103,Business,Annual,984.49,8.0,2023-02-25,2024-02-20
53104,13104,Professional,Monthly,348.27,0.0,2025-01-18,2025-02-17
53105,13105,Business,Quarterly,828.35,6.7,2021-04-12,2021-07-11
53106,13106,Enterprise,Annual,2551.75,10.2,2023-02-14,2024-02-09
53107,13107,Professional,Monthly,377.55,16.7,2024-05-16,2024-06-15
53108,13108,Professional,Annual,362.69,5.5,2024-08-31,2025-08-26
53109,13109,Professional,Monthly,337.57,6.8,2022-07-26,2022-08-25
53110,13110,Starter,Monthly,114.28,16.5,2021-05-28,2021-06-27
53111,13111,Professional,Quarterly,368.49,18.7,2025-12-28,2026-03-28
53112,13112,Professional,Annual,358.92,8.5,2022-08-20,2023-08-15
53113,13113,Starter,Quarterly,113.59,14.5,2023-09-05,2023-12-04
53114,13114,Professional,Annual,320.05,4.1,2023-12-07,2024-12-01
53115,13115,Business,Monthly,965.86,11.3,2021-06-04,2021-07-04
53116,13116,Enterprise,Annual,2399.57,9.8,2021-08-18,2022-08-13
53117,13117,Business,Monthly,1018.0,2.5,2021-06-07,2021-07-07
53118,13118,Starter,Monthly,123.66,12.2,2023-07-12,2023-08-11
53119,13119,Starter,Quarterly,143.76,6.8,2024-03-20,2024-06-18
53120,13120,Professional,Monthly,353.95,22.2,2024-05-31,2024-06-30
53121,13121,Starter,Monthly,124.47,5.7,2023-02-05,2023-03-07
53122,13122,Business,Annual,784.71,0.0,2022-04-12,2023-04-07
53123,13123,Starter,Annual,108.28,10.5,2022-05-01,2023-04-26
53124,13124,Professional,Monthly,412.68,15.0,2025-04-25,2025-05-25
53125,13125,Starter,Quarterly,143.21,8.0,2022-03-20,2022-06-18
53126,13126,Professional,Monthly,364.58,13.1,2026-02-21,2026-03-23
53127,13127,Business,Annual,803.5,15.5,2023-06-24,2024-06-18
53128,13128,Enterprise,Monthly,2602.58,7.6,2025-12-07,2026-01-06
53129,13129,Enterprise,Monthly,2483.5,28.2,2023-07-15,2023-08-14
53130,13130,Professional,Quarterly,319.53,8.3,2026-06-01,2026-08-30
53131,13131,Business,Monthly,811.26,23.2,2021-10-19,2021-11-18
53132,13132,Professional,Monthly,298.02,16.7,2024-05-18,2024-06-17
53133,13133,Business,Monthly,895.65,21.7,2026-01-09,2026-02-08
53134,13134,Business,Annual,879.1,15.4,2023-01-22,2024-01-17
53135,13135,Starter,Annual,108.88,13.2,2024-05-19,2025-05-14
53136,13136,Enterprise,Annual,2131.28,4.7,2022-10-25,2023-10-20
53137,13137,Professional,Monthly,412.55,7.0,2024-11-20,2024-12-20
53138,13138,Professional,Annual,377.0,3.5,2025-05-04,2026-04-29
53139,13139,Professional,Annual,403.22,12.6,2023-07-09,2024-07-03
53140,13140,Business,Monthly,971.9,18.0,2023-06-28,2023-07-28
53141,13141,Business,Annual,996.4,11.5,2021-05-04,2022-04-29
53142,13142,Business,Annual,734.86,14.6,2021-03-09,2022-03-04
53143,13143,Starter,Annual,113.02,18.7,2022-04-20,2023-04-15
53144,13144,Starter,Annual,119.45,6.1,2021-12-24,2022-12-19
53145,13145,Business,Annual,912.93,15.1,2025-11-02,2026-10-28
53146,13146,Starter,Annual,127.54,19.1,2025-01-19,2026-01-14
53147,13147,Starter,Monthly,112.34,16.5,2024-10-01,2024-10-31
53148,13148,Starter,Annual,110.1,20.6,2026-05-08,2027-05-03
53149,13149,Starter,Annual,120.37,19.1,2026-03-22,2027-03-17
53150,13150,Professional,Monthly,328.2,3.7,2023-04-13,2023-05-13
53151,13151,Starter,Monthly,142.53,7.4,2024-09-15,2024-10-15
53152,13152,Business,Monthly,1009.72,13.6,2023-10-06,2023-11-05
53153,13153,Business,Annual,756.22,10.8,2022-03-19,2023-03-14
53154,13154,Business,Quarterly,932.27,0.0,2022-08-24,2022-11-22
53155,13155,Professional,Monthly,325.46,0.0,2025-01-14,2025-02-13
53156,13156,Professional,Monthly,385.39,0.0,2022-05-02,2022-06-01
53157,13157,Professional,Annual,391.47,16.7,2026-08-15,2027-08-10
53158,13158,Starter,Annual,104.02,12.7,2022-09-24,2023-09-19
53159,13159,Starter,Monthly,131.2,8.1,2025-10-21,2025-11-20
53160,13160,Business,Quarterly,989.3,5.9,2025-04-28,2025-07-27
53161,13161,Starter,Annual,111.08,15.8,2024-04-26,2025-04-21
53162,13162,Starter,Monthly,106.85,14.7,2021-01-26,2021-02-25
53163,13163,Professional,Monthly,366.94,0.0,2025-07-22,2025-08-21
53164,13164,Business,Annual,876.44,3.4,2024-01-02,2024-12-27
53165,13165,Business,Quarterly,986.02,7.5,2024-06-10,2024-09-08
53166,13166,Business,Monthly,856.7,6.4,2024-02-04,2024-03-05
53167,13167,Starter,Annual,119.37,7.9,2023-06-20,2024-06-14
53168,13168,Enterprise,Quarterly,2419.76,5.7,2021-01-09,2021-04-09
53169,13169,Business,Monthly,745.53,4.4,2021-02-19,2021-03-21
53170,13170,Starter,Monthly,104.4,12.7,2025-03-26,2025-04-25
53171,13171,Business,Annual,872.71,12.2,2022-03-18,2023-03-13
53172,13172,Professional,Monthly,308.41,0.0,2025-12-07,2026-01-06
53173,13173,Starter,Quarterly,141.44,5.4,2025-06-02,2025-08-31
53174,13174,Starter,Monthly,129.48,0.0,2026-09-15,2026-10-15
53175,13175,Professional,Quarterly,389.82,20.8,2022-12-03,2023-03-03
53176,13176,Professional,Annual,325.54,9.9,2023-01-24,2024-01-19
53177,13177,Enterprise,Annual,2250.4,7.3,2026-01-03,2026-12-29
53178,13178,Starter,Annual,107.62,13.0,2025-03-16,2026-03-11
53179,13179,Professional,Monthly,322.38,17.6,2021-08-18,2021-09-17
53180,13180,Starter,Monthly,125.86,0.0,2022-07-14,2022-08-13
53181,13181,Professional,Annual,331.79,4.1,2024-03-19,2025-03-14
53182,13182,Enterprise,Monthly,2576.19,10.0,2026-02-22,2026-03-24
53183,13183,Professional,Monthly,419.42,1.7,2023-12-21,2024-01-20
53184,13184,Professional,Quarterly,297.98,5.3,2024-02-15,2024-05-15
53185,13185,Business,Annual,948.33,0.0,2021-08-27,2022-08-22
53186,13186,Starter,Annual,106.84,3.6,2026-09-27,2027-09-22
53187,13187,Enterprise,Quarterly,2312.46,4.3,2025-01-11,2025-04-11
53188,13188,Professional,Annual,325.49,21.4,2025-01-31,2026-01-26
53189,13189,Business,Annual,1009.55,14.4,2024-08-09,2025-08-04
53190,13190,Business,Quarterly,983.05,0.5,2026-08-08,2026-11-06
53191,13191,Professional,Monthly,370.44,6.2,2022-06-01,2022-07-01
53192,13192,Professional,Monthly,319.06,12.2,2021-07-24,2021-08-23
53193,13193,Business,Annual,955.35,4.5,2024-02-06,2025-01-31
53194,13194,Starter,Monthly,123.85,5.3,2024-04-28,2024-05-28
53195,13195,Professional,Quarterly,372.42,21.4,2025-11-20,2026-02-18
53196,13196,Enterprise,Annual,2422.82,1.4,2024-10-14,2025-10-09
53197,13197,Starter,Monthly,119.49,24.6,2025-10-24,2025-11-23
53198,13198,Professional,Monthly,298.45,1.3,2025-08-07,2025-09-06
53199,13199,Starter,Annual,117.3,0.0,2021-01-07,2022-01-02
53200,13200,Professional,Monthly,348.17,21.4,2026-03-01,2026-03-31
53201,13201,Business,Quarterly,831.66,12.1,2021-10-23,2022-01-21
53202,13202,Professional,Monthly,399.3,8.9,2024-11-11,2024-12-11
53203,13203,Professional,Annual,338.21,12.7,2021-09-21,2022-09-16
53204,13204,Enterprise,Monthly,2190.58,0.0,2023-05-03,2023-06-02
53205,13205,Business,Monthly,740.83,6.1,2024-09-26,2024-10-26
53206,13206,Starter,Monthly,132.11,16.7,2024-09-14,2024-10-14
53207,13207,Professional,Monthly,323.89,5.2,2022-02-05,2022-03-07
53208,13208,Business,Monthly,792.42,5.1,2021-12-23,2022-01-22
53209,13209,Starter,Monthly,126.65,18.1,2023-04-14,2023-05-14
53210,13210,Professional,Quarterly,417.99,9.6,2022-03-11,2022-06-09
53211,13211,Starter,Monthly,119.23,12.5,2021-04-29,2021-05-29
53212,13212,Starter,Annual,115.74,0.0,2023-10-20,2024-10-14
53213,13213,Enterprise,Annual,1897.88,10.0,2025-03-17,2026-03-12
53214,13214,Business,Monthly,956.74,19.7,2024-11-19,2024-12-19
53215,13215,Starter,Quarterly,112.97,0.0,2025-08-30,2025-11-28
53216,13216,Business,Monthly,951.23,3.2,2022-06-14,2022-07-14
53217,13217,Starter,Annual,113.86,18.5,2021-10-30,2022-10-25
53218,13218,Professional,Annual,301.16,12.7,2021-06-05,2022-05-31
53219,13219,Business,Annual,870.72,4.3,2021-01-14,2022-01-09
53220,13220,Professional,Monthly,408.49,9.4,2023-06-08,2023-07-08
53221,13221,Business,Quarterly,785.15,7.9,2024-04-11,2024-07-10
53222,13222,Professional,Quarterly,316.36,0.0,2022-03-21,2022-06-19
53223,13223,Professional,Monthly,320.14,10.4,2026-01-18,2026-02-17
53224,13224,Enterprise,Monthly,2401.51,0.0,2021-02-18,2021-03-20
53225,13225,Starter,Quarterly,117.43,11.9,2021-06-30,2021-09-28
53226,13226,Professional,Annual,328.87,0.0,2024-11-18,2025-11-13
53227,13227,Business,Annual,822.97,16.0,2022-06-14,2023-06-09
53228,13228,Business,Quarterly,814.46,9.3,2025-08-03,2025-11-01
53229,13229,Professional,Annual,364.11,1.6,2022-08-07,2023-08-02
53230,13230,Business,Annual,762.17,1.7,2025-11-13,2026-11-08
53231,13231,Professional,Quarterly,359.82,5.1,2024-07-10,2024-10-08
53232,13232,Professional,Annual,335.69,9.3,2022-12-08,2023-12-03
53233,13233,Enterprise,Monthly,2588.13,7.8,2021-10-21,2021-11-20
53234,13234,Business,Monthly,847.99,11.8,2025-04-11,2025-05-11
53235,13235,Professional,Annual,309.75,11.3,2025-03-13,2026-03-08
53236,13236,Business,Annual,1000.25,16.5,2022-02-26,2023-02-21
53237,13237,Business,Annual,1001.41,24.8,2025-05-14,2026-05-09
53238,13238,Professional,Monthly,319.0,8.3,2022-10-23,2022-11-22
53239,13239,Business,Quarterly,965.39,8.8,2026-05-13,2026-08-11
53240,13240,Business,Quarterly,978.93,12.7,2026-08-14,2026-11-12
53241,13241,Professional,Monthly,341.06,4.5,2026-08-13,2026-09-12
53242,13242,Professional,Monthly,317.04,0.3,2022-01-04,2022-02-03
53243,13243,Enterprise,Monthly,2484.81,4.3,2022-06-23,2022-07-23
53244,13244,Professional,Monthly,300.97,9.8,2023-01-01,2023-01-31
53245,13245,Starter,Annual,128.02,11.6,2023-06-16,2024-06-10
53246,13246,Professional,Monthly,339.39,24.0,2023-12-04,2024-01-03
53247,13247,Starter,Quarterly,127.03,0.0,2022-07-18,2022-10-16
53248,13248,Business,Quarterly,957.18,11.8,2022-04-09,2022-07-08
53249,13249,Starter,Annual,136.81,7.7,2023-11-01,2024-10-26
53250,13250,Starter,Quarterly,143.94,17.8,2021-01-15,2021-04-15
53251,13251,Enterprise,Quarterly,2362.97,1.4,2024-09-15,2024-12-14
53252,13252,Business,Monthly,788.98,15.0,2021-01-11,2021-02-10
53253,13253,Professional,Quarterly,331.32,6.0,2025-07-15,2025-10-13
53254,13254,Starter,Monthly,120.32,16.4,2024-06-01,2024-07-01
53255,13255,Business,Quarterly,974.92,9.4,2025-10-27,2026-01-25
53256,13256,Enterprise,Monthly,2152.48,15.6,2025-07-19,2025-08-18
53257,13257,Professional,Annual,381.81,12.3,2025-10-30,2026-10-25
53258,13258,Professional,Quarterly,303.02,2.7,2022-06-26,2022-09-24
53259,13259,Starter,Monthly,120.06,0.0,2025-03-10,2025-04-09
53260,13260,Professional,Monthly,317.96,20.5,2025-10-09,2025-11-08
53261,13261,Professional,Quarterly,412.46,7.8,2024-03-26,2024-06-24
53262,13262,Business,Annual,957.95,18.8,2024-11-23,2025-11-18
53263,13263,Professional,Monthly,314.5,9.4,2023-07-18,2023-08-17
53264,13264,Professional,Monthly,346.73,16.8,2024-11-27,2024-12-27
53265,13265,Starter,Monthly,105.38,3.1,2024-01-18,2024-02-17
53266,13266,Starter,Monthly,133.36,11.1,2026-03-05,2026-04-04
53267,13267,Starter,Annual,110.04,31.8,2023-06-14,2024-06-08
53268,13268,Professional,Annual,396.03,3.1,2026-08-24,2027-08-19
53269,13269,Starter,Monthly,105.11,14.3,2025-07-13,2025-08-12
53270,13270,Enterprise,Annual,2311.18,9.7,2021-01-02,2021-12-28
53271,13271,Business,Monthly,903.44,12.8,2025-06-14,2025-07-14
53272,13272,Business,Monthly,821.96,10.4,2025-09-10,2025-10-10
53273,13273,Business,Monthly,771.35,0.0,2022-07-26,2022-08-25
53274,13274,Starter,Monthly,115.6,13.3,2022-03-12,2022-04-11
53275,13275,Business,Monthly,869.91,12.6,2025-09-08,2025-10-08
53276,13276,Enterprise,Monthly,2616.21,21.3,2022-01-18,2022-02-17
53277,13277,Starter,Annual,120.77,1.4,2025-09-30,2026-09-25
53278,13278,Enterprise,Monthly,2015.82,12.0,2023-12-20,2024-01-19
53279,13279,Professional,Monthly,300.67,1.8,2026-05-04,2026-06-03
53280,13280,Starter,Annual,102.35,17.2,2024-12-05,2025-11-30
53281,13281,Professional,Annual,348.55,15.1,2024-01-12,2025-01-06
53282,13282,Enterprise,Monthly,2098.16,8.2,2021-03-15,2021-04-14
53283,13283,Professional,Monthly,311.6,0.7,2024-08-27,2024-09-26
53284,13284,Business,Monthly,773.72,10.0,2026-09-05,2026-10-05
53285,13285,Starter,Monthly,116.7,13.7,2024-11-01,2024-12-01
53286,13286,Starter,Monthly,130.84,17.6,2023-04-15,2023-05-15
53287,13287,Business,Monthly,903.85,0.8,2024-04-18,2024-05-18
53288,13288,Professional,Monthly,307.29,2.9,2023-02-13,2023-03-15
53289,13289,Starter,Annual,108.01,2.6,2024-11-04,2025-10-30
53290,13290,Starter,Monthly,140.15,8.4,2021-03-18,2021-04-17
53291,13291,Starter,Quarterly,104.99,5.7,2023-12-09,2024-03-08
53292,13292,Professional,Monthly,321.86,16.0,2024-11-04,2024-12-04
53293,13293,Business,Monthly,817.09,13.8,2025-09-29,2025-10-29
53294,13294,Professional,Quarterly,325.69,15.4,2023-05-20,2023-08-18
53295,13295,Starter,Monthly,114.22,18.6,2023-12-20,2024-01-19
53296,13296,Starter,Monthly,132.57,0.0,2024-10-12,2024-11-11
53297,13297,Professional,Annual,309.14,9.3,2023-09-01,2024-08-26
53298,13298,Business,Annual,827.29,10.8,2024-05-10,2025-05-05
53299,13299,Professional,Quarterly,372.44,4.0,2025-12-08,2026-03-08
53300,13300,Starter,Monthly,104.05,9.6,2025-11-26,2025-12-26
53301,13301,Starter,Quarterly,103.86,12.9,2025-04-08,2025-07-07
53302,13302,Professional,Monthly,358.57,6.2,2024-04-03,2024-05-03
53303,13303,Business,Monthly,990.2,10.3,2023-11-18,2023-12-18
53304,13304,Starter,Monthly,120.68,7.5,2021-11-10,2021-12-10
53305,13305,Professional,Quarterly,347.31,14.2,2025-05-08,2025-08-06
53306,13306,Professional,Annual,298.74,16.4,2024-07-31,2025-07-26
53307,13307,Business,Annual,940.48,13.7,2024-08-14,2025-08-09
53308,13308,Business,Annual,771.32,20.3,2026-07-17,2027-07-12
53309,13309,Professional,Monthly,383.07,0.0,2024-10-04,2024-11-03
53310,13310,Enterprise,Quarterly,2138.35,7.1,2022-09-28,2022-12-27
53311,13311,Business,Annual,735.88,2.1,2024-05-15,2025-05-10
53312,13312,Starter,Annual,115.77,20.9,2022-02-21,2023-02-16
53313,13313,Business,Monthly,918.72,1.2,2022-03-15,2022-04-14
53314,13314,Professional,Annual,391.62,19.9,2021-06-14,2022-06-09
53315,13315,Enterprise,Annual,2359.37,7.8,2025-05-02,2026-04-27
53316,13316,Professional,Monthly,384.6,4.9,2023-09-15,2023-10-15
53317,13317,Professional,Monthly,326.4,12.1,2022-06-01,2022-07-01
53318,13318,Enterprise,Monthly,2613.24,23.7,2021-03-23,2021-04-22
53319,13319,Starter,Annual,111.53,3.8,2021-04-29,2022-04-24
53320,13320,Professional,Monthly,318.34,11.8,2025-07-19,2025-08-18
53321,13321,Business,Monthly,796.82,12.5,2024-08-19,2024-09-18
53322,13322,Business,Annual,1011.69,3.0,2021-01-28,2022-01-23
53323,13323,Business,Annual,741.82,5.5,2026-07-18,2027-07-13
53324,13324,Professional,Quarterly,392.25,6.1,2022-05-13,2022-08-11
53325,13325,Professional,Quarterly,310.4,10.7,2021-07-13,2021-10-11
53326,13326,Professional,Quarterly,392.23,0.0,2022-08-15,2022-11-13
53327,13327,Professional,Annual,331.44,10.2,2026-02-01,2027-01-27
53328,13328,Starter,Annual,132.52,1.9,2023-11-26,2024-11-20
53329,13329,Professional,Annual,303.5,8.6,2021-04-23,2022-04-18
53330,13330,Starter,Monthly,116.05,1.9,2024-08-10,2024-09-09
53331,13331,Starter,Monthly,121.51,19.2,2025-10-04,2025-11-03
53332,13332,Starter,Annual,102.87,11.9,2026-08-24,2027-08-19
53333,13333,Business,Annual,776.3,4.4,2025-08-18,2026-08-13
53334,13334,Professional,Quarterly,318.18,21.8,2024-10-26,2025-01-24
53335,13335,Professional,Annual,356.47,0.0,2024-12-21,2025-12-16
53336,13336,Professional,Monthly,313.81,9.8,2024-09-27,2024-10-27
53337,13337,Starter,Monthly,143.04,13.0,2023-08-16,2023-09-15
53338,13338,Professional,Quarterly,406.15,7.9,2024-02-03,2024-05-03
53339,13339,Starter,Annual,111.42,9.0,2025-08-24,2026-08-19
53340,13340,Business,Annual,792.18,5.1,2021-05-13,2022-05-08
53341,13341,Starter,Monthly,141.79,3.9,2022-07-24,2022-08-23
53342,13342,Professional,Monthly,334.19,16.1,2021-05-05,2021-06-04
53343,13343,Professional,Monthly,349.35,10.6,2023-11-01,2023-12-01
53344,13344,Professional,Monthly,383.43,12.2,2026-09-06,2026-10-06
53345,13345,Starter,Monthly,116.45,14.6,2021-07-26,2021-08-25
53346,13346,Business,Annual,990.98,5.6,2021-11-08,2022-11-03
53347,13347,Professional,Annual,369.66,5.1,2025-11-21,2026-11-16
53348,13348,Business,Monthly,891.25,4.8,2024-08-31,2024-09-30
53349,13349,Starter,Quarterly,125.28,10.3,2021-10-23,2022-01-21
53350,13350,Business,Annual,755.83,23.6,2022-02-06,2023-02-01
53351,13351,Starter,Quarterly,135.2,10.3,2024-12-29,2025-03-29
53352,13352,Starter,Annual,126.03,0.0,2025-05-16,2026-05-11
53353,13353,Starter,Annual,104.25,11.9,2021-05-02,2022-04-27
53354,13354,Starter,Monthly,137.72,12.6,2023-01-21,2023-02-20
53355,13355,Business,Annual,939.51,16.9,2021-04-16,2022-04-11
53356,13356,Starter,Quarterly,114.13,19.0,2023-11-26,2024-02-24
53357,13357,Professional,Quarterly,332.54,30.1,2025-04-23,2025-07-22
53358,13358,Starter,Monthly,123.2,9.6,2021-03-13,2021-04-12
53359,13359,Professional,Annual,298.39,11.7,2022-07-22,2023-07-17
53360,13360,Business,Monthly,963.36,12.4,2024-05-29,2024-06-28
53361,13361,Professional,Annual,412.9,7.6,2021-03-17,2022-03-12
53362,13362,Professional,Annual,352.21,8.4,2023-10-07,2024-10-01
53363,13363,Starter,Annual,124.54,5.0,2022-03-29,2023-03-24
53364,13364,Starter,Quarterly,136.01,7.2,2023-02-05,2023-05-06
53365,13365,Professional,Quarterly,331.51,9.1,2022-05-02,2022-07-31
53366,13366,Business,Annual,868.79,13.4,2025-02-06,2026-02-01
53367,13367,Starter,Annual,106.66,12.9,2023-04-10,2024-04-04
53368,13368,Professional,Annual,383.48,2.1,2026-04-25,2027-04-20
53369,13369,Business,Monthly,958.37,0.6,2023-08-29,2023-09-28
53370,13370,Enterprise,Monthly,1921.52,6.6,2022-05-05,2022-06-04
53371,13371,Enterprise,Annual,2549.46,21.0,2026-04-20,2027-04-15
53372,13372,Business,Annual,833.92,12.8,2022-04-20,2023-04-15
53373,13373,Starter,Monthly,140.73,11.0,2024-01-09,2024-02-08
53374,13374,Business,Monthly,990.3,15.2,2025-09-06,2025-10-06
53375,13375,Business,Monthly,957.79,1.4,2025-05-19,2025-06-18
53376,13376,Professional,Annual,399.19,15.1,2024-04-10,2025-04-05
53377,13377,Starter,Annual,114.15,5.9,2021-08-14,2022-08-09
53378,13378,Professional,Monthly,342.49,0.0,2022-12-09,2023-01-08
53379,13379,Starter,Annual,112.08,8.7,2025-09-11,2026-09-06
53380,13380,Professional,Annual,340.93,17.4,2021-02-23,2022-02-18
53381,13381,Business,Monthly,889.67,11.3,2025-10-19,2025-11-18
53382,13382,Business,Monthly,979.55,9.2,2024-12-24,2025-01-23
53383,13383,Business,Monthly,885.29,4.7,2022-08-02,2022-09-01
53384,13384,Professional,Annual,382.84,8.9,2025-08-26,2026-08-21
53385,13385,Professional,Annual,314.13,25.1,2022-05-15,2023-05-10
53386,13386,Enterprise,Monthly,2593.47,15.4,2021-07-25,2021-08-24
53387,13387,Professional,Monthly,368.94,10.2,2026-04-26,2026-05-26
53388,13388,Business,Monthly,953.3,3.4,2024-03-06,2024-04-05
53389,13389,Business,Annual,1019.57,0.0,2021-10-06,2022-10-01
53390,13390,Professional,Annual,402.82,1.3,2025-01-08,2026-01-03
53391,13391,Enterprise,Monthly,2258.36,7.6,2022-11-08,2022-12-08
53392,13392,Professional,Annual,403.83,3.1,2023-07-30,2024-07-24
53393,13393,Professional,Annual,378.22,0.0,2022-03-17,2023-03-12
53394,13394,Professional,Monthly,386.93,8.9,2024-06-05,2024-07-05
53395,13395,Business,Quarterly,912.1,0.0,2024-07-17,2024-10-15
53396,13396,Business,Monthly,808.07,12.7,2026-01-18,2026-02-17
53397,13397,Professional,Monthly,338.47,15.8,2025-11-19,2025-12-19
53398,13398,Starter,Monthly,125.45,21.6,2026-02-19,2026-03-21
53399,13399,Professional,Quarterly,404.57,2.5,2022-07-02,2022-09-30
53400,13400,Enterprise,Monthly,2218.46,5.6,2023-09-13,2023-10-13
53401,13401,Starter,Quarterly,124.7,2.5,2026-08-29,2026-11-27
53402,13402,Professional,Quarterly,342.71,16.7,2022-03-01,2022-05-30
53403,13403,Starter,Quarterly,102.76,3.7,2025-12-04,2026-03-04
53404,13404,Enterprise,Annual,2365.53,6.6,2025-08-11,2026-08-06
53405,13405,Professional,Monthly,366.83,9.9,2026-05-03,2026-06-02
53406,13406,Professional,Quarterly,417.34,2.8,2021-03-07,2021-06-05
53407,13407,Starter,Quarterly,123.33,18.8,2023-03-26,2023-06-24
53408,13408,Business,Monthly,881.65,1.4,2024-03-20,2024-04-19
53409,13409,Professional,Monthly,332.08,11.0,2025-12-15,2026-01-14
53410,13410,Professional,Monthly,309.7,3.0,2022-03-13,2022-04-12
53411,13411,Professional,Monthly,384.18,6.4,2023-03-01,2023-03-31
53412,13412,Professional,Monthly,396.53,10.1,2026-07-14,2026-08-13
53413,13413,Business,Annual,981.24,3.4,2021-08-23,2022-08-18
53414,13414,Starter,Monthly,118.98,0.0,2025-10-05,2025-11-04
53415,13415,Starter,Monthly,131.55,17.7,2022-11-06,2022-12-06
53416,13416,Business,Quarterly,800.65,0.0,2023-10-30,2024-01-28
53417,13417,Business,Annual,797.71,6.4,2023-07-16,2024-07-10
53418,13418,Starter,Monthly,143.82,10.2,2023-01-31,2023-03-02
53419,13419,Starter,Annual,137.68,9.8,2021-08-15,2022-08-10
53420,13420,Business,Monthly,798.72,10.9,2025-11-12,2025-12-12
53421,13421,Starter,Annual,120.2,8.3,2026-08-27,2027-08-22
53422,13422,Enterprise,Monthly,2305.03,10.9,2022-12-07,2023-01-06
53423,13423,Professional,Monthly,299.09,12.6,2025-12-21,2026-01-20
53424,13424,Business,Annual,1007.88,19.5,2024-06-15,2025-06-10
53425,13425,Business,Monthly,754.86,6.0,2024-11-11,2024-12-11
53426,13426,Professional,Monthly,397.61,18.8,2022-10-31,2022-11-30
53427,13427,Professional,Quarterly,417.05,8.0,2026-01-20,2026-04-20
53428,13428,Professional,Annual,383.77,14.0,2024-08-30,2025-08-25
53429,13429,Business,Monthly,1010.09,11.7,2024-08-17,2024-09-16
53430,13430,Professional,Monthly,299.91,3.2,2021-04-28,2021-05-28
53431,13431,Starter,Quarterly,116.89,0.0,2026-02-12,2026-05-13
53432,13432,Professional,Annual,355.87,12.9,2026-09-29,2027-09-24
53433,13433,Professional,Annual,393.41,1.9,2025-12-19,2026-12-14
53434,13434,Starter,Quarterly,129.49,3.1,2025-05-07,2025-08-05
53435,13435,Professional,Quarterly,387.66,7.6,2022-06-27,2022-09-25
53436,13436,Starter,Monthly,108.08,17.5,2025-03-07,2025-04-06
53437,13437,Business,Annual,973.82,19.4,2024-06-23,2025-06-18
53438,13438,Starter,Monthly,136.53,0.3,2022-08-25,2022-09-24
53439,13439,Professional,Monthly,391.69,0.0,2022-01-23,2022-02-22
53440,13440,Business,Monthly,965.84,8.8,2025-05-22,2025-06-21
53441,13441,Business,Monthly,786.04,5.2,2025-09-24,2025-10-24
53442,13442,Professional,Monthly,314.68,21.5,2021-12-05,2022-01-04
53443,13443,Professional,Quarterly,407.15,15.1,2021-02-25,2021-05-26
53444,13444,Professional,Monthly,414.73,4.2,2024-07-29,2024-08-28
53445,13445,Starter,Annual,119.82,0.5,2024-02-26,2025-02-20
53446,13446,Professional,Quarterly,352.26,13.2,2022-12-18,2023-03-18
53447,13447,Professional,Monthly,388.27,5.5,2025-10-16,2025-11-15
53448,13448,Business,Quarterly,869.76,4.1,2025-07-21,2025-10-19
53449,13449,Professional,Monthly,335.91,12.1,2021-11-10,2021-12-10
53450,13450,Starter,Monthly,109.98,2.6,2023-06-07,2023-07-07
53451,13451,Starter,Annual,102.95,11.6,2021-09-04,2022-08-30
53452,13452,Business,Monthly,897.34,12.9,2026-04-07,2026-05-07
53453,13453,Business,Quarterly,764.79,0.5,2023-10-23,2024-01-21
53454,13454,Business,Annual,977.86,12.8,2021-06-10,2022-06-05
53455,13455,Professional,Monthly,417.9,9.8,2025-01-23,2025-02-22
53456,13456,Professional,Annual,353.57,0.0,2025-10-04,2026-09-29
53457,13457,Starter,Annual,106.85,11.5,2021-05-05,2022-04-30
53458,13458,Starter,Annual,126.49,5.2,2026-03-24,2027-03-19
53459,13459,Starter,Monthly,126.1,7.5,2024-10-02,2024-11-01
53460,13460,Enterprise,Annual,1972.68,14.4,2025-06-06,2026-06-01
53461,13461,Business,Monthly,914.96,7.2,2026-06-01,2026-07-01
53462,13462,Professional,Annual,336.22,21.3,2021-06-13,2022-06-08
53463,13463,Starter,Monthly,137.51,0.0,2023-05-12,2023-06-11
53464,13464,Professional,Annual,369.52,11.0,2024-05-21,2025-05-16
53465,13465,Professional,Monthly,350.54,4.3,2024-04-21,2024-05-21
53466,13466,Professional,Quarterly,415.51,5.3,2022-05-20,2022-08-18
53467,13467,Professional,Annual,357.67,2.7,2022-06-09,2023-06-04
53468,13468,Enterprise,Monthly,2553.22,14.3,2024-11-04,2024-12-04
53469,13469,Business,Monthly,801.13,0.7,2025-11-03,2025-12-03
53470,13470,Starter,Monthly,120.55,21.1,2022-12-02,2023-01-01
53471,13471,Professional,Monthly,307.78,15.4,2023-10-15,2023-11-14
53472,13472,Starter,Quarterly,119.76,5.1,2021-02-19,2021-05-20
53473,13473,Starter,Quarterly,139.57,6.9,2022-11-26,2023-02-24
53474,13474,Enterprise,Monthly,2508.69,15.9,2021-01-26,2021-02-25
53475,13475,Business,Quarterly,1012.77,11.3,2021-01-11,2021-04-11
53476,13476,Starter,Monthly,133.49,19.1,2023-03-19,2023-04-18
53477,13477,Professional,Annual,330.76,8.5,2024-01-31,2025-01-25
53478,13478,Professional,Annual,317.2,16.8,2026-08-21,2027-08-16
53479,13479,Professional,Annual,319.49,14.8,2023-08-31,2024-08-25
53480,13480,Professional,Annual,378.52,14.8,2023-12-05,2024-11-29
53481,13481,Starter,Annual,118.05,9.0,2023-04-22,2024-04-16
53482,13482,Professional,Quarterly,348.22,13.4,2021-12-25,2022-03-25
53483,13483,Starter,Annual,138.14,6.8,2021-10-12,2022-10-07
53484,13484,Professional,Annual,386.52,4.8,2025-01-14,2026-01-09
53485,13485,Starter,Monthly,110.79,11.2,2025-06-24,2025-07-24
53486,13486,Starter,Quarterly,109.19,14.7,2022-03-01,2022-05-30
53487,13487,Starter,Monthly,136.52,10.2,2023-10-27,2023-11-26
53488,13488,Starter,Quarterly,142.05,0.5,2026-04-04,2026-07-03
53489,13489,Starter,Annual,109.78,7.9,2021-12-22,2022-12-17
53490,13490,Business,Annual,1005.65,11.8,2022-07-08,2023-07-03
53491,13491,Professional,Quarterly,350.14,21.0,2026-03-02,2026-05-31
53492,13492,Professional,Monthly,408.44,16.2,2021-09-25,2021-10-25
53493,13493,Professional,Monthly,389.48,17.7,2026-03-31,2026-04-30
53494,13494,Starter,Monthly,140.01,0.0,2024-05-25,2024-06-24
53495,13495,Professional,Monthly,376.53,22.6,2021-03-05,2021-04-04
53496,13496,Business,Annual,769.21,13.4,2024-07-22,2025-07-17
53497,13497,Starter,Annual,104.54,1.9,2022-04-15,2023-04-10
53498,13498,Enterprise,Annual,2352.88,1.3,2026-07-13,2027-07-08
53499,13499,Business,Annual,739.86,5.4,2026-01-11,2027-01-06
53500,13500,Business,Monthly,792.71,4.0,2026-07-17,2026-08-16
53501,13501,Starter,Monthly,110.66,11.9,2025-05-09,2025-06-08
53502,13502,Professional,Monthly,349.82,5.3,2023-05-28,2023-06-27
53503,13503,Professional,Monthly,370.68,11.9,2024-05-02,2024-06-01
53504,13504,Starter,Monthly,140.27,8.9,2026-08-23,2026-09-22
53505,13505,Professional,Monthly,412.18,17.1,2021-08-10,2021-09-09
53506,13506,Business,Monthly,1014.76,9.4,2025-09-25,2025-10-25
53507,13507,Enterprise,Quarterly,2458.14,0.0,2024-11-20,2025-02-18
53508,13508,Starter,Monthly,140.69,2.4,2023-05-31,2023-06-30
53509,13509,Starter,Monthly,135.21,14.0,2023-04-19,2023-05-19
53510,13510,Starter,Monthly,140.25,20.4,2023-01-22,2023-02-21
53511,13511,Starter,Monthly,106.38,13.0,2021-09-27,2021-10-27
53512,13512,Professional,Quarterly,415.29,24.5,2025-06-23,2025-09-21
53513,13513,Business,Annual,792.28,0.0,2023-01-02,2023-12-28
53514,13514,Business,Monthly,891.62,11.1,2022-09-08,2022-10-08
53515,13515,Enterprise,Monthly,2267.96,0.0,2024-12-02,2025-01-01
53516,13516,Professional,Annual,366.65,14.4,2026-09-07,2027-09-02
53517,13517,Professional,Monthly,383.5,19.1,2024-08-05,2024-09-04
53518,13518,Business,Monthly,883.03,0.0,2026-03-18,2026-04-17
53519,13519,Business,Annual,927.4,17.4,2022-01-19,2023-01-14
53520,13520,Business,Monthly,881.48,23.1,2021-03-26,2021-04-25
53521,13521,Professional,Monthly,298.98,3.9,2021-09-03,2021-10-03
53522,13522,Enterprise,Monthly,2353.07,22.1,2023-03-15,2023-04-14
53523,13523,Professional,Monthly,365.51,4.1,2021-08-28,2021-09-27
53524,13524,Enterprise,Monthly,2321.1,11.4,2024-01-02,2024-02-01
53525,13525,Business,Monthly,722.96,28.2,2022-01-23,2022-02-22
53526,13526,Starter,Annual,121.69,6.6,2022-11-07,2023-11-02
53527,13527,Enterprise,Monthly,2543.73,8.0,2021-06-20,2021-07-20
53528,13528,Starter,Monthly,115.97,9.7,2024-03-21,2024-04-20
53529,13529,Enterprise,Quarterly,2212.56,7.1,2025-08-28,2025-11-26
53530,13530,Professional,Quarterly,312.5,22.9,2023-03-20,2023-06-18
53531,13531,Business,Monthly,856.44,11.1,2024-07-29,2024-08-28
53532,13532,Starter,Quarterly,118.62,23.1,2021-05-09,2021-08-07
53533,13533,Starter,Annual,139.09,17.0,2024-04-11,2025-04-06
53534,13534,Enterprise,Quarterly,1897.29,2.0,2022-04-17,2022-07-16
53535,13535,Professional,Monthly,414.02,16.5,2026-02-27,2026-03-29
53536,13536,Business,Monthly,893.98,9.2,2025-03-06,2025-04-05
53537,13537,Business,Annual,880.07,10.5,2025-05-19,2026-05-14
53538,13538,Professional,Monthly,406.06,23.3,2023-11-11,2023-12-11
53539,13539,Business,Annual,779.33,6.6,2026-02-15,2027-02-10
53540,13540,Starter,Monthly,110.78,9.6,2024-05-08,2024-06-07
53541,13541,Professional,Quarterly,404.62,21.6,2026-02-11,2026-05-12
53542,13542,Professional,Monthly,411.36,9.0,2024-10-07,2024-11-06
53543,13543,Business,Monthly,971.75,12.2,2024-07-29,2024-08-28
53544,13544,Business,Quarterly,734.78,7.8,2022-09-04,2022-12-03
53545,13545,Starter,Quarterly,129.39,8.0,2025-04-12,2025-07-11
53546,13546,Enterprise,Monthly,2217.38,5.5,2023-08-06,2023-09-05
53547,13547,Professional,Monthly,396.46,0.8,2025-05-18,2025-06-17
53548,13548,Professional,Monthly,316.87,5.5,2023-05-04,2023-06-03
53549,13549,Business,Monthly,996.3,12.4,2026-03-25,2026-04-24
53550,13550,Professional,Monthly,338.59,3.2,2026-06-01,2026-07-01
53551,13551,Business,Annual,818.66,8.3,2023-11-28,2024-11-22
53552,13552,Professional,Quarterly,319.36,17.2,2024-12-13,2025-03-13
53553,13553,Starter,Annual,102.29,10.5,2021-10-29,2022-10-24
53554,13554,Professional,Quarterly,335.81,25.6,2022-10-01,2022-12-30
53555,13555,Starter,Annual,108.23,14.4,2021-03-12,2022-03-07
53556,13556,Professional,Quarterly,387.92,0.0,2026-04-07,2026-07-06
53557,13557,Starter,Quarterly,133.78,3.1,2022-10-08,2023-01-06
53558,13558,Starter,Monthly,136.77,0.0,2025-11-24,2025-12-24
53559,13559,Business,Quarterly,724.12,8.5,2021-06-23,2021-09-21
53560,13560,Professional,Annual,340.56,19.7,2026-06-22,2027-06-17
53561,13561,Business,Monthly,724.23,11.6,2021-03-31,2021-04-30
53562,13562,Professional,Monthly,359.7,4.9,2023-04-04,2023-05-04
53563,13563,Professional,Monthly,408.85,21.5,2022-07-05,2022-08-04
53564,13564,Professional,Monthly,347.47,4.0,2021-03-01,2021-03-31
53565,13565,Business,Monthly,982.41,14.9,2024-02-03,2024-03-04
53566,13566,Starter,Quarterly,141.8,4.8,2024-06-16,2024-09-14
53567,13567,Professional,Quarterly,326.64,13.1,2025-01-25,2025-04-25
53568,13568,Starter,Monthly,102.43,6.7,2021-05-07,2021-06-06
53569,13569,Professional,Monthly,388.1,1.9,2021-03-24,2021-04-23
53570,13570,Business,Annual,894.76,0.0,2024-05-28,2025-05-23
53571,13571,Business,Monthly,825.78,13.5,2023-08-04,2023-09-03
53572,13572,Professional,Annual,342.53,16.1,2025-06-29,2026-06-24
53573,13573,Starter,Monthly,105.4,14.0,2026-05-07,2026-06-06
53574,13574,Professional,Monthly,404.21,10.2,2026-06-19,2026-07-19
53575,13575,Business,Monthly,794.51,0.0,2023-06-09,2023-07-09
53576,13576,Starter,Quarterly,106.08,10.7,2022-07-28,2022-10-26
53577,13577,Business,Monthly,954.41,11.0,2022-05-28,2022-06-27
53578,13578,Business,Annual,866.81,24.1,2026-03-25,2027-03-20
53579,13579,Starter,Annual,134.04,6.8,2021-03-06,2022-03-01
53580,13580,Professional,Monthly,407.98,7.3,2026-05-19,2026-06-18
53581,13581,Starter,Annual,118.05,11.7,2023-12-26,2024-12-20
53582,13582,Starter,Quarterly,104.29,9.5,2024-05-29,2024-08-27
53583,13583,Professional,Monthly,328.52,9.3,2023-06-08,2023-07-08
53584,13584,Starter,Annual,104.14,1.8,2022-09-04,2023-08-30
53585,13585,Business,Monthly,766.87,12.9,2022-03-14,2022-04-13
53586,13586,Business,Quarterly,975.06,8.9,2024-02-01,2024-05-01
53587,13587,Enterprise,Annual,2594.89,0.9,2024-12-30,2025-12-25
53588,13588,Professional,Annual,380.42,5.9,2024-12-15,2025-12-10
53589,13589,Starter,Monthly,132.74,1.6,2022-06-08,2022-07-08
53590,13590,Professional,Monthly,387.11,9.5,2025-01-06,2025-02-05
53591,13591,Business,Annual,759.2,20.0,2023-03-11,2024-03-05
53592,13592,Professional,Annual,303.27,4.8,2023-10-21,2024-10-15
53593,13593,Professional,Annual,383.05,9.4,2025-04-29,2026-04-24
53594,13594,Professional,Annual,302.08,10.1,2021-11-18,2022-11-13
53595,13595,Starter,Annual,136.09,19.6,2021-06-29,2022-06-24
53596,13596,Starter,Quarterly,126.83,9.9,2025-09-01,2025-11-30
53597,13597,Starter,Annual,106.77,1.6,2022-03-26,2023-03-21
53598,13598,Professional,Monthly,378.26,27.8,2024-07-08,2024-08-07
53599,13599,Starter,Annual,127.46,17.2,2025-07-19,2026-07-14
53600,13600,Professional,Quarterly,343.6,0.0,2024-06-11,2024-09-09
53601,13601,Professional,Annual,397.67,11.9,2023-06-23,2024-06-17
53602,13602,Professional,Annual,334.81,17.5,2024-03-23,2025-03-18
53603,13603,Starter,Monthly,117.87,10.3,2021-11-26,2021-12-26
53604,13604,Business,Annual,929.75,12.7,2022-09-29,2023-09-24
53605,13605,Professional,Annual,389.62,9.8,2026-03-05,2027-02-28
53606,13606,Business,Monthly,803.88,6.8,2026-03-30,2026-04-29
53607,13607,Professional,Annual,299.56,1.2,2026-02-11,2027-02-06
53608,13608,Starter,Quarterly,109.4,7.1,2022-02-17,2022-05-18
53609,13609,Starter,Monthly,113.05,0.0,2025-03-21,2025-04-20
53610,13610,Business,Annual,991.74,22.5,2025-01-15,2026-01-10
53611,13611,Professional,Annual,406.97,10.2,2025-04-14,2026-04-09
53612,13612,Starter,Monthly,129.75,0.9,2022-05-30,2022-06-29
53613,13613,Professional,Annual,384.39,10.2,2022-04-26,2023-04-21
53614,13614,Starter,Monthly,128.09,18.9,2022-06-02,2022-07-02
53615,13615,Professional,Monthly,392.95,14.8,2025-01-24,2025-02-23
53616,13616,Professional,Monthly,340.52,2.7,2021-11-01,2021-12-01
53617,13617,Business,Monthly,885.15,7.5,2022-10-17,2022-11-16
53618,13618,Starter,Annual,130.17,16.1,2026-06-01,2027-05-27
53619,13619,Business,Annual,861.86,4.9,2021-06-30,2022-06-25
53620,13620,Professional,Annual,392.15,12.6,2021-01-30,2022-01-25
53621,13621,Starter,Monthly,141.17,6.1,2023-02-04,2023-03-06
53622,13622,Enterprise,Quarterly,2381.13,9.4,2021-02-09,2021-05-10
53623,13623,Business,Monthly,744.71,18.0,2023-06-11,2023-07-11
53624,13624,Starter,Annual,127.63,5.6,2026-04-11,2027-04-06
53625,13625,Professional,Monthly,382.8,0.0,2023-08-01,2023-08-31
53626,13626,Business,Monthly,806.77,25.8,2023-12-03,2024-01-02
53627,13627,Enterprise,Annual,2117.76,7.8,2025-11-18,2026-11-13
53628,13628,Business,Monthly,899.63,12.3,2022-11-16,2022-12-16
53629,13629,Business,Quarterly,932.87,24.8,2023-12-01,2024-02-29
53630,13630,Starter,Monthly,138.6,13.9,2025-05-05,2025-06-04
53631,13631,Enterprise,Monthly,2457.14,9.4,2024-09-08,2024-10-08
53632,13632,Starter,Monthly,107.63,10.3,2024-03-28,2024-04-27
53633,13633,Starter,Annual,116.62,23.6,2021-02-06,2022-02-01
53634,13634,Enterprise,Annual,1984.55,16.3,2022-06-23,2023-06-18
53635,13635,Starter,Monthly,133.79,6.7,2026-04-06,2026-05-06
53636,13636,Professional,Quarterly,330.14,16.4,2021-09-06,2021-12-05
53637,13637,Professional,Quarterly,312.63,6.0,2022-11-24,2023-02-22
53638,13638,Business,Monthly,751.13,11.9,2023-11-07,2023-12-07
53639,13639,Professional,Monthly,311.53,14.9,2024-10-23,2024-11-22
53640,13640,Professional,Quarterly,327.77,5.0,2024-08-28,2024-11-26
53641,13641,Starter,Quarterly,134.86,6.8,2024-12-09,2025-03-09
53642,13642,Starter,Monthly,111.98,6.3,2022-05-15,2022-06-14
53643,13643,Business,Quarterly,806.21,1.5,2023-03-22,2023-06-20
53644,13644,Professional,Annual,405.38,10.5,2025-10-02,2026-09-27
53645,13645,Starter,Monthly,120.58,9.5,2023-06-08,2023-07-08
53646,13646,Professional,Monthly,359.83,12.0,2024-04-25,2024-05-25
53647,13647,Starter,Annual,102.11,12.8,2026-04-08,2027-04-03
53648,13648,Professional,Monthly,307.56,6.4,2026-06-10,2026-07-10
53649,13649,Starter,Annual,133.11,15.8,2025-01-31,2026-01-26
53650,13650,Starter,Quarterly,116.01,10.9,2021-06-24,2021-09-22
53651,13651,Professional,Monthly,315.82,0.0,2023-04-04,2023-05-04
53652,13652,Enterprise,Monthly,2200.18,12.4,2023-07-20,2023-08-19
53653,13653,Professional,Quarterly,303.02,5.4,2026-07-08,2026-10-06
53654,13654,Professional,Monthly,384.4,0.0,2021-09-26,2021-10-26
53655,13655,Starter,Annual,105.37,22.7,2025-12-23,2026-12-18
53656,13656,Professional,Monthly,304.22,0.0,2021-08-12,2021-09-11
53657,13657,Enterprise,Monthly,2193.17,3.5,2024-06-29,2024-07-29
53658,13658,Professional,Monthly,369.42,8.1,2024-02-22,2024-03-23
53659,13659,Starter,Annual,134.08,11.0,2021-08-26,2022-08-21
53660,13660,Enterprise,Annual,1924.64,11.3,2022-05-15,2023-05-10
53661,13661,Professional,Annual,338.52,7.5,2025-03-26,2026-03-21
53662,13662,Professional,Monthly,330.4,0.0,2021-09-25,2021-10-25
53663,13663,Professional,Quarterly,388.61,13.1,2025-02-19,2025-05-20
53664,13664,Starter,Annual,117.52,2.6,2023-09-14,2024-09-08
53665,13665,Starter,Annual,128.37,13.8,2025-06-12,2026-06-07
53666,13666,Business,Monthly,868.09,14.1,2022-12-24,2023-01-23
53667,13667,Professional,Annual,367.28,10.4,2024-01-01,2024-12-26
53668,13668,Business,Monthly,831.27,2.5,2021-07-09,2021-08-08
53669,13669,Enterprise,Quarterly,2054.23,6.7,2023-09-23,2023-12-22
53670,13670,Professional,Annual,304.82,22.8,2025-05-05,2026-04-30
53671,13671,Business,Annual,774.11,9.0,2022-07-20,2023-07-15
53672,13672,Enterprise,Quarterly,2002.9,0.0,2023-09-20,2023-12-19
53673,13673,Professional,Annual,412.02,14.8,2021-06-05,2022-05-31
53674,13674,Professional,Quarterly,412.33,5.1,2026-03-11,2026-06-09
53675,13675,Enterprise,Monthly,2066.97,18.3,2025-05-06,2025-06-05
53676,13676,Starter,Monthly,106.44,0.0,2025-11-12,2025-12-12
53677,13677,Starter,Monthly,113.83,12.0,2026-02-09,2026-03-11
53678,13678,Professional,Quarterly,395.06,23.9,2022-11-04,2023-02-02
53679,13679,Business,Monthly,981.55,15.4,2025-07-23,2025-08-22
53680,13680,Enterprise,Annual,2255.85,14.8,2024-01-14,2025-01-08
53681,13681,Professional,Monthly,363.66,4.4,2021-02-24,2021-03-26
53682,13682,Starter,Quarterly,121.27,2.8,2021-03-26,2021-06-24
53683,13683,Professional,Annual,319.89,6.6,2026-02-24,2027-02-19
53684,13684,Business,Annual,737.31,13.9,2022-08-15,2023-08-10
53685,13685,Starter,Monthly,128.1,8.3,2026-05-14,2026-06-13
53686,13686,Professional,Annual,395.34,0.0,2023-10-06,2024-09-30
53687,13687,Professional,Monthly,389.3,14.8,2021-09-09,2021-10-09
53688,13688,Business,Monthly,990.34,10.4,2024-09-21,2024-10-21
53689,13689,Professional,Monthly,397.17,12.7,2023-06-29,2023-07-29
53690,13690,Starter,Quarterly,114.08,7.4,2025-11-22,2026-02-20
53691,13691,Business,Annual,757.25,10.5,2022-08-23,2023-08-18
53692,13692,Starter,Monthly,120.09,14.0,2023-10-04,2023-11-03
53693,13693,Professional,Annual,340.17,6.9,2024-01-29,2025-01-23
53694,13694,Professional,Monthly,386.75,3.6,2024-02-18,2024-03-19
53695,13695,Starter,Monthly,104.85,0.3,2021-10-30,2021-11-29
53696,13696,Starter,Monthly,141.61,9.6,2025-10-06,2025-11-05
53697,13697,Starter,Annual,142.2,11.3,2024-05-09,2025-05-04
53698,13698,Professional,Monthly,308.32,15.9,2023-10-24,2023-11-23
53699,13699,Starter,Monthly,120.23,15.1,2022-02-04,2022-03-06
53700,13700,Starter,Monthly,139.76,9.9,2021-03-09,2021-04-08
53701,13701,Starter,Monthly,109.87,11.4,2021-06-03,2021-07-03
53702,13702,Professional,Monthly,382.3,22.1,2023-10-12,2023-11-11
53703,13703,Business,Monthly,934.09,14.5,2025-02-26,2025-03-28
53704,13704,Professional,Monthly,326.12,11.8,2021-07-01,2021-07-31
53705,13705,Professional,Annual,298.26,3.1,2022-06-09,2023-06-04
53706,13706,Professional,Monthly,378.9,6.6,2021-01-20,2021-02-19
53707,13707,Business,Monthly,906.13,0.0,2023-05-01,2023-05-31
53708,13708,Starter,Monthly,129.29,12.0,2026-08-20,2026-09-19
53709,13709,Professional,Monthly,316.66,4.7,2026-02-24,2026-03-26
53710,13710,Professional,Monthly,371.46,2.7,2022-10-17,2022-11-16
53711,13711,Professional,Monthly,363.86,12.4,2024-08-19,2024-09-18
53712,13712,Professional,Monthly,352.94,17.4,2022-12-23,2023-01-22
53713,13713,Enterprise,Monthly,2468.23,5.3,2024-04-15,2024-05-15
53714,13714,Enterprise,Annual,2168.99,7.6,2023-05-31,2024-05-25
53715,13715,Professional,Monthly,340.78,7.8,2022-08-01,2022-08-31
53716,13716,Professional,Monthly,363.77,19.9,2021-11-06,2021-12-06
53717,13717,Business,Monthly,1003.4,1.8,2023-10-23,2023-11-22
53718,13718,Professional,Annual,339.67,0.0,2021-11-13,2022-11-08
53719,13719,Enterprise,Monthly,2212.9,12.8,2025-12-12,2026-01-11
53720,13720,Business,Monthly,801.73,0.0,2025-03-13,2025-04-12
53721,13721,Starter,Annual,130.54,2.8,2023-10-17,2024-10-11
53722,13722,Professional,Monthly,342.1,23.7,2022-01-03,2022-02-02
53723,13723,Business,Annual,928.58,9.5,2022-07-09,2023-07-04
53724,13724,Business,Annual,765.85,12.5,2024-06-03,2025-05-29
53725,13725,Business,Annual,800.97,16.2,2022-04-25,2023-04-20
53726,13726,Enterprise,Quarterly,2028.86,0.0,2025-12-27,2026-03-27
53727,13727,Professional,Monthly,392.73,11.8,2023-07-29,2023-08-28
53728,13728,Starter,Quarterly,105.76,0.0,2021-01-14,2021-04-14
53729,13729,Business,Quarterly,797.45,4.6,2026-09-07,2026-12-06
53730,13730,Starter,Monthly,123.31,9.4,2021-05-22,2021-06-21
53731,13731,Enterprise,Monthly,1937.63,3.4,2022-08-13,2022-09-12
53732,13732,Business,Monthly,725.79,9.1,2025-11-18,2025-12-18
53733,13733,Enterprise,Monthly,2402.18,15.8,2022-04-18,2022-05-18
53734,13734,Professional,Monthly,372.66,4.1,2025-03-28,2025-04-27
53735,13735,Starter,Annual,102.35,13.6,2024-04-22,2025-04-17
53736,13736,Professional,Annual,303.45,2.9,2021-11-13,2022-11-08
53737,13737,Starter,Monthly,111.21,18.1,2024-10-16,2024-11-15
53738,13738,Business,Monthly,992.09,14.9,2022-03-21,2022-04-20
53739,13739,Professional,Annual,377.46,14.7,2026-05-16,2027-05-11
53740,13740,Business,Monthly,961.99,16.0,2023-04-27,2023-05-27
53741,13741,Starter,Monthly,133.9,24.6,2022-08-08,2022-09-07
53742,13742,Business,Monthly,1014.95,11.6,2023-03-10,2023-04-09
53743,13743,Business,Monthly,1005.17,3.7,2022-04-16,2022-05-16
53744,13744,Enterprise,Quarterly,1921.83,14.3,2023-01-02,2023-04-02
53745,13745,Starter,Annual,102.95,11.3,2023-08-30,2024-08-24
53746,13746,Starter,Quarterly,122.88,11.5,2026-09-26,2026-12-25
53747,13747,Business,Annual,803.34,12.2,2026-09-03,2027-08-29
53748,13748,Professional,Monthly,359.31,0.0,2024-08-06,2024-09-05
53749,13749,Professional,Annual,308.61,3.5,2023-11-14,2024-11-08
53750,13750,Enterprise,Monthly,2569.82,0.1,2023-12-24,2024-01-23
53751,13751,Professional,Monthly,392.33,26.1,2025-08-11,2025-09-10
53752,13752,Starter,Monthly,125.19,23.7,2025-07-10,2025-08-09
53753,13753,Starter,Annual,121.53,26.9,2024-06-16,2025-06-11
53754,13754,Professional,Annual,354.89,22.2,2021-10-10,2022-10-05
53755,13755,Business,Monthly,905.9,9.3,2024-10-30,2024-11-29
53756,13756,Starter,Monthly,124.9,2.1,2025-11-08,2025-12-08
53757,13757,Business,Annual,865.97,10.6,2021-01-07,2022-01-02
53758,13758,Professional,Annual,380.71,23.1,2023-02-27,2024-02-22
53759,13759,Business,Quarterly,950.08,12.1,2021-02-12,2021-05-13
53760,13760,Starter,Monthly,129.0,10.6,2021-07-20,2021-08-19
53761,13761,Business,Monthly,838.94,11.1,2025-08-16,2025-09-15
53762,13762,Enterprise,Monthly,2189.03,10.6,2022-07-02,2022-08-01
53763,13763,Business,Monthly,751.81,9.7,2021-08-14,2021-09-13
53764,13764,Professional,Monthly,348.28,7.5,2022-09-25,2022-10-25
53765,13765,Starter,Monthly,135.0,19.5,2025-03-25,2025-04-24
53766,13766,Starter,Quarterly,104.79,3.3,2024-09-20,2024-12-19
53767,13767,Professional,Annual,319.0,11.1,2024-04-19,2025-04-14
53768,13768,Starter,Annual,137.39,7.1,2022-06-22,2023-06-17
53769,13769,Business,Quarterly,891.46,2.1,2022-04-26,2022-07-25
53770,13770,Enterprise,Monthly,2386.82,5.9,2022-03-06,2022-04-05
53771,13771,Starter,Monthly,115.51,3.7,2024-09-12,2024-10-12
53772,13772,Professional,Annual,357.38,1.5,2023-08-03,2024-07-28
53773,13773,Enterprise,Monthly,2456.41,12.2,2026-04-13,2026-05-13
53774,13774,Professional,Monthly,404.82,20.1,2025-12-29,2026-01-28
53775,13775,Professional,Monthly,416.84,3.3,2021-04-21,2021-05-21
53776,13776,Business,Monthly,975.68,6.5,2021-07-31,2021-08-30
53777,13777,Starter,Monthly,104.83,8.1,2025-09-03,2025-10-03
53778,13778,Enterprise,Monthly,2134.38,11.7,2023-05-01,2023-05-31
53779,13779,Business,Quarterly,945.29,12.0,2023-09-14,2023-12-13
53780,13780,Starter,Monthly,119.55,14.4,2023-09-23,2023-10-23
53781,13781,Starter,Monthly,120.33,1.8,2026-06-23,2026-07-23
53782,13782,Enterprise,Monthly,2481.62,0.0,2026-03-26,2026-04-25
53783,13783,Business,Monthly,970.44,3.6,2022-10-28,2022-11-27
53784,13784,Starter,Monthly,135.24,5.2,2021-12-16,2022-01-15
53785,13785,Starter,Monthly,116.89,6.7,2025-03-18,2025-04-17
53786,13786,Starter,Monthly,111.58,2.4,2021-09-08,2021-10-08
53787,13787,Enterprise,Annual,2146.23,9.8,2025-04-16,2026-04-11
53788,13788,Professional,Monthly,383.42,12.4,2024-04-21,2024-05-21
53789,13789,Professional,Monthly,342.18,15.8,2024-08-12,2024-09-11
53790,13790,Enterprise,Annual,1912.64,4.3,2026-04-30,2027-04-25
53791,13791,Professional,Quarterly,395.59,10.5,2021-03-20,2021-06-18
53792,13792,Professional,Annual,305.27,16.9,2022-06-30,2023-06-25
53793,13793,Enterprise,Monthly,2637.02,0.0,2025-02-02,2025-03-04
53794,13794,Starter,Monthly,138.19,5.5,2023-07-13,2023-08-12
53795,13795,Enterprise,Monthly,2606.38,0.7,2022-09-11,2022-10-11
53796,13796,Starter,Annual,137.0,12.0,2021-11-01,2022-10-27
53797,13797,Professional,Monthly,309.88,22.7,2025-05-17,2025-06-16
53798,13798,Professional,Monthly,348.8,5.2,2023-11-14,2023-12-14
53799,13799,Enterprise,Annual,2569.11,19.2,2025-08-26,2026-08-21
53800,13800,Professional,Annual,308.63,17.0,2025-01-24,2026-01-19
53801,13801,Starter,Annual,114.82,10.5,2026-02-12,2027-02-07
53802,13802,Starter,Annual,121.62,7.2,2021-03-24,2022-03-19
53803,13803,Professional,Quarterly,352.61,6.4,2021-04-03,2021-07-02
53804,13804,Business,Monthly,1003.31,21.9,2025-01-07,2025-02-06
53805,13805,Professional,Monthly,345.9,4.8,2026-07-18,2026-08-17
53806,13806,Business,Monthly,793.59,13.1,2023-02-13,2023-03-15
53807,13807,Business,Monthly,854.87,4.5,2024-10-25,2024-11-24
53808,13808,Professional,Monthly,346.01,0.0,2023-03-03,2023-04-02
53809,13809,Professional,Monthly,373.85,4.2,2022-04-21,2022-05-21
53810,13810,Starter,Monthly,143.75,20.7,2022-05-19,2022-06-18
53811,13811,Enterprise,Annual,2294.59,18.9,2026-02-14,2027-02-09
53812,13812,Starter,Annual,121.41,6.6,2021-08-19,2022-08-14
53813,13813,Professional,Quarterly,370.25,29.1,2025-05-06,2025-08-04
53814,13814,Business,Monthly,1013.99,19.9,2025-11-10,2025-12-10
53815,13815,Enterprise,Annual,2351.1,5.1,2021-05-11,2022-05-06
53816,13816,Professional,Monthly,312.56,8.2,2023-01-13,2023-02-12
53817,13817,Business,Quarterly,994.02,8.2,2022-01-19,2022-04-19
53818,13818,Starter,Annual,126.81,5.3,2025-04-16,2026-04-11
53819,13819,Professional,Monthly,316.87,14.0,2023-01-31,2023-03-02
53820,13820,Professional,Annual,325.74,12.2,2024-02-22,2025-02-16
53821,13821,Business,Monthly,758.36,13.7,2023-08-01,2023-08-31
53822,13822,Professional,Annual,415.19,13.9,2024-07-20,2025-07-15
53823,13823,Professional,Monthly,306.18,12.3,2025-06-28,2025-07-28
53824,13824,Starter,Monthly,134.11,3.7,2021-10-28,2021-11-27
53825,13825,Professional,Quarterly,338.86,8.9,2022-09-01,2022-11-30
53826,13826,Starter,Monthly,105.41,9.8,2026-01-26,2026-02-25
53827,13827,Starter,Monthly,120.22,8.6,2023-06-01,2023-07-01
53828,13828,Starter,Quarterly,102.01,15.0,2024-05-06,2024-08-04
53829,13829,Professional,Monthly,397.62,9.9,2023-01-25,2023-02-24
53830,13830,Starter,Annual,124.76,20.4,2024-04-21,2025-04-16
53831,13831,Starter,Monthly,120.97,8.9,2023-03-07,2023-04-06
53832,13832,Starter,Monthly,136.83,20.8,2026-06-18,2026-07-18
53833,13833,Professional,Annual,361.12,8.7,2024-08-16,2025-08-11
53834,13834,Professional,Monthly,370.42,11.8,2021-08-10,2021-09-09
53835,13835,Business,Monthly,964.91,12.1,2023-10-09,2023-11-08
53836,13836,Professional,Monthly,385.77,0.0,2022-11-20,2022-12-20
53837,13837,Starter,Quarterly,129.68,0.0,2021-04-28,2021-07-27
53838,13838,Business,Quarterly,931.98,11.6,2021-06-23,2021-09-21
53839,13839,Starter,Monthly,113.04,1.7,2024-05-27,2024-06-26
53840,13840,Business,Annual,757.38,13.6,2026-08-07,2027-08-02
53841,13841,Professional,Annual,373.78,20.9,2022-03-17,2023-03-12
53842,13842,Professional,Annual,324.94,4.0,2024-05-09,2025-05-04
53843,13843,Professional,Annual,303.33,7.8,2025-05-19,2026-05-14
53844,13844,Enterprise,Monthly,2065.83,0.0,2023-10-25,2023-11-24
53845,13845,Starter,Quarterly,132.25,0.0,2023-08-08,2023-11-06
53846,13846,Enterprise,Annual,2415.48,14.0,2021-03-24,2022-03-19
53847,13847,Professional,Monthly,408.15,10.1,2023-09-16,2023-10-16
53848,13848,Enterprise,Annual,2389.93,4.3,2026-08-16,2027-08-11
53849,13849,Professional,Annual,351.37,0.0,2025-10-19,2026-10-14
53850,13850,Business,Quarterly,800.0,6.8,2021-12-13,2022-03-13
53851,13851,Business,Monthly,948.12,10.9,2022-06-18,2022-07-18
53852,13852,Business,Monthly,845.06,19.0,2025-12-26,2026-01-25
53853,13853,Professional,Quarterly,397.4,7.7,2022-03-27,2022-06-25
53854,13854,Business,Quarterly,975.86,28.8,2023-07-07,2023-10-05
53855,13855,Professional,Annual,340.57,6.8,2023-08-12,2024-08-06
53856,13856,Professional,Monthly,339.62,1.8,2021-08-02,2021-09-01
53857,13857,Business,Monthly,994.31,21.6,2023-06-19,2023-07-19
53858,13858,Starter,Annual,118.68,19.9,2024-04-04,2025-03-30
53859,13859,Starter,Quarterly,131.69,19.6,2022-10-15,2023-01-13
53860,13860,Business,Annual,834.9,22.5,2023-09-10,2024-09-04
53861,13861,Professional,Annual,387.08,14.4,2022-07-30,2023-07-25
53862,13862,Professional,Monthly,318.77,5.2,2021-11-29,2021-12-29
53863,13863,Professional,Monthly,399.9,0.0,2021-07-31,2021-08-30
53864,13864,Business,Quarterly,1014.99,9.1,2021-10-16,2022-01-14
53865,13865,Starter,Annual,134.16,3.2,2023-11-22,2024-11-16
53866,13866,Professional,Annual,341.49,8.9,2026-04-15,2027-04-10
53867,13867,Business,Monthly,887.67,0.0,2021-10-01,2021-10-31
53868,13868,Professional,Quarterly,379.53,0.0,2024-08-17,2024-11-15
53869,13869,Professional,Annual,321.13,12.9,2023-10-28,2024-10-22
53870,13870,Starter,Quarterly,113.88,12.3,2026-02-26,2026-05-27
53871,13871,Business,Monthly,961.03,6.7,2025-01-18,2025-02-17
53872,13872,Business,Monthly,1003.72,0.0,2024-02-28,2024-03-29
53873,13873,Professional,Monthly,330.85,11.1,2021-04-07,2021-05-07
53874,13874,Starter,Quarterly,108.2,6.6,2021-10-04,2022-01-02
53875,13875,Business,Monthly,1014.53,6.2,2024-08-01,2024-08-31
53876,13876,Professional,Annual,336.7,18.2,2024-04-11,2025-04-06
53877,13877,Enterprise,Monthly,2469.43,19.9,2021-11-28,2021-12-28
53878,13878,Starter,Monthly,117.92,13.3,2021-04-13,2021-05-13
53879,13879,Starter,Monthly,141.86,12.6,2023-08-13,2023-09-12
53880,13880,Starter,Monthly,127.18,19.5,2026-09-18,2026-10-18
53881,13881,Professional,Monthly,348.35,9.2,2021-11-03,2021-12-03
53882,13882,Starter,Monthly,109.49,5.8,2023-06-03,2023-07-03
53883,13883,Enterprise,Annual,2066.8,10.2,2026-09-25,2027-09-20
53884,13884,Starter,Annual,137.99,15.9,2021-07-13,2022-07-08
53885,13885,Business,Annual,739.44,11.8,2021-09-06,2022-09-01
53886,13886,Professional,Monthly,316.71,0.0,2023-10-10,2023-11-09
53887,13887,Professional,Annual,321.1,17.5,2024-04-07,2025-04-02
53888,13888,Enterprise,Monthly,1924.42,13.0,2023-12-08,2024-01-07
53889,13889,Professional,Monthly,381.49,12.5,2026-07-29,2026-08-28
53890,13890,Professional,Annual,417.71,16.0,2022-05-23,2023-05-18
53891,13891,Starter,Quarterly,107.85,8.6,2021-06-04,2021-09-02
53892,13892,Business,Monthly,960.18,11.9,2022-04-06,2022-05-06
53893,13893,Enterprise,Annual,2005.91,15.9,2024-10-28,2025-10-23
53894,13894,Starter,Monthly,142.9,14.1,2023-03-02,2023-04-01
53895,13895,Business,Monthly,873.35,3.7,2024-05-10,2024-06-09
53896,13896,Professional,Annual,401.32,8.2,2026-02-11,2027-02-06
53897,13897,Business,Monthly,773.24,6.1,2025-08-16,2025-09-15
53898,13898,Enterprise,Quarterly,2551.65,8.8,2022-07-31,2022-10-29
53899,13899,Starter,Monthly,105.43,19.0,2026-04-28,2026-05-28
53900,13900,Business,Monthly,729.31,17.3,2021-12-28,2022-01-27
53901,13901,Professional,Annual,384.35,15.9,2022-04-02,2023-03-28
53902,13902,Business,Monthly,754.19,1.0,2021-05-09,2021-06-08
53903,13903,Professional,Quarterly,403.56,7.0,2023-03-23,2023-06-21
53904,13904,Business,Monthly,907.33,0.0,2023-05-23,2023-06-22
53905,13905,Professional,Monthly,338.05,10.4,2021-12-16,2022-01-15
53906,13906,Professional,Monthly,331.47,8.0,2026-03-30,2026-04-29
53907,13907,Business,Monthly,746.87,7.8,2022-03-28,2022-04-27
53908,13908,Starter,Monthly,130.84,18.2,2024-11-04,2024-12-04
53909,13909,Professional,Monthly,409.84,5.5,2021-04-19,2021-05-19
53910,13910,Professional,Annual,390.2,13.2,2024-05-16,2025-05-11
53911,13911,Starter,Annual,128.01,20.3,2022-07-31,2023-07-26
53912,13912,Business,Monthly,757.82,11.0,2021-08-29,2021-09-28
53913,13913,Business,Monthly,968.72,17.5,2025-09-10,2025-10-10
53914,13914,Starter,Annual,142.55,14.9,2026-08-04,2027-07-30
53915,13915,Business,Monthly,800.69,5.6,2024-07-09,2024-08-08
53916,13916,Professional,Monthly,348.99,12.6,2022-01-06,2022-02-05
53917,13917,Professional,Monthly,299.22,22.2,2026-05-13,2026-06-12
53918,13918,Starter,Annual,136.94,9.1,2021-04-08,2022-04-03
53919,13919,Enterprise,Monthly,1885.97,8.2,2025-02-19,2025-03-21
53920,13920,Professional,Monthly,357.1,10.7,2021-04-06,2021-05-06
53921,13921,Starter,Annual,126.21,34.5,2026-05-03,2027-04-28
53922,13922,Business,Annual,739.02,6.2,2025-02-04,2026-01-30
53923,13923,Professional,Quarterly,319.02,8.1,2026-09-25,2026-12-24
53924,13924,Business,Monthly,957.77,9.1,2026-09-10,2026-10-10
53925,13925,Enterprise,Annual,2064.45,6.6,2024-11-06,2025-11-01
53926,13926,Starter,Monthly,132.44,9.8,2022-12-17,2023-01-16
53927,13927,Business,Annual,945.38,0.0,2023-08-31,2024-08-25
53928,13928,Enterprise,Monthly,2183.64,4.8,2025-02-21,2025-03-23
53929,13929,Professional,Annual,305.31,4.3,2023-06-25,2024-06-19
53930,13930,Business,Monthly,725.71,2.1,2023-03-20,2023-04-19
53931,13931,Professional,Monthly,357.83,15.4,2022-08-22,2022-09-21
53932,13932,Professional,Monthly,306.25,16.4,2023-08-25,2023-09-24
53933,13933,Business,Monthly,938.63,14.5,2026-02-11,2026-03-13
53934,13934,Enterprise,Quarterly,2163.23,8.1,2026-01-14,2026-04-14
53935,13935,Starter,Annual,130.7,5.0,2021-05-15,2022-05-10
53936,13936,Professional,Annual,347.5,11.9,2021-11-24,2022-11-19
53937,13937,Enterprise,Monthly,2353.82,7.0,2021-07-18,2021-08-17
53938,13938,Starter,Monthly,136.99,0.9,2022-11-14,2022-12-14
53939,13939,Business,Annual,985.62,21.7,2021-05-04,2022-04-29
53940,13940,Professional,Annual,299.57,0.0,2023-01-24,2024-01-19
53941,13941,Professional,Quarterly,376.57,19.5,2025-05-26,2025-08-24
53942,13942,Starter,Monthly,125.69,3.1,2022-07-25,2022-08-24
53943,13943,Starter,Monthly,128.76,6.6,2025-01-08,2025-02-07
53944,13944,Professional,Monthly,304.62,11.2,2024-03-15,2024-04-14
53945,13945,Professional,Monthly,306.06,20.0,2026-04-11,2026-05-11
53946,13946,Professional,Quarterly,358.38,7.5,2025-05-07,2025-08-05
53947,13947,Starter,Quarterly,104.4,5.7,2024-07-26,2024-10-24
53948,13948,Professional,Monthly,392.61,25.0,2021-06-14,2021-07-14
53949,13949,Enterprise,Annual,2464.81,16.2,2026-02-06,2027-02-01
53950,13950,Professional,Annual,311.87,18.4,2025-02-18,2026-02-13
53951,13951,Professional,Annual,353.24,24.4,2022-09-07,2023-09-02
53952,13952,Starter,Monthly,126.99,13.2,2025-11-26,2025-12-26
53953,13953,Professional,Monthly,402.78,13.9,2024-10-16,2024-11-15
53954,13954,Business,Annual,1016.56,11.6,2024-04-15,2025-04-10
53955,13955,Professional,Monthly,299.61,19.3,2023-12-09,2024-01-08
53956,13956,Business,Annual,864.21,7.2,2024-02-09,2025-02-03
53957,13957,Professional,Monthly,395.9,5.1,2025-11-19,2025-12-19
53958,13958,Starter,Annual,135.43,16.0,2025-09-07,2026-09-02
53959,13959,Professional,Monthly,363.87,10.2,2022-09-11,2022-10-11
53960,13960,Business,Monthly,776.72,9.9,2023-05-09,2023-06-08
53961,13961,Professional,Quarterly,365.99,4.1,2024-03-24,2024-06-22
53962,13962,Business,Quarterly,838.99,0.0,2025-08-14,2025-11-12
53963,13963,Professional,Quarterly,347.62,0.0,2025-05-26,2025-08-24
53964,13964,Starter,Monthly,115.8,16.4,2022-09-29,2022-10-29
53965,13965,Business,Annual,765.48,1.2,2021-08-03,2022-07-29
53966,13966,Professional,Monthly,387.93,16.8,2024-09-15,2024-10-15
53967,13967,Business,Annual,933.28,28.1,2021-05-24,2022-05-19
53968,13968,Professional,Annual,364.0,18.3,2022-09-11,2023-09-06
53969,13969,Enterprise,Monthly,2143.19,12.7,2023-10-05,2023-11-04
53970,13970,Enterprise,Monthly,2503.47,12.3,2021-12-20,2022-01-19
53971,13971,Professional,Monthly,317.09,2.0,2021-10-08,2021-11-07
53972,13972,Professional,Quarterly,350.73,16.3,2024-09-07,2024-12-06
53973,13973,Business,Annual,916.92,26.9,2023-04-17,2024-04-11
53974,13974,Professional,Quarterly,398.13,0.3,2026-05-14,2026-08-12
53975,13975,Business,Monthly,915.76,12.3,2022-01-25,2022-02-24
53976,13976,Professional,Monthly,311.92,9.0,2023-12-24,2024-01-23
53977,13977,Starter,Monthly,106.25,14.4,2021-09-22,2021-10-22
53978,13978,Enterprise,Quarterly,1908.83,9.3,2026-08-16,2026-11-14
53979,13979,Business,Annual,889.09,22.1,2023-07-02,2024-06-26
53980,13980,Professional,Quarterly,327.26,11.7,2021-06-17,2021-09-15
53981,13981,Enterprise,Annual,1992.84,16.3,2026-06-19,2027-06-14
53982,13982,Business,Monthly,747.78,17.5,2023-04-30,2023-05-30
53983,13983,Starter,Quarterly,128.96,11.0,2021-06-23,2021-09-21
53984,13984,Professional,Monthly,389.79,6.5,2021-07-06,2021-08-05
53985,13985,Professional,Annual,402.58,9.2,2023-12-23,2024-12-17
53986,13986,Business,Monthly,899.64,15.8,2024-07-21,2024-08-20
53987,13987,Professional,Quarterly,340.89,19.5,2023-10-06,2024-01-04
53988,13988,Starter,Annual,121.76,8.6,2024-05-01,2025-04-26
53989,13989,Starter,Quarterly,128.72,17.2,2022-06-16,2022-09-14
53990,13990,Starter,Monthly,131.95,4.6,2024-04-20,2024-05-20
53991,13991,Starter,Monthly,129.08,0.0,2021-08-16,2021-09-15
53992,13992,Professional,Quarterly,415.33,10.2,2022-09-06,2022-12-05
53993,13993,Business,Annual,945.69,0.5,2025-11-01,2026-10-27
53994,13994,Starter,Monthly,133.53,16.7,2021-09-07,2021-10-07
53995,13995,Professional,Monthly,397.93,15.2,2026-04-27,2026-05-27
53996,13996,Professional,Monthly,353.9,22.9,2022-11-04,2022-12-04
53997,13997,Professional,Quarterly,329.83,14.8,2025-12-02,2026-03-02
53998,13998,Professional,Annual,397.49,20.9,2021-10-24,2022-10-19
53999,13999,Starter,Quarterly,121.5,26.7,2026-04-12,2026-07-11
54000,14000,Professional,Monthly,371.88,4.5,2024-06-20,2024-07-20
54001,14001,Business,Annual,850.3,3.9,2024-01-11,2025-01-05
54002,14002,Starter,Monthly,118.63,11.5,2024-12-28,2025-01-27
54003,14003,Starter,Monthly,130.19,4.7,2025-04-16,2025-05-16
54004,14004,Business,Monthly,920.44,8.7,2023-10-25,2023-11-24
54005,14005,Professional,Annual,335.36,0.0,2025-05-09,2026-05-04
54006,14006,Enterprise,Annual,2015.52,9.8,2021-04-06,2022-04-01
54007,14007,Business,Monthly,761.57,6.2,2024-09-21,2024-10-21
54008,14008,Professional,Monthly,311.44,8.6,2026-08-07,2026-09-06
54009,14009,Business,Quarterly,965.77,14.3,2025-10-06,2026-01-04
54010,14010,Starter,Monthly,114.02,13.3,2024-09-14,2024-10-14
54011,14011,Starter,Monthly,130.5,12.9,2023-04-09,2023-05-09
54012,14012,Business,Monthly,808.01,5.8,2025-07-20,2025-08-19
54013,14013,Professional,Monthly,379.18,13.4,2025-03-23,2025-04-22
54014,14014,Starter,Annual,143.33,9.1,2023-07-15,2024-07-09
54015,14015,Enterprise,Monthly,1920.79,7.9,2024-02-23,2024-03-24
54016,14016,Starter,Monthly,129.46,14.9,2025-12-12,2026-01-11
54017,14017,Professional,Monthly,332.12,13.8,2023-04-11,2023-05-11
54018,14018,Starter,Quarterly,105.48,13.4,2025-05-25,2025-08-23
54019,14019,Professional,Monthly,307.17,6.9,2022-07-04,2022-08-03
54020,14020,Professional,Annual,343.03,6.1,2023-10-29,2024-10-23
54021,14021,Business,Monthly,883.33,2.3,2022-07-17,2022-08-16
54022,14022,Enterprise,Monthly,2368.42,16.2,2021-08-10,2021-09-09
54023,14023,Professional,Monthly,367.02,14.4,2022-06-15,2022-07-15
54024,14024,Starter,Monthly,139.71,15.1,2021-01-31,2021-03-02
54025,14025,Business,Monthly,768.18,0.0,2024-10-13,2024-11-12
54026,14026,Professional,Annual,399.05,10.2,2021-01-22,2022-01-17
54027,14027,Professional,Monthly,362.21,0.0,2024-08-05,2024-09-04
54028,14028,Starter,Monthly,138.14,1.9,2023-01-24,2023-02-23
54029,14029,Starter,Monthly,119.92,20.1,2021-08-02,2021-09-01
54030,14030,Professional,Annual,356.52,3.0,2022-12-13,2023-12-08
54031,14031,Professional,Monthly,349.23,6.4,2024-04-03,2024-05-03
54032,14032,Starter,Monthly,106.05,6.9,2022-02-13,2022-03-15
54033,14033,Starter,Monthly,108.09,3.7,2023-03-08,2023-04-07
54034,14034,Starter,Quarterly,123.74,3.1,2026-08-23,2026-11-21
54035,14035,Starter,Monthly,124.39,0.0,2023-11-16,2023-12-16
54036,14036,Starter,Monthly,121.65,2.0,2023-05-11,2023-06-10
54037,14037,Professional,Monthly,299.07,11.3,2021-03-17,2021-04-16
54038,14038,Business,Monthly,872.91,5.3,2022-01-01,2022-01-31
54039,14039,Business,Quarterly,762.28,5.3,2025-02-23,2025-05-24
54040,14040,Business,Annual,891.0,0.0,2023-04-21,2024-04-15
54041,14041,Starter,Annual,114.11,5.3,2025-05-03,2026-04-28
54042,14042,Starter,Annual,143.64,25.0,2022-05-14,2023-05-09
54043,14043,Professional,Monthly,341.51,4.7,2024-10-01,2024-10-31
54044,14044,Professional,Annual,398.05,15.7,2025-11-16,2026-11-11
54045,14045,Enterprise,Quarterly,2059.11,4.5,2024-06-05,2024-09-03
54046,14046,Starter,Monthly,109.96,12.7,2022-11-30,2022-12-30
54047,14047,Business,Monthly,788.27,21.0,2021-05-12,2021-06-11
54048,14048,Professional,Monthly,338.31,9.7,2024-06-22,2024-07-22
54049,14049,Business,Annual,975.04,6.6,2021-04-01,2022-03-27
54050,14050,Professional,Quarterly,391.09,10.6,2022-04-17,2022-07-16
54051,14051,Business,Monthly,852.04,3.1,2026-06-12,2026-07-12
54052,14052,Professional,Annual,320.54,10.9,2024-06-19,2025-06-14
54053,14053,Professional,Quarterly,303.47,9.3,2022-05-17,2022-08-15
54054,14054,Enterprise,Quarterly,2346.28,12.1,2022-01-22,2022-04-22
54055,14055,Professional,Quarterly,384.08,0.0,2023-10-28,2024-01-26
54056,14056,Business,Quarterly,902.83,10.3,2024-01-17,2024-04-16
54057,14057,Starter,Annual,123.05,14.1,2022-08-21,2023-08-16
54058,14058,Starter,Quarterly,142.86,9.7,2023-06-27,2023-09-25
54059,14059,Professional,Quarterly,300.52,16.2,2024-09-16,2024-12-15
54060,14060,Professional,Monthly,418.58,3.2,2022-04-09,2022-05-09
54061,14061,Professional,Quarterly,331.35,4.9,2023-12-09,2024-03-08
54062,14062,Starter,Annual,118.09,14.2,2024-09-12,2025-09-07
54063,14063,Business,Monthly,946.38,15.9,2022-04-19,2022-05-19
54064,14064,Starter,Monthly,111.54,19.2,2023-06-07,2023-07-07
54065,14065,Enterprise,Monthly,2416.58,11.4,2023-07-28,2023-08-27
54066,14066,Professional,Monthly,338.24,0.0,2024-08-03,2024-09-02
54067,14067,Starter,Annual,141.5,18.1,2023-12-23,2024-12-17
54068,14068,Starter,Monthly,109.21,12.2,2022-07-22,2022-08-21
54069,14069,Enterprise,Monthly,2587.47,11.4,2023-05-24,2023-06-23
54070,14070,Professional,Annual,394.41,20.9,2021-09-17,2022-09-12
54071,14071,Professional,Monthly,318.35,15.1,2025-07-15,2025-08-14
54072,14072,Professional,Monthly,344.98,16.1,2021-07-03,2021-08-02
54073,14073,Enterprise,Monthly,1950.31,0.0,2025-12-23,2026-01-22
54074,14074,Professional,Annual,370.97,6.6,2022-08-15,2023-08-10
54075,14075,Starter,Monthly,142.34,16.9,2025-11-07,2025-12-07
54076,14076,Professional,Monthly,307.21,9.6,2024-12-03,2025-01-02
54077,14077,Professional,Monthly,329.12,13.5,2023-10-15,2023-11-14
54078,14078,Starter,Annual,133.72,11.5,2025-01-21,2026-01-16
54079,14079,Professional,Annual,353.64,17.0,2021-08-17,2022-08-12
54080,14080,Professional,Monthly,339.02,1.1,2025-05-16,2025-06-15
54081,14081,Business,Annual,901.35,0.0,2024-09-30,2025-09-25
54082,14082,Enterprise,Monthly,2096.36,8.5,2025-06-13,2025-07-13
54083,14083,Professional,Monthly,337.79,12.6,2024-07-11,2024-08-10
54084,14084,Professional,Monthly,396.25,6.4,2023-01-10,2023-02-09
54085,14085,Starter,Quarterly,118.45,9.6,2023-08-12,2023-11-10
54086,14086,Business,Quarterly,930.92,0.4,2026-09-02,2026-12-01
54087,14087,Starter,Annual,108.33,1.0,2024-07-14,2025-07-09
54088,14088,Enterprise,Quarterly,2177.09,5.1,2022-04-21,2022-07-20
54089,14089,Professional,Annual,365.11,16.0,2026-05-27,2027-05-22
54090,14090,Professional,Monthly,330.24,13.0,2023-06-17,2023-07-17
54091,14091,Professional,Annual,349.15,15.0,2026-07-28,2027-07-23
54092,14092,Enterprise,Monthly,2455.06,16.3,2021-10-12,2021-11-11
54093,14093,Enterprise,Monthly,1994.36,26.9,2024-03-31,2024-04-30
54094,14094,Enterprise,Monthly,2255.58,0.0,2022-08-13,2022-09-12
54095,14095,Business,Monthly,800.38,4.0,2021-05-02,2021-06-01
54096,14096,Starter,Annual,119.23,19.3,2024-02-10,2025-02-04
54097,14097,Professional,Monthly,343.48,8.7,2024-06-16,2024-07-16
54098,14098,Starter,Monthly,129.52,13.4,2021-01-02,2021-02-01
54099,14099,Business,Monthly,950.73,1.6,2023-06-11,2023-07-11
54100,14100,Professional,Annual,358.72,12.1,2023-03-10,2024-03-04
54101,14101,Professional,Quarterly,317.91,17.3,2022-09-21,2022-12-20
54102,14102,Starter,Monthly,138.48,9.1,2026-03-20,2026-04-19
54103,14103,Business,Annual,777.9,13.0,2022-04-06,2023-04-01
54104,14104,Enterprise,Annual,2315.41,12.1,2026-05-28,2027-05-23
54105,14105,Business,Annual,879.37,15.7,2023-08-30,2024-08-24
54106,14106,Business,Quarterly,807.78,3.8,2024-06-18,2024-09-16
54107,14107,Professional,Monthly,414.24,0.0,2021-02-23,2021-03-25
54108,14108,Starter,Annual,130.42,12.8,2025-01-30,2026-01-25
54109,14109,Enterprise,Annual,2231.89,16.2,2021-04-19,2022-04-14
54110,14110,Starter,Annual,120.63,23.3,2021-10-07,2022-10-02
54111,14111,Starter,Quarterly,105.88,10.7,2025-08-16,2025-11-14
54112,14112,Starter,Quarterly,134.79,4.8,2025-08-26,2025-11-24
54113,14113,Professional,Annual,307.75,9.0,2023-12-17,2024-12-11
54114,14114,Professional,Annual,322.09,9.8,2022-06-29,2023-06-24
54115,14115,Starter,Monthly,108.91,8.4,2022-06-12,2022-07-12
54116,14116,Enterprise,Quarterly,1922.48,12.7,2026-04-16,2026-07-15
54117,14117,Enterprise,Monthly,2508.78,25.1,2023-10-06,2023-11-05
54118,14118,Starter,Annual,140.06,19.0,2024-05-26,2025-05-21
54119,14119,Business,Monthly,908.59,0.0,2022-09-09,2022-10-09
54120,14120,Business,Annual,983.63,9.9,2025-06-01,2026-05-27
54121,14121,Professional,Monthly,380.2,0.0,2026-09-10,2026-10-10
54122,14122,Starter,Monthly,130.77,5.0,2021-04-10,2021-05-10
54123,14123,Starter,Monthly,139.36,4.3,2024-08-31,2024-09-30
54124,14124,Business,Annual,749.85,9.1,2022-05-10,2023-05-05
54125,14125,Professional,Quarterly,304.2,8.8,2023-01-12,2023-04-12
54126,14126,Business,Monthly,738.44,8.9,2025-03-19,2025-04-18
54127,14127,Business,Monthly,846.83,22.0,2023-01-04,2023-02-03
54128,14128,Professional,Monthly,413.43,17.3,2025-07-15,2025-08-14
54129,14129,Starter,Monthly,138.54,8.5,2025-12-12,2026-01-11
54130,14130,Starter,Quarterly,134.84,12.6,2023-09-25,2023-12-24
54131,14131,Starter,Monthly,118.96,21.2,2025-10-20,2025-11-19
54132,14132,Starter,Quarterly,136.62,0.3,2025-10-28,2026-01-26
54133,14133,Starter,Monthly,111.18,9.4,2023-10-22,2023-11-21
54134,14134,Business,Annual,896.64,12.5,2025-01-22,2026-01-17
54135,14135,Starter,Monthly,133.33,4.3,2025-07-27,2025-08-26
54136,14136,Professional,Monthly,308.82,0.0,2024-01-19,2024-02-18
54137,14137,Starter,Annual,138.71,6.2,2025-11-15,2026-11-10
54138,14138,Professional,Monthly,386.6,8.2,2022-12-24,2023-01-23
54139,14139,Business,Monthly,881.15,16.9,2022-04-16,2022-05-16
54140,14140,Starter,Monthly,104.62,0.0,2025-10-01,2025-10-31
54141,14141,Professional,Annual,382.58,12.9,2024-05-14,2025-05-09
54142,14142,Business,Monthly,855.56,7.2,2026-04-30,2026-05-30
54143,14143,Professional,Monthly,387.74,12.9,2022-06-13,2022-07-13
54144,14144,Starter,Annual,103.53,21.6,2021-05-17,2022-05-12
54145,14145,Business,Quarterly,893.49,3.9,2025-01-11,2025-04-11
54146,14146,Starter,Quarterly,120.77,17.9,2026-07-29,2026-10-27
54147,14147,Professional,Monthly,350.15,13.2,2024-10-18,2024-11-17
54148,14148,Starter,Annual,123.74,7.2,2024-09-29,2025-09-24
54149,14149,Professional,Quarterly,312.65,14.0,2025-09-16,2025-12-15
54150,14150,Business,Quarterly,1000.8,15.4,2023-11-08,2024-02-06
54151,14151,Business,Annual,932.15,4.4,2025-10-15,2026-10-10
54152,14152,Enterprise,Quarterly,1935.33,1.3,2022-07-14,2022-10-12
54153,14153,Professional,Quarterly,307.23,1.8,2025-04-14,2025-07-13
54154,14154,Enterprise,Quarterly,2032.21,6.9,2023-07-17,2023-10-15
54155,14155,Professional,Annual,326.87,5.2,2025-11-09,2026-11-04
54156,14156,Professional,Quarterly,357.79,14.0,2025-12-06,2026-03-06
54157,14157,Business,Annual,882.1,13.8,2025-03-30,2026-03-25
54158,14158,Professional,Monthly,315.36,11.5,2025-12-17,2026-01-16
54159,14159,Professional,Quarterly,416.76,16.7,2023-09-07,2023-12-06
54160,14160,Starter,Monthly,136.64,9.7,2021-06-16,2021-07-16
54161,14161,Business,Monthly,910.96,12.9,2021-05-27,2021-06-26
54162,14162,Starter,Monthly,113.67,13.4,2022-03-21,2022-04-20
54163,14163,Starter,Monthly,140.23,7.2,2024-09-13,2024-10-13
54164,14164,Enterprise,Monthly,2112.74,2.3,2023-07-08,2023-08-07
54165,14165,Starter,Quarterly,115.41,1.4,2024-06-06,2024-09-04
54166,14166,Professional,Monthly,340.73,19.0,2026-01-26,2026-02-25
54167,14167,Enterprise,Annual,1906.91,2.9,2025-08-01,2026-07-27
54168,14168,Professional,Monthly,305.08,17.1,2021-11-15,2021-12-15
54169,14169,Professional,Annual,355.79,20.4,2021-02-05,2022-01-31
54170,14170,Professional,Monthly,405.51,5.2,2025-07-12,2025-08-11
54171,14171,Starter,Annual,141.58,11.8,2021-09-12,2022-09-07
54172,14172,Enterprise,Monthly,2467.3,7.6,2024-08-29,2024-09-28
54173,14173,Starter,Monthly,118.99,7.1,2023-08-20,2023-09-19
54174,14174,Business,Quarterly,814.87,22.4,2021-12-01,2022-03-01
54175,14175,Starter,Monthly,111.06,16.1,2021-10-25,2021-11-24
54176,14176,Starter,Quarterly,124.61,9.1,2023-11-11,2024-02-09
54177,14177,Starter,Monthly,122.26,15.7,2022-04-23,2022-05-23
54178,14178,Starter,Monthly,121.61,20.3,2025-11-27,2025-12-27
54179,14179,Professional,Monthly,336.24,7.2,2023-08-20,2023-09-19
54180,14180,Professional,Monthly,368.79,16.0,2022-04-15,2022-05-15
54181,14181,Business,Monthly,903.36,3.5,2022-08-13,2022-09-12
54182,14182,Starter,Annual,138.76,5.3,2026-06-12,2027-06-07
54183,14183,Professional,Quarterly,390.77,12.1,2025-04-19,2025-07-18
54184,14184,Starter,Annual,115.86,10.1,2022-03-22,2023-03-17
54185,14185,Professional,Annual,343.99,9.4,2026-06-30,2027-06-25
54186,14186,Professional,Monthly,326.84,15.4,2026-05-15,2026-06-14
54187,14187,Professional,Monthly,318.43,9.0,2021-04-09,2021-05-09
54188,14188,Professional,Annual,310.84,17.0,2022-10-17,2023-10-12
54189,14189,Business,Monthly,732.65,14.7,2023-12-15,2024-01-14
54190,14190,Business,Annual,846.76,10.6,2024-09-17,2025-09-12
54191,14191,Professional,Quarterly,414.99,8.4,2023-07-23,2023-10-21
54192,14192,Starter,Monthly,124.6,10.0,2024-12-29,2025-01-28
54193,14193,Professional,Monthly,388.41,2.2,2023-03-28,2023-04-27
54194,14194,Enterprise,Monthly,2176.25,8.1,2022-10-23,2022-11-22
54195,14195,Starter,Quarterly,118.15,2.3,2022-08-23,2022-11-21
54196,14196,Business,Monthly,759.75,13.1,2023-07-09,2023-08-08
54197,14197,Professional,Monthly,334.23,0.4,2025-10-13,2025-11-12
54198,14198,Professional,Monthly,411.26,0.0,2025-10-25,2025-11-24
54199,14199,Enterprise,Monthly,2247.46,9.5,2026-01-06,2026-02-05
54200,14200,Enterprise,Quarterly,2027.34,14.4,2024-03-17,2024-06-15
54201,14201,Starter,Annual,129.88,9.6,2021-12-26,2022-12-21
54202,14202,Business,Annual,843.12,18.3,2026-05-22,2027-05-17
54203,14203,Professional,Annual,398.85,10.9,2024-12-11,2025-12-06
54204,14204,Professional,Quarterly,308.87,26.1,2025-09-16,2025-12-15
54205,14205,Business,Quarterly,877.74,11.5,2025-04-26,2025-07-25
54206,14206,Enterprise,Annual,2486.93,27.2,2022-07-10,2023-07-05
54207,14207,Professional,Monthly,402.09,10.1,2024-05-18,2024-06-17
54208,14208,Enterprise,Monthly,2175.19,15.0,2025-03-16,2025-04-15
54209,14209,Professional,Monthly,388.28,11.1,2023-09-17,2023-10-17
54210,14210,Professional,Annual,415.8,12.7,2023-06-29,2024-06-23
54211,14211,Professional,Monthly,373.69,5.5,2026-05-16,2026-06-15
54212,14212,Professional,Monthly,396.92,13.8,2021-01-12,2021-02-11
54213,14213,Professional,Annual,367.78,1.2,2023-09-07,2024-09-01
54214,14214,Professional,Monthly,394.3,9.4,2021-09-30,2021-10-30
54215,14215,Business,Annual,1002.36,6.1,2022-05-03,2023-04-28
54216,14216,Business,Monthly,934.16,7.2,2026-06-21,2026-07-21
54217,14217,Professional,Annual,316.42,16.9,2023-11-15,2024-11-09
54218,14218,Starter,Quarterly,105.44,12.8,2022-06-22,2022-09-20
54219,14219,Professional,Monthly,396.98,0.0,2025-08-16,2025-09-15
54220,14220,Professional,Monthly,329.15,16.2,2025-05-15,2025-06-14
54221,14221,Starter,Monthly,138.76,10.1,2022-08-11,2022-09-10
54222,14222,Professional,Quarterly,321.53,16.2,2025-10-10,2026-01-08
54223,14223,Enterprise,Monthly,2571.51,10.9,2025-08-18,2025-09-17
54224,14224,Professional,Quarterly,396.14,0.9,2025-09-12,2025-12-11
54225,14225,Business,Annual,984.68,19.9,2025-06-06,2026-06-01
54226,14226,Business,Monthly,791.73,15.7,2023-10-31,2023-11-30
54227,14227,Starter,Annual,138.9,10.7,2021-08-31,2022-08-26
54228,14228,Business,Monthly,897.3,2.1,2024-04-16,2024-05-16
54229,14229,Professional,Annual,307.79,12.9,2021-09-14,2022-09-09
54230,14230,Enterprise,Monthly,2586.9,12.0,2026-08-05,2026-09-04
54231,14231,Starter,Monthly,110.17,2.6,2021-11-06,2021-12-06
54232,14232,Starter,Annual,110.97,9.5,2024-05-23,2025-05-18
54233,14233,Starter,Annual,131.57,0.0,2023-12-25,2024-12-19
54234,14234,Starter,Quarterly,126.49,0.0,2022-09-28,2022-12-27
54235,14235,Professional,Monthly,408.12,2.1,2023-03-08,2023-04-07
54236,14236,Starter,Annual,114.89,10.4,2024-03-22,2025-03-17
54237,14237,Professional,Monthly,302.61,3.9,2026-09-19,2026-10-19
54238,14238,Professional,Monthly,419.39,17.4,2025-09-21,2025-10-21
54239,14239,Starter,Annual,115.14,4.7,2025-12-05,2026-11-30
54240,14240,Professional,Annual,317.34,7.4,2026-08-11,2027-08-06
54241,14241,Starter,Monthly,143.34,17.7,2021-03-20,2021-04-19
54242,14242,Starter,Quarterly,125.64,6.8,2024-09-12,2024-12-11
54243,14243,Business,Monthly,766.79,10.1,2022-09-12,2022-10-12
54244,14244,Starter,Monthly,137.1,16.9,2025-02-07,2025-03-09
54245,14245,Professional,Quarterly,413.31,23.5,2024-10-10,2025-01-08
54246,14246,Starter,Monthly,139.01,16.3,2024-02-22,2024-03-23
54247,14247,Business,Annual,781.59,13.2,2023-09-05,2024-08-30
54248,14248,Business,Annual,738.17,25.1,2024-12-18,2025-12-13
54249,14249,Starter,Quarterly,117.59,0.9,2025-03-18,2025-06-16
54250,14250,Professional,Annual,340.97,24.6,2025-10-24,2026-10-19
54251,14251,Starter,Monthly,119.05,11.6,2022-04-23,2022-05-23
54252,14252,Starter,Annual,135.56,13.0,2026-03-10,2027-03-05
54253,14253,Professional,Monthly,298.68,2.2,2025-06-21,2025-07-21
54254,14254,Business,Quarterly,923.26,1.2,2024-06-09,2024-09-07
54255,14255,Starter,Monthly,143.38,6.6,2026-08-03,2026-09-02
54256,14256,Professional,Monthly,346.4,9.7,2025-04-15,2025-05-15
54257,14257,Enterprise,Annual,2243.49,9.9,2021-01-30,2022-01-25
54258,14258,Professional,Monthly,374.43,11.7,2022-12-28,2023-01-27
54259,14259,Enterprise,Quarterly,2089.9,6.1,2021-06-22,2021-09-20
54260,14260,Enterprise,Monthly,2423.26,13.2,2022-04-13,2022-05-13
54261,14261,Professional,Annual,322.37,0.0,2026-05-30,2027-05-25
54262,14262,Professional,Quarterly,305.44,20.1,2021-05-05,2021-08-03
54263,14263,Business,Monthly,960.9,5.9,2025-03-27,2025-04-26
54264,14264,Enterprise,Monthly,2005.92,11.2,2024-11-20,2024-12-20
54265,14265,Business,Monthly,940.12,7.5,2026-02-21,2026-03-23
54266,14266,Starter,Quarterly,138.59,9.8,2023-10-24,2024-01-22
54267,14267,Business,Quarterly,736.12,12.0,2022-06-20,2022-09-18
54268,14268,Enterprise,Annual,2414.16,35.0,2022-08-24,2023-08-19
54269,14269,Professional,Quarterly,376.66,0.0,2023-09-15,2023-12-14
54270,14270,Business,Monthly,908.1,3.6,2022-08-29,2022-09-28
54271,14271,Professional,Annual,333.68,1.3,2021-05-19,2022-05-14
54272,14272,Starter,Annual,103.92,12.1,2026-08-20,2027-08-15
54273,14273,Professional,Monthly,309.56,12.7,2025-04-04,2025-05-04
54274,14274,Starter,Annual,113.46,19.8,2021-05-10,2022-05-05
54275,14275,Business,Annual,843.34,10.4,2022-02-05,2023-01-31
54276,14276,Professional,Monthly,409.97,19.0,2024-05-29,2024-06-28
54277,14277,Starter,Monthly,130.73,17.8,2022-10-04,2022-11-03
54278,14278,Starter,Monthly,103.1,9.1,2022-03-13,2022-04-12
54279,14279,Starter,Annual,140.63,5.2,2024-11-24,2025-11-19
54280,14280,Business,Monthly,936.8,9.0,2024-02-11,2024-03-12
54281,14281,Starter,Monthly,122.69,5.4,2025-01-15,2025-02-14
54282,14282,Starter,Monthly,121.45,10.5,2025-04-28,2025-05-28
54283,14283,Enterprise,Monthly,2588.55,4.5,2021-02-27,2021-03-29
54284,14284,Professional,Quarterly,364.88,12.4,2024-02-11,2024-05-11
54285,14285,Professional,Annual,359.09,0.0,2022-12-01,2023-11-26
54286,14286,Professional,Quarterly,392.39,12.7,2024-02-20,2024-05-20
54287,14287,Starter,Annual,126.91,14.8,2025-01-23,2026-01-18
54288,14288,Starter,Annual,112.45,14.0,2024-01-14,2025-01-08
54289,14289,Professional,Monthly,419.86,0.0,2025-06-30,2025-07-30
54290,14290,Professional,Annual,331.9,11.5,2022-02-04,2023-01-30
54291,14291,Professional,Monthly,381.18,12.9,2025-03-25,2025-04-24
54292,14292,Business,Annual,868.2,30.1,2021-04-18,2022-04-13
54293,14293,Professional,Annual,312.42,11.2,2026-06-08,2027-06-03
54294,14294,Starter,Annual,142.28,0.0,2026-06-21,2027-06-16
54295,14295,Business,Monthly,822.38,0.0,2021-06-01,2021-07-01
54296,14296,Professional,Annual,377.98,8.4,2023-06-25,2024-06-19
54297,14297,Enterprise,Quarterly,2438.03,4.0,2023-04-30,2023-07-29
54298,14298,Business,Monthly,839.93,15.7,2026-06-16,2026-07-16
54299,14299,Starter,Annual,112.95,21.5,2021-01-27,2022-01-22
54300,14300,Enterprise,Annual,1915.36,0.0,2021-04-29,2022-04-24
54301,14301,Business,Quarterly,1005.59,7.7,2022-12-24,2023-03-24
54302,14302,Enterprise,Monthly,2318.2,19.0,2021-01-03,2021-02-02
54303,14303,Business,Monthly,935.63,15.9,2023-03-17,2023-04-16
54304,14304,Enterprise,Quarterly,2231.02,4.2,2026-06-16,2026-09-14
54305,14305,Business,Annual,791.88,12.6,2024-02-04,2025-01-29
54306,14306,Business,Quarterly,1018.64,18.4,2024-06-07,2024-09-05
54307,14307,Professional,Monthly,416.01,10.2,2021-10-31,2021-11-30
54308,14308,Enterprise,Monthly,2532.2,14.6,2021-06-26,2021-07-26
54309,14309,Professional,Quarterly,409.73,18.9,2021-03-25,2021-06-23
54310,14310,Business,Quarterly,893.57,9.4,2021-09-20,2021-12-19
54311,14311,Enterprise,Quarterly,2153.2,10.6,2024-05-04,2024-08-02
54312,14312,Professional,Monthly,339.54,17.2,2023-03-13,2023-04-12
54313,14313,Starter,Monthly,141.22,15.0,2023-06-14,2023-07-14
54314,14314,Starter,Monthly,142.27,19.5,2023-05-23,2023-06-22
54315,14315,Enterprise,Monthly,2209.17,16.6,2022-01-23,2022-02-22
54316,14316,Business,Monthly,903.11,22.3,2026-01-10,2026-02-09
54317,14317,Professional,Annual,396.15,6.0,2026-06-27,2027-06-22
54318,14318,Enterprise,Quarterly,2410.93,12.4,2023-10-29,2024-01-27
54319,14319,Starter,Quarterly,138.53,9.0,2025-07-08,2025-10-06
54320,14320,Starter,Monthly,127.56,0.0,2025-03-21,2025-04-20
54321,14321,Professional,Quarterly,368.85,3.1,2022-03-26,2022-06-24
54322,14322,Professional,Monthly,343.53,17.8,2021-12-08,2022-01-07
54323,14323,Professional,Annual,306.48,14.7,2024-01-02,2024-12-27
54324,14324,Business,Monthly,739.02,16.8,2023-05-10,2023-06-09
54325,14325,Starter,Annual,108.37,8.7,2021-10-29,2022-10-24
54326,14326,Business,Annual,739.69,11.3,2026-07-13,2027-07-08
54327,14327,Professional,Monthly,363.06,13.1,2023-05-31,2023-06-30
54328,14328,Enterprise,Annual,2180.75,8.1,2021-03-07,2022-03-02
54329,14329,Business,Monthly,730.32,12.8,2021-08-18,2021-09-17
54330,14330,Professional,Monthly,300.18,0.0,2023-07-11,2023-08-10
54331,14331,Starter,Monthly,123.97,10.5,2026-01-07,2026-02-06
54332,14332,Enterprise,Annual,2292.82,6.8,2021-02-20,2022-02-15
54333,14333,Starter,Monthly,103.57,13.7,2022-01-22,2022-02-21
54334,14334,Starter,Quarterly,130.14,22.0,2023-11-28,2024-02-26
54335,14335,Starter,Monthly,107.29,14.0,2023-01-23,2023-02-22
54336,14336,Enterprise,Quarterly,2250.78,14.5,2024-04-11,2024-07-10
54337,14337,Business,Quarterly,769.75,25.3,2025-11-27,2026-02-25
54338,14338,Enterprise,Monthly,1900.08,7.8,2025-01-18,2025-02-17
54339,14339,Business,Monthly,785.68,4.0,2026-09-20,2026-10-20
54340,14340,Starter,Monthly,121.49,0.6,2026-04-29,2026-05-29
54341,14341,Enterprise,Annual,2442.81,20.6,2024-02-27,2025-02-21
54342,14342,Professional,Annual,330.03,18.1,2023-12-14,2024-12-08
54343,14343,Professional,Monthly,381.42,0.1,2024-05-23,2024-06-22
54344,14344,Starter,Annual,138.23,17.9,2022-03-01,2023-02-24
54345,14345,Starter,Monthly,113.33,13.6,2021-06-10,2021-07-10
54346,14346,Business,Monthly,877.86,0.4,2025-04-14,2025-05-14
54347,14347,Starter,Quarterly,119.2,13.1,2021-09-01,2021-11-30
54348,14348,Starter,Annual,103.15,11.4,2021-07-02,2022-06-27
54349,14349,Business,Monthly,839.08,10.1,2022-06-28,2022-07-28
54350,14350,Starter,Monthly,117.84,0.5,2025-04-21,2025-05-21
54351,14351,Starter,Annual,128.12,29.0,2021-04-03,2022-03-29
54352,14352,Enterprise,Annual,2537.15,1.9,2021-06-08,2022-06-03
54353,14353,Professional,Monthly,379.8,3.5,2022-03-14,2022-04-13
54354,14354,Business,Annual,828.23,0.9,2021-11-02,2022-10-28
54355,14355,Professional,Monthly,352.49,19.5,2026-05-28,2026-06-27
54356,14356,Starter,Monthly,139.26,2.3,2023-09-09,2023-10-09
54357,14357,Business,Monthly,912.6,7.5,2026-03-04,2026-04-03
54358,14358,Starter,Quarterly,118.37,13.3,2021-12-09,2022-03-09
54359,14359,Starter,Monthly,127.21,0.0,2026-03-04,2026-04-03
54360,14360,Starter,Monthly,129.06,3.6,2026-03-17,2026-04-16
54361,14361,Starter,Monthly,122.26,4.7,2024-02-08,2024-03-09
54362,14362,Professional,Monthly,403.51,17.7,2021-12-31,2022-01-30
54363,14363,Starter,Monthly,136.13,8.9,2026-04-05,2026-05-05
54364,14364,Starter,Monthly,124.03,7.0,2026-08-25,2026-09-24
54365,14365,Enterprise,Annual,2607.93,17.5,2022-06-16,2023-06-11
54366,14366,Starter,Monthly,142.04,6.6,2023-12-12,2024-01-11
54367,14367,Starter,Annual,142.57,19.2,2023-05-05,2024-04-29
54368,14368,Business,Monthly,788.1,28.8,2022-04-14,2022-05-14
54369,14369,Business,Monthly,753.25,18.9,2024-09-06,2024-10-06
54370,14370,Starter,Monthly,128.0,24.4,2023-05-29,2023-06-28
54371,14371,Starter,Annual,132.56,14.4,2022-01-02,2022-12-28
54372,14372,Professional,Monthly,335.11,12.0,2026-06-26,2026-07-26
54373,14373,Professional,Annual,363.37,9.9,2022-10-03,2023-09-28
54374,14374,Starter,Quarterly,129.21,17.5,2023-05-12,2023-08-10
54375,14375,Starter,Annual,121.46,1.1,2024-12-05,2025-11-30
54376,14376,Starter,Annual,124.74,17.7,2022-08-12,2023-08-07
54377,14377,Starter,Annual,105.16,7.3,2024-08-22,2025-08-17
54378,14378,Starter,Monthly,143.75,14.7,2021-04-02,2021-05-02
54379,14379,Professional,Monthly,343.89,11.4,2022-04-03,2022-05-03
54380,14380,Starter,Monthly,110.62,15.1,2023-12-12,2024-01-11
54381,14381,Professional,Quarterly,356.3,15.7,2026-02-28,2026-05-29
54382,14382,Professional,Quarterly,336.39,12.1,2024-02-19,2024-05-19
54383,14383,Starter,Monthly,118.44,11.7,2026-06-18,2026-07-18
54384,14384,Business,Annual,889.95,6.8,2026-03-30,2027-03-25
54385,14385,Enterprise,Monthly,2084.39,10.4,2026-08-02,2026-09-01
54386,14386,Starter,Monthly,129.99,4.6,2025-02-24,2025-03-26
54387,14387,Starter,Quarterly,120.13,2.0,2024-11-04,2025-02-02
54388,14388,Business,Annual,747.53,0.0,2022-01-22,2023-01-17
54389,14389,Starter,Quarterly,139.25,15.4,2026-06-05,2026-09-03
54390,14390,Enterprise,Annual,2237.59,2.8,2025-06-19,2026-06-14
54391,14391,Starter,Annual,140.76,14.1,2025-08-12,2026-08-07
54392,14392,Business,Quarterly,835.74,10.6,2024-08-05,2024-11-03
54393,14393,Starter,Monthly,124.79,1.6,2025-11-28,2025-12-28
54394,14394,Professional,Monthly,404.51,0.0,2022-01-06,2022-02-05
54395,14395,Starter,Annual,121.41,12.6,2023-02-11,2024-02-06
54396,14396,Professional,Monthly,375.06,2.2,2025-08-13,2025-09-12
54397,14397,Business,Monthly,796.0,11.9,2021-07-24,2021-08-23
54398,14398,Enterprise,Monthly,2053.36,13.8,2023-08-12,2023-09-11
54399,14399,Professional,Monthly,363.97,2.4,2023-04-05,2023-05-05
54400,14400,Professional,Monthly,372.62,0.4,2021-08-10,2021-09-09
54401,14401,Professional,Monthly,377.83,8.7,2024-04-06,2024-05-06
54402,14402,Professional,Quarterly,391.66,7.9,2023-12-16,2024-03-15
54403,14403,Starter,Monthly,140.75,5.0,2025-05-18,2025-06-17
54404,14404,Professional,Annual,326.92,0.0,2026-03-24,2027-03-19
54405,14405,Business,Quarterly,906.79,17.1,2021-06-16,2021-09-14
54406,14406,Business,Annual,854.33,9.3,2025-03-23,2026-03-18
54407,14407,Professional,Monthly,308.43,14.0,2021-05-22,2021-06-21
54408,14408,Starter,Monthly,121.05,9.6,2021-03-31,2021-04-30
54409,14409,Business,Monthly,957.73,16.2,2021-11-07,2021-12-07
54410,14410,Enterprise,Annual,1930.92,8.2,2024-10-26,2025-10-21
54411,14411,Professional,Monthly,371.76,7.7,2024-04-24,2024-05-24
54412,14412,Enterprise,Annual,2185.75,4.0,2023-06-02,2024-05-27
54413,14413,Enterprise,Annual,2373.63,11.8,2023-01-31,2024-01-26
54414,14414,Professional,Monthly,398.12,7.4,2024-09-21,2024-10-21
54415,14415,Business,Monthly,883.64,6.4,2025-03-19,2025-04-18
54416,14416,Professional,Quarterly,334.73,0.0,2021-05-29,2021-08-27
54417,14417,Business,Annual,749.32,7.1,2022-12-16,2023-12-11
54418,14418,Starter,Quarterly,114.13,12.8,2024-11-26,2025-02-24
54419,14419,Professional,Monthly,342.17,9.1,2025-09-14,2025-10-14
54420,14420,Starter,Annual,128.93,14.0,2024-09-16,2025-09-11
54421,14421,Professional,Monthly,345.07,2.7,2024-06-04,2024-07-04
54422,14422,Enterprise,Monthly,2180.08,6.0,2026-01-02,2026-02-01
54423,14423,Professional,Monthly,333.09,12.7,2025-03-13,2025-04-12
54424,14424,Starter,Annual,117.24,9.8,2025-02-10,2026-02-05
54425,14425,Enterprise,Quarterly,2074.84,0.0,2024-12-22,2025-03-22
54426,14426,Starter,Quarterly,132.83,6.0,2022-03-26,2022-06-24
54427,14427,Business,Monthly,1014.93,2.3,2026-01-10,2026-02-09
54428,14428,Business,Annual,941.06,8.9,2021-03-31,2022-03-26
54429,14429,Professional,Monthly,306.52,0.0,2021-06-25,2021-07-25
54430,14430,Professional,Monthly,375.01,11.4,2024-12-14,2025-01-13
54431,14431,Starter,Annual,131.52,14.6,2025-10-22,2026-10-17
54432,14432,Professional,Monthly,392.83,5.7,2026-07-07,2026-08-06
54433,14433,Starter,Annual,134.03,8.1,2024-07-13,2025-07-08
54434,14434,Professional,Monthly,359.78,5.0,2022-05-19,2022-06-18
54435,14435,Professional,Monthly,329.65,21.1,2023-08-14,2023-09-13
54436,14436,Business,Monthly,758.38,19.3,2024-07-24,2024-08-23
54437,14437,Enterprise,Annual,1876.45,18.0,2025-01-05,2025-12-31
54438,14438,Professional,Monthly,297.69,23.3,2022-03-01,2022-03-31
54439,14439,Professional,Monthly,412.19,19.1,2026-03-13,2026-04-12
54440,14440,Business,Annual,903.37,6.3,2023-11-20,2024-11-14
54441,14441,Starter,Annual,126.12,10.8,2023-06-25,2024-06-19
54442,14442,Business,Monthly,834.56,13.9,2026-03-02,2026-04-01
54443,14443,Starter,Monthly,135.54,12.2,2022-10-13,2022-11-12
54444,14444,Professional,Monthly,324.47,0.0,2023-09-25,2023-10-25
54445,14445,Enterprise,Annual,2438.32,14.7,2026-04-11,2027-04-06
54446,14446,Enterprise,Monthly,2149.35,13.7,2024-04-25,2024-05-25
54447,14447,Professional,Annual,384.2,14.1,2022-01-04,2022-12-30
54448,14448,Starter,Quarterly,131.67,12.3,2026-08-10,2026-11-08
54449,14449,Enterprise,Monthly,2112.79,9.9,2021-09-16,2021-10-16
54450,14450,Business,Quarterly,1000.44,14.4,2025-06-25,2025-09-23
54451,14451,Professional,Quarterly,359.69,0.0,2025-04-17,2025-07-16
54452,14452,Starter,Quarterly,112.82,13.6,2024-02-19,2024-05-19
54453,14453,Business,Annual,922.95,17.2,2021-01-18,2022-01-13
54454,14454,Starter,Monthly,133.54,21.9,2024-08-25,2024-09-24
54455,14455,Enterprise,Quarterly,2602.03,13.9,2026-03-19,2026-06-17
54456,14456,Professional,Annual,306.48,3.6,2025-07-15,2026-07-10
54457,14457,Professional,Quarterly,363.64,6.4,2021-04-20,2021-07-19
54458,14458,Starter,Monthly,122.6,13.4,2021-11-27,2021-12-27
54459,14459,Professional,Annual,335.51,13.0,2025-05-16,2026-05-11
54460,14460,Business,Monthly,950.92,2.7,2023-08-04,2023-09-03
54461,14461,Professional,Monthly,321.3,11.0,2024-07-11,2024-08-10
54462,14462,Business,Annual,820.01,8.7,2021-09-25,2022-09-20
54463,14463,Business,Monthly,950.43,8.0,2022-03-11,2022-04-10
54464,14464,Starter,Annual,122.05,10.6,2026-07-29,2027-07-24
54465,14465,Professional,Monthly,314.17,10.4,2026-04-26,2026-05-26
54466,14466,Professional,Monthly,407.05,21.0,2025-06-02,2025-07-02
54467,14467,Professional,Annual,387.02,0.0,2022-12-20,2023-12-15
54468,14468,Professional,Monthly,366.44,9.7,2023-01-11,2023-02-10
54469,14469,Starter,Annual,127.59,10.0,2025-05-19,2026-05-14
54470,14470,Professional,Monthly,374.18,0.0,2024-09-11,2024-10-11
54471,14471,Professional,Annual,358.66,14.9,2025-05-10,2026-05-05
54472,14472,Enterprise,Annual,2443.45,15.9,2023-03-16,2024-03-10
54473,14473,Business,Monthly,935.31,0.0,2022-02-21,2022-03-23
54474,14474,Professional,Annual,297.84,15.6,2023-06-01,2024-05-26
54475,14475,Business,Quarterly,755.39,4.0,2023-03-02,2023-05-31
54476,14476,Business,Annual,730.03,12.5,2026-05-30,2027-05-25
54477,14477,Professional,Quarterly,318.19,11.5,2025-09-23,2025-12-22
54478,14478,Starter,Annual,105.04,11.7,2026-04-12,2027-04-07
54479,14479,Business,Monthly,780.15,0.0,2025-12-14,2026-01-13
54480,14480,Starter,Quarterly,124.62,0.0,2025-06-19,2025-09-17
54481,14481,Business,Monthly,921.73,11.5,2024-01-04,2024-02-03
54482,14482,Professional,Monthly,410.03,13.7,2024-07-14,2024-08-13
54483,14483,Professional,Monthly,388.06,3.5,2026-01-19,2026-02-18
54484,14484,Business,Monthly,731.87,19.6,2022-03-02,2022-04-01
54485,14485,Starter,Monthly,121.69,5.5,2023-06-02,2023-07-02
54486,14486,Professional,Monthly,380.27,7.6,2026-01-12,2026-02-11
54487,14487,Professional,Annual,336.1,8.9,2023-02-25,2024-02-20
54488,14488,Business,Monthly,832.25,11.7,2022-06-19,2022-07-19
54489,14489,Business,Monthly,961.33,9.3,2025-06-23,2025-07-23
54490,14490,Business,Annual,736.49,7.9,2021-10-12,2022-10-07
54491,14491,Starter,Quarterly,124.67,9.3,2024-02-04,2024-05-04
54492,14492,Starter,Monthly,135.79,11.6,2022-05-19,2022-06-18
54493,14493,Business,Annual,959.73,11.7,2021-02-15,2022-02-10
54494,14494,Professional,Monthly,312.27,12.0,2025-01-10,2025-02-09
54495,14495,Professional,Monthly,401.0,10.0,2024-03-13,2024-04-12
54496,14496,Professional,Monthly,306.97,14.8,2022-06-21,2022-07-21
54497,14497,Enterprise,Monthly,2581.53,11.2,2021-03-03,2021-04-02
54498,14498,Starter,Quarterly,111.08,12.0,2025-11-01,2026-01-30
54499,14499,Starter,Quarterly,106.84,12.8,2024-01-11,2024-04-10
54500,14500,Business,Annual,744.5,14.4,2021-07-30,2022-07-25
54501,14501,Starter,Annual,116.42,15.8,2022-12-10,2023-12-05
54502,14502,Professional,Monthly,340.2,9.5,2026-07-21,2026-08-20
54503,14503,Business,Monthly,879.03,13.8,2022-01-12,2022-02-11
54504,14504,Starter,Monthly,132.78,18.1,2024-03-31,2024-04-30
54505,14505,Starter,Quarterly,123.41,3.6,2026-09-23,2026-12-22
54506,14506,Professional,Annual,417.42,9.7,2023-02-26,2024-02-21
54507,14507,Starter,Monthly,110.83,7.7,2023-01-03,2023-02-02
54508,14508,Business,Annual,785.14,18.8,2023-08-26,2024-08-20
54509,14509,Starter,Monthly,131.61,1.2,2022-06-06,2022-07-06
54510,14510,Starter,Annual,115.2,5.4,2023-12-15,2024-12-09
54511,14511,Professional,Annual,318.52,18.9,2022-06-08,2023-06-03
54512,14512,Enterprise,Monthly,2480.18,11.1,2022-04-13,2022-05-13
54513,14513,Enterprise,Monthly,2044.19,13.1,2025-05-04,2025-06-03
54514,14514,Business,Monthly,945.3,8.5,2024-04-25,2024-05-25
54515,14515,Professional,Monthly,322.82,12.7,2026-06-10,2026-07-10
54516,14516,Starter,Quarterly,141.46,9.4,2025-10-15,2026-01-13
54517,14517,Business,Quarterly,810.29,2.4,2023-01-28,2023-04-28
54518,14518,Professional,Annual,389.34,20.1,2024-03-23,2025-03-18
54519,14519,Business,Quarterly,972.83,10.3,2023-07-08,2023-10-06
54520,14520,Starter,Monthly,107.15,11.7,2024-01-25,2024-02-24
54521,14521,Professional,Annual,305.83,8.1,2022-12-07,2023-12-02
54522,14522,Professional,Monthly,370.8,20.7,2026-05-13,2026-06-12
54523,14523,Starter,Annual,128.04,14.0,2023-04-14,2024-04-08
54524,14524,Business,Monthly,907.77,8.3,2022-02-03,2022-03-05
54525,14525,Business,Monthly,858.21,11.8,2025-12-13,2026-01-12
54526,14526,Starter,Monthly,141.26,3.7,2024-10-31,2024-11-30
54527,14527,Enterprise,Monthly,2402.92,9.4,2021-11-24,2021-12-24
54528,14528,Professional,Monthly,306.59,6.6,2024-07-19,2024-08-18
54529,14529,Enterprise,Monthly,2474.46,0.2,2025-06-09,2025-07-09
54530,14530,Professional,Monthly,331.25,10.9,2023-11-08,2023-12-08
54531,14531,Business,Monthly,937.6,7.4,2023-07-08,2023-08-07
54532,14532,Enterprise,Monthly,1915.59,20.4,2021-03-18,2021-04-17
54533,14533,Business,Quarterly,950.59,0.0,2023-12-09,2024-03-08
54534,14534,Starter,Quarterly,124.8,7.0,2024-12-20,2025-03-20
54535,14535,Starter,Annual,132.27,11.9,2025-11-07,2026-11-02
54536,14536,Professional,Monthly,358.05,16.3,2025-04-29,2025-05-29
54537,14537,Professional,Annual,395.64,6.9,2023-10-15,2024-10-09
54538,14538,Business,Monthly,1004.24,26.1,2021-05-09,2021-06-08
54539,14539,Business,Monthly,943.39,7.3,2022-06-03,2022-07-03
54540,14540,Professional,Quarterly,388.66,2.9,2024-02-10,2024-05-10
54541,14541,Professional,Monthly,324.05,9.1,2023-07-01,2023-07-31
54542,14542,Business,Monthly,827.95,22.7,2023-03-27,2023-04-26
54543,14543,Professional,Monthly,312.82,17.2,2023-09-01,2023-10-01
54544,14544,Business,Quarterly,880.9,22.1,2026-05-17,2026-08-15
54545,14545,Professional,Monthly,352.2,19.9,2023-12-26,2024-01-25
54546,14546,Professional,Monthly,333.6,23.1,2025-12-06,2026-01-05
54547,14547,Enterprise,Annual,1923.28,10.1,2023-03-20,2024-03-14
54548,14548,Professional,Monthly,411.6,23.1,2024-09-04,2024-10-04
54549,14549,Business,Monthly,902.61,13.1,2023-11-04,2023-12-04
54550,14550,Professional,Quarterly,337.31,14.7,2022-07-24,2022-10-22
54551,14551,Professional,Monthly,340.1,20.1,2023-08-28,2023-09-27
54552,14552,Enterprise,Monthly,2174.47,26.4,2026-02-23,2026-03-25
54553,14553,Business,Annual,963.96,21.9,2022-09-02,2023-08-28
54554,14554,Enterprise,Monthly,2032.04,1.0,2026-06-07,2026-07-07
54555,14555,Enterprise,Quarterly,2529.48,10.3,2022-01-23,2022-04-23
54556,14556,Starter,Monthly,115.08,10.1,2025-08-25,2025-09-24
54557,14557,Enterprise,Monthly,2540.72,2.9,2023-01-29,2023-02-28
54558,14558,Starter,Monthly,139.63,2.0,2026-02-05,2026-03-07
54559,14559,Starter,Quarterly,131.26,6.3,2022-05-31,2022-08-29
54560,14560,Business,Monthly,988.68,15.1,2026-01-16,2026-02-15
54561,14561,Professional,Monthly,389.02,15.9,2021-02-14,2021-03-16
54562,14562,Enterprise,Annual,1981.3,7.8,2024-12-13,2025-12-08
54563,14563,Professional,Quarterly,414.63,0.0,2022-12-24,2023-03-24
54564,14564,Professional,Quarterly,320.79,11.2,2023-01-26,2023-04-26
54565,14565,Starter,Monthly,122.77,21.3,2026-03-24,2026-04-23
54566,14566,Professional,Monthly,344.48,5.2,2022-01-21,2022-02-20
54567,14567,Starter,Annual,116.62,21.2,2026-07-24,2027-07-19
54568,14568,Starter,Quarterly,134.91,9.7,2021-12-26,2022-03-26
54569,14569,Business,Monthly,809.06,17.3,2025-01-31,2025-03-02
54570,14570,Enterprise,Quarterly,2284.01,18.2,2023-09-10,2023-12-09
54571,14571,Professional,Monthly,338.74,6.3,2026-05-22,2026-06-21
54572,14572,Starter,Monthly,139.53,9.3,2021-07-24,2021-08-23
54573,14573,Starter,Monthly,108.51,14.4,2023-12-09,2024-01-08
54574,14574,Starter,Quarterly,109.37,10.0,2022-01-01,2022-04-01
54575,14575,Starter,Quarterly,106.67,1.2,2023-02-08,2023-05-09
54576,14576,Professional,Monthly,390.33,10.9,2023-09-14,2023-10-14
54577,14577,Professional,Annual,317.28,13.8,2022-02-21,2023-02-16
54578,14578,Starter,Monthly,124.39,7.3,2025-01-01,2025-01-31
54579,14579,Starter,Annual,134.2,1.1,2024-03-12,2025-03-07
54580,14580,Enterprise,Monthly,1958.95,22.6,2021-07-16,2021-08-15
54581,14581,Business,Annual,999.32,13.8,2024-10-21,2025-10-16
54582,14582,Starter,Annual,113.93,18.1,2024-04-30,2025-04-25
54583,14583,Professional,Monthly,394.56,11.4,2026-09-03,2026-10-03
54584,14584,Professional,Annual,394.71,10.5,2024-01-04,2024-12-29
54585,14585,Business,Annual,826.13,18.6,2026-03-17,2027-03-12
54586,14586,Business,Monthly,886.3,9.2,2025-07-28,2025-08-27
54587,14587,Professional,Annual,374.78,8.2,2024-11-18,2025-11-13
54588,14588,Business,Monthly,846.13,17.2,2021-02-06,2021-03-08
54589,14589,Business,Monthly,828.97,19.4,2023-09-20,2023-10-20
54590,14590,Business,Annual,976.01,6.6,2025-05-06,2026-05-01
54591,14591,Enterprise,Annual,2025.49,15.9,2022-07-26,2023-07-21
54592,14592,Professional,Monthly,394.88,0.9,2021-11-03,2021-12-03
54593,14593,Business,Monthly,783.11,9.2,2021-11-01,2021-12-01
54594,14594,Enterprise,Monthly,2409.09,13.7,2025-11-03,2025-12-03
54595,14595,Professional,Monthly,332.73,5.9,2023-07-21,2023-08-20
54596,14596,Starter,Monthly,140.95,14.1,2025-01-07,2025-02-06
54597,14597,Business,Monthly,902.6,13.0,2025-03-23,2025-04-22
54598,14598,Business,Annual,881.22,14.0,2026-06-16,2027-06-11
54599,14599,Professional,Monthly,333.66,16.6,2023-03-08,2023-04-07
54600,14600,Starter,Monthly,123.36,9.1,2025-03-15,2025-04-14
54601,14601,Enterprise,Monthly,1920.72,3.5,2023-01-17,2023-02-16
54602,14602,Professional,Annual,315.06,6.1,2022-03-29,2023-03-24
54603,14603,Professional,Monthly,333.64,7.3,2023-04-11,2023-05-11
54604,14604,Enterprise,Monthly,2600.93,24.9,2023-01-28,2023-02-27
54605,14605,Professional,Monthly,354.81,0.2,2023-05-11,2023-06-10
54606,14606,Business,Annual,841.63,4.0,2026-05-30,2027-05-25
54607,14607,Business,Monthly,952.34,4.1,2025-04-02,2025-05-02
54608,14608,Enterprise,Annual,2404.14,21.0,2026-04-03,2027-03-29
54609,14609,Professional,Quarterly,378.83,11.8,2023-03-30,2023-06-28
54610,14610,Enterprise,Monthly,2336.39,2.3,2024-10-24,2024-11-23
54611,14611,Professional,Quarterly,313.42,10.6,2026-02-23,2026-05-24
54612,14612,Professional,Monthly,345.35,7.8,2022-01-16,2022-02-15
54613,14613,Professional,Monthly,407.89,7.2,2024-05-27,2024-06-26
54614,14614,Professional,Monthly,415.06,14.3,2022-10-11,2022-11-10
54615,14615,Professional,Annual,350.5,6.9,2021-09-03,2022-08-29
54616,14616,Business,Monthly,722.81,14.2,2022-07-19,2022-08-18
54617,14617,Business,Annual,871.05,14.6,2023-04-01,2024-03-26
54618,14618,Business,Annual,790.09,3.7,2022-04-17,2023-04-12
54619,14619,Business,Quarterly,778.45,6.4,2026-07-10,2026-10-08
54620,14620,Starter,Monthly,113.92,9.7,2021-05-02,2021-06-01
54621,14621,Starter,Quarterly,107.15,25.4,2024-09-11,2024-12-10
54622,14622,Starter,Monthly,103.93,9.7,2023-02-20,2023-03-22
54623,14623,Starter,Quarterly,120.68,12.2,2021-05-01,2021-07-30
54624,14624,Professional,Monthly,329.66,8.5,2026-03-01,2026-03-31
54625,14625,Business,Monthly,798.72,5.6,2024-10-15,2024-11-14
54626,14626,Professional,Annual,324.64,5.0,2026-01-11,2027-01-06
54627,14627,Business,Monthly,870.25,11.8,2021-02-16,2021-03-18
54628,14628,Professional,Monthly,387.32,14.0,2026-05-23,2026-06-22
54629,14629,Starter,Annual,129.59,0.0,2026-01-08,2027-01-03
54630,14630,Starter,Annual,142.99,12.4,2024-10-30,2025-10-25
54631,14631,Professional,Quarterly,409.47,13.3,2026-02-21,2026-05-22
54632,14632,Starter,Annual,119.53,20.0,2023-01-01,2023-12-27
54633,14633,Professional,Annual,397.09,17.2,2021-04-21,2022-04-16
54634,14634,Starter,Annual,109.75,6.5,2024-06-04,2025-05-30
54635,14635,Business,Monthly,785.66,3.0,2025-12-16,2026-01-15
54636,14636,Professional,Monthly,383.36,5.9,2021-05-15,2021-06-14
54637,14637,Professional,Monthly,324.05,13.0,2024-08-11,2024-09-10
54638,14638,Starter,Annual,120.95,7.6,2022-09-02,2023-08-28
54639,14639,Starter,Annual,115.53,13.6,2023-11-24,2024-11-18
54640,14640,Professional,Annual,326.0,22.8,2026-06-12,2027-06-07
54641,14641,Enterprise,Monthly,1988.93,16.8,2022-07-14,2022-08-13
54642,14642,Starter,Monthly,127.7,12.6,2021-09-16,2021-10-16
54643,14643,Starter,Monthly,104.36,9.9,2025-07-07,2025-08-06
54644,14644,Starter,Quarterly,131.51,9.2,2023-07-05,2023-10-03
54645,14645,Business,Annual,988.68,15.7,2021-08-26,2022-08-21
54646,14646,Enterprise,Monthly,2134.47,10.1,2022-11-19,2022-12-19
54647,14647,Starter,Quarterly,119.36,13.8,2025-05-30,2025-08-28
54648,14648,Business,Annual,898.2,5.0,2024-03-04,2025-02-27
54649,14649,Professional,Monthly,379.11,10.2,2022-08-18,2022-09-17
54650,14650,Business,Annual,884.58,10.4,2025-10-17,2026-10-12
54651,14651,Professional,Quarterly,382.07,13.3,2022-02-07,2022-05-08
54652,14652,Starter,Quarterly,135.96,0.9,2023-04-02,2023-07-01
54653,14653,Business,Annual,1017.04,13.9,2025-11-18,2026-11-13
54654,14654,Business,Monthly,839.34,10.6,2025-08-25,2025-09-24
54655,14655,Enterprise,Quarterly,2320.2,0.0,2024-12-09,2025-03-09
54656,14656,Professional,Monthly,343.58,18.0,2024-04-05,2024-05-05
54657,14657,Starter,Monthly,111.99,2.3,2025-06-02,2025-07-02
54658,14658,Professional,Quarterly,419.7,7.8,2022-04-30,2022-07-29
54659,14659,Business,Monthly,726.63,0.0,2025-04-05,2025-05-05
54660,14660,Professional,Annual,305.43,14.9,2023-06-20,2024-06-14
54661,14661,Business,Quarterly,895.96,11.2,2025-01-04,2025-04-04
54662,14662,Starter,Quarterly,131.81,20.0,2022-10-06,2023-01-04
54663,14663,Starter,Annual,132.61,8.2,2023-02-26,2024-02-21
54664,14664,Business,Monthly,931.74,13.6,2021-01-18,2021-02-17
54665,14665,Starter,Monthly,135.12,15.2,2026-05-11,2026-06-10
54666,14666,Professional,Monthly,388.72,11.6,2023-01-26,2023-02-25
54667,14667,Professional,Annual,364.38,7.1,2022-11-18,2023-11-13
54668,14668,Starter,Annual,121.74,3.6,2026-07-30,2027-07-25
54669,14669,Business,Monthly,936.78,4.0,2022-08-24,2022-09-23
54670,14670,Starter,Annual,132.76,14.8,2023-11-10,2024-11-04
54671,14671,Business,Monthly,821.43,5.0,2024-09-11,2024-10-11
54672,14672,Starter,Quarterly,102.12,5.3,2024-10-11,2025-01-09
54673,14673,Starter,Monthly,115.2,4.2,2022-03-09,2022-04-08
54674,14674,Business,Monthly,881.58,9.4,2023-11-08,2023-12-08
54675,14675,Professional,Monthly,361.95,12.3,2025-04-23,2025-05-23
54676,14676,Starter,Monthly,117.95,13.9,2022-01-11,2022-02-10
54677,14677,Starter,Annual,141.16,4.0,2025-06-13,2026-06-08
54678,14678,Enterprise,Monthly,2236.79,10.2,2024-09-25,2024-10-25
54679,14679,Professional,Monthly,314.53,0.0,2023-10-08,2023-11-07
54680,14680,Professional,Annual,321.21,11.4,2022-12-17,2023-12-12
54681,14681,Starter,Monthly,105.97,6.3,2024-06-10,2024-07-10
54682,14682,Business,Monthly,802.31,0.0,2024-02-02,2024-03-03
54683,14683,Starter,Quarterly,114.8,2.1,2023-10-21,2024-01-19
54684,14684,Professional,Monthly,338.44,9.4,2021-08-09,2021-09-08
54685,14685,Professional,Annual,399.93,5.6,2026-06-09,2027-06-04
54686,14686,Business,Monthly,950.23,10.3,2023-11-16,2023-12-16
54687,14687,Professional,Annual,358.27,11.0,2023-12-24,2024-12-18
54688,14688,Professional,Monthly,351.93,11.9,2023-04-06,2023-05-06
54689,14689,Professional,Quarterly,343.82,9.5,2024-02-29,2024-05-29
54690,14690,Professional,Quarterly,299.16,1.8,2021-01-30,2021-04-30
54691,14691,Enterprise,Quarterly,2578.19,14.9,2023-02-26,2023-05-27
54692,14692,Business,Monthly,809.22,10.4,2021-01-10,2021-02-09
54693,14693,Starter,Annual,137.36,0.0,2024-03-16,2025-03-11
54694,14694,Professional,Monthly,388.25,4.6,2025-07-01,2025-07-31
54695,14695,Business,Monthly,756.54,16.3,2024-09-26,2024-10-26
54696,14696,Professional,Annual,335.87,0.3,2025-03-22,2026-03-17
54697,14697,Professional,Monthly,356.87,17.7,2021-02-20,2021-03-22
54698,14698,Starter,Monthly,113.01,25.0,2022-02-02,2022-03-04
54699,14699,Starter,Monthly,118.89,5.8,2021-11-10,2021-12-10
54700,14700,Starter,Monthly,113.86,4.5,2022-05-29,2022-06-28
54701,14701,Professional,Monthly,375.38,15.0,2022-06-14,2022-07-14
54702,14702,Enterprise,Annual,2147.71,7.1,2025-11-20,2026-11-15
54703,14703,Business,Quarterly,825.52,6.4,2025-10-30,2026-01-28
54704,14704,Starter,Annual,113.41,13.9,2023-05-10,2024-05-04
54705,14705,Business,Annual,960.95,5.6,2021-11-08,2022-11-03
54706,14706,Business,Monthly,914.67,7.9,2023-09-23,2023-10-23
54707,14707,Professional,Monthly,385.82,7.4,2024-08-15,2024-09-14
54708,14708,Professional,Monthly,345.75,9.8,2021-09-21,2021-10-21
54709,14709,Professional,Annual,400.34,0.0,2025-03-23,2026-03-18
54710,14710,Professional,Quarterly,348.51,7.0,2021-01-21,2021-04-21
54711,14711,Starter,Monthly,109.41,3.7,2022-07-03,2022-08-02
54712,14712,Professional,Annual,360.06,3.0,2024-04-11,2025-04-06
54713,14713,Professional,Annual,352.0,20.5,2023-08-06,2024-07-31
54714,14714,Professional,Annual,308.74,25.4,2023-10-18,2024-10-12
54715,14715,Professional,Monthly,378.68,3.0,2021-07-25,2021-08-24
54716,14716,Business,Monthly,964.07,13.1,2025-06-25,2025-07-25
54717,14717,Starter,Quarterly,116.96,6.1,2022-09-23,2022-12-22
54718,14718,Professional,Quarterly,390.5,14.4,2022-03-16,2022-06-14
54719,14719,Business,Quarterly,896.79,0.0,2024-01-04,2024-04-03
54720,14720,Business,Annual,803.72,5.4,2021-10-17,2022-10-12
54721,14721,Enterprise,Monthly,2134.86,9.0,2021-07-27,2021-08-26
54722,14722,Professional,Monthly,413.4,0.0,2021-09-29,2021-10-29
54723,14723,Professional,Quarterly,323.93,12.0,2022-02-19,2022-05-20
54724,14724,Business,Quarterly,767.7,0.0,2022-01-19,2022-04-19
54725,14725,Starter,Monthly,105.18,15.4,2024-07-08,2024-08-07
54726,14726,Business,Annual,982.99,4.6,2023-06-10,2024-06-04
54727,14727,Starter,Quarterly,130.23,6.1,2025-07-21,2025-10-19
54728,14728,Professional,Quarterly,311.79,9.7,2023-11-08,2024-02-06
54729,14729,Starter,Monthly,134.16,7.8,2024-08-12,2024-09-11
54730,14730,Business,Monthly,909.75,12.0,2024-09-05,2024-10-05
54731,14731,Enterprise,Annual,2629.39,22.7,2025-04-27,2026-04-22
54732,14732,Starter,Quarterly,123.48,18.0,2025-09-13,2025-12-12
54733,14733,Professional,Annual,360.76,0.0,2026-02-28,2027-02-23
54734,14734,Enterprise,Monthly,2061.94,4.4,2025-08-07,2025-09-06
54735,14735,Professional,Monthly,320.89,8.0,2023-08-02,2023-09-01
54736,14736,Business,Monthly,940.73,0.2,2023-06-12,2023-07-12
54737,14737,Starter,Monthly,117.65,11.0,2021-03-02,2021-04-01
54738,14738,Starter,Quarterly,132.42,20.0,2024-05-17,2024-08-15
54739,14739,Professional,Monthly,392.37,7.6,2021-06-15,2021-07-15
54740,14740,Enterprise,Monthly,2565.53,11.8,2026-03-21,2026-04-20
54741,14741,Business,Monthly,849.66,3.3,2024-08-16,2024-09-15
54742,14742,Business,Monthly,751.01,10.6,2022-10-17,2022-11-16
54743,14743,Professional,Annual,300.16,8.5,2021-12-17,2022-12-12
54744,14744,Business,Monthly,809.33,8.1,2025-04-15,2025-05-15
54745,14745,Business,Monthly,999.91,5.7,2023-07-21,2023-08-20
54746,14746,Professional,Quarterly,389.11,17.1,2026-03-20,2026-06-18
54747,14747,Business,Quarterly,888.85,13.9,2024-01-19,2024-04-18
54748,14748,Starter,Monthly,112.06,14.5,2026-06-13,2026-07-13
54749,14749,Starter,Monthly,131.94,8.3,2024-10-17,2024-11-16
54750,14750,Professional,Annual,388.25,9.5,2024-01-22,2025-01-16
54751,14751,Starter,Annual,111.68,4.9,2021-05-14,2022-05-09
54752,14752,Starter,Quarterly,131.74,6.1,2024-05-12,2024-08-10
54753,14753,Professional,Quarterly,312.23,6.9,2026-02-15,2026-05-16
54754,14754,Starter,Monthly,106.27,5.4,2023-10-15,2023-11-14
54755,14755,Business,Monthly,738.93,7.3,2026-02-25,2026-03-27
54756,14756,Professional,Monthly,396.75,21.6,2022-03-14,2022-04-13
54757,14757,Professional,Monthly,330.65,13.8,2022-11-11,2022-12-11
54758,14758,Starter,Annual,127.38,11.5,2024-06-01,2025-05-27
54759,14759,Professional,Annual,315.2,3.2,2024-04-06,2025-04-01
54760,14760,Professional,Annual,351.7,2.9,2024-02-05,2025-01-30
54761,14761,Starter,Annual,103.16,0.0,2024-11-04,2025-10-30
54762,14762,Business,Annual,978.34,19.4,2026-09-03,2027-08-29
54763,14763,Professional,Monthly,363.62,11.6,2025-03-15,2025-04-14
54764,14764,Starter,Annual,139.4,6.9,2024-08-23,2025-08-18
54765,14765,Starter,Quarterly,121.65,10.6,2023-07-24,2023-10-22
54766,14766,Professional,Monthly,336.25,14.0,2024-10-13,2024-11-12
54767,14767,Business,Quarterly,841.74,1.0,2022-01-05,2022-04-05
54768,14768,Professional,Monthly,327.37,12.2,2023-09-24,2023-10-24
54769,14769,Business,Quarterly,985.95,9.3,2025-05-24,2025-08-22
54770,14770,Professional,Monthly,333.71,7.8,2024-03-22,2024-04-21
54771,14771,Business,Monthly,809.43,11.2,2022-01-11,2022-02-10
54772,14772,Enterprise,Monthly,2356.35,17.1,2026-04-28,2026-05-28
54773,14773,Starter,Monthly,107.15,25.7,2023-08-16,2023-09-15
54774,14774,Starter,Monthly,111.21,15.0,2023-03-22,2023-04-21
54775,14775,Starter,Monthly,120.06,0.0,2023-04-07,2023-05-07
54776,14776,Starter,Monthly,109.67,12.4,2026-01-20,2026-02-19
54777,14777,Professional,Annual,329.02,9.5,2025-03-14,2026-03-09
54778,14778,Business,Annual,930.73,17.3,2021-12-01,2022-11-26
54779,14779,Enterprise,Monthly,2085.48,12.2,2022-02-14,2022-03-16
54780,14780,Professional,Monthly,375.56,11.3,2021-02-23,2021-03-25
54781,14781,Business,Annual,869.59,10.0,2022-12-02,2023-11-27
54782,14782,Professional,Annual,391.53,8.9,2025-10-24,2026-10-19
54783,14783,Professional,Monthly,389.46,10.4,2024-01-04,2024-02-03
54784,14784,Business,Monthly,781.27,27.5,2023-09-02,2023-10-02
54785,14785,Professional,Monthly,413.05,7.1,2022-01-28,2022-02-27
54786,14786,Business,Quarterly,961.16,4.7,2022-07-08,2022-10-06
54787,14787,Starter,Monthly,124.37,9.8,2023-04-06,2023-05-06
54788,14788,Professional,Monthly,366.07,0.0,2023-01-14,2023-02-13
54789,14789,Business,Monthly,969.08,0.0,2025-01-10,2025-02-09
54790,14790,Starter,Monthly,122.33,1.0,2021-05-19,2021-06-18
54791,14791,Business,Annual,864.85,3.6,2026-01-20,2027-01-15
54792,14792,Starter,Annual,128.47,31.9,2022-06-26,2023-06-21
54793,14793,Professional,Annual,308.32,3.0,2026-01-31,2027-01-26
54794,14794,Starter,Monthly,126.45,9.4,2024-08-30,2024-09-29
54795,14795,Starter,Monthly,111.4,5.1,2025-09-17,2025-10-17
54796,14796,Starter,Annual,106.9,10.4,2021-03-14,2022-03-09
54797,14797,Enterprise,Monthly,2497.87,20.6,2022-03-11,2022-04-10
54798,14798,Starter,Quarterly,118.04,20.0,2025-12-12,2026-03-12
54799,14799,Starter,Quarterly,123.12,5.7,2026-08-08,2026-11-06
54800,14800,Business,Annual,809.8,7.2,2022-04-02,2023-03-28
54801,14801,Professional,Monthly,301.29,14.4,2026-09-09,2026-10-09
54802,14802,Starter,Annual,120.58,14.8,2025-07-07,2026-07-02
54803,14803,Professional,Monthly,389.41,9.5,2021-12-01,2021-12-31
54804,14804,Starter,Monthly,133.85,14.5,2022-10-22,2022-11-21
54805,14805,Professional,Annual,410.45,2.0,2022-07-23,2023-07-18
54806,14806,Business,Annual,972.52,2.5,2021-06-26,2022-06-21
54807,14807,Starter,Monthly,143.26,6.5,2023-02-16,2023-03-18
54808,14808,Enterprise,Annual,2310.15,2.5,2024-06-14,2025-06-09
54809,14809,Starter,Monthly,104.14,14.4,2024-07-25,2024-08-24
54810,14810,Business,Quarterly,979.36,0.0,2021-03-18,2021-06-16
54811,14811,Business,Quarterly,1005.73,8.9,2023-07-22,2023-10-20
54812,14812,Starter,Quarterly,121.5,7.9,2022-09-28,2022-12-27
54813,14813,Starter,Monthly,106.79,12.5,2025-08-05,2025-09-04
54814,14814,Business,Quarterly,729.83,8.2,2024-04-05,2024-07-04
54815,14815,Business,Monthly,905.02,13.5,2024-11-13,2024-12-13
54816,14816,Starter,Annual,130.04,6.2,2021-01-12,2022-01-07
54817,14817,Starter,Monthly,102.68,3.6,2023-04-11,2023-05-11
54818,14818,Enterprise,Annual,2600.93,5.2,2024-12-20,2025-12-15
54819,14819,Professional,Annual,363.92,8.6,2022-03-25,2023-03-20
54820,14820,Starter,Monthly,127.72,5.7,2025-11-25,2025-12-25
54821,14821,Enterprise,Annual,2304.4,4.9,2022-03-03,2023-02-26
54822,14822,Professional,Monthly,336.32,0.0,2023-07-05,2023-08-04
54823,14823,Professional,Annual,407.82,17.8,2022-09-23,2023-09-18
54824,14824,Business,Quarterly,723.63,11.6,2021-08-14,2021-11-12
54825,14825,Business,Monthly,944.79,6.3,2022-03-23,2022-04-22
54826,14826,Starter,Monthly,117.15,19.1,2026-03-26,2026-04-25
54827,14827,Business,Annual,779.09,0.8,2025-02-08,2026-02-03
54828,14828,Enterprise,Annual,2205.8,5.4,2022-11-06,2023-11-01
54829,14829,Starter,Quarterly,110.32,12.3,2024-08-13,2024-11-11
54830,14830,Professional,Monthly,403.93,7.6,2026-08-26,2026-09-25
54831,14831,Business,Quarterly,959.19,10.0,2024-11-02,2025-01-31
54832,14832,Professional,Quarterly,402.48,4.9,2023-11-10,2024-02-08
54833,14833,Professional,Monthly,399.89,0.5,2024-06-21,2024-07-21
54834,14834,Professional,Annual,398.54,4.1,2024-06-21,2025-06-16
54835,14835,Business,Monthly,895.47,13.3,2022-01-27,2022-02-26
54836,14836,Business,Annual,990.84,12.3,2022-12-25,2023-12-20
54837,14837,Professional,Monthly,304.75,3.1,2026-03-04,2026-04-03
54838,14838,Professional,Annual,332.52,0.0,2024-07-09,2025-07-04
54839,14839,Professional,Monthly,323.54,9.7,2023-10-29,2023-11-28
54840,14840,Starter,Monthly,107.09,5.4,2021-01-14,2021-02-13
54841,14841,Professional,Quarterly,298.28,9.1,2022-10-04,2023-01-02
54842,14842,Starter,Monthly,118.91,13.6,2023-11-12,2023-12-12
54843,14843,Professional,Annual,386.19,22.3,2021-08-13,2022-08-08
54844,14844,Starter,Annual,129.09,6.2,2024-03-03,2025-02-26
54845,14845,Professional,Monthly,377.25,7.1,2025-03-24,2025-04-23
54846,14846,Business,Monthly,986.72,7.7,2023-03-03,2023-04-02
54847,14847,Professional,Quarterly,414.78,16.1,2025-04-12,2025-07-11
54848,14848,Starter,Quarterly,130.58,12.0,2022-03-13,2022-06-11
54849,14849,Starter,Annual,105.57,9.9,2023-12-11,2024-12-05
54850,14850,Enterprise,Monthly,2391.06,13.0,2026-05-02,2026-06-01
54851,14851,Business,Annual,887.55,0.0,2026-08-02,2027-07-28
54852,14852,Starter,Monthly,104.7,11.1,2022-08-04,2022-09-03
54853,14853,Enterprise,Quarterly,2067.98,18.7,2026-06-26,2026-09-24
54854,14854,Starter,Monthly,111.98,10.5,2022-11-18,2022-12-18
54855,14855,Business,Quarterly,952.41,10.7,2021-12-31,2022-03-31
54856,14856,Professional,Monthly,339.79,10.1,2021-09-26,2021-10-26
54857,14857,Starter,Monthly,123.03,20.8,2025-09-13,2025-10-13
54858,14858,Starter,Monthly,135.0,23.5,2024-10-26,2024-11-25
54859,14859,Business,Annual,1001.11,7.3,2025-04-25,2026-04-20
54860,14860,Professional,Quarterly,363.43,9.2,2021-03-19,2021-06-17
54861,14861,Professional,Quarterly,365.52,4.4,2021-07-08,2021-10-06
54862,14862,Business,Annual,751.02,16.5,2025-06-19,2026-06-14
54863,14863,Starter,Annual,122.76,13.3,2024-08-18,2025-08-13
54864,14864,Business,Monthly,926.72,0.0,2023-08-17,2023-09-16
54865,14865,Starter,Monthly,109.94,12.1,2023-06-22,2023-07-22
54866,14866,Starter,Quarterly,106.67,6.5,2021-12-07,2022-03-07
54867,14867,Business,Monthly,979.34,10.4,2023-12-02,2024-01-01
54868,14868,Enterprise,Monthly,1958.45,0.3,2022-02-15,2022-03-17
54869,14869,Business,Quarterly,994.14,5.9,2023-06-17,2023-09-15
54870,14870,Starter,Monthly,113.49,4.0,2022-10-06,2022-11-05
54871,14871,Enterprise,Monthly,2124.07,9.2,2021-01-21,2021-02-20
54872,14872,Professional,Annual,361.88,7.4,2022-11-09,2023-11-04
54873,14873,Professional,Annual,320.54,11.2,2024-01-05,2024-12-30
54874,14874,Business,Monthly,927.34,2.4,2021-03-29,2021-04-28
54875,14875,Starter,Quarterly,124.0,2.9,2025-06-06,2025-09-04
54876,14876,Professional,Monthly,413.4,10.3,2026-08-27,2026-09-26
54877,14877,Enterprise,Monthly,2571.64,2.7,2025-05-08,2025-06-07
54878,14878,Starter,Annual,134.33,4.7,2024-03-15,2025-03-10
54879,14879,Professional,Annual,320.14,10.7,2024-11-17,2025-11-12
54880,14880,Starter,Monthly,110.98,20.6,2021-11-06,2021-12-06
54881,14881,Business,Monthly,802.37,3.0,2022-05-07,2022-06-06
54882,14882,Professional,Quarterly,399.68,0.0,2023-01-30,2023-04-30
54883,14883,Starter,Annual,129.21,7.2,2021-01-01,2021-12-27
54884,14884,Professional,Annual,319.01,8.6,2026-09-20,2027-09-15
54885,14885,Professional,Quarterly,353.64,21.1,2022-11-03,2023-02-01
54886,14886,Business,Monthly,1012.53,12.9,2021-07-31,2021-08-30
54887,14887,Professional,Monthly,387.2,10.6,2024-09-18,2024-10-18
54888,14888,Starter,Monthly,141.24,12.2,2026-05-20,2026-06-19
54889,14889,Business,Monthly,963.13,7.1,2021-10-31,2021-11-30
54890,14890,Starter,Monthly,132.45,1.6,2022-11-22,2022-12-22
54891,14891,Business,Monthly,969.4,18.8,2025-11-17,2025-12-17
54892,14892,Professional,Monthly,382.34,6.8,2026-01-08,2026-02-07
54893,14893,Business,Annual,891.29,17.6,2022-09-08,2023-09-03
54894,14894,Professional,Monthly,387.65,8.0,2022-06-07,2022-07-07
54895,14895,Business,Annual,790.77,16.1,2026-09-04,2027-08-30
54896,14896,Business,Monthly,868.38,16.8,2023-03-19,2023-04-18
54897,14897,Business,Annual,1005.54,6.2,2021-01-25,2022-01-20
54898,14898,Business,Monthly,963.06,9.0,2025-11-12,2025-12-12
54899,14899,Business,Monthly,998.07,12.2,2021-04-18,2021-05-18
54900,14900,Professional,Monthly,416.01,16.0,2024-09-15,2024-10-15
54901,14901,Starter,Monthly,126.66,1.1,2021-06-29,2021-07-29
54902,14902,Business,Monthly,780.86,23.1,2023-05-31,2023-06-30
54903,14903,Professional,Quarterly,388.28,5.8,2026-01-05,2026-04-05
54904,14904,Professional,Quarterly,298.4,5.1,2022-08-26,2022-11-24
54905,14905,Starter,Annual,105.74,19.8,2021-06-17,2022-06-12
54906,14906,Professional,Annual,332.55,5.5,2021-08-11,2022-08-06
54907,14907,Starter,Quarterly,102.64,14.4,2022-04-14,2022-07-13
54908,14908,Business,Annual,925.8,3.4,2021-10-05,2022-09-30
54909,14909,Business,Monthly,965.43,13.8,2025-03-30,2025-04-29
54910,14910,Professional,Monthly,389.84,5.3,2026-07-14,2026-08-13
54911,14911,Starter,Monthly,108.07,9.1,2025-11-14,2025-12-14
54912,14912,Starter,Monthly,135.76,16.4,2022-09-13,2022-10-13
54913,14913,Starter,Quarterly,136.8,0.7,2024-04-28,2024-07-27
54914,14914,Starter,Annual,106.05,15.6,2021-08-06,2022-08-01
54915,14915,Business,Monthly,868.99,9.1,2024-08-27,2024-09-26
54916,14916,Professional,Monthly,381.8,15.2,2021-06-17,2021-07-17
54917,14917,Professional,Monthly,347.32,0.0,2024-03-31,2024-04-30
54918,14918,Starter,Monthly,139.35,9.8,2024-09-24,2024-10-24
54919,14919,Business,Monthly,879.92,5.8,2024-11-26,2024-12-26
54920,14920,Business,Monthly,758.83,5.3,2023-12-02,2024-01-01
54921,14921,Professional,Monthly,362.48,2.1,2021-04-03,2021-05-03
54922,14922,Starter,Annual,126.25,9.5,2024-05-23,2025-05-18
54923,14923,Enterprise,Monthly,2604.3,0.0,2022-05-28,2022-06-27
54924,14924,Professional,Monthly,349.19,0.0,2021-04-16,2021-05-16
54925,14925,Business,Annual,988.18,0.0,2024-06-09,2025-06-04
54926,14926,Professional,Quarterly,336.7,0.0,2024-04-15,2024-07-14
54927,14927,Business,Annual,857.06,4.3,2025-08-30,2026-08-25
54928,14928,Professional,Annual,380.22,0.3,2024-08-10,2025-08-05
54929,14929,Enterprise,Monthly,2551.84,3.5,2026-02-19,2026-03-21
54930,14930,Business,Monthly,952.8,2.4,2025-03-24,2025-04-23
54931,14931,Starter,Monthly,108.53,4.8,2024-05-20,2024-06-19
54932,14932,Professional,Quarterly,321.23,8.0,2023-07-06,2023-10-04
54933,14933,Starter,Monthly,104.87,5.8,2025-11-04,2025-12-04
54934,14934,Enterprise,Monthly,2348.54,13.4,2023-12-13,2024-01-12
54935,14935,Starter,Annual,120.49,2.9,2024-06-10,2025-06-05
54936,14936,Starter,Monthly,138.79,15.3,2025-03-22,2025-04-21
54937,14937,Professional,Monthly,418.7,0.0,2023-08-09,2023-09-08
54938,14938,Professional,Monthly,405.12,10.8,2026-09-23,2026-10-23
54939,14939,Starter,Monthly,103.96,0.0,2025-09-28,2025-10-28
54940,14940,Professional,Monthly,413.18,0.0,2025-03-20,2025-04-19
54941,14941,Business,Monthly,753.14,11.2,2021-04-02,2021-05-02
54942,14942,Professional,Annual,352.28,8.6,2023-01-29,2024-01-24
54943,14943,Professional,Monthly,333.92,20.2,2023-01-01,2023-01-31
54944,14944,Starter,Monthly,108.57,4.3,2023-08-12,2023-09-11
54945,14945,Starter,Monthly,109.19,4.2,2025-01-01,2025-01-31
54946,14946,Professional,Monthly,339.86,0.7,2021-12-03,2022-01-02
54947,14947,Professional,Monthly,300.61,8.7,2024-08-10,2024-09-09
54948,14948,Professional,Monthly,305.42,16.7,2022-12-01,2022-12-31
54949,14949,Professional,Annual,385.0,0.5,2023-07-14,2024-07-08
54950,14950,Professional,Monthly,374.21,2.5,2026-07-10,2026-08-09
54951,14951,Business,Annual,752.06,8.7,2023-09-05,2024-08-30
54952,14952,Starter,Annual,120.16,16.5,2021-04-25,2022-04-20
54953,14953,Business,Quarterly,903.29,7.4,2024-06-12,2024-09-10
54954,14954,Starter,Annual,106.1,14.9,2024-07-21,2025-07-16
54955,14955,Professional,Annual,416.57,10.0,2026-06-02,2027-05-28
54956,14956,Starter,Annual,137.64,12.9,2021-02-03,2022-01-29
54957,14957,Professional,Quarterly,325.34,8.1,2024-11-12,2025-02-10
54958,14958,Professional,Annual,361.06,1.6,2025-09-29,2026-09-24
54959,14959,Professional,Annual,359.69,15.0,2022-03-25,2023-03-20
54960,14960,Professional,Monthly,338.44,12.3,2024-05-22,2024-06-21
54961,14961,Professional,Monthly,390.56,11.1,2023-12-06,2024-01-05
54962,14962,Business,Quarterly,918.34,2.7,2022-02-09,2022-05-10
54963,14963,Starter,Quarterly,138.3,0.0,2021-11-29,2022-02-27
54964,14964,Business,Monthly,724.02,12.7,2026-07-31,2026-08-30
54965,14965,Business,Quarterly,902.19,0.0,2024-07-01,2024-09-29
54966,14966,Professional,Monthly,419.11,4.6,2021-08-16,2021-09-15
54967,14967,Enterprise,Quarterly,2477.69,12.2,2021-06-15,2021-09-13
54968,14968,Starter,Monthly,116.46,0.0,2022-08-08,2022-09-07
54969,14969,Professional,Annual,316.62,9.8,2023-01-07,2024-01-02
54970,14970,Professional,Quarterly,349.96,5.0,2025-03-15,2025-06-13
54971,14971,Professional,Monthly,349.47,7.2,2022-08-21,2022-09-20
54972,14972,Enterprise,Monthly,2320.66,0.0,2022-08-16,2022-09-15
54973,14973,Professional,Annual,305.59,7.6,2025-08-27,2026-08-22
54974,14974,Business,Monthly,837.69,16.8,2024-11-14,2024-12-14
54975,14975,Enterprise,Quarterly,2528.19,7.7,2024-12-17,2025-03-17
54976,14976,Professional,Annual,376.34,22.9,2023-07-14,2024-07-08
54977,14977,Professional,Monthly,350.75,0.9,2022-10-11,2022-11-10
54978,14978,Starter,Monthly,115.03,24.3,2025-08-15,2025-09-14
54979,14979,Professional,Monthly,331.77,15.4,2022-03-23,2022-04-22
54980,14980,Starter,Annual,133.43,21.1,2021-04-07,2022-04-02
54981,14981,Professional,Monthly,350.01,21.9,2025-08-31,2025-09-30
54982,14982,Business,Monthly,795.75,13.2,2024-06-21,2024-07-21
54983,14983,Business,Monthly,964.28,0.0,2022-09-23,2022-10-23
54984,14984,Professional,Quarterly,330.04,11.2,2022-05-18,2022-08-16
54985,14985,Business,Annual,741.67,0.0,2021-10-15,2022-10-10
54986,14986,Business,Annual,885.56,17.0,2022-01-04,2022-12-30
54987,14987,Professional,Annual,331.68,24.3,2021-03-06,2022-03-01
54988,14988,Professional,Monthly,298.1,12.9,2021-06-11,2021-07-11
54989,14989,Starter,Monthly,123.07,5.8,2025-12-23,2026-01-22
54990,14990,Professional,Annual,407.08,16.5,2022-10-24,2023-10-19
54991,14991,Professional,Quarterly,376.41,15.8,2022-04-26,2022-07-25
54992,14992,Professional,Quarterly,299.72,12.0,2025-07-15,2025-10-13
54993,14993,Business,Monthly,835.18,13.2,2025-11-26,2025-12-26
54994,14994,Starter,Monthly,112.38,4.1,2022-07-21,2022-08-20
54995,14995,Business,Quarterly,921.96,11.8,2022-02-10,2022-05-11
54996,14996,Business,Annual,858.43,14.3,2023-02-04,2024-01-30
54997,14997,Enterprise,Monthly,2003.0,8.1,2026-04-25,2026-05-25
54998,14998,Professional,Quarterly,353.4,6.5,2023-05-16,2023-08-14
54999,14999,Starter,Monthly,141.12,9.8,2024-01-23,2024-02-22
55000,15000,Business,Annual,844.71,11.1,2024-05-20,2025-05-15
55001,15001,Professional,Annual,404.12,10.2,2023-01-12,2024-01-07
55002,15002,Business,Monthly,863.94,11.8,2026-01-06,2026-02-05
55003,15003,Enterprise,Monthly,2453.39,9.7,2021-02-12,2021-03-14
55004,15004,Starter,Monthly,135.01,12.6,2025-01-05,2025-02-04
55005,15005,Professional,Monthly,390.69,14.6,2025-03-19,2025-04-18
55006,15006,Starter,Quarterly,128.82,8.7,2023-06-30,2023-09-28
55007,15007,Business,Quarterly,1005.87,9.1,2022-08-30,2022-11-28
55008,15008,Starter,Monthly,141.0,7.6,2024-11-19,2024-12-19
55009,15009,Starter,Monthly,114.72,4.1,2025-08-30,2025-09-29
55010,15010,Starter,Quarterly,131.18,9.2,2022-12-20,2023-03-20
55011,15011,Business,Annual,920.28,0.0,2021-08-02,2022-07-28
55012,15012,Professional,Monthly,322.03,12.2,2021-05-12,2021-06-11
55013,15013,Professional,Quarterly,329.97,22.8,2026-08-19,2026-11-17
55014,15014,Starter,Monthly,115.05,5.7,2025-11-02,2025-12-02
55015,15015,Professional,Monthly,338.12,18.7,2021-06-02,2021-07-02
55016,15016,Business,Monthly,976.67,10.6,2022-04-28,2022-05-28
55017,15017,Professional,Monthly,390.28,1.9,2026-07-14,2026-08-13
55018,15018,Professional,Monthly,396.45,2.1,2021-11-01,2021-12-01
55019,15019,Professional,Monthly,409.35,12.2,2026-07-10,2026-08-09
55020,15020,Enterprise,Monthly,2266.04,5.6,2023-09-20,2023-10-20
55021,15021,Starter,Monthly,137.09,22.5,2025-04-01,2025-05-01
55022,15022,Professional,Monthly,382.68,8.0,2021-12-09,2022-01-08
55023,15023,Professional,Monthly,354.44,0.1,2022-12-16,2023-01-15
55024,15024,Professional,Quarterly,321.25,7.7,2025-09-06,2025-12-05
55025,15025,Business,Annual,850.51,0.0,2023-11-24,2024-11-18
55026,15026,Professional,Annual,322.81,0.0,2022-04-16,2023-04-11
55027,15027,Business,Monthly,807.93,9.3,2023-01-11,2023-02-10
55028,15028,Professional,Annual,332.23,8.8,2022-05-28,2023-05-23
55029,15029,Professional,Monthly,390.73,13.4,2024-02-13,2024-03-14
55030,15030,Business,Monthly,873.57,7.9,2022-07-13,2022-08-12
55031,15031,Professional,Annual,394.66,24.5,2023-03-03,2024-02-26
55032,15032,Professional,Quarterly,404.98,11.1,2024-04-16,2024-07-15
55033,15033,Enterprise,Monthly,2340.99,18.5,2025-10-15,2025-11-14
55034,15034,Business,Annual,843.64,11.6,2021-12-26,2022-12-21
55035,15035,Business,Annual,977.39,14.5,2021-10-12,2022-10-07
55036,15036,Professional,Annual,367.02,15.2,2025-10-24,2026-10-19
55037,15037,Professional,Monthly,402.47,15.8,2024-10-15,2024-11-14
55038,15038,Enterprise,Annual,2074.38,7.6,2025-03-03,2026-02-26
55039,15039,Starter,Quarterly,125.76,18.3,2024-03-10,2024-06-08
55040,15040,Business,Annual,785.5,0.4,2025-08-19,2026-08-14
55041,15041,Enterprise,Monthly,2407.74,23.1,2024-05-30,2024-06-29
55042,15042,Business,Monthly,897.1,3.3,2024-11-13,2024-12-13
55043,15043,Starter,Monthly,125.35,5.1,2024-09-15,2024-10-15
55044,15044,Business,Quarterly,912.63,0.1,2023-01-13,2023-04-13
55045,15045,Business,Quarterly,834.18,8.8,2024-11-17,2025-02-15
55046,15046,Business,Monthly,779.61,12.5,2021-12-24,2022-01-23
55047,15047,Business,Quarterly,962.41,15.0,2026-05-07,2026-08-05
55048,15048,Professional,Annual,344.59,11.4,2021-02-09,2022-02-04
55049,15049,Starter,Quarterly,143.54,23.5,2022-04-03,2022-07-02
55050,15050,Professional,Monthly,356.42,8.7,2026-05-23,2026-06-22
55051,15051,Starter,Monthly,122.58,12.0,2021-07-16,2021-08-15
55052,15052,Business,Annual,924.15,21.4,2026-02-18,2027-02-13
55053,15053,Professional,Annual,379.18,18.4,2025-10-01,2026-09-26
55054,15054,Professional,Quarterly,319.61,6.7,2023-07-27,2023-10-25
55055,15055,Starter,Annual,113.44,3.0,2021-01-30,2022-01-25
55056,15056,Starter,Monthly,111.72,11.0,2025-08-29,2025-09-28
55057,15057,Professional,Monthly,304.04,7.3,2022-01-25,2022-02-24
55058,15058,Business,Monthly,729.17,14.9,2024-02-19,2024-03-20
55059,15059,Professional,Quarterly,376.51,0.0,2021-12-13,2022-03-13
55060,15060,Business,Monthly,870.83,9.8,2021-04-29,2021-05-29
55061,15061,Professional,Monthly,407.09,2.3,2022-06-04,2022-07-04
55062,15062,Business,Monthly,811.98,9.8,2024-05-23,2024-06-22
55063,15063,Starter,Monthly,135.08,16.4,2022-08-07,2022-09-06
55064,15064,Starter,Monthly,106.33,28.6,2025-09-05,2025-10-05
55065,15065,Starter,Annual,136.29,11.7,2024-08-05,2025-07-31
55066,15066,Starter,Annual,140.69,19.1,2026-06-05,2027-05-31
55067,15067,Enterprise,Annual,2353.05,3.8,2023-11-12,2024-11-06
55068,15068,Enterprise,Monthly,2436.69,0.0,2023-01-12,2023-02-11
55069,15069,Business,Monthly,1016.37,17.8,2022-11-03,2022-12-03
55070,15070,Professional,Annual,343.83,12.4,2025-11-07,2026-11-02
55071,15071,Professional,Annual,301.1,8.3,2025-08-13,2026-08-08
55072,15072,Business,Annual,925.57,5.5,2026-09-09,2027-09-04
55073,15073,Professional,Quarterly,299.13,12.8,2025-08-24,2025-11-22
55074,15074,Enterprise,Monthly,2307.6,0.0,2021-03-04,2021-04-03
55075,15075,Starter,Quarterly,127.09,1.6,2024-12-24,2025-03-24
55076,15076,Professional,Quarterly,369.1,5.6,2021-06-06,2021-09-04
55077,15077,Enterprise,Annual,1997.76,12.9,2023-02-16,2024-02-11
55078,15078,Enterprise,Monthly,1929.04,13.2,2026-03-19,2026-04-18
55079,15079,Business,Monthly,992.55,14.8,2024-09-12,2024-10-12
55080,15080,Professional,Monthly,363.85,9.1,2024-08-31,2024-09-30
55081,15081,Business,Monthly,818.62,15.0,2021-01-06,2021-02-05
55082,15082,Starter,Quarterly,134.41,1.0,2024-07-03,2024-10-01
55083,15083,Starter,Annual,140.71,6.6,2026-03-18,2027-03-13
55084,15084,Professional,Monthly,347.02,3.1,2023-04-01,2023-05-01
55085,15085,Business,Monthly,751.75,13.4,2024-09-05,2024-10-05
55086,15086,Starter,Monthly,131.09,6.3,2026-07-17,2026-08-16
55087,15087,Professional,Quarterly,408.67,14.0,2021-01-04,2021-04-04
55088,15088,Professional,Quarterly,417.6,12.7,2021-01-31,2021-05-01
55089,15089,Professional,Quarterly,397.16,9.1,2026-01-31,2026-05-01
55090,15090,Starter,Monthly,113.27,4.6,2025-07-11,2025-08-10
55091,15091,Starter,Annual,117.05,12.0,2024-07-22,2025-07-17
55092,15092,Business,Monthly,763.18,9.1,2022-12-10,2023-01-09
55093,15093,Professional,Monthly,384.81,15.7,2023-06-05,2023-07-05
55094,15094,Business,Annual,772.85,0.0,2024-04-15,2025-04-10
55095,15095,Professional,Annual,350.42,10.5,2026-06-03,2027-05-29
55096,15096,Starter,Annual,124.33,6.9,2023-01-18,2024-01-13
55097,15097,Starter,Monthly,118.07,5.6,2022-05-16,2022-06-15
55098,15098,Starter,Annual,108.29,20.3,2021-07-24,2022-07-19
55099,15099,Starter,Monthly,114.17,6.1,2025-01-23,2025-02-22
55100,15100,Starter,Monthly,128.58,0.0,2024-11-07,2024-12-07
55101,15101,Professional,Annual,386.54,13.8,2021-11-29,2022-11-24
55102,15102,Business,Monthly,905.35,17.4,2021-06-15,2021-07-15
55103,15103,Business,Annual,1009.81,13.2,2021-01-06,2022-01-01
55104,15104,Enterprise,Monthly,2342.5,0.0,2022-06-16,2022-07-16
55105,15105,Business,Monthly,789.54,9.7,2025-08-28,2025-09-27
55106,15106,Starter,Monthly,122.62,3.6,2026-09-24,2026-10-24
55107,15107,Professional,Annual,399.94,20.6,2022-04-02,2023-03-28
55108,15108,Starter,Monthly,115.68,7.1,2021-08-15,2021-09-14
55109,15109,Business,Quarterly,941.77,12.3,2026-08-09,2026-11-07
55110,15110,Starter,Quarterly,134.98,11.9,2026-10-01,2026-12-30
55111,15111,Starter,Annual,141.23,16.0,2025-10-09,2026-10-04
55112,15112,Starter,Annual,118.85,20.4,2022-04-16,2023-04-11
55113,15113,Enterprise,Monthly,2069.76,9.3,2023-06-16,2023-07-16
55114,15114,Business,Monthly,873.61,1.8,2024-08-13,2024-09-12
55115,15115,Professional,Monthly,419.23,21.3,2025-07-23,2025-08-22
55116,15116,Professional,Annual,408.01,6.6,2025-03-06,2026-03-01
55117,15117,Starter,Annual,113.93,14.5,2024-05-10,2025-05-05
55118,15118,Starter,Annual,110.26,7.3,2024-12-16,2025-12-11
55119,15119,Professional,Monthly,355.93,9.4,2022-11-05,2022-12-05
55120,15120,Professional,Annual,317.81,0.0,2024-01-02,2024-12-27
55121,15121,Professional,Monthly,390.36,8.9,2024-05-17,2024-06-16
55122,15122,Professional,Monthly,301.99,13.2,2023-06-17,2023-07-17
55123,15123,Enterprise,Quarterly,2043.04,3.8,2026-05-17,2026-08-15
55124,15124,Professional,Quarterly,299.73,18.6,2023-04-28,2023-07-27
55125,15125,Enterprise,Quarterly,2044.59,20.8,2026-05-21,2026-08-19
55126,15126,Business,Monthly,738.06,10.6,2022-10-09,2022-11-08
55127,15127,Business,Monthly,922.88,12.8,2022-03-14,2022-04-13
55128,15128,Business,Monthly,892.16,12.5,2025-02-09,2025-03-11
55129,15129,Professional,Monthly,323.7,6.8,2025-09-22,2025-10-22
55130,15130,Professional,Monthly,322.62,5.1,2025-04-15,2025-05-15
55131,15131,Starter,Annual,114.23,4.5,2025-10-10,2026-10-05
55132,15132,Starter,Monthly,135.52,1.6,2021-11-22,2021-12-22
55133,15133,Starter,Annual,108.32,5.9,2021-11-18,2022-11-13
55134,15134,Professional,Monthly,312.41,17.1,2024-04-24,2024-05-24
55135,15135,Starter,Monthly,123.34,6.6,2021-09-23,2021-10-23
55136,15136,Professional,Monthly,403.46,13.7,2023-04-22,2023-05-22
55137,15137,Business,Quarterly,789.17,13.4,2021-11-25,2022-02-23
55138,15138,Business,Monthly,754.11,10.7,2022-11-14,2022-12-14
55139,15139,Professional,Annual,357.73,12.0,2026-09-03,2027-08-29
55140,15140,Starter,Monthly,132.75,1.7,2024-07-08,2024-08-07
55141,15141,Starter,Monthly,127.97,10.7,2024-10-10,2024-11-09
55142,15142,Starter,Monthly,119.56,5.8,2026-03-27,2026-04-26
55143,15143,Professional,Monthly,302.45,18.5,2024-09-18,2024-10-18
55144,15144,Enterprise,Quarterly,2101.46,13.2,2026-03-03,2026-06-01
55145,15145,Starter,Monthly,140.61,15.6,2026-06-02,2026-07-02
55146,15146,Professional,Monthly,324.8,8.9,2022-09-24,2022-10-24
55147,15147,Business,Annual,905.15,4.8,2021-11-17,2022-11-12
55148,15148,Starter,Quarterly,140.11,8.3,2025-01-10,2025-04-10
55149,15149,Enterprise,Monthly,2245.84,0.0,2024-11-01,2024-12-01
55150,15150,Professional,Quarterly,352.17,3.7,2021-07-22,2021-10-20
55151,15151,Enterprise,Monthly,1978.62,0.3,2022-09-19,2022-10-19
55152,15152,Professional,Annual,417.62,8.3,2026-02-12,2027-02-07
55153,15153,Starter,Annual,109.42,16.0,2026-09-11,2027-09-06
55154,15154,Professional,Quarterly,356.48,8.0,2022-12-28,2023-03-28
55155,15155,Starter,Monthly,109.2,2.2,2023-08-12,2023-09-11
55156,15156,Professional,Annual,340.18,13.9,2025-12-27,2026-12-22
55157,15157,Enterprise,Monthly,2550.69,0.0,2021-03-11,2021-04-10
55158,15158,Business,Monthly,913.89,1.6,2023-12-31,2024-01-30
55159,15159,Professional,Quarterly,298.71,11.9,2025-07-05,2025-10-03
55160,15160,Professional,Monthly,415.93,17.8,2021-06-07,2021-07-07
55161,15161,Professional,Annual,393.53,8.6,2022-07-03,2023-06-28
55162,15162,Starter,Annual,143.9,0.0,2026-01-14,2027-01-09
55163,15163,Starter,Monthly,134.04,10.8,2026-05-06,2026-06-05
55164,15164,Starter,Quarterly,134.12,23.2,2023-11-25,2024-02-23
55165,15165,Professional,Monthly,383.17,17.0,2023-06-05,2023-07-05
55166,15166,Professional,Annual,349.35,6.2,2022-05-26,2023-05-21
55167,15167,Starter,Annual,115.23,7.8,2022-01-03,2022-12-29
55168,15168,Enterprise,Monthly,2274.39,13.9,2026-03-26,2026-04-25
55169,15169,Starter,Annual,109.49,13.7,2023-06-02,2024-05-27
55170,15170,Starter,Quarterly,132.34,0.0,2025-12-03,2026-03-03
55171,15171,Business,Quarterly,1019.2,10.6,2024-07-17,2024-10-15
55172,15172,Business,Monthly,901.28,19.4,2022-10-31,2022-11-30
55173,15173,Enterprise,Monthly,2529.47,9.0,2022-10-28,2022-11-27
55174,15174,Professional,Quarterly,318.61,7.8,2021-09-17,2021-12-16
55175,15175,Starter,Monthly,136.65,22.1,2025-02-17,2025-03-19
55176,15176,Enterprise,Quarterly,2568.72,10.1,2021-11-09,2022-02-07
55177,15177,Enterprise,Quarterly,2515.93,15.1,2026-01-19,2026-04-19
55178,15178,Enterprise,Monthly,2352.99,15.6,2025-03-14,2025-04-13
55179,15179,Business,Monthly,998.1,11.6,2025-02-09,2025-03-11
55180,15180,Starter,Monthly,142.38,4.4,2022-11-05,2022-12-05
55181,15181,Business,Quarterly,965.07,0.0,2024-11-24,2025-02-22
55182,15182,Enterprise,Annual,2291.28,5.0,2026-07-14,2027-07-09
55183,15183,Professional,Monthly,399.82,6.8,2024-11-07,2024-12-07
55184,15184,Business,Monthly,833.15,17.5,2024-02-22,2024-03-23
55185,15185,Business,Monthly,825.61,14.0,2025-08-19,2025-09-18
55186,15186,Starter,Monthly,116.61,3.5,2025-09-25,2025-10-25
55187,15187,Professional,Quarterly,321.9,7.1,2021-11-24,2022-02-22
55188,15188,Business,Quarterly,907.83,4.9,2025-05-08,2025-08-06
55189,15189,Professional,Monthly,378.53,2.2,2021-04-08,2021-05-08
55190,15190,Professional,Quarterly,402.81,8.8,2022-10-21,2023-01-19
55191,15191,Professional,Quarterly,382.58,16.4,2026-09-09,2026-12-08
55192,15192,Starter,Quarterly,134.76,0.5,2024-01-03,2024-04-02
55193,15193,Professional,Monthly,381.88,18.3,2023-10-15,2023-11-14
55194,15194,Professional,Monthly,382.89,11.4,2023-07-12,2023-08-11
55195,15195,Starter,Quarterly,116.3,11.0,2025-05-28,2025-08-26
55196,15196,Business,Annual,1009.85,8.2,2024-08-06,2025-08-01
55197,15197,Enterprise,Monthly,2361.87,10.6,2022-10-01,2022-10-31
55198,15198,Starter,Annual,126.66,9.5,2021-03-26,2022-03-21
55199,15199,Professional,Quarterly,401.28,10.6,2024-07-01,2024-09-29
55200,15200,Professional,Monthly,349.07,6.3,2026-01-22,2026-02-21
55201,15201,Professional,Monthly,309.29,14.5,2022-06-03,2022-07-03
55202,15202,Professional,Monthly,326.91,0.0,2024-08-23,2024-09-22
55203,15203,Professional,Annual,396.49,15.4,2021-07-03,2022-06-28
55204,15204,Professional,Monthly,387.15,14.0,2023-08-31,2023-09-30
55205,15205,Starter,Quarterly,106.92,13.6,2021-08-15,2021-11-13
55206,15206,Professional,Quarterly,306.03,12.9,2023-04-17,2023-07-16
55207,15207,Business,Quarterly,907.52,12.0,2024-06-28,2024-09-26
55208,15208,Starter,Annual,141.42,15.3,2021-06-19,2022-06-14
55209,15209,Professional,Annual,318.93,12.6,2022-07-20,2023-07-15
55210,15210,Starter,Quarterly,125.06,7.4,2026-04-20,2026-07-19
55211,15211,Professional,Monthly,396.97,5.5,2023-04-07,2023-05-07
55212,15212,Starter,Monthly,124.21,9.6,2022-08-29,2022-09-28
55213,15213,Professional,Annual,340.51,19.9,2021-12-16,2022-12-11
55214,15214,Business,Monthly,957.7,15.5,2021-04-09,2021-05-09
55215,15215,Professional,Annual,391.98,13.4,2025-11-05,2026-10-31
55216,15216,Business,Quarterly,969.57,0.0,2025-12-10,2026-03-10
55217,15217,Professional,Monthly,413.27,0.0,2023-11-27,2023-12-27
55218,15218,Enterprise,Annual,1985.99,12.3,2021-03-16,2022-03-11
55219,15219,Professional,Annual,339.25,18.3,2022-02-06,2023-02-01
55220,15220,Starter,Quarterly,143.41,6.6,2021-07-07,2021-10-05
55221,15221,Enterprise,Monthly,2327.79,10.4,2021-05-19,2021-06-18
55222,15222,Starter,Quarterly,130.15,6.8,2021-05-23,2021-08-21
55223,15223,Enterprise,Quarterly,2550.75,1.9,2021-04-18,2021-07-17
55224,15224,Professional,Quarterly,382.15,6.7,2021-08-09,2021-11-07
55225,15225,Starter,Annual,130.7,10.9,2021-05-25,2022-05-20
55226,15226,Business,Monthly,753.59,22.0,2022-05-25,2022-06-24
55227,15227,Starter,Monthly,123.29,9.0,2021-01-05,2021-02-04
55228,15228,Starter,Monthly,130.27,10.0,2022-01-23,2022-02-22
55229,15229,Professional,Monthly,396.39,20.2,2025-10-24,2025-11-23
55230,15230,Business,Quarterly,845.44,14.3,2026-03-11,2026-06-09
55231,15231,Starter,Monthly,107.19,14.1,2022-07-14,2022-08-13
55232,15232,Professional,Quarterly,342.31,14.5,2026-01-14,2026-04-14
55233,15233,Business,Monthly,850.35,6.8,2025-11-07,2025-12-07
55234,15234,Starter,Monthly,133.54,10.5,2025-11-19,2025-12-19
55235,15235,Professional,Annual,299.92,13.1,2021-12-31,2022-12-26
55236,15236,Enterprise,Annual,2167.06,7.0,2022-02-21,2023-02-16
55237,15237,Enterprise,Annual,2214.87,8.9,2025-06-24,2026-06-19
55238,15238,Starter,Quarterly,125.1,8.5,2026-08-31,2026-11-29
55239,15239,Business,Quarterly,1011.07,1.4,2022-06-01,2022-08-30
55240,15240,Business,Annual,942.83,19.8,2024-05-05,2025-04-30
55241,15241,Business,Monthly,788.67,7.2,2022-10-23,2022-11-22
55242,15242,Professional,Annual,375.12,5.6,2021-11-26,2022-11-21
55243,15243,Starter,Monthly,116.54,12.5,2022-01-13,2022-02-12
55244,15244,Starter,Quarterly,136.08,21.0,2021-06-09,2021-09-07
55245,15245,Professional,Annual,318.46,5.7,2022-10-20,2023-10-15
55246,15246,Starter,Quarterly,108.07,9.8,2024-06-17,2024-09-15
55247,15247,Business,Annual,752.66,0.0,2021-03-20,2022-03-15
55248,15248,Starter,Monthly,124.85,23.3,2022-11-24,2022-12-24
55249,15249,Business,Quarterly,759.17,5.6,2026-07-31,2026-10-29
55250,15250,Starter,Monthly,103.75,0.0,2024-05-09,2024-06-08
55251,15251,Professional,Annual,338.23,17.3,2023-08-09,2024-08-03
55252,15252,Professional,Monthly,395.28,0.8,2026-06-12,2026-07-12
55253,15253,Professional,Annual,316.62,0.3,2023-05-16,2024-05-10
55254,15254,Professional,Monthly,341.34,2.0,2022-01-26,2022-02-25
55255,15255,Professional,Quarterly,350.88,5.9,2026-02-25,2026-05-26
55256,15256,Starter,Monthly,138.79,21.3,2024-11-09,2024-12-09
55257,15257,Starter,Quarterly,122.01,0.0,2023-03-31,2023-06-29
55258,15258,Professional,Quarterly,360.21,15.3,2021-12-06,2022-03-06
55259,15259,Starter,Annual,112.69,4.3,2025-04-04,2026-03-30
55260,15260,Starter,Monthly,130.08,5.5,2021-05-12,2021-06-11
55261,15261,Starter,Monthly,103.08,7.3,2022-01-12,2022-02-11
55262,15262,Business,Quarterly,1009.42,8.8,2022-10-02,2022-12-31
55263,15263,Professional,Annual,358.52,12.2,2025-03-02,2026-02-25
55264,15264,Starter,Quarterly,104.6,0.0,2022-03-17,2022-06-15
55265,15265,Starter,Annual,125.49,26.0,2025-10-08,2026-10-03
55266,15266,Professional,Monthly,360.46,9.6,2024-04-18,2024-05-18
55267,15267,Professional,Quarterly,326.99,1.0,2021-08-29,2021-11-27
55268,15268,Business,Annual,784.62,20.0,2025-12-15,2026-12-10
55269,15269,Enterprise,Annual,2078.49,8.6,2021-01-23,2022-01-18
55270,15270,Professional,Quarterly,313.39,8.4,2024-04-18,2024-07-17
55271,15271,Business,Monthly,880.6,16.0,2026-03-03,2026-04-02
55272,15272,Professional,Annual,405.17,0.0,2021-06-24,2022-06-19
55273,15273,Professional,Annual,410.58,14.5,2021-07-17,2022-07-12
55274,15274,Starter,Monthly,142.03,11.2,2021-04-09,2021-05-09
55275,15275,Professional,Quarterly,371.05,5.4,2023-01-15,2023-04-15
55276,15276,Professional,Monthly,373.64,7.7,2024-12-21,2025-01-20
55277,15277,Professional,Quarterly,335.54,4.8,2022-03-29,2022-06-27
55278,15278,Starter,Quarterly,139.18,10.5,2025-11-17,2026-02-15
55279,15279,Business,Monthly,867.72,11.4,2022-05-14,2022-06-13
55280,15280,Business,Annual,805.59,1.4,2021-05-21,2022-05-16
55281,15281,Professional,Monthly,415.79,4.1,2025-09-11,2025-10-11
55282,15282,Starter,Monthly,131.63,0.0,2022-11-07,2022-12-07
55283,15283,Professional,Monthly,354.42,1.5,2025-01-03,2025-02-02
55284,15284,Enterprise,Monthly,1922.85,3.8,2023-07-07,2023-08-06
55285,15285,Business,Monthly,764.2,0.0,2025-12-28,2026-01-27
55286,15286,Starter,Quarterly,110.25,12.6,2022-12-09,2023-03-09
55287,15287,Professional,Monthly,408.1,14.7,2025-09-27,2025-10-27
55288,15288,Enterprise,Monthly,2618.12,25.9,2026-02-24,2026-03-26
55289,15289,Professional,Annual,330.2,12.6,2022-07-15,2023-07-10
55290,15290,Starter,Monthly,122.93,3.7,2023-09-24,2023-10-24
55291,15291,Business,Annual,958.09,9.7,2021-02-28,2022-02-23
55292,15292,Professional,Monthly,344.62,12.8,2024-04-05,2024-05-05
55293,15293,Professional,Annual,357.82,12.3,2023-08-25,2024-08-19
55294,15294,Professional,Monthly,406.23,2.6,2025-06-13,2025-07-13
55295,15295,Business,Monthly,784.23,19.4,2025-12-12,2026-01-11
55296,15296,Starter,Annual,143.74,14.6,2021-09-20,2022-09-15
55297,15297,Professional,Monthly,353.4,17.1,2024-12-25,2025-01-24
55298,15298,Business,Monthly,799.35,17.9,2021-12-20,2022-01-19
55299,15299,Business,Quarterly,988.02,15.7,2023-07-30,2023-10-28
55300,15300,Starter,Monthly,105.21,14.0,2021-02-16,2021-03-18
55301,15301,Professional,Monthly,376.18,13.2,2023-01-23,2023-02-22
55302,15302,Starter,Monthly,104.59,11.2,2024-08-25,2024-09-24
55303,15303,Professional,Annual,413.41,8.5,2021-08-18,2022-08-13
55304,15304,Starter,Monthly,128.87,11.0,2026-04-09,2026-05-09
55305,15305,Starter,Monthly,118.71,3.8,2023-01-27,2023-02-26
55306,15306,Professional,Monthly,349.49,16.0,2023-02-01,2023-03-03
55307,15307,Enterprise,Monthly,1997.16,6.4,2024-01-06,2024-02-05
55308,15308,Enterprise,Monthly,2147.21,6.1,2021-08-26,2021-09-25
55309,15309,Professional,Quarterly,408.22,10.3,2021-03-19,2021-06-17
55310,15310,Professional,Annual,396.16,10.8,2026-06-08,2027-06-03
55311,15311,Starter,Monthly,129.78,10.7,2023-11-19,2023-12-19
55312,15312,Starter,Monthly,142.65,15.5,2024-03-04,2024-04-03
55313,15313,Business,Quarterly,893.1,18.9,2021-12-17,2022-03-17
55314,15314,Business,Monthly,774.94,4.3,2023-07-02,2023-08-01
55315,15315,Business,Monthly,934.8,8.1,2021-12-16,2022-01-15
55316,15316,Enterprise,Monthly,2325.77,8.4,2024-07-28,2024-08-27
55317,15317,Enterprise,Annual,2206.14,9.9,2021-10-19,2022-10-14
55318,15318,Starter,Annual,108.17,11.2,2024-04-27,2025-04-22
55319,15319,Enterprise,Monthly,2391.8,3.2,2022-04-13,2022-05-13
55320,15320,Professional,Annual,351.9,14.6,2024-06-19,2025-06-14
55321,15321,Business,Annual,894.64,11.7,2024-04-22,2025-04-17
55322,15322,Professional,Monthly,336.14,5.4,2021-08-18,2021-09-17
55323,15323,Professional,Quarterly,316.58,13.2,2023-12-01,2024-02-29
55324,15324,Starter,Monthly,117.12,6.9,2023-03-04,2023-04-03
55325,15325,Starter,Monthly,137.79,10.3,2023-04-04,2023-05-04
55326,15326,Business,Annual,769.97,4.7,2025-08-21,2026-08-16
55327,15327,Enterprise,Quarterly,2232.85,15.3,2023-04-16,2023-07-15
55328,15328,Starter,Monthly,114.5,9.0,2026-08-20,2026-09-19
55329,15329,Starter,Monthly,142.42,12.1,2021-03-28,2021-04-27
55330,15330,Starter,Annual,105.56,13.7,2024-09-24,2025-09-19
55331,15331,Starter,Monthly,112.3,15.7,2021-01-04,2021-02-03
55332,15332,Starter,Monthly,120.88,17.1,2024-05-05,2024-06-04
55333,15333,Starter,Monthly,112.39,15.6,2026-01-19,2026-02-18
55334,15334,Starter,Quarterly,131.68,11.6,2025-03-02,2025-05-31
55335,15335,Enterprise,Quarterly,2155.58,11.5,2026-06-01,2026-08-30
55336,15336,Business,Monthly,954.78,4.5,2025-01-14,2025-02-13
55337,15337,Professional,Monthly,365.03,15.3,2024-02-05,2024-03-06
55338,15338,Enterprise,Annual,2198.65,0.0,2023-05-31,2024-05-25
55339,15339,Starter,Monthly,117.32,15.1,2024-11-02,2024-12-02
55340,15340,Business,Monthly,788.55,4.6,2026-05-30,2026-06-29
55341,15341,Professional,Quarterly,328.44,20.1,2023-07-25,2023-10-23
55342,15342,Starter,Monthly,109.41,13.2,2026-02-22,2026-03-24
55343,15343,Professional,Quarterly,401.84,11.7,2025-10-17,2026-01-15
55344,15344,Enterprise,Monthly,2292.18,10.3,2021-01-02,2021-02-01
55345,15345,Starter,Monthly,122.28,18.7,2024-02-19,2024-03-20
55346,15346,Starter,Monthly,115.53,4.2,2025-06-27,2025-07-27
55347,15347,Enterprise,Monthly,2267.99,14.2,2021-05-29,2021-06-28
55348,15348,Starter,Quarterly,139.07,14.5,2021-06-01,2021-08-30
55349,15349,Professional,Annual,402.37,10.3,2026-04-24,2027-04-19
55350,15350,Enterprise,Quarterly,2331.3,9.5,2026-08-06,2026-11-04
55351,15351,Enterprise,Quarterly,2278.07,20.2,2025-08-30,2025-11-28
55352,15352,Enterprise,Monthly,2043.85,3.2,2026-01-26,2026-02-25
55353,15353,Professional,Annual,382.38,0.0,2022-04-20,2023-04-15
55354,15354,Starter,Quarterly,137.84,9.3,2024-10-19,2025-01-17
55355,15355,Business,Quarterly,813.44,8.9,2023-03-18,2023-06-16
55356,15356,Business,Monthly,852.07,10.3,2023-12-31,2024-01-30
55357,15357,Professional,Monthly,310.57,6.0,2025-07-22,2025-08-21
55358,15358,Business,Annual,977.81,10.0,2026-09-12,2027-09-07
55359,15359,Enterprise,Monthly,1945.24,0.0,2024-03-26,2024-04-25
55360,15360,Business,Quarterly,932.04,26.0,2024-09-15,2024-12-14
55361,15361,Starter,Monthly,109.85,2.4,2025-09-27,2025-10-27
55362,15362,Starter,Monthly,132.81,13.6,2026-06-20,2026-07-20
55363,15363,Professional,Annual,376.23,9.4,2025-04-12,2026-04-07
55364,15364,Starter,Annual,131.0,10.0,2024-06-04,2025-05-30
55365,15365,Starter,Annual,128.7,5.7,2022-01-02,2022-12-28
55366,15366,Professional,Quarterly,346.09,15.6,2025-12-06,2026-03-06
55367,15367,Business,Annual,907.01,7.6,2026-07-30,2027-07-25
55368,15368,Business,Annual,792.31,8.5,2026-07-17,2027-07-12
55369,15369,Starter,Annual,113.51,2.8,2022-06-22,2023-06-17
55370,15370,Professional,Annual,305.48,20.0,2025-04-04,2026-03-30
55371,15371,Starter,Monthly,127.74,8.1,2026-08-26,2026-09-25
55372,15372,Professional,Quarterly,400.5,5.7,2023-03-02,2023-05-31
55373,15373,Professional,Monthly,343.86,10.1,2024-05-11,2024-06-10
55374,15374,Professional,Annual,323.06,24.6,2026-05-03,2027-04-28
55375,15375,Starter,Quarterly,136.61,0.0,2025-08-29,2025-11-27
55376,15376,Starter,Monthly,129.05,20.4,2023-12-19,2024-01-18
55377,15377,Business,Monthly,988.33,21.3,2023-10-06,2023-11-05
55378,15378,Starter,Monthly,102.26,9.2,2021-02-17,2021-03-19
55379,15379,Business,Quarterly,841.84,0.0,2022-10-22,2023-01-20
55380,15380,Starter,Monthly,139.84,7.8,2024-12-06,2025-01-05
55381,15381,Starter,Quarterly,130.37,7.3,2021-04-24,2021-07-23
55382,15382,Starter,Annual,121.69,0.0,2022-03-14,2023-03-09
55383,15383,Business,Annual,845.83,0.0,2021-06-11,2022-06-06
55384,15384,Starter,Monthly,139.6,18.0,2022-05-19,2022-06-18
55385,15385,Enterprise,Quarterly,2510.48,14.0,2023-11-26,2024-02-24
55386,15386,Business,Annual,726.16,1.9,2023-10-03,2024-09-27
55387,15387,Business,Annual,758.52,11.4,2025-07-29,2026-07-24
55388,15388,Professional,Monthly,360.26,0.0,2024-10-26,2024-11-25
55389,15389,Enterprise,Monthly,1958.27,0.0,2025-02-18,2025-03-20
55390,15390,Professional,Monthly,331.16,5.8,2026-07-03,2026-08-02
55391,15391,Professional,Monthly,399.78,4.2,2022-04-25,2022-05-25
55392,15392,Professional,Annual,344.8,7.6,2023-08-15,2024-08-09
55393,15393,Starter,Monthly,120.94,9.3,2021-06-08,2021-07-08
55394,15394,Starter,Monthly,109.32,4.3,2023-01-25,2023-02-24
55395,15395,Enterprise,Monthly,2333.78,14.0,2026-01-11,2026-02-10
55396,15396,Business,Monthly,758.29,16.8,2021-07-23,2021-08-22
55397,15397,Professional,Quarterly,374.7,0.0,2022-05-27,2022-08-25
55398,15398,Professional,Quarterly,388.98,22.7,2026-06-11,2026-09-09
55399,15399,Business,Monthly,982.4,7.1,2021-04-26,2021-05-26
55400,15400,Professional,Monthly,368.85,9.8,2022-01-27,2022-02-26
55401,15401,Professional,Annual,338.16,8.9,2024-05-23,2025-05-18
55402,15402,Professional,Monthly,401.83,12.7,2025-03-15,2025-04-14
55403,15403,Starter,Quarterly,127.06,11.7,2023-01-11,2023-04-11
55404,15404,Starter,Monthly,117.04,13.2,2021-02-06,2021-03-08
55405,15405,Enterprise,Monthly,2118.36,0.0,2023-09-13,2023-10-13
55406,15406,Enterprise,Monthly,2116.87,24.1,2025-03-16,2025-04-15
55407,15407,Professional,Quarterly,304.4,17.7,2022-01-04,2022-04-04
55408,15408,Professional,Annual,309.91,0.1,2026-05-12,2027-05-07
55409,15409,Business,Monthly,749.19,7.2,2023-03-25,2023-04-24
55410,15410,Business,Annual,815.38,0.0,2025-10-03,2026-09-28
55411,15411,Starter,Monthly,121.91,0.0,2024-01-29,2024-02-28
55412,15412,Professional,Monthly,315.58,8.5,2024-01-04,2024-02-03
55413,15413,Starter,Monthly,136.77,13.3,2024-10-23,2024-11-22
55414,15414,Enterprise,Annual,1920.52,15.9,2025-07-06,2026-07-01
55415,15415,Business,Monthly,1003.73,0.5,2026-07-25,2026-08-24
55416,15416,Starter,Annual,105.13,23.9,2025-08-06,2026-08-01
55417,15417,Enterprise,Monthly,2558.89,14.8,2021-03-16,2021-04-15
55418,15418,Enterprise,Annual,2070.75,1.1,2025-12-19,2026-12-14
55419,15419,Professional,Quarterly,418.38,11.3,2024-06-26,2024-09-24
55420,15420,Professional,Annual,361.36,7.1,2026-06-03,2027-05-29
55421,15421,Business,Quarterly,727.95,1.3,2026-04-11,2026-07-10
55422,15422,Business,Monthly,806.59,6.4,2026-06-09,2026-07-09
55423,15423,Business,Monthly,1002.2,9.8,2025-04-26,2025-05-26
55424,15424,Professional,Monthly,334.21,0.0,2025-01-09,2025-02-08
55425,15425,Enterprise,Monthly,2146.9,8.2,2023-09-07,2023-10-07
55426,15426,Professional,Annual,302.91,13.2,2024-06-09,2025-06-04
55427,15427,Starter,Monthly,112.64,17.2,2025-06-30,2025-07-30
55428,15428,Starter,Monthly,112.89,13.4,2021-10-27,2021-11-26
55429,15429,Starter,Quarterly,132.07,6.7,2022-03-02,2022-05-31
55430,15430,Professional,Monthly,359.46,9.9,2022-02-05,2022-03-07
55431,15431,Starter,Monthly,108.76,12.2,2024-11-02,2024-12-02
55432,15432,Business,Monthly,959.19,11.7,2026-06-06,2026-07-06
55433,15433,Business,Annual,904.43,9.5,2026-04-26,2027-04-21
55434,15434,Business,Monthly,802.37,9.3,2024-07-04,2024-08-03
55435,15435,Business,Annual,789.08,6.3,2023-01-11,2024-01-06
55436,15436,Starter,Monthly,140.85,10.0,2023-05-12,2023-06-11
55437,15437,Professional,Monthly,375.54,7.7,2022-05-09,2022-06-08
55438,15438,Professional,Annual,396.41,1.7,2024-04-20,2025-04-15
55439,15439,Starter,Monthly,111.47,15.1,2021-03-31,2021-04-30
55440,15440,Enterprise,Annual,2323.33,11.7,2021-03-05,2022-02-28
55441,15441,Professional,Quarterly,304.05,5.5,2024-01-17,2024-04-16
55442,15442,Starter,Monthly,126.98,8.6,2023-11-23,2023-12-23
55443,15443,Starter,Annual,110.55,10.5,2024-01-01,2024-12-26
55444,15444,Professional,Monthly,379.46,15.0,2025-04-29,2025-05-29
55445,15445,Starter,Annual,141.14,7.6,2022-05-29,2023-05-24
55446,15446,Starter,Quarterly,121.27,10.1,2021-05-16,2021-08-14
55447,15447,Business,Annual,813.36,19.9,2021-05-01,2022-04-26
55448,15448,Enterprise,Quarterly,1964.92,0.0,2025-02-10,2025-05-11
55449,15449,Enterprise,Quarterly,2386.36,3.4,2023-04-04,2023-07-03
55450,15450,Professional,Monthly,369.06,12.8,2024-01-23,2024-02-22
55451,15451,Professional,Monthly,364.21,16.4,2022-05-20,2022-06-19
55452,15452,Enterprise,Monthly,2590.69,2.4,2026-08-17,2026-09-16
55453,15453,Business,Monthly,1013.5,3.5,2025-06-12,2025-07-12
55454,15454,Professional,Annual,385.33,10.3,2025-10-10,2026-10-05
55455,15455,Business,Annual,780.81,0.0,2023-03-14,2024-03-08
55456,15456,Professional,Quarterly,413.48,8.7,2021-10-05,2022-01-03
55457,15457,Starter,Monthly,116.49,8.9,2025-01-11,2025-02-10
55458,15458,Enterprise,Quarterly,1930.95,8.5,2023-04-07,2023-07-06
55459,15459,Professional,Quarterly,327.03,3.3,2023-08-03,2023-11-01
55460,15460,Business,Annual,969.54,5.9,2026-10-01,2027-09-26
55461,15461,Professional,Annual,322.46,0.0,2024-11-29,2025-11-24
55462,15462,Starter,Monthly,118.59,1.1,2023-02-18,2023-03-20
55463,15463,Starter,Monthly,113.49,7.4,2021-07-30,2021-08-29
55464,15464,Starter,Monthly,104.01,14.3,2023-06-09,2023-07-09
55465,15465,Starter,Annual,125.59,11.6,2026-07-19,2027-07-14
55466,15466,Starter,Quarterly,128.41,14.8,2023-10-04,2024-01-02
55467,15467,Professional,Monthly,394.42,12.3,2025-06-26,2025-07-26
55468,15468,Enterprise,Quarterly,2189.29,19.7,2023-04-25,2023-07-24
55469,15469,Business,Monthly,764.55,4.6,2023-10-13,2023-11-12
55470,15470,Starter,Quarterly,129.39,13.2,2022-02-02,2022-05-03
55471,15471,Business,Quarterly,987.29,11.8,2024-09-06,2024-12-05
55472,15472,Professional,Annual,312.18,10.3,2022-10-01,2023-09-26
55473,15473,Business,Quarterly,776.83,6.0,2022-05-08,2022-08-06
55474,15474,Starter,Annual,115.83,4.8,2025-06-18,2026-06-13
55475,15475,Professional,Monthly,377.16,7.1,2025-02-08,2025-03-10
55476,15476,Business,Annual,878.33,0.5,2025-01-25,2026-01-20
55477,15477,Professional,Annual,384.77,1.3,2022-03-24,2023-03-19
55478,15478,Starter,Monthly,103.32,9.7,2024-01-31,2024-03-01
55479,15479,Professional,Quarterly,396.78,9.7,2022-07-13,2022-10-11
55480,15480,Starter,Quarterly,143.47,9.2,2023-08-28,2023-11-26
55481,15481,Business,Monthly,736.38,0.0,2023-07-26,2023-08-25
55482,15482,Enterprise,Annual,2251.47,0.0,2024-05-12,2025-05-07
55483,15483,Business,Annual,942.62,5.7,2021-03-27,2022-03-22
55484,15484,Business,Monthly,864.23,23.8,2024-09-09,2024-10-09
55485,15485,Business,Annual,898.9,3.2,2026-05-03,2027-04-28
55486,15486,Starter,Monthly,140.68,14.8,2023-05-27,2023-06-26
55487,15487,Starter,Monthly,124.67,6.6,2021-07-25,2021-08-24
55488,15488,Professional,Monthly,326.48,1.5,2026-04-16,2026-05-16
55489,15489,Starter,Monthly,133.02,9.8,2024-12-23,2025-01-22
55490,15490,Business,Monthly,834.19,4.6,2023-03-02,2023-04-01
55491,15491,Starter,Annual,113.97,11.0,2024-08-06,2025-08-01
55492,15492,Professional,Monthly,327.93,10.7,2023-08-05,2023-09-04
55493,15493,Professional,Quarterly,307.22,0.0,2026-06-17,2026-09-15
55494,15494,Professional,Quarterly,411.78,13.6,2025-03-26,2025-06-24
55495,15495,Professional,Monthly,366.51,3.2,2022-07-11,2022-08-10
55496,15496,Enterprise,Monthly,2605.43,11.3,2021-01-30,2021-03-01
55497,15497,Starter,Monthly,138.2,10.5,2025-01-11,2025-02-10
55498,15498,Business,Monthly,731.49,18.8,2024-11-10,2024-12-10
55499,15499,Starter,Quarterly,112.39,9.7,2022-06-13,2022-09-11
55500,15500,Starter,Monthly,115.25,11.7,2023-11-18,2023-12-18
55501,15501,Starter,Monthly,122.57,0.9,2021-05-06,2021-06-05
55502,15502,Professional,Monthly,385.23,18.7,2023-03-24,2023-04-23
55503,15503,Professional,Quarterly,380.89,13.1,2022-10-16,2023-01-14
55504,15504,Starter,Monthly,143.47,5.8,2021-05-18,2021-06-17
55505,15505,Professional,Monthly,410.61,17.7,2024-09-22,2024-10-22
55506,15506,Starter,Annual,109.82,14.7,2023-01-11,2024-01-06
55507,15507,Business,Quarterly,978.31,7.9,2021-10-18,2022-01-16
55508,15508,Professional,Monthly,400.76,0.0,2025-08-21,2025-09-20
55509,15509,Business,Annual,893.5,10.8,2025-11-27,2026-11-22
55510,15510,Professional,Monthly,338.92,8.1,2022-07-03,2022-08-02
55511,15511,Professional,Monthly,323.06,22.7,2024-08-12,2024-09-11
55512,15512,Starter,Annual,110.92,12.8,2024-01-04,2024-12-29
55513,15513,Starter,Annual,116.19,1.9,2024-10-27,2025-10-22
55514,15514,Business,Annual,872.42,16.4,2025-03-25,2026-03-20
55515,15515,Professional,Quarterly,369.02,3.3,2024-02-04,2024-05-04
55516,15516,Enterprise,Monthly,2120.28,9.3,2022-02-06,2022-03-08
55517,15517,Enterprise,Annual,2144.57,9.4,2025-11-16,2026-11-11
55518,15518,Business,Monthly,726.52,4.1,2023-02-26,2023-03-28
55519,15519,Enterprise,Annual,1871.63,0.0,2022-01-08,2023-01-03
55520,15520,Professional,Monthly,408.63,14.1,2021-12-04,2022-01-03
55521,15521,Starter,Monthly,102.59,11.3,2023-11-23,2023-12-23
55522,15522,Starter,Monthly,103.39,6.6,2024-12-16,2025-01-15
55523,15523,Business,Monthly,783.68,1.8,2024-07-16,2024-08-15
55524,15524,Starter,Monthly,133.22,18.1,2026-05-23,2026-06-22
55525,15525,Starter,Monthly,130.51,4.2,2024-01-02,2024-02-01
55526,15526,Professional,Monthly,376.78,3.8,2026-02-25,2026-03-27
55527,15527,Professional,Monthly,367.93,5.0,2024-04-19,2024-05-19
55528,15528,Professional,Monthly,322.21,11.4,2026-04-05,2026-05-05
55529,15529,Professional,Monthly,346.25,8.4,2026-08-01,2026-08-31
55530,15530,Business,Monthly,864.73,25.4,2025-09-29,2025-10-29
55531,15531,Professional,Annual,368.85,17.9,2026-01-05,2026-12-31
55532,15532,Professional,Quarterly,321.81,0.0,2021-02-01,2021-05-02
55533,15533,Starter,Annual,132.62,10.9,2026-05-23,2027-05-18
55534,15534,Enterprise,Monthly,2107.86,17.4,2021-01-15,2021-02-14
55535,15535,Professional,Monthly,378.38,11.4,2021-04-17,2021-05-17
55536,15536,Professional,Annual,360.46,1.7,2022-04-14,2023-04-09
55537,15537,Professional,Monthly,370.05,14.8,2021-07-21,2021-08-20
55538,15538,Professional,Quarterly,348.11,9.5,2026-03-27,2026-06-25
55539,15539,Professional,Monthly,352.02,6.8,2025-11-30,2025-12-30
55540,15540,Starter,Quarterly,138.46,10.6,2024-11-09,2025-02-07
55541,15541,Starter,Annual,121.99,10.6,2023-07-06,2024-06-30
55542,15542,Starter,Annual,135.34,2.7,2021-12-02,2022-11-27
55543,15543,Enterprise,Annual,2174.17,0.0,2025-08-12,2026-08-07
55544,15544,Professional,Quarterly,383.32,25.3,2021-03-06,2021-06-04
55545,15545,Starter,Annual,111.78,5.2,2022-07-07,2023-07-02
55546,15546,Professional,Monthly,409.83,8.4,2021-08-12,2021-09-11
55547,15547,Starter,Monthly,142.63,12.2,2026-07-09,2026-08-08
55548,15548,Professional,Monthly,407.91,13.2,2024-08-14,2024-09-13
55549,15549,Business,Monthly,825.56,7.7,2022-09-05,2022-10-05
55550,15550,Business,Annual,804.76,10.3,2022-10-14,2023-10-09
55551,15551,Business,Monthly,776.78,13.5,2022-12-19,2023-01-18
55552,15552,Enterprise,Monthly,2542.21,6.0,2024-10-19,2024-11-18
55553,15553,Enterprise,Annual,1961.33,3.7,2023-12-20,2024-12-14
55554,15554,Professional,Annual,376.19,5.6,2022-10-30,2023-10-25
55555,15555,Enterprise,Quarterly,2125.23,24.4,2021-01-14,2021-04-14
55556,15556,Professional,Monthly,320.52,13.9,2024-12-10,2025-01-09
55557,15557,Starter,Monthly,109.75,4.2,2026-09-06,2026-10-06
55558,15558,Business,Monthly,981.61,11.6,2023-12-10,2024-01-09
55559,15559,Starter,Monthly,138.11,9.8,2023-02-10,2023-03-12
55560,15560,Professional,Quarterly,330.82,15.6,2023-09-17,2023-12-16
55561,15561,Professional,Monthly,301.64,23.5,2022-06-22,2022-07-22
55562,15562,Business,Monthly,981.05,6.6,2026-07-14,2026-08-13
55563,15563,Starter,Monthly,104.41,6.6,2023-07-25,2023-08-24
55564,15564,Professional,Monthly,307.88,10.1,2026-03-18,2026-04-17
55565,15565,Professional,Annual,398.19,6.9,2025-10-02,2026-09-27
55566,15566,Professional,Annual,397.61,4.9,2024-11-15,2025-11-10
55567,15567,Professional,Monthly,322.3,17.9,2024-08-05,2024-09-04
55568,15568,Professional,Quarterly,302.18,2.4,2026-07-31,2026-10-29
55569,15569,Enterprise,Monthly,1918.5,7.3,2021-09-15,2021-10-15
55570,15570,Starter,Annual,121.04,22.2,2023-08-21,2024-08-15
55571,15571,Business,Monthly,846.92,2.0,2024-05-28,2024-06-27
55572,15572,Professional,Monthly,319.83,7.0,2022-06-17,2022-07-17
55573,15573,Professional,Quarterly,408.86,10.7,2026-02-13,2026-05-14
55574,15574,Business,Monthly,886.84,6.4,2024-10-15,2024-11-14
55575,15575,Enterprise,Monthly,2491.65,7.7,2025-07-12,2025-08-11
55576,15576,Starter,Annual,106.36,0.0,2021-04-23,2022-04-18
55577,15577,Business,Quarterly,1012.1,12.0,2024-07-23,2024-10-21
55578,15578,Starter,Annual,136.01,14.8,2021-11-25,2022-11-20
55579,15579,Professional,Monthly,332.76,5.7,2021-02-20,2021-03-22
55580,15580,Business,Monthly,728.68,13.7,2025-08-29,2025-09-28
55581,15581,Starter,Annual,108.91,7.8,2021-08-09,2022-08-04
55582,15582,Business,Monthly,847.01,20.6,2024-06-07,2024-07-07
55583,15583,Professional,Monthly,297.87,0.0,2021-08-10,2021-09-09
55584,15584,Professional,Quarterly,302.5,8.4,2023-08-01,2023-10-30
55585,15585,Business,Annual,751.84,20.3,2023-12-14,2024-12-08
55586,15586,Professional,Quarterly,396.69,14.1,2025-07-13,2025-10-11
55587,15587,Starter,Annual,124.97,3.0,2026-05-13,2027-05-08
55588,15588,Starter,Quarterly,110.02,3.8,2024-07-20,2024-10-18
55589,15589,Business,Annual,801.18,3.5,2025-06-16,2026-06-11
55590,15590,Enterprise,Annual,2364.48,17.1,2023-10-30,2024-10-24
55591,15591,Professional,Quarterly,336.53,22.9,2023-09-14,2023-12-13
55592,15592,Professional,Annual,381.06,6.1,2021-08-15,2022-08-10
55593,15593,Business,Monthly,954.02,17.7,2026-06-11,2026-07-11
55594,15594,Professional,Quarterly,335.06,14.3,2023-05-05,2023-08-03
55595,15595,Professional,Annual,342.4,10.8,2025-01-15,2026-01-10
55596,15596,Business,Annual,737.4,5.4,2023-07-25,2024-07-19
55597,15597,Starter,Monthly,136.43,8.1,2023-08-16,2023-09-15
55598,15598,Business,Monthly,902.81,15.9,2024-08-12,2024-09-11
55599,15599,Professional,Annual,406.31,5.3,2025-05-13,2026-05-08
55600,15600,Professional,Monthly,320.64,15.8,2021-08-30,2021-09-29
55601,15601,Professional,Annual,415.17,5.6,2026-08-16,2027-08-11
55602,15602,Starter,Annual,131.68,6.7,2025-12-20,2026-12-15
55603,15603,Professional,Monthly,321.58,10.4,2024-07-20,2024-08-19
55604,15604,Business,Annual,860.23,0.2,2025-07-06,2026-07-01
55605,15605,Starter,Annual,131.36,7.8,2021-12-26,2022-12-21
55606,15606,Professional,Monthly,299.58,16.3,2024-03-10,2024-04-09
55607,15607,Professional,Monthly,393.09,4.1,2025-03-14,2025-04-13
55608,15608,Professional,Annual,413.59,15.8,2026-06-24,2027-06-19
55609,15609,Starter,Monthly,105.42,4.2,2022-05-18,2022-06-17
55610,15610,Business,Monthly,989.69,21.0,2025-05-09,2025-06-08
55611,15611,Starter,Quarterly,121.51,35.0,2021-04-19,2021-07-18
55612,15612,Business,Monthly,875.89,0.0,2023-01-13,2023-02-12
55613,15613,Business,Monthly,972.43,2.9,2024-09-05,2024-10-05
55614,15614,Business,Monthly,897.92,15.7,2023-03-22,2023-04-21
55615,15615,Business,Monthly,827.05,10.4,2023-02-25,2023-03-27
55616,15616,Professional,Monthly,387.24,4.3,2021-08-16,2021-09-15
55617,15617,Enterprise,Monthly,1976.51,4.6,2023-05-02,2023-06-01
55618,15618,Starter,Annual,129.98,7.4,2023-04-08,2024-04-02
55619,15619,Professional,Annual,392.39,7.5,2022-01-14,2023-01-09
55620,15620,Starter,Monthly,116.06,6.9,2025-05-26,2025-06-25
55621,15621,Business,Monthly,1011.14,4.8,2026-07-19,2026-08-18
55622,15622,Business,Monthly,913.08,0.0,2024-02-03,2024-03-04
55623,15623,Business,Monthly,750.96,9.9,2026-06-10,2026-07-10
55624,15624,Starter,Quarterly,142.58,14.2,2021-10-18,2022-01-16
55625,15625,Starter,Annual,133.25,10.7,2021-03-01,2022-02-24
55626,15626,Business,Monthly,929.45,16.0,2024-08-28,2024-09-27
55627,15627,Enterprise,Monthly,2065.0,11.8,2021-04-16,2021-05-16
55628,15628,Starter,Quarterly,121.87,8.2,2023-06-19,2023-09-17
55629,15629,Enterprise,Quarterly,2563.81,10.3,2024-12-23,2025-03-23
55630,15630,Professional,Monthly,335.25,7.8,2023-10-04,2023-11-03
55631,15631,Business,Annual,848.44,4.7,2026-05-24,2027-05-19
55632,15632,Professional,Monthly,328.95,0.0,2021-11-02,2021-12-02
55633,15633,Business,Monthly,786.73,13.3,2021-07-21,2021-08-20
55634,15634,Enterprise,Monthly,1903.66,6.6,2023-11-13,2023-12-13
55635,15635,Starter,Monthly,132.95,0.0,2022-04-16,2022-05-16
55636,15636,Professional,Monthly,308.62,12.2,2023-01-03,2023-02-02
55637,15637,Business,Annual,880.57,0.0,2022-01-11,2023-01-06
55638,15638,Starter,Monthly,104.09,9.6,2021-05-22,2021-06-21
55639,15639,Professional,Monthly,418.02,15.3,2025-09-18,2025-10-18
55640,15640,Starter,Monthly,131.8,15.5,2026-03-23,2026-04-22
55641,15641,Professional,Monthly,374.72,0.0,2026-01-14,2026-02-13
55642,15642,Starter,Annual,109.83,8.0,2021-12-14,2022-12-09
55643,15643,Professional,Monthly,362.19,9.9,2025-05-21,2025-06-20
55644,15644,Professional,Quarterly,359.19,7.9,2023-04-08,2023-07-07
55645,15645,Starter,Quarterly,117.06,21.9,2022-03-01,2022-05-30
55646,15646,Business,Monthly,768.94,20.4,2025-12-29,2026-01-28
55647,15647,Starter,Annual,117.42,9.3,2024-12-30,2025-12-25
55648,15648,Business,Monthly,903.71,17.7,2021-11-18,2021-12-18
55649,15649,Professional,Monthly,357.2,5.4,2025-11-03,2025-12-03
55650,15650,Professional,Monthly,367.33,12.7,2021-06-29,2021-07-29
55651,15651,Professional,Monthly,367.57,7.8,2023-10-01,2023-10-31
55652,15652,Starter,Monthly,112.28,20.8,2025-09-09,2025-10-09
55653,15653,Business,Quarterly,755.52,16.1,2021-01-29,2021-04-29
55654,15654,Enterprise,Annual,2271.75,13.5,2026-07-27,2027-07-22
55655,15655,Professional,Monthly,406.82,15.7,2023-01-08,2023-02-07
55656,15656,Professional,Quarterly,419.43,1.6,2021-02-24,2021-05-25
55657,15657,Business,Monthly,956.31,5.2,2024-12-04,2025-01-03
55658,15658,Business,Annual,788.28,7.2,2026-08-27,2027-08-22
55659,15659,Business,Annual,910.02,17.6,2021-03-29,2022-03-24
55660,15660,Enterprise,Monthly,2053.93,9.0,2023-12-18,2024-01-17
55661,15661,Professional,Quarterly,368.12,8.6,2022-12-26,2023-03-26
55662,15662,Starter,Annual,122.19,5.5,2024-06-07,2025-06-02
55663,15663,Starter,Monthly,118.03,8.6,2024-03-23,2024-04-22
55664,15664,Professional,Monthly,376.1,0.0,2024-07-20,2024-08-19
55665,15665,Business,Monthly,977.67,16.9,2023-12-06,2024-01-05
55666,15666,Starter,Monthly,116.17,12.6,2023-06-14,2023-07-14
55667,15667,Starter,Annual,122.42,10.4,2024-08-22,2025-08-17
55668,15668,Enterprise,Annual,2220.99,7.3,2023-10-19,2024-10-13
55669,15669,Professional,Annual,328.03,4.5,2021-09-08,2022-09-03
55670,15670,Professional,Monthly,349.09,12.8,2025-11-01,2025-12-01
55671,15671,Starter,Monthly,102.91,2.2,2024-03-15,2024-04-14
55672,15672,Professional,Monthly,360.89,4.7,2023-12-11,2024-01-10
55673,15673,Professional,Annual,385.8,11.3,2021-07-18,2022-07-13
55674,15674,Enterprise,Quarterly,2153.06,7.2,2025-01-04,2025-04-04
55675,15675,Business,Annual,944.61,0.0,2023-12-19,2024-12-13
55676,15676,Starter,Annual,133.53,13.0,2025-09-27,2026-09-22
55677,15677,Professional,Monthly,418.05,8.2,2024-01-29,2024-02-28
55678,15678,Business,Monthly,884.92,0.4,2022-06-10,2022-07-10
55679,15679,Starter,Monthly,118.97,8.1,2025-01-28,2025-02-27
55680,15680,Professional,Quarterly,375.84,15.2,2021-09-22,2021-12-21
55681,15681,Enterprise,Annual,2352.46,15.5,2026-07-23,2027-07-18
55682,15682,Business,Monthly,1016.23,10.1,2024-05-28,2024-06-27
55683,15683,Professional,Annual,384.19,8.9,2022-01-31,2023-01-26
55684,15684,Professional,Quarterly,335.06,10.5,2025-01-20,2025-04-20
55685,15685,Professional,Monthly,320.47,11.3,2021-04-18,2021-05-18
55686,15686,Professional,Annual,394.61,14.2,2022-09-28,2023-09-23
55687,15687,Professional,Monthly,319.52,14.5,2025-01-23,2025-02-22
55688,15688,Professional,Monthly,374.36,18.2,2023-07-22,2023-08-21
55689,15689,Starter,Annual,107.56,23.1,2026-04-24,2027-04-19
55690,15690,Enterprise,Annual,2423.4,28.8,2024-03-31,2025-03-26
55691,15691,Starter,Monthly,134.88,9.7,2021-02-05,2021-03-07
55692,15692,Professional,Monthly,418.84,6.8,2022-02-17,2022-03-19
55693,15693,Enterprise,Monthly,2604.75,11.7,2022-04-28,2022-05-28
55694,15694,Professional,Monthly,384.94,10.9,2022-08-26,2022-09-25
55695,15695,Starter,Monthly,113.66,10.0,2023-12-18,2024-01-17
55696,15696,Enterprise,Monthly,1903.66,7.7,2024-03-09,2024-04-08
55697,15697,Business,Monthly,887.68,17.3,2021-06-21,2021-07-21
55698,15698,Business,Monthly,950.38,18.7,2021-09-17,2021-10-17
55699,15699,Professional,Annual,298.8,14.5,2021-01-25,2022-01-20
55700,15700,Professional,Annual,361.79,13.3,2021-07-17,2022-07-12
55701,15701,Professional,Monthly,405.65,8.0,2022-02-27,2022-03-29
55702,15702,Business,Monthly,912.07,15.1,2024-02-16,2024-03-17
55703,15703,Starter,Monthly,130.72,12.7,2026-08-16,2026-09-15
55704,15704,Starter,Monthly,121.92,15.6,2024-01-26,2024-02-25
55705,15705,Professional,Annual,413.04,11.3,2021-03-13,2022-03-08
55706,15706,Professional,Monthly,343.39,8.6,2022-03-08,2022-04-07
55707,15707,Enterprise,Monthly,2161.9,11.4,2022-01-15,2022-02-14
55708,15708,Business,Monthly,876.53,20.0,2025-11-29,2025-12-29
55709,15709,Professional,Monthly,369.28,3.6,2023-03-19,2023-04-18
55710,15710,Business,Monthly,882.38,12.3,2021-02-25,2021-03-27
55711,15711,Professional,Annual,397.78,6.1,2024-02-01,2025-01-26
55712,15712,Enterprise,Monthly,2512.58,9.6,2021-01-21,2021-02-20
55713,15713,Business,Monthly,761.67,0.3,2021-10-18,2021-11-17
55714,15714,Business,Quarterly,899.86,25.5,2026-06-18,2026-09-16
55715,15715,Starter,Quarterly,143.32,8.8,2023-04-15,2023-07-14
55716,15716,Starter,Monthly,127.19,4.4,2021-07-07,2021-08-06
55717,15717,Professional,Monthly,381.8,21.4,2024-03-20,2024-04-19
55718,15718,Professional,Quarterly,403.02,7.0,2026-06-08,2026-09-06
55719,15719,Business,Monthly,980.31,11.0,2021-08-02,2021-09-01
55720,15720,Starter,Monthly,102.72,6.1,2026-03-30,2026-04-29
55721,15721,Professional,Monthly,326.83,0.0,2025-02-10,2025-03-12
55722,15722,Professional,Monthly,403.2,10.7,2022-08-16,2022-09-15
55723,15723,Professional,Monthly,379.22,12.9,2021-02-10,2021-03-12
55724,15724,Starter,Quarterly,128.53,21.2,2021-01-20,2021-04-20
55725,15725,Business,Annual,978.33,14.4,2023-10-30,2024-10-24
55726,15726,Starter,Quarterly,135.88,10.2,2023-04-05,2023-07-04
55727,15727,Professional,Monthly,389.54,6.3,2025-07-18,2025-08-17
55728,15728,Business,Quarterly,736.59,14.0,2026-04-21,2026-07-20
55729,15729,Professional,Annual,393.25,21.1,2026-08-28,2027-08-23
55730,15730,Business,Annual,782.18,2.4,2023-01-18,2024-01-13
55731,15731,Business,Monthly,730.24,0.0,2023-08-26,2023-09-25
55732,15732,Business,Annual,868.84,20.9,2021-09-09,2022-09-04
55733,15733,Professional,Monthly,412.94,2.6,2021-12-06,2022-01-05
55734,15734,Professional,Annual,406.09,0.0,2025-12-10,2026-12-05
55735,15735,Business,Monthly,1014.66,9.6,2026-07-17,2026-08-16
55736,15736,Business,Quarterly,795.84,4.7,2022-02-05,2022-05-06
55737,15737,Professional,Monthly,382.69,0.0,2021-12-03,2022-01-02
55738,15738,Professional,Monthly,304.34,11.3,2026-04-08,2026-05-08
55739,15739,Business,Annual,961.53,10.3,2024-09-30,2025-09-25
55740,15740,Professional,Monthly,361.66,13.9,2026-02-21,2026-03-23
55741,15741,Business,Quarterly,1018.9,16.4,2024-10-29,2025-01-27
55742,15742,Starter,Quarterly,112.08,11.3,2026-04-04,2026-07-03
55743,15743,Business,Monthly,955.93,15.7,2021-01-06,2021-02-05
55744,15744,Professional,Annual,318.44,0.3,2024-12-08,2025-12-03
55745,15745,Professional,Annual,332.68,0.0,2022-08-09,2023-08-04
55746,15746,Professional,Monthly,333.71,4.2,2025-03-02,2025-04-01
55747,15747,Starter,Annual,126.27,8.2,2023-12-16,2024-12-10
55748,15748,Business,Monthly,831.12,9.5,2023-04-02,2023-05-02
55749,15749,Starter,Annual,120.43,12.3,2021-08-26,2022-08-21
55750,15750,Starter,Monthly,123.92,18.6,2023-05-08,2023-06-07
55751,15751,Starter,Annual,104.36,12.8,2026-09-27,2027-09-22
55752,15752,Starter,Monthly,129.95,10.9,2024-05-10,2024-06-09
55753,15753,Professional,Annual,377.04,4.8,2022-10-16,2023-10-11
55754,15754,Starter,Monthly,142.52,17.6,2024-09-01,2024-10-01
55755,15755,Professional,Monthly,313.84,12.3,2022-04-06,2022-05-06
55756,15756,Professional,Annual,301.29,4.7,2024-04-13,2025-04-08
55757,15757,Business,Quarterly,762.13,1.0,2023-11-29,2024-02-27
55758,15758,Starter,Annual,119.74,16.8,2026-07-20,2027-07-15
55759,15759,Professional,Monthly,323.71,13.5,2022-03-09,2022-04-08
55760,15760,Starter,Annual,111.09,18.2,2025-05-28,2026-05-23
55761,15761,Business,Quarterly,981.15,3.2,2023-12-18,2024-03-17
55762,15762,Professional,Monthly,337.17,0.0,2026-07-03,2026-08-02
55763,15763,Professional,Monthly,348.56,11.7,2025-12-14,2026-01-13
55764,15764,Professional,Annual,381.31,0.0,2024-03-03,2025-02-26
55765,15765,Starter,Annual,116.28,14.9,2022-10-17,2023-10-12
55766,15766,Starter,Annual,125.28,10.0,2025-03-13,2026-03-08
55767,15767,Business,Annual,878.06,20.7,2026-06-10,2027-06-05
55768,15768,Starter,Annual,112.98,10.4,2021-06-05,2022-05-31
55769,15769,Enterprise,Annual,2422.16,0.7,2021-07-20,2022-07-15
55770,15770,Enterprise,Annual,2512.27,13.9,2026-05-18,2027-05-13
55771,15771,Professional,Annual,393.47,10.6,2022-05-14,2023-05-09
55772,15772,Enterprise,Annual,2174.37,8.6,2024-11-26,2025-11-21
55773,15773,Starter,Monthly,141.18,12.1,2024-05-19,2024-06-18
55774,15774,Starter,Quarterly,139.76,11.7,2026-08-09,2026-11-07
55775,15775,Starter,Monthly,113.21,5.4,2025-01-16,2025-02-15
55776,15776,Starter,Monthly,107.21,22.8,2023-04-11,2023-05-11
55777,15777,Starter,Quarterly,139.54,21.3,2023-08-30,2023-11-28
55778,15778,Professional,Annual,388.74,9.7,2024-08-30,2025-08-25
55779,15779,Starter,Monthly,115.06,8.7,2024-11-06,2024-12-06
55780,15780,Professional,Monthly,334.85,0.9,2026-07-19,2026-08-18
55781,15781,Professional,Monthly,336.97,14.4,2026-06-02,2026-07-02
55782,15782,Starter,Quarterly,138.18,1.0,2024-09-04,2024-12-03
55783,15783,Business,Monthly,793.97,8.5,2021-07-22,2021-08-21
55784,15784,Business,Monthly,916.2,14.7,2026-01-19,2026-02-18
55785,15785,Business,Monthly,970.75,29.6,2023-08-20,2023-09-19
55786,15786,Enterprise,Monthly,2168.26,10.1,2022-04-07,2022-05-07
55787,15787,Professional,Quarterly,305.03,16.9,2026-02-17,2026-05-18
55788,15788,Business,Monthly,948.26,2.2,2025-04-28,2025-05-28
55789,15789,Starter,Quarterly,102.83,5.8,2021-07-20,2021-10-18
55790,15790,Professional,Monthly,399.28,6.1,2022-05-31,2022-06-30
55791,15791,Professional,Monthly,341.71,9.3,2025-11-11,2025-12-11
55792,15792,Professional,Quarterly,395.66,0.0,2024-05-14,2024-08-12
55793,15793,Business,Monthly,884.74,7.1,2024-09-16,2024-10-16
55794,15794,Business,Annual,829.37,0.0,2023-01-14,2024-01-09
55795,15795,Business,Annual,990.05,17.7,2023-05-25,2024-05-19
55796,15796,Starter,Annual,134.22,7.1,2024-06-29,2025-06-24
55797,15797,Professional,Annual,307.39,5.1,2025-06-18,2026-06-13
55798,15798,Professional,Monthly,411.5,2.9,2022-01-29,2022-02-28
55799,15799,Professional,Quarterly,354.71,7.1,2026-07-10,2026-10-08
55800,15800,Starter,Monthly,108.26,12.4,2023-09-05,2023-10-05
55801,15801,Enterprise,Annual,2463.83,4.2,2021-06-16,2022-06-11
55802,15802,Enterprise,Quarterly,2268.56,11.2,2023-09-03,2023-12-02
55803,15803,Business,Monthly,922.64,13.7,2026-07-22,2026-08-21
55804,15804,Starter,Quarterly,131.15,9.3,2022-03-28,2022-06-26
55805,15805,Professional,Quarterly,321.66,1.8,2023-05-10,2023-08-08
55806,15806,Professional,Monthly,416.43,14.0,2021-07-29,2021-08-28
55807,15807,Professional,Annual,310.43,13.8,2023-02-07,2024-02-02
55808,15808,Starter,Annual,127.44,17.6,2025-05-28,2026-05-23
55809,15809,Professional,Monthly,315.43,12.2,2021-08-02,2021-09-01
55810,15810,Business,Monthly,983.5,3.8,2025-12-07,2026-01-06
55811,15811,Enterprise,Monthly,2003.4,10.5,2025-08-14,2025-09-13
55812,15812,Professional,Monthly,351.53,10.7,2023-08-31,2023-09-30
55813,15813,Enterprise,Annual,1936.89,0.0,2024-11-21,2025-11-16
55814,15814,Enterprise,Quarterly,2214.99,0.0,2021-10-31,2022-01-29
55815,15815,Professional,Monthly,298.0,14.2,2026-01-10,2026-02-09
55816,15816,Business,Monthly,854.43,8.3,2023-05-11,2023-06-10
55817,15817,Starter,Monthly,130.89,5.8,2026-01-30,2026-03-01
55818,15818,Professional,Annual,319.9,15.6,2026-02-07,2027-02-02
55819,15819,Starter,Annual,125.23,18.0,2025-06-22,2026-06-17
55820,15820,Starter,Monthly,121.92,4.0,2025-04-17,2025-05-17
55821,15821,Business,Annual,822.16,23.2,2023-08-03,2024-07-28
55822,15822,Business,Monthly,922.06,0.8,2024-06-03,2024-07-03
55823,15823,Professional,Annual,419.4,12.2,2025-10-17,2026-10-12
55824,15824,Professional,Annual,412.38,7.7,2022-07-18,2023-07-13
55825,15825,Professional,Annual,416.34,18.9,2021-06-29,2022-06-24
55826,15826,Professional,Annual,299.98,11.5,2021-10-17,2022-10-12
55827,15827,Starter,Annual,112.77,6.1,2021-07-06,2022-07-01
55828,15828,Business,Monthly,997.02,21.8,2022-05-01,2022-05-31
55829,15829,Professional,Quarterly,303.42,7.1,2024-09-22,2024-12-21
55830,15830,Starter,Quarterly,117.32,11.2,2023-02-12,2023-05-13
55831,15831,Business,Monthly,916.53,0.0,2026-01-07,2026-02-06
55832,15832,Business,Monthly,1014.94,0.0,2023-11-24,2023-12-24
55833,15833,Enterprise,Annual,2082.34,3.2,2024-07-23,2025-07-18
55834,15834,Business,Monthly,949.84,8.6,2021-07-01,2021-07-31
55835,15835,Starter,Monthly,129.74,21.2,2024-06-16,2024-07-16
55836,15836,Professional,Monthly,372.65,9.4,2024-10-03,2024-11-02
55837,15837,Enterprise,Monthly,2442.06,16.9,2021-05-26,2021-06-25
55838,15838,Professional,Quarterly,328.61,6.2,2023-12-04,2024-03-03
55839,15839,Enterprise,Monthly,2130.79,21.2,2026-01-14,2026-02-13
55840,15840,Starter,Quarterly,125.54,14.3,2022-05-14,2022-08-12
55841,15841,Business,Annual,853.1,9.7,2023-03-14,2024-03-08
55842,15842,Starter,Annual,132.32,16.7,2026-06-22,2027-06-17
55843,15843,Business,Annual,960.69,9.4,2024-08-11,2025-08-06
55844,15844,Starter,Monthly,124.18,10.6,2026-07-16,2026-08-15
55845,15845,Professional,Monthly,345.76,14.0,2022-06-15,2022-07-15
55846,15846,Business,Annual,993.77,13.4,2024-09-24,2025-09-19
55847,15847,Professional,Monthly,389.36,0.2,2026-08-15,2026-09-14
55848,15848,Business,Annual,922.79,10.2,2021-08-04,2022-07-30
55849,15849,Professional,Annual,304.52,16.6,2023-02-25,2024-02-20
55850,15850,Enterprise,Annual,2276.44,11.1,2025-06-24,2026-06-19
55851,15851,Starter,Annual,107.1,11.9,2026-06-15,2027-06-10
55852,15852,Business,Monthly,919.0,16.0,2026-06-08,2026-07-08
55853,15853,Enterprise,Monthly,2100.71,14.4,2021-08-16,2021-09-15
55854,15854,Professional,Monthly,387.97,3.1,2026-05-12,2026-06-11
55855,15855,Enterprise,Annual,2469.18,0.5,2023-06-28,2024-06-22
55856,15856,Business,Monthly,811.87,20.5,2025-07-19,2025-08-18
55857,15857,Professional,Annual,417.09,7.5,2021-10-12,2022-10-07
55858,15858,Professional,Monthly,360.8,6.3,2026-07-04,2026-08-03
55859,15859,Business,Annual,787.32,9.2,2025-07-02,2026-06-27
55860,15860,Enterprise,Monthly,2466.9,19.5,2024-02-02,2024-03-03
55861,15861,Professional,Monthly,390.69,9.7,2024-06-23,2024-07-23
55862,15862,Professional,Annual,348.2,9.4,2025-08-28,2026-08-23
55863,15863,Starter,Quarterly,129.66,6.0,2022-10-06,2023-01-04
55864,15864,Professional,Monthly,300.16,2.7,2021-01-26,2021-02-25
55865,15865,Starter,Annual,114.23,0.0,2026-08-08,2027-08-03
55866,15866,Professional,Monthly,405.48,10.2,2022-12-13,2023-01-12
55867,15867,Business,Quarterly,791.55,2.6,2023-10-23,2024-01-21
55868,15868,Professional,Annual,408.43,6.9,2025-06-15,2026-06-10
55869,15869,Professional,Annual,368.53,6.6,2023-12-05,2024-11-29
55870,15870,Starter,Monthly,139.92,13.2,2023-07-28,2023-08-27
55871,15871,Business,Annual,761.43,0.0,2021-01-03,2021-12-29
55872,15872,Professional,Monthly,354.33,21.2,2025-01-12,2025-02-11
55873,15873,Professional,Quarterly,333.82,11.8,2024-03-04,2024-06-02
55874,15874,Professional,Monthly,406.15,13.1,2024-08-07,2024-09-06
55875,15875,Starter,Monthly,116.35,2.7,2021-06-25,2021-07-25
55876,15876,Professional,Monthly,369.59,8.6,2024-02-18,2024-03-19
55877,15877,Business,Annual,968.72,12.8,2025-12-03,2026-11-28
55878,15878,Starter,Monthly,111.62,14.7,2023-08-09,2023-09-08
55879,15879,Enterprise,Annual,1905.22,14.5,2021-12-07,2022-12-02
55880,15880,Professional,Monthly,358.03,11.9,2021-05-01,2021-05-31
55881,15881,Professional,Quarterly,381.25,7.1,2022-07-29,2022-10-27
55882,15882,Professional,Monthly,385.61,0.4,2026-04-05,2026-05-05
55883,15883,Business,Quarterly,846.62,8.3,2025-08-12,2025-11-10
55884,15884,Professional,Annual,307.13,23.3,2025-02-25,2026-02-20
55885,15885,Business,Annual,842.44,0.5,2023-08-27,2024-08-21
55886,15886,Professional,Quarterly,312.44,0.0,2026-09-08,2026-12-07
55887,15887,Business,Monthly,743.99,23.9,2026-01-09,2026-02-08
55888,15888,Enterprise,Monthly,2103.65,10.4,2022-11-16,2022-12-16
55889,15889,Starter,Monthly,134.64,0.0,2022-10-05,2022-11-04
55890,15890,Enterprise,Monthly,2461.63,10.4,2024-01-10,2024-02-09
55891,15891,Professional,Annual,371.98,7.9,2024-08-09,2025-08-04
55892,15892,Starter,Monthly,136.7,21.2,2021-10-21,2021-11-20
55893,15893,Professional,Monthly,358.85,20.1,2025-03-01,2025-03-31
55894,15894,Starter,Quarterly,112.22,12.7,2023-01-17,2023-04-17
55895,15895,Professional,Monthly,367.32,14.6,2023-01-03,2023-02-02
55896,15896,Starter,Annual,140.78,8.8,2025-05-01,2026-04-26
55897,15897,Starter,Annual,103.52,23.2,2021-11-20,2022-11-15
55898,15898,Starter,Monthly,142.52,10.7,2023-12-22,2024-01-21
55899,15899,Starter,Annual,133.26,5.1,2021-12-28,2022-12-23
55900,15900,Starter,Monthly,130.82,19.2,2022-02-06,2022-03-08
55901,15901,Enterprise,Monthly,2342.65,11.9,2025-05-06,2025-06-05
55902,15902,Enterprise,Annual,2068.46,8.9,2022-11-12,2023-11-07
55903,15903,Business,Monthly,986.01,5.2,2026-03-08,2026-04-07
55904,15904,Starter,Monthly,142.8,7.7,2023-09-20,2023-10-20
55905,15905,Starter,Quarterly,140.81,19.2,2025-01-12,2025-04-12
55906,15906,Starter,Monthly,106.57,9.9,2024-01-12,2024-02-11
55907,15907,Professional,Monthly,387.72,9.6,2023-07-22,2023-08-21
55908,15908,Enterprise,Annual,2298.62,0.0,2025-12-09,2026-12-04
55909,15909,Business,Annual,957.03,8.7,2026-07-21,2027-07-16
55910,15910,Starter,Annual,116.8,9.6,2021-03-22,2022-03-17
55911,15911,Professional,Quarterly,414.73,12.3,2024-06-13,2024-09-11
55912,15912,Business,Monthly,815.5,7.2,2023-01-11,2023-02-10
55913,15913,Business,Monthly,942.05,13.0,2025-08-08,2025-09-07
55914,15914,Starter,Annual,123.16,14.8,2021-11-21,2022-11-16
55915,15915,Starter,Annual,127.91,5.2,2023-12-16,2024-12-10
55916,15916,Professional,Monthly,311.67,22.6,2024-05-19,2024-06-18
55917,15917,Starter,Annual,127.66,3.6,2021-04-13,2022-04-08
55918,15918,Business,Monthly,890.15,0.0,2023-03-28,2023-04-27
55919,15919,Starter,Monthly,132.19,14.0,2023-01-17,2023-02-16
55920,15920,Starter,Monthly,114.08,10.9,2026-09-17,2026-10-17
55921,15921,Starter,Annual,136.96,14.1,2023-03-24,2024-03-18
55922,15922,Starter,Monthly,141.7,6.9,2024-06-01,2024-07-01
55923,15923,Professional,Annual,405.55,18.6,2024-08-09,2025-08-04
55924,15924,Starter,Monthly,118.44,15.6,2025-09-16,2025-10-16
55925,15925,Starter,Monthly,134.01,31.8,2023-11-22,2023-12-22
55926,15926,Business,Monthly,831.1,7.2,2026-04-15,2026-05-15
55927,15927,Starter,Monthly,138.25,7.9,2025-11-21,2025-12-21
55928,15928,Starter,Monthly,117.77,4.8,2024-09-18,2024-10-18
55929,15929,Starter,Quarterly,109.81,3.5,2025-11-25,2026-02-23
55930,15930,Starter,Monthly,122.54,11.9,2025-08-09,2025-09-08
55931,15931,Professional,Monthly,314.05,1.6,2025-10-31,2025-11-30
55932,15932,Starter,Monthly,126.65,0.8,2024-10-30,2024-11-29
55933,15933,Professional,Monthly,368.13,11.1,2026-08-26,2026-09-25
55934,15934,Professional,Quarterly,357.62,19.4,2022-08-10,2022-11-08
55935,15935,Business,Annual,902.11,0.0,2021-09-17,2022-09-12
55936,15936,Enterprise,Annual,2620.99,13.0,2026-04-03,2027-03-29
55937,15937,Starter,Monthly,118.1,6.5,2024-11-23,2024-12-23
55938,15938,Business,Annual,848.28,0.0,2026-05-01,2027-04-26
55939,15939,Business,Annual,804.02,6.1,2025-11-22,2026-11-17
55940,15940,Enterprise,Monthly,2012.03,16.8,2021-04-10,2021-05-10
55941,15941,Professional,Quarterly,332.93,14.9,2023-07-18,2023-10-16
55942,15942,Starter,Annual,110.93,0.0,2025-01-07,2026-01-02
55943,15943,Starter,Monthly,120.16,10.1,2021-11-24,2021-12-24
55944,15944,Starter,Monthly,111.8,18.7,2024-09-13,2024-10-13
55945,15945,Enterprise,Monthly,2268.36,20.8,2023-12-02,2024-01-01
55946,15946,Professional,Monthly,332.57,8.9,2024-09-27,2024-10-27
55947,15947,Professional,Monthly,349.52,7.8,2022-04-04,2022-05-04
55948,15948,Professional,Quarterly,313.33,13.7,2024-11-09,2025-02-07
55949,15949,Professional,Monthly,317.58,14.8,2025-02-19,2025-03-21
55950,15950,Starter,Monthly,127.79,5.3,2021-08-08,2021-09-07
55951,15951,Enterprise,Monthly,2305.3,10.5,2023-05-09,2023-06-08
55952,15952,Business,Annual,773.44,8.3,2024-07-27,2025-07-22
55953,15953,Professional,Annual,333.61,14.8,2022-03-11,2023-03-06
55954,15954,Professional,Quarterly,324.63,6.6,2024-06-23,2024-09-21
55955,15955,Professional,Annual,395.19,2.4,2021-10-07,2022-10-02
55956,15956,Starter,Monthly,117.32,0.0,2021-03-09,2021-04-08
55957,15957,Starter,Annual,119.05,12.5,2025-07-30,2026-07-25
55958,15958,Starter,Monthly,129.93,3.0,2023-01-13,2023-02-12
55959,15959,Professional,Annual,337.38,8.2,2024-07-11,2025-07-06
55960,15960,Starter,Annual,117.87,9.9,2026-07-06,2027-07-01
55961,15961,Starter,Annual,135.51,5.7,2025-09-02,2026-08-28
55962,15962,Business,Monthly,958.87,12.7,2024-12-17,2025-01-16
55963,15963,Business,Annual,902.36,27.9,2021-10-18,2022-10-13
55964,15964,Starter,Monthly,125.48,22.0,2025-01-25,2025-02-24
55965,15965,Starter,Quarterly,109.6,2.9,2022-07-10,2022-10-08
55966,15966,Business,Annual,863.27,4.8,2021-12-19,2022-12-14
55967,15967,Business,Annual,804.12,3.9,2024-06-17,2025-06-12
55968,15968,Professional,Quarterly,386.89,0.0,2026-01-01,2026-04-01
55969,15969,Business,Monthly,909.31,11.3,2021-10-10,2021-11-09
55970,15970,Starter,Annual,117.86,13.5,2025-05-25,2026-05-20
55971,15971,Business,Annual,881.69,11.3,2022-04-01,2023-03-27
55972,15972,Business,Monthly,847.77,11.4,2023-10-02,2023-11-01
55973,15973,Business,Annual,766.06,0.0,2026-02-15,2027-02-10
55974,15974,Enterprise,Annual,2471.19,0.0,2026-09-10,2027-09-05
55975,15975,Starter,Quarterly,139.73,14.5,2025-10-04,2026-01-02
55976,15976,Starter,Monthly,141.07,9.3,2021-12-03,2022-01-02
55977,15977,Professional,Annual,394.18,16.3,2023-08-26,2024-08-20
55978,15978,Starter,Monthly,136.51,3.2,2023-06-22,2023-07-22
55979,15979,Business,Quarterly,739.08,7.8,2022-11-03,2023-02-01
55980,15980,Business,Monthly,955.11,6.4,2024-07-27,2024-08-26
55981,15981,Business,Annual,812.77,21.2,2023-02-08,2024-02-03
55982,15982,Starter,Annual,107.79,21.3,2025-09-11,2026-09-06
55983,15983,Business,Annual,877.76,2.7,2022-04-24,2023-04-19
55984,15984,Starter,Monthly,125.96,11.0,2023-04-24,2023-05-24
55985,15985,Starter,Quarterly,122.36,15.7,2025-06-14,2025-09-12
55986,15986,Professional,Quarterly,377.47,16.9,2026-02-24,2026-05-25
55987,15987,Starter,Monthly,132.0,4.5,2022-05-20,2022-06-19
55988,15988,Enterprise,Annual,1975.58,12.7,2021-04-20,2022-04-15
55989,15989,Professional,Monthly,373.07,11.0,2024-11-06,2024-12-06
55990,15990,Professional,Monthly,304.17,9.4,2022-02-01,2022-03-03
55991,15991,Business,Monthly,856.01,0.0,2021-12-17,2022-01-16
55992,15992,Professional,Annual,309.76,6.1,2025-04-07,2026-04-02
55993,15993,Professional,Monthly,352.58,7.3,2023-07-11,2023-08-10
55994,15994,Professional,Quarterly,318.99,14.9,2026-08-04,2026-11-02
55995,15995,Professional,Monthly,387.47,8.4,2021-04-21,2021-05-21
55996,15996,Professional,Quarterly,407.7,18.8,2021-07-28,2021-10-26
55997,15997,Enterprise,Monthly,2000.55,0.0,2025-11-01,2025-12-01
55998,15998,Enterprise,Monthly,2437.23,19.4,2024-04-16,2024-05-16
55999,15999,Professional,Annual,315.4,5.5,2025-11-21,2026-11-16
56000,16000,Professional,Monthly,350.63,5.7,2026-03-23,2026-04-22
56001,16001,Business,Monthly,908.6,7.8,2021-01-11,2021-02-10
56002,16002,Business,Annual,882.47,0.0,2023-05-06,2024-04-30
56003,16003,Business,Monthly,739.5,10.6,2024-06-12,2024-07-12
56004,16004,Business,Monthly,830.39,29.9,2025-05-09,2025-06-08
56005,16005,Enterprise,Quarterly,2232.02,3.0,2025-02-10,2025-05-11
56006,16006,Business,Monthly,838.94,6.6,2021-05-09,2021-06-08
56007,16007,Business,Quarterly,920.49,14.1,2021-04-10,2021-07-09
56008,16008,Professional,Monthly,406.3,9.4,2021-10-17,2021-11-16
56009,16009,Professional,Quarterly,379.29,17.1,2025-05-12,2025-08-10
56010,16010,Business,Monthly,898.01,0.0,2025-08-04,2025-09-03
56011,16011,Starter,Annual,108.26,1.6,2024-02-23,2025-02-17
56012,16012,Professional,Quarterly,340.23,11.7,2026-01-19,2026-04-19
56013,16013,Enterprise,Annual,2292.18,0.0,2026-01-02,2026-12-28
56014,16014,Professional,Monthly,411.92,0.3,2022-10-27,2022-11-26
56015,16015,Starter,Monthly,114.8,0.0,2024-10-02,2024-11-01
56016,16016,Professional,Annual,338.9,10.4,2022-11-29,2023-11-24
56017,16017,Starter,Annual,126.76,6.4,2021-07-02,2022-06-27
56018,16018,Business,Annual,990.16,0.0,2021-12-17,2022-12-12
56019,16019,Business,Monthly,884.1,10.9,2025-12-25,2026-01-24
56020,16020,Business,Quarterly,774.39,15.4,2024-11-02,2025-01-31
56021,16021,Starter,Monthly,105.17,0.2,2025-01-28,2025-02-27
56022,16022,Professional,Annual,406.4,9.0,2022-11-09,2023-11-04
56023,16023,Starter,Monthly,130.14,11.5,2021-12-06,2022-01-05
56024,16024,Starter,Annual,111.26,14.0,2021-04-21,2022-04-16
56025,16025,Business,Quarterly,938.04,0.0,2024-04-26,2024-07-25
56026,16026,Professional,Annual,385.65,2.7,2025-09-17,2026-09-12
56027,16027,Starter,Monthly,134.43,8.9,2025-12-28,2026-01-27
56028,16028,Professional,Monthly,406.79,9.6,2025-09-26,2025-10-26
56029,16029,Starter,Monthly,108.39,26.0,2026-03-11,2026-04-10
56030,16030,Business,Monthly,1007.13,15.6,2024-11-12,2024-12-12
56031,16031,Starter,Annual,143.94,7.0,2024-09-23,2025-09-18
56032,16032,Professional,Quarterly,299.27,7.5,2026-04-28,2026-07-27
56033,16033,Starter,Monthly,105.83,7.8,2024-09-14,2024-10-14
56034,16034,Professional,Monthly,350.66,1.2,2022-10-18,2022-11-17
56035,16035,Professional,Quarterly,301.72,7.9,2021-12-16,2022-03-16
56036,16036,Business,Annual,941.13,23.9,2024-02-18,2025-02-12
56037,16037,Business,Monthly,916.09,0.0,2023-10-02,2023-11-01
56038,16038,Starter,Monthly,134.59,10.1,2022-02-02,2022-03-04
56039,16039,Starter,Quarterly,143.93,24.3,2022-10-08,2023-01-06
56040,16040,Enterprise,Monthly,2588.73,22.1,2022-02-17,2022-03-19
56041,16041,Business,Annual,811.71,16.2,2021-02-06,2022-02-01
56042,16042,Professional,Monthly,346.07,10.3,2022-02-24,2022-03-26
56043,16043,Starter,Monthly,134.59,16.3,2025-01-23,2025-02-22
56044,16044,Starter,Annual,118.3,12.3,2024-01-07,2025-01-01
56045,16045,Business,Monthly,930.34,21.8,2026-06-07,2026-07-07
56046,16046,Enterprise,Monthly,2577.34,15.0,2026-05-17,2026-06-16
56047,16047,Professional,Annual,347.22,4.8,2024-10-29,2025-10-24
56048,16048,Starter,Quarterly,125.54,23.7,2023-03-21,2023-06-19
56049,16049,Business,Monthly,972.83,8.4,2023-08-16,2023-09-15
56050,16050,Enterprise,Monthly,2237.81,2.5,2021-11-16,2021-12-16
56051,16051,Professional,Monthly,332.92,12.5,2022-05-29,2022-06-28
56052,16052,Enterprise,Quarterly,2068.79,16.0,2021-11-30,2022-02-28
56053,16053,Business,Monthly,743.89,9.4,2023-12-31,2024-01-30
56054,16054,Starter,Monthly,115.88,11.2,2022-12-25,2023-01-24
56055,16055,Starter,Annual,130.81,21.7,2021-01-08,2022-01-03
56056,16056,Starter,Monthly,104.47,8.6,2025-09-16,2025-10-16
56057,16057,Business,Quarterly,804.1,15.4,2026-06-27,2026-09-25
56058,16058,Professional,Monthly,311.17,18.3,2021-06-13,2021-07-13
56059,16059,Professional,Monthly,347.05,4.7,2023-02-20,2023-03-22
56060,16060,Starter,Annual,105.92,9.8,2024-08-11,2025-08-06
56061,16061,Enterprise,Annual,2444.46,20.4,2024-07-22,2025-07-17
56062,16062,Starter,Monthly,140.98,17.8,2023-07-10,2023-08-09
56063,16063,Starter,Quarterly,110.08,6.2,2025-06-29,2025-09-27
56064,16064,Starter,Annual,112.52,8.1,2026-01-19,2027-01-14
56065,16065,Starter,Annual,108.73,0.0,2025-05-10,2026-05-05
56066,16066,Enterprise,Quarterly,2014.32,17.7,2024-01-08,2024-04-07
56067,16067,Starter,Quarterly,115.09,13.8,2022-11-11,2023-02-09
56068,16068,Starter,Quarterly,113.81,0.0,2024-06-05,2024-09-03
56069,16069,Professional,Monthly,344.68,15.0,2022-03-14,2022-04-13
56070,16070,Professional,Quarterly,361.81,11.3,2023-08-04,2023-11-02
56071,16071,Starter,Annual,132.56,14.6,2024-07-07,2025-07-02
56072,16072,Starter,Monthly,139.15,14.1,2021-01-10,2021-02-09
56073,16073,Starter,Quarterly,121.29,8.8,2021-06-07,2021-09-05
56074,16074,Business,Annual,992.92,0.6,2024-03-27,2025-03-22
56075,16075,Business,Monthly,924.73,6.0,2024-05-10,2024-06-09
56076,16076,Enterprise,Monthly,2431.26,6.2,2021-05-01,2021-05-31
56077,16077,Starter,Monthly,123.93,0.0,2022-11-05,2022-12-05
56078,16078,Professional,Quarterly,361.59,10.3,2026-07-21,2026-10-19
56079,16079,Business,Annual,880.76,14.9,2024-07-07,2025-07-02
56080,16080,Starter,Monthly,122.66,3.8,2024-12-27,2025-01-26
56081,16081,Business,Monthly,859.02,12.1,2021-02-13,2021-03-15
56082,16082,Professional,Monthly,392.38,14.1,2023-03-27,2023-04-26
56083,16083,Professional,Annual,344.99,14.3,2024-10-10,2025-10-05
56084,16084,Professional,Quarterly,322.83,4.4,2021-04-08,2021-07-07
56085,16085,Professional,Annual,314.11,25.9,2026-03-10,2027-03-05
56086,16086,Business,Annual,984.17,10.2,2022-04-20,2023-04-15
56087,16087,Enterprise,Monthly,2534.42,1.4,2024-11-16,2024-12-16
56088,16088,Professional,Quarterly,327.35,7.0,2021-01-09,2021-04-09
56089,16089,Professional,Quarterly,311.98,0.0,2025-03-17,2025-06-15
56090,16090,Business,Annual,1008.24,7.0,2024-11-13,2025-11-08
56091,16091,Starter,Monthly,122.24,18.7,2026-02-06,2026-03-08
56092,16092,Starter,Monthly,105.92,13.7,2024-05-18,2024-06-17
56093,16093,Professional,Quarterly,323.88,21.2,2022-09-08,2022-12-07
56094,16094,Professional,Annual,383.71,11.2,2021-01-10,2022-01-05
56095,16095,Business,Monthly,746.69,18.7,2022-07-06,2022-08-05
56096,16096,Enterprise,Monthly,2203.46,0.9,2023-05-30,2023-06-29
56097,16097,Business,Annual,849.71,2.0,2021-09-25,2022-09-20
56098,16098,Enterprise,Quarterly,2397.97,12.8,2022-03-27,2022-06-25
56099,16099,Professional,Monthly,321.93,16.1,2024-10-23,2024-11-22
56100,16100,Professional,Quarterly,418.01,15.6,2023-12-19,2024-03-18
56101,16101,Professional,Annual,316.52,1.8,2021-10-21,2022-10-16
56102,16102,Professional,Annual,370.8,20.7,2023-08-10,2024-08-04
56103,16103,Professional,Monthly,337.69,0.0,2023-05-19,2023-06-18
56104,16104,Professional,Monthly,313.78,21.5,2021-04-20,2021-05-20
56105,16105,Business,Monthly,882.82,0.7,2025-04-15,2025-05-15
56106,16106,Starter,Annual,109.12,21.1,2023-10-10,2024-10-04
56107,16107,Starter,Quarterly,130.55,5.5,2026-01-29,2026-04-29
56108,16108,Professional,Annual,301.47,11.1,2026-06-12,2027-06-07
56109,16109,Enterprise,Monthly,2263.0,9.3,2023-04-25,2023-05-25
56110,16110,Starter,Monthly,111.2,0.0,2025-09-04,2025-10-04
56111,16111,Enterprise,Quarterly,2601.5,10.6,2026-07-01,2026-09-29
56112,16112,Enterprise,Monthly,2417.11,1.5,2024-06-27,2024-07-27
56113,16113,Starter,Quarterly,133.72,5.7,2021-12-05,2022-03-05
56114,16114,Business,Annual,932.34,28.2,2021-05-27,2022-05-22
56115,16115,Starter,Monthly,129.97,11.2,2023-01-16,2023-02-15
56116,16116,Professional,Annual,314.41,7.2,2023-11-07,2024-11-01
56117,16117,Professional,Annual,419.68,15.6,2024-04-27,2025-04-22
56118,16118,Enterprise,Monthly,2376.18,14.0,2022-12-15,2023-01-14
56119,16119,Professional,Monthly,407.43,2.6,2025-05-30,2025-06-29
56120,16120,Professional,Annual,359.22,2.2,2024-11-19,2025-11-14
56121,16121,Professional,Monthly,332.53,19.0,2025-11-22,2025-12-22
56122,16122,Professional,Monthly,351.06,11.9,2021-10-31,2021-11-30
56123,16123,Professional,Quarterly,346.4,25.0,2025-05-01,2025-07-30
56124,16124,Enterprise,Monthly,1882.29,0.0,2026-02-21,2026-03-23
56125,16125,Starter,Annual,130.35,18.8,2022-01-15,2023-01-10
56126,16126,Professional,Monthly,387.86,13.5,2022-11-25,2022-12-25
56127,16127,Starter,Monthly,103.72,2.7,2025-06-07,2025-07-07
56128,16128,Business,Monthly,795.67,13.2,2021-02-19,2021-03-21
56129,16129,Starter,Quarterly,129.91,0.7,2024-12-18,2025-03-18
56130,16130,Starter,Monthly,115.52,13.3,2025-10-22,2025-11-21
56131,16131,Business,Annual,1000.32,17.5,2026-02-23,2027-02-18
56132,16132,Professional,Monthly,311.29,8.7,2023-04-28,2023-05-28
56133,16133,Business,Annual,998.61,7.7,2024-04-10,2025-04-05
56134,16134,Business,Monthly,994.4,3.8,2025-02-21,2025-03-23
56135,16135,Professional,Quarterly,414.58,17.4,2024-10-14,2025-01-12
56136,16136,Starter,Quarterly,105.24,11.2,2025-04-02,2025-07-01
56137,16137,Starter,Quarterly,113.44,7.3,2021-08-15,2021-11-13
56138,16138,Professional,Quarterly,328.29,20.0,2025-12-13,2026-03-13
56139,16139,Starter,Annual,139.18,18.5,2021-08-01,2022-07-27
56140,16140,Professional,Monthly,396.38,10.0,2022-02-23,2022-03-25
56141,16141,Professional,Monthly,316.96,10.6,2026-02-19,2026-03-21
56142,16142,Professional,Annual,314.83,17.4,2023-07-08,2024-07-02
56143,16143,Starter,Annual,121.91,9.9,2023-02-16,2024-02-11
56144,16144,Professional,Quarterly,318.73,0.0,2025-04-03,2025-07-02
56145,16145,Starter,Monthly,121.99,11.2,2021-06-25,2021-07-25
56146,16146,Professional,Annual,400.98,14.8,2024-09-07,2025-09-02
56147,16147,Business,Annual,871.22,18.7,2022-06-19,2023-06-14
56148,16148,Starter,Monthly,132.43,21.8,2024-11-18,2024-12-18
56149,16149,Enterprise,Monthly,2062.56,23.9,2026-01-04,2026-02-03
56150,16150,Professional,Monthly,330.06,7.8,2025-07-22,2025-08-21
56151,16151,Starter,Monthly,126.94,10.2,2021-11-20,2021-12-20
56152,16152,Enterprise,Annual,2526.37,0.0,2021-03-26,2022-03-21
56153,16153,Professional,Monthly,362.56,5.1,2023-06-06,2023-07-06
56154,16154,Professional,Monthly,321.79,0.0,2021-04-22,2021-05-22
56155,16155,Starter,Monthly,111.15,20.5,2023-08-07,2023-09-06
56156,16156,Professional,Monthly,373.08,10.0,2024-11-22,2024-12-22
56157,16157,Business,Annual,753.26,11.2,2021-02-21,2022-02-16
56158,16158,Starter,Monthly,104.75,15.5,2023-01-11,2023-02-10
56159,16159,Professional,Monthly,310.09,10.2,2022-03-01,2022-03-31
56160,16160,Business,Annual,839.22,11.1,2023-11-11,2024-11-05
56161,16161,Starter,Annual,116.88,7.5,2025-09-08,2026-09-03
56162,16162,Business,Quarterly,723.14,12.1,2021-02-25,2021-05-26
56163,16163,Starter,Monthly,108.79,18.9,2023-03-18,2023-04-17
56164,16164,Starter,Monthly,116.6,23.2,2022-10-17,2022-11-16
56165,16165,Enterprise,Annual,2201.07,5.1,2023-10-04,2024-09-28
56166,16166,Starter,Quarterly,118.9,17.3,2023-06-27,2023-09-25
56167,16167,Business,Monthly,817.59,0.7,2021-01-08,2021-02-07
56168,16168,Business,Monthly,964.05,0.7,2025-11-17,2025-12-17
56169,16169,Professional,Annual,348.46,6.7,2024-01-30,2025-01-24
56170,16170,Professional,Annual,376.45,6.3,2023-09-17,2024-09-11
56171,16171,Starter,Annual,136.96,7.2,2024-01-09,2025-01-03
56172,16172,Business,Quarterly,976.48,7.6,2026-09-10,2026-12-09
56173,16173,Enterprise,Quarterly,2529.9,13.9,2022-01-13,2022-04-13
56174,16174,Starter,Annual,122.78,19.5,2026-05-04,2027-04-29
56175,16175,Professional,Quarterly,378.51,22.8,2024-08-15,2024-11-13
56176,16176,Professional,Monthly,336.05,15.0,2021-10-09,2021-11-08
56177,16177,Starter,Monthly,138.2,18.9,2023-11-02,2023-12-02
56178,16178,Business,Annual,785.96,4.0,2022-10-01,2023-09-26
56179,16179,Business,Annual,956.84,15.7,2021-03-10,2022-03-05
56180,16180,Starter,Quarterly,121.73,6.0,2026-01-13,2026-04-13
56181,16181,Professional,Monthly,334.1,18.1,2026-09-02,2026-10-02
56182,16182,Professional,Quarterly,344.01,12.9,2021-12-03,2022-03-03
56183,16183,Starter,Annual,126.71,12.1,2021-08-03,2022-07-29
56184,16184,Business,Monthly,999.17,5.1,2022-09-27,2022-10-27
56185,16185,Starter,Annual,106.1,5.8,2022-02-27,2023-02-22
56186,16186,Professional,Monthly,410.14,0.0,2023-02-25,2023-03-27
56187,16187,Professional,Monthly,397.42,5.8,2023-07-27,2023-08-26
56188,16188,Professional,Monthly,369.45,4.7,2025-11-07,2025-12-07
56189,16189,Starter,Quarterly,107.47,4.5,2025-08-17,2025-11-15
56190,16190,Business,Monthly,964.21,7.3,2024-07-21,2024-08-20
56191,16191,Enterprise,Quarterly,2401.79,25.1,2024-06-10,2024-09-08
56192,16192,Professional,Monthly,358.42,21.1,2022-03-15,2022-04-14
56193,16193,Starter,Annual,139.21,20.2,2024-08-30,2025-08-25
56194,16194,Business,Annual,920.18,6.4,2025-03-14,2026-03-09
56195,16195,Enterprise,Monthly,2092.25,10.2,2024-11-18,2024-12-18
56196,16196,Business,Monthly,735.48,7.1,2026-09-07,2026-10-07
56197,16197,Professional,Annual,390.52,1.6,2021-09-27,2022-09-22
56198,16198,Starter,Monthly,112.73,10.0,2025-01-30,2025-03-01
56199,16199,Starter,Annual,113.78,11.8,2026-04-30,2027-04-25
56200,16200,Starter,Monthly,120.89,17.7,2025-08-08,2025-09-07
56201,16201,Starter,Annual,133.5,10.8,2022-11-05,2023-10-31
56202,16202,Enterprise,Monthly,2581.73,0.0,2022-02-14,2022-03-16
56203,16203,Professional,Annual,323.99,4.0,2024-12-12,2025-12-07
56204,16204,Starter,Quarterly,139.04,6.2,2023-03-03,2023-06-01
56205,16205,Professional,Quarterly,371.54,0.0,2024-05-31,2024-08-29
56206,16206,Starter,Annual,137.93,6.1,2021-12-26,2022-12-21
56207,16207,Professional,Annual,401.41,16.4,2022-08-05,2023-07-31
56208,16208,Professional,Annual,345.57,6.2,2023-11-10,2024-11-04
56209,16209,Starter,Quarterly,130.48,15.2,2022-02-27,2022-05-28
56210,16210,Starter,Quarterly,141.76,10.6,2021-05-01,2021-07-30
56211,16211,Business,Monthly,922.53,16.3,2021-02-03,2021-03-05
56212,16212,Professional,Monthly,353.62,0.0,2021-03-12,2021-04-11
56213,16213,Professional,Quarterly,343.07,13.3,2022-06-29,2022-09-27
56214,16214,Business,Monthly,765.14,5.1,2023-08-26,2023-09-25
56215,16215,Business,Monthly,1019.64,19.1,2022-06-19,2022-07-19
56216,16216,Professional,Monthly,378.08,1.0,2021-01-14,2021-02-13
56217,16217,Enterprise,Monthly,2082.95,17.7,2024-08-22,2024-09-21
56218,16218,Starter,Quarterly,105.13,10.0,2021-09-28,2021-12-27
56219,16219,Starter,Quarterly,133.66,12.3,2025-12-02,2026-03-02
56220,16220,Enterprise,Quarterly,2528.41,10.9,2025-02-26,2025-05-27
56221,16221,Business,Quarterly,849.77,0.0,2025-05-03,2025-08-01
56222,16222,Starter,Quarterly,142.16,14.5,2022-04-08,2022-07-07
56223,16223,Enterprise,Monthly,2122.93,8.7,2022-06-07,2022-07-07
56224,16224,Starter,Monthly,133.75,19.3,2023-05-05,2023-06-04
56225,16225,Business,Quarterly,800.74,14.0,2026-08-08,2026-11-06
56226,16226,Starter,Quarterly,116.11,16.3,2022-03-19,2022-06-17
56227,16227,Starter,Monthly,127.43,8.8,2026-09-15,2026-10-15
56228,16228,Professional,Annual,301.99,13.9,2024-05-06,2025-05-01
56229,16229,Business,Annual,785.22,15.3,2024-05-12,2025-05-07
56230,16230,Business,Quarterly,774.96,17.4,2026-09-23,2026-12-22
56231,16231,Enterprise,Monthly,2122.55,16.1,2022-02-12,2022-03-14
56232,16232,Professional,Monthly,392.74,18.5,2023-06-14,2023-07-14
56233,16233,Professional,Monthly,408.68,4.8,2024-06-18,2024-07-18
56234,16234,Starter,Monthly,102.53,9.5,2026-09-20,2026-10-20
56235,16235,Starter,Monthly,112.8,7.3,2026-07-04,2026-08-03
56236,16236,Professional,Quarterly,300.61,12.8,2024-10-18,2025-01-16
56237,16237,Business,Monthly,978.72,8.5,2023-06-17,2023-07-17
56238,16238,Business,Annual,781.62,5.0,2021-04-05,2022-03-31
56239,16239,Starter,Monthly,134.37,6.4,2022-06-24,2022-07-24
56240,16240,Business,Monthly,732.41,9.2,2022-05-24,2022-06-23
56241,16241,Business,Monthly,841.02,8.2,2023-11-12,2023-12-12
56242,16242,Professional,Quarterly,341.43,3.5,2023-01-08,2023-04-08
56243,16243,Business,Monthly,820.48,9.9,2024-05-12,2024-06-11
56244,16244,Professional,Monthly,367.35,10.8,2022-04-16,2022-05-16
56245,16245,Enterprise,Monthly,2171.31,5.4,2021-10-11,2021-11-10
56246,16246,Starter,Monthly,118.94,6.3,2022-01-07,2022-02-06
56247,16247,Professional,Annual,320.68,19.8,2025-03-02,2026-02-25
56248,16248,Starter,Annual,119.41,0.0,2024-11-04,2025-10-30
56249,16249,Business,Quarterly,942.97,10.8,2022-05-22,2022-08-20
56250,16250,Starter,Annual,115.57,21.8,2024-01-24,2025-01-18
56251,16251,Professional,Annual,402.49,8.0,2022-08-01,2023-07-27
56252,16252,Business,Monthly,771.92,16.0,2024-04-15,2024-05-15
56253,16253,Professional,Monthly,401.21,0.0,2023-10-05,2023-11-04
56254,16254,Professional,Monthly,372.93,0.0,2022-10-30,2022-11-29
56255,16255,Starter,Monthly,119.8,9.9,2024-12-17,2025-01-16
56256,16256,Starter,Quarterly,103.48,3.8,2026-03-23,2026-06-21
56257,16257,Enterprise,Quarterly,1967.46,14.3,2021-09-30,2021-12-29
56258,16258,Professional,Monthly,348.25,12.5,2024-05-06,2024-06-05
56259,16259,Business,Annual,983.68,22.6,2021-02-10,2022-02-05
56260,16260,Professional,Annual,414.71,14.9,2023-01-08,2024-01-03
56261,16261,Starter,Monthly,141.05,8.8,2025-12-02,2026-01-01
56262,16262,Starter,Quarterly,113.51,13.6,2024-06-22,2024-09-20
56263,16263,Starter,Annual,112.77,9.2,2022-12-10,2023-12-05
56264,16264,Business,Monthly,942.51,0.8,2021-05-06,2021-06-05
56265,16265,Professional,Monthly,412.72,15.3,2023-02-17,2023-03-19
56266,16266,Professional,Annual,313.83,13.8,2023-04-16,2024-04-10
56267,16267,Business,Monthly,834.83,5.1,2023-05-29,2023-06-28
56268,16268,Professional,Annual,399.96,20.9,2022-01-29,2023-01-24
56269,16269,Enterprise,Quarterly,2248.83,5.2,2023-04-08,2023-07-07
56270,16270,Starter,Monthly,137.38,22.8,2026-04-28,2026-05-28
56271,16271,Enterprise,Monthly,1959.9,9.2,2023-04-17,2023-05-17
56272,16272,Business,Monthly,953.67,0.0,2022-06-09,2022-07-09
56273,16273,Professional,Quarterly,345.23,23.2,2024-06-05,2024-09-03
56274,16274,Professional,Quarterly,382.4,17.4,2021-05-26,2021-08-24
56275,16275,Business,Monthly,809.71,16.8,2023-01-05,2023-02-04
56276,16276,Professional,Annual,382.26,0.0,2026-04-08,2027-04-03
56277,16277,Starter,Annual,131.49,0.0,2021-06-18,2022-06-13
56278,16278,Enterprise,Monthly,2192.89,17.2,2025-04-11,2025-05-11
56279,16279,Professional,Annual,416.23,17.5,2024-02-23,2025-02-17
56280,16280,Professional,Annual,297.56,0.0,2021-10-27,2022-10-22
56281,16281,Starter,Annual,130.32,13.1,2023-07-27,2024-07-21
56282,16282,Starter,Monthly,140.17,9.6,2022-06-06,2022-07-06
56283,16283,Business,Monthly,977.6,1.6,2022-09-10,2022-10-10
56284,16284,Professional,Monthly,366.68,6.6,2023-08-27,2023-09-26
56285,16285,Enterprise,Monthly,2559.73,23.1,2025-09-14,2025-10-14
56286,16286,Business,Annual,754.61,3.9,2026-04-20,2027-04-15
56287,16287,Enterprise,Monthly,2288.48,0.0,2022-05-21,2022-06-20
56288,16288,Starter,Monthly,143.22,6.7,2021-10-29,2021-11-28
56289,16289,Starter,Quarterly,143.65,0.0,2022-10-15,2023-01-13
56290,16290,Professional,Monthly,380.7,8.1,2021-03-05,2021-04-04
56291,16291,Starter,Monthly,109.04,0.0,2025-06-11,2025-07-11
56292,16292,Professional,Monthly,311.33,2.4,2021-11-15,2021-12-15
56293,16293,Business,Monthly,996.93,11.8,2025-08-09,2025-09-08
56294,16294,Professional,Monthly,405.38,0.0,2023-04-09,2023-05-09
56295,16295,Starter,Annual,115.25,2.8,2021-04-02,2022-03-28
56296,16296,Starter,Annual,141.13,20.8,2023-08-19,2024-08-13
56297,16297,Starter,Quarterly,107.48,11.1,2021-03-05,2021-06-03
56298,16298,Business,Monthly,810.11,11.9,2023-04-24,2023-05-24
56299,16299,Starter,Monthly,129.05,14.5,2021-08-07,2021-09-06
56300,16300,Enterprise,Annual,2001.42,10.1,2022-12-05,2023-11-30
56301,16301,Business,Annual,1016.75,16.8,2022-09-11,2023-09-06
56302,16302,Business,Monthly,788.71,14.2,2026-04-17,2026-05-17
56303,16303,Professional,Annual,327.55,2.6,2021-09-04,2022-08-30
56304,16304,Enterprise,Annual,2235.44,12.8,2023-08-22,2024-08-16
56305,16305,Business,Monthly,954.1,0.0,2025-02-05,2025-03-07
56306,16306,Professional,Quarterly,312.26,0.0,2023-10-11,2024-01-09
56307,16307,Starter,Quarterly,130.03,19.1,2021-02-26,2021-05-27
56308,16308,Business,Monthly,752.06,9.0,2023-12-05,2024-01-04
56309,16309,Professional,Monthly,309.1,17.7,2024-01-15,2024-02-14
56310,16310,Starter,Quarterly,103.74,9.8,2026-07-22,2026-10-20
56311,16311,Starter,Annual,124.87,14.5,2023-11-28,2024-11-22
56312,16312,Starter,Annual,120.31,18.6,2023-01-27,2024-01-22
56313,16313,Professional,Monthly,335.15,0.0,2026-02-02,2026-03-04
56314,16314,Professional,Quarterly,362.07,13.0,2026-03-28,2026-06-26
56315,16315,Professional,Annual,358.98,14.8,2021-05-06,2022-05-01
56316,16316,Business,Annual,863.48,14.2,2021-09-24,2022-09-19
56317,16317,Professional,Quarterly,318.63,0.0,2025-06-11,2025-09-09
56318,16318,Starter,Monthly,139.67,9.6,2025-08-08,2025-09-07
56319,16319,Starter,Annual,128.04,15.1,2025-03-12,2026-03-07
56320,16320,Business,Quarterly,760.37,14.4,2026-06-30,2026-09-28
56321,16321,Starter,Monthly,112.73,22.4,2022-09-02,2022-10-02
56322,16322,Business,Annual,949.96,14.2,2022-04-14,2023-04-09
56323,16323,Starter,Annual,134.61,4.8,2023-03-12,2024-03-06
56324,16324,Business,Quarterly,938.41,16.8,2021-05-13,2021-08-11
56325,16325,Professional,Annual,394.33,16.9,2023-10-17,2024-10-11
56326,16326,Starter,Quarterly,127.12,2.8,2021-11-14,2022-02-12
56327,16327,Business,Monthly,808.41,28.1,2025-05-20,2025-06-19
56328,16328,Professional,Monthly,341.31,28.2,2022-12-12,2023-01-11
56329,16329,Business,Annual,874.12,6.0,2022-03-27,2023-03-22
56330,16330,Business,Monthly,795.69,0.0,2026-02-25,2026-03-27
56331,16331,Starter,Monthly,137.84,2.0,2025-10-10,2025-11-09
56332,16332,Professional,Monthly,389.0,1.1,2024-08-16,2024-09-15
56333,16333,Starter,Monthly,143.16,0.0,2021-05-22,2021-06-21
56334,16334,Professional,Monthly,348.37,5.4,2025-02-06,2025-03-08
56335,16335,Starter,Annual,138.57,1.5,2022-07-23,2023-07-18
56336,16336,Professional,Monthly,392.94,21.5,2025-04-29,2025-05-29
56337,16337,Starter,Quarterly,136.94,0.0,2026-03-04,2026-06-02
56338,16338,Professional,Quarterly,381.8,12.2,2021-01-30,2021-04-30
56339,16339,Professional,Quarterly,340.26,7.7,2024-06-20,2024-09-18
56340,16340,Business,Annual,795.07,12.9,2022-11-26,2023-11-21
56341,16341,Professional,Annual,330.86,9.1,2021-06-07,2022-06-02
56342,16342,Business,Monthly,891.18,11.0,2021-12-06,2022-01-05
56343,16343,Starter,Annual,138.95,18.8,2025-11-04,2026-10-30
56344,16344,Starter,Quarterly,120.86,5.9,2021-04-02,2021-07-01
56345,16345,Enterprise,Annual,2331.11,0.0,2021-11-25,2022-11-20
56346,16346,Professional,Annual,387.39,9.7,2021-06-21,2022-06-16
56347,16347,Professional,Monthly,402.27,4.2,2022-09-13,2022-10-13
56348,16348,Starter,Quarterly,129.24,12.6,2024-01-24,2024-04-23
56349,16349,Starter,Annual,128.43,5.1,2023-09-16,2024-09-10
56350,16350,Enterprise,Monthly,2630.45,4.3,2021-03-18,2021-04-17
56351,16351,Business,Monthly,979.07,19.4,2021-05-22,2021-06-21
56352,16352,Professional,Monthly,387.34,25.1,2021-08-19,2021-09-18
56353,16353,Enterprise,Monthly,2510.6,3.5,2025-11-29,2025-12-29
56354,16354,Professional,Annual,419.99,10.3,2026-04-16,2027-04-11
56355,16355,Business,Monthly,872.95,6.9,2023-08-12,2023-09-11
56356,16356,Professional,Annual,383.93,12.4,2025-10-26,2026-10-21
56357,16357,Professional,Quarterly,397.14,7.5,2026-01-03,2026-04-03
56358,16358,Starter,Quarterly,120.66,14.8,2025-04-03,2025-07-02
56359,16359,Business,Annual,1006.59,2.8,2025-01-24,2026-01-19
56360,16360,Starter,Monthly,118.05,18.7,2021-09-26,2021-10-26
56361,16361,Business,Monthly,794.81,8.9,2023-08-20,2023-09-19
56362,16362,Starter,Monthly,130.44,22.6,2025-05-14,2025-06-13
56363,16363,Starter,Monthly,105.39,22.7,2025-06-16,2025-07-16
56364,16364,Enterprise,Quarterly,1967.51,11.6,2026-05-22,2026-08-20
56365,16365,Professional,Monthly,416.38,7.2,2023-12-11,2024-01-10
56366,16366,Starter,Annual,113.83,5.6,2025-08-30,2026-08-25
56367,16367,Enterprise,Annual,1895.52,13.0,2023-10-26,2024-10-20
56368,16368,Professional,Monthly,355.64,13.6,2022-10-10,2022-11-09
56369,16369,Starter,Monthly,138.43,7.2,2023-01-08,2023-02-07
56370,16370,Professional,Monthly,338.33,3.7,2024-04-22,2024-05-22
56371,16371,Professional,Annual,348.87,2.4,2024-12-30,2025-12-25
56372,16372,Professional,Quarterly,316.71,18.0,2023-03-31,2023-06-29
56373,16373,Enterprise,Monthly,2136.49,1.7,2023-06-22,2023-07-22
56374,16374,Starter,Monthly,142.55,5.3,2025-02-12,2025-03-14
56375,16375,Starter,Monthly,138.84,10.7,2023-09-08,2023-10-08
56376,16376,Starter,Monthly,133.07,16.1,2022-01-18,2022-02-17
56377,16377,Starter,Quarterly,135.02,12.0,2024-09-07,2024-12-06
56378,16378,Professional,Annual,379.5,1.9,2025-01-06,2026-01-01
56379,16379,Business,Monthly,757.59,6.5,2022-05-05,2022-06-04
56380,16380,Professional,Monthly,311.89,4.8,2024-03-02,2024-04-01
56381,16381,Starter,Annual,124.56,17.3,2022-03-02,2023-02-25
56382,16382,Business,Annual,899.65,15.6,2026-06-06,2027-06-01
56383,16383,Professional,Quarterly,416.55,1.5,2025-05-05,2025-08-03
56384,16384,Professional,Annual,352.77,8.3,2024-12-16,2025-12-11
56385,16385,Starter,Monthly,140.53,11.4,2025-02-08,2025-03-10
56386,16386,Starter,Annual,143.59,0.0,2024-11-08,2025-11-03
56387,16387,Starter,Annual,137.47,17.2,2023-10-17,2024-10-11
56388,16388,Starter,Annual,118.76,11.7,2022-02-27,2023-02-22
56389,16389,Professional,Monthly,389.8,15.0,2024-04-29,2024-05-29
56390,16390,Starter,Quarterly,124.91,0.0,2025-12-06,2026-03-06
56391,16391,Starter,Monthly,110.35,10.0,2025-11-15,2025-12-15
56392,16392,Professional,Quarterly,313.39,9.2,2023-05-05,2023-08-03
56393,16393,Business,Monthly,743.35,3.4,2021-12-31,2022-01-30
56394,16394,Business,Quarterly,819.61,8.2,2026-09-01,2026-11-30
56395,16395,Starter,Monthly,130.93,16.3,2022-07-02,2022-08-01
56396,16396,Starter,Annual,140.38,3.6,2024-06-25,2025-06-20
56397,16397,Business,Annual,817.83,10.0,2023-07-14,2024-07-08
56398,16398,Professional,Monthly,362.55,20.6,2021-09-18,2021-10-18
56399,16399,Business,Annual,861.97,0.0,2022-03-11,2023-03-06
56400,16400,Starter,Monthly,106.57,9.8,2022-06-19,2022-07-19
56401,16401,Starter,Monthly,133.93,5.4,2022-01-16,2022-02-15
56402,16402,Business,Quarterly,877.01,13.7,2021-01-29,2021-04-29
56403,16403,Business,Quarterly,995.4,8.3,2025-02-15,2025-05-16
56404,16404,Professional,Monthly,399.84,16.9,2023-12-08,2024-01-07
56405,16405,Enterprise,Monthly,2084.27,13.3,2024-10-22,2024-11-21
56406,16406,Professional,Monthly,335.8,11.4,2022-07-01,2022-07-31
56407,16407,Business,Annual,882.25,15.6,2021-11-23,2022-11-18
56408,16408,Professional,Monthly,312.83,8.5,2025-10-18,2025-11-17
56409,16409,Professional,Monthly,328.26,6.1,2022-12-30,2023-01-29
56410,16410,Professional,Quarterly,398.08,11.3,2021-08-07,2021-11-05
56411,16411,Starter,Annual,108.43,7.2,2021-05-06,2022-05-01
56412,16412,Starter,Monthly,124.94,2.1,2023-06-01,2023-07-01
56413,16413,Professional,Monthly,345.76,2.6,2024-11-03,2024-12-03
56414,16414,Starter,Monthly,110.44,1.2,2021-11-15,2021-12-15
56415,16415,Professional,Quarterly,416.3,9.8,2024-08-21,2024-11-19
56416,16416,Professional,Monthly,398.58,10.1,2024-05-08,2024-06-07
56417,16417,Starter,Monthly,113.2,0.0,2021-03-26,2021-04-25
56418,16418,Business,Monthly,956.12,17.4,2023-12-01,2023-12-31
56419,16419,Starter,Quarterly,102.27,17.8,2025-04-24,2025-07-23
56420,16420,Starter,Monthly,113.66,8.6,2024-10-18,2024-11-17
56421,16421,Business,Annual,754.63,16.1,2026-04-27,2027-04-22
56422,16422,Professional,Quarterly,349.45,6.9,2021-12-28,2022-03-28
56423,16423,Starter,Quarterly,128.79,0.0,2024-04-19,2024-07-18
56424,16424,Starter,Quarterly,109.2,9.1,2024-06-08,2024-09-06
56425,16425,Professional,Quarterly,326.79,7.3,2023-09-15,2023-12-14
56426,16426,Starter,Monthly,118.49,11.8,2026-01-23,2026-02-22
56427,16427,Enterprise,Annual,2355.7,14.9,2024-06-11,2025-06-06
56428,16428,Business,Annual,814.94,17.7,2024-12-23,2025-12-18
56429,16429,Starter,Quarterly,127.26,3.1,2023-04-11,2023-07-10
56430,16430,Business,Monthly,826.4,23.9,2024-08-10,2024-09-09
56431,16431,Professional,Quarterly,329.09,3.4,2024-10-03,2025-01-01
56432,16432,Professional,Monthly,402.24,10.0,2023-05-26,2023-06-25
56433,16433,Starter,Monthly,118.08,12.9,2021-12-27,2022-01-26
56434,16434,Starter,Annual,140.57,8.4,2026-03-14,2027-03-09
56435,16435,Business,Annual,813.41,0.0,2021-12-24,2022-12-19
56436,16436,Professional,Annual,364.0,1.2,2024-11-07,2025-11-02
56437,16437,Professional,Annual,304.07,7.6,2021-03-05,2022-02-28
56438,16438,Starter,Monthly,130.57,11.5,2024-11-20,2024-12-20
56439,16439,Enterprise,Monthly,2482.51,3.1,2025-02-24,2025-03-26
56440,16440,Professional,Monthly,416.5,13.1,2022-08-03,2022-09-02
56441,16441,Professional,Annual,399.98,12.7,2021-11-18,2022-11-13
56442,16442,Starter,Quarterly,115.13,14.4,2024-04-10,2024-07-09
56443,16443,Business,Quarterly,888.09,9.6,2026-01-13,2026-04-13
56444,16444,Professional,Monthly,370.0,7.4,2021-08-10,2021-09-09
56445,16445,Starter,Quarterly,104.39,13.2,2023-06-15,2023-09-13
56446,16446,Professional,Quarterly,306.4,9.0,2025-02-22,2025-05-23
56447,16447,Business,Annual,819.43,18.9,2025-12-23,2026-12-18
56448,16448,Professional,Monthly,388.69,2.3,2023-09-12,2023-10-12
56449,16449,Business,Quarterly,807.45,20.8,2025-06-21,2025-09-19
56450,16450,Professional,Annual,404.58,14.1,2026-08-06,2027-08-01
56451,16451,Business,Monthly,914.38,10.1,2024-11-09,2024-12-09
56452,16452,Business,Annual,861.77,11.2,2022-08-05,2023-07-31
56453,16453,Business,Monthly,883.32,10.4,2024-08-28,2024-09-27
56454,16454,Professional,Annual,338.1,9.6,2021-10-29,2022-10-24
56455,16455,Starter,Annual,142.9,18.8,2025-11-23,2026-11-18
56456,16456,Business,Annual,774.85,20.5,2026-05-02,2027-04-27
56457,16457,Professional,Monthly,402.9,12.4,2024-10-04,2024-11-03
56458,16458,Professional,Monthly,380.57,13.9,2023-03-02,2023-04-01
56459,16459,Starter,Monthly,131.89,2.3,2023-07-01,2023-07-31
56460,16460,Business,Annual,971.15,6.0,2024-10-07,2025-10-02
56461,16461,Professional,Monthly,314.19,12.7,2025-03-14,2025-04-13
56462,16462,Starter,Quarterly,131.2,9.4,2026-05-07,2026-08-05
56463,16463,Enterprise,Annual,2467.73,12.6,2022-08-18,2023-08-13
56464,16464,Starter,Monthly,143.35,1.1,2025-05-10,2025-06-09
56465,16465,Professional,Annual,389.08,11.9,2021-03-03,2022-02-26
56466,16466,Professional,Quarterly,414.09,24.4,2024-03-11,2024-06-09
56467,16467,Enterprise,Quarterly,2524.29,3.9,2022-04-11,2022-07-10
56468,16468,Starter,Quarterly,138.78,12.1,2024-03-18,2024-06-16
56469,16469,Professional,Annual,409.82,7.3,2023-03-27,2024-03-21
56470,16470,Professional,Monthly,362.57,16.2,2026-09-07,2026-10-07
56471,16471,Starter,Monthly,131.86,11.2,2022-05-23,2022-06-22
56472,16472,Enterprise,Annual,1965.45,6.8,2021-02-28,2022-02-23
56473,16473,Business,Monthly,828.54,4.8,2026-05-13,2026-06-12
56474,16474,Business,Monthly,984.12,13.2,2021-07-04,2021-08-03
56475,16475,Business,Quarterly,1013.36,7.2,2025-02-06,2025-05-07
56476,16476,Business,Annual,755.72,27.2,2025-08-08,2026-08-03
56477,16477,Professional,Monthly,369.3,11.3,2022-08-01,2022-08-31
56478,16478,Professional,Monthly,387.49,13.4,2024-02-22,2024-03-23
56479,16479,Business,Quarterly,876.03,0.0,2024-05-21,2024-08-19
56480,16480,Professional,Quarterly,326.04,11.2,2021-07-01,2021-09-29
56481,16481,Professional,Monthly,302.61,0.0,2021-03-12,2021-04-11
56482,16482,Professional,Annual,414.06,8.3,2022-07-10,2023-07-05
56483,16483,Business,Quarterly,792.96,16.2,2023-05-02,2023-07-31
56484,16484,Enterprise,Quarterly,2100.31,21.8,2024-05-03,2024-08-01
56485,16485,Business,Monthly,913.73,18.1,2024-08-08,2024-09-07
56486,16486,Starter,Annual,120.0,11.1,2023-12-17,2024-12-11
56487,16487,Professional,Monthly,349.37,19.0,2026-03-28,2026-04-27
56488,16488,Business,Annual,747.07,22.5,2024-08-16,2025-08-11
56489,16489,Starter,Monthly,143.66,3.1,2023-04-09,2023-05-09
56490,16490,Enterprise,Quarterly,2088.99,17.8,2021-09-24,2021-12-23
56491,16491,Starter,Quarterly,106.62,4.7,2024-10-31,2025-01-29
56492,16492,Professional,Monthly,380.99,8.6,2022-09-06,2022-10-06
56493,16493,Enterprise,Monthly,2449.2,13.0,2024-11-01,2024-12-01
56494,16494,Business,Monthly,730.04,18.4,2022-08-01,2022-08-31
56495,16495,Business,Annual,802.6,8.5,2022-09-24,2023-09-19
56496,16496,Enterprise,Quarterly,2019.66,2.4,2024-12-27,2025-03-27
56497,16497,Business,Monthly,957.15,0.0,2026-07-28,2026-08-27
56498,16498,Enterprise,Quarterly,2011.49,7.9,2024-05-30,2024-08-28
56499,16499,Business,Monthly,792.48,19.9,2023-09-12,2023-10-12
56500,16500,Business,Monthly,1016.08,6.4,2021-01-04,2021-02-03
56501,16501,Business,Quarterly,931.38,17.9,2024-09-06,2024-12-05
56502,16502,Starter,Monthly,118.28,4.6,2023-10-29,2023-11-28
56503,16503,Business,Monthly,946.77,10.6,2023-12-12,2024-01-11
56504,16504,Enterprise,Annual,2229.19,12.0,2023-10-21,2024-10-15
56505,16505,Professional,Monthly,323.55,15.4,2024-03-11,2024-04-10
56506,16506,Starter,Monthly,122.49,2.5,2023-02-18,2023-03-20
56507,16507,Starter,Annual,134.43,7.8,2021-10-07,2022-10-02
56508,16508,Starter,Quarterly,109.49,17.8,2024-01-17,2024-04-16
56509,16509,Professional,Quarterly,356.98,0.3,2024-03-29,2024-06-27
56510,16510,Professional,Monthly,312.12,14.8,2023-09-12,2023-10-12
56511,16511,Enterprise,Monthly,2518.86,1.3,2026-09-07,2026-10-07
56512,16512,Enterprise,Quarterly,2500.48,8.8,2023-03-21,2023-06-19
56513,16513,Professional,Monthly,380.0,10.4,2021-09-29,2021-10-29
56514,16514,Business,Monthly,996.21,5.3,2024-01-29,2024-02-28
56515,16515,Professional,Quarterly,346.49,15.5,2024-05-12,2024-08-10
56516,16516,Starter,Annual,107.54,11.1,2021-07-09,2022-07-04
56517,16517,Enterprise,Monthly,2621.24,14.4,2022-06-30,2022-07-30
56518,16518,Starter,Annual,123.55,5.4,2026-06-27,2027-06-22
56519,16519,Business,Annual,863.97,19.1,2023-04-28,2024-04-22
56520,16520,Professional,Monthly,305.31,15.4,2024-09-29,2024-10-29
56521,16521,Professional,Monthly,367.37,8.7,2023-02-10,2023-03-12
56522,16522,Business,Monthly,914.31,1.6,2023-02-08,2023-03-10
56523,16523,Professional,Monthly,355.47,19.6,2023-12-07,2024-01-06
56524,16524,Business,Quarterly,993.35,3.1,2023-10-08,2024-01-06
56525,16525,Professional,Quarterly,388.44,13.0,2022-12-04,2023-03-04
56526,16526,Enterprise,Monthly,1899.74,10.6,2022-04-10,2022-05-10
56527,16527,Business,Quarterly,883.91,9.4,2023-07-06,2023-10-04
56528,16528,Professional,Annual,419.22,2.1,2024-12-23,2025-12-18
56529,16529,Business,Quarterly,781.92,3.2,2026-07-24,2026-10-22
56530,16530,Professional,Monthly,373.1,20.1,2021-07-13,2021-08-12
56531,16531,Business,Monthly,803.86,12.0,2021-03-07,2021-04-06
56532,16532,Business,Quarterly,833.02,16.7,2025-09-22,2025-12-21
56533,16533,Professional,Quarterly,301.62,0.0,2022-08-24,2022-11-22
56534,16534,Business,Annual,927.16,6.6,2025-02-08,2026-02-03
56535,16535,Professional,Monthly,391.3,15.7,2025-09-08,2025-10-08
56536,16536,Starter,Quarterly,134.46,5.6,2026-03-20,2026-06-18
56537,16537,Business,Monthly,1011.24,0.0,2022-04-21,2022-05-21
56538,16538,Business,Annual,971.77,14.8,2023-06-06,2024-05-31
56539,16539,Starter,Annual,110.72,0.0,2021-03-23,2022-03-18
56540,16540,Business,Annual,791.09,13.1,2026-05-15,2027-05-10
56541,16541,Professional,Annual,391.58,11.6,2021-02-13,2022-02-08
56542,16542,Starter,Quarterly,134.63,7.8,2025-02-10,2025-05-11
56543,16543,Professional,Annual,312.57,10.3,2022-09-02,2023-08-28
56544,16544,Starter,Monthly,102.28,9.9,2026-03-04,2026-04-03
56545,16545,Professional,Monthly,346.67,15.7,2024-09-14,2024-10-14
56546,16546,Business,Monthly,929.17,13.5,2024-12-08,2025-01-07
56547,16547,Starter,Monthly,138.4,17.2,2025-11-23,2025-12-23
56548,16548,Professional,Annual,317.75,24.2,2022-12-21,2023-12-16
56549,16549,Professional,Monthly,397.37,4.4,2022-11-22,2022-12-22
56550,16550,Enterprise,Annual,2397.03,9.0,2026-04-30,2027-04-25
56551,16551,Business,Annual,771.87,4.2,2021-04-20,2022-04-15
56552,16552,Starter,Annual,138.68,18.7,2021-08-07,2022-08-02
56553,16553,Enterprise,Monthly,2588.4,8.5,2022-04-08,2022-05-08
56554,16554,Professional,Quarterly,330.06,8.8,2022-05-30,2022-08-28
56555,16555,Professional,Annual,315.71,9.7,2022-09-29,2023-09-24
56556,16556,Starter,Monthly,142.64,4.3,2024-05-01,2024-05-31
56557,16557,Enterprise,Annual,1887.62,0.0,2022-09-19,2023-09-14
56558,16558,Professional,Annual,413.68,12.0,2021-03-11,2022-03-06
56559,16559,Enterprise,Monthly,2036.49,5.2,2025-02-26,2025-03-28
56560,16560,Starter,Monthly,120.4,10.4,2026-01-25,2026-02-24
56561,16561,Professional,Monthly,335.27,26.6,2021-08-12,2021-09-11
56562,16562,Starter,Annual,108.46,21.7,2026-02-09,2027-02-04
56563,16563,Professional,Monthly,340.68,8.1,2025-06-23,2025-07-23
56564,16564,Business,Quarterly,882.93,12.4,2025-12-11,2026-03-11
56565,16565,Starter,Monthly,105.94,14.1,2025-11-15,2025-12-15
56566,16566,Starter,Quarterly,135.99,15.1,2023-11-28,2024-02-26
56567,16567,Business,Monthly,960.61,5.2,2023-02-08,2023-03-10
56568,16568,Starter,Quarterly,135.49,6.7,2026-02-19,2026-05-20
56569,16569,Professional,Monthly,381.59,15.4,2025-07-27,2025-08-26
56570,16570,Professional,Quarterly,353.27,6.5,2023-09-19,2023-12-18
56571,16571,Business,Monthly,970.53,16.7,2025-09-25,2025-10-25
56572,16572,Starter,Annual,137.78,6.1,2026-07-22,2027-07-17
56573,16573,Business,Annual,807.42,18.4,2025-03-10,2026-03-05
56574,16574,Business,Annual,865.58,6.4,2022-05-04,2023-04-29
56575,16575,Starter,Monthly,110.52,13.2,2021-02-26,2021-03-28
56576,16576,Starter,Monthly,112.74,16.2,2022-05-27,2022-06-26
56577,16577,Enterprise,Quarterly,2053.99,5.5,2025-05-21,2025-08-19
56578,16578,Professional,Annual,398.8,22.8,2023-01-05,2023-12-31
56579,16579,Professional,Monthly,328.22,21.1,2025-05-02,2025-06-01
56580,16580,Starter,Monthly,124.95,9.7,2022-01-06,2022-02-05
56581,16581,Starter,Annual,128.39,14.5,2026-09-05,2027-08-31
56582,16582,Professional,Monthly,388.72,13.4,2026-01-17,2026-02-16
56583,16583,Professional,Quarterly,301.05,9.0,2022-08-29,2022-11-27
56584,16584,Business,Quarterly,864.03,0.0,2021-04-20,2021-07-19
56585,16585,Business,Monthly,809.55,7.7,2023-02-12,2023-03-14
56586,16586,Professional,Annual,399.66,0.1,2026-01-05,2026-12-31
56587,16587,Starter,Annual,103.54,9.2,2026-02-03,2027-01-29
56588,16588,Business,Annual,784.08,25.3,2026-01-02,2026-12-28
56589,16589,Professional,Monthly,336.18,5.6,2023-07-06,2023-08-05
56590,16590,Enterprise,Quarterly,1929.94,0.1,2022-08-20,2022-11-18
56591,16591,Business,Monthly,840.14,16.1,2024-05-22,2024-06-21
56592,16592,Professional,Annual,388.61,11.5,2024-08-28,2025-08-23
56593,16593,Professional,Monthly,323.51,22.2,2023-08-13,2023-09-12
56594,16594,Starter,Annual,133.69,0.0,2024-01-30,2025-01-24
56595,16595,Professional,Monthly,362.3,6.6,2023-02-01,2023-03-03
56596,16596,Business,Monthly,825.06,2.2,2023-07-27,2023-08-26
56597,16597,Professional,Annual,342.68,14.8,2022-12-20,2023-12-15
56598,16598,Professional,Annual,311.75,16.0,2026-05-08,2027-05-03
56599,16599,Business,Annual,796.81,5.8,2023-08-07,2024-08-01
56600,16600,Starter,Monthly,132.71,13.3,2021-10-29,2021-11-28
56601,16601,Starter,Monthly,138.24,23.2,2024-05-25,2024-06-24
56602,16602,Professional,Annual,330.04,7.3,2025-01-15,2026-01-10
56603,16603,Business,Quarterly,897.63,19.6,2022-09-06,2022-12-05
56604,16604,Business,Annual,732.83,0.0,2025-03-29,2026-03-24
56605,16605,Professional,Monthly,306.98,10.2,2024-11-25,2024-12-25
56606,16606,Business,Monthly,1009.4,21.3,2022-10-31,2022-11-30
56607,16607,Starter,Annual,139.65,0.0,2021-08-06,2022-08-01
56608,16608,Starter,Monthly,105.41,17.9,2023-01-19,2023-02-18
56609,16609,Business,Monthly,967.14,2.0,2021-05-05,2021-06-04
56610,16610,Starter,Quarterly,106.31,6.6,2021-07-20,2021-10-18
56611,16611,Starter,Quarterly,136.8,6.8,2023-11-10,2024-02-08
56612,16612,Starter,Monthly,140.37,7.1,2022-12-23,2023-01-22
56613,16613,Professional,Annual,316.25,15.3,2023-08-10,2024-08-04
56614,16614,Business,Monthly,766.3,3.4,2026-02-25,2026-03-27
56615,16615,Business,Monthly,998.16,32.7,2024-12-03,2025-01-02
56616,16616,Business,Monthly,812.18,9.2,2023-12-22,2024-01-21
56617,16617,Starter,Annual,121.85,17.6,2025-11-12,2026-11-07
56618,16618,Enterprise,Quarterly,2104.42,16.5,2022-11-30,2023-02-28
56619,16619,Professional,Monthly,389.29,8.1,2022-09-14,2022-10-14
56620,16620,Business,Annual,785.3,11.1,2023-09-13,2024-09-07
56621,16621,Enterprise,Annual,2250.47,7.4,2022-04-05,2023-03-31
56622,16622,Professional,Monthly,401.68,12.7,2023-12-21,2024-01-20
56623,16623,Starter,Monthly,141.59,1.2,2021-10-27,2021-11-26
56624,16624,Professional,Annual,340.71,14.3,2024-06-29,2025-06-24
56625,16625,Professional,Quarterly,311.46,13.7,2024-12-01,2025-03-01
56626,16626,Starter,Monthly,136.01,14.5,2024-07-03,2024-08-02
56627,16627,Starter,Annual,106.65,11.4,2026-01-04,2026-12-30
56628,16628,Professional,Monthly,392.96,1.0,2025-12-27,2026-01-26
56629,16629,Starter,Annual,130.94,4.5,2023-09-16,2024-09-10
56630,16630,Business,Quarterly,894.32,13.7,2021-08-02,2021-10-31
56631,16631,Starter,Quarterly,141.46,7.5,2022-06-16,2022-09-14
56632,16632,Professional,Quarterly,336.99,2.9,2025-05-19,2025-08-17
56633,16633,Starter,Monthly,105.92,18.0,2026-06-08,2026-07-08
56634,16634,Business,Annual,1014.53,6.3,2022-06-22,2023-06-17
56635,16635,Business,Annual,853.74,6.8,2024-07-10,2025-07-05
56636,16636,Starter,Monthly,120.2,8.9,2022-11-07,2022-12-07
56637,16637,Business,Quarterly,749.14,12.9,2022-01-25,2022-04-25
56638,16638,Starter,Monthly,133.23,10.9,2025-05-28,2025-06-27
56639,16639,Business,Annual,936.73,18.9,2021-11-16,2022-11-11
56640,16640,Professional,Annual,315.3,12.3,2022-11-21,2023-11-16
56641,16641,Starter,Annual,111.82,13.2,2026-10-01,2027-09-26
56642,16642,Professional,Annual,299.51,4.3,2022-10-19,2023-10-14
56643,16643,Starter,Monthly,139.37,0.0,2023-04-08,2023-05-08
56644,16644,Business,Monthly,795.25,12.5,2024-01-06,2024-02-05
56645,16645,Business,Monthly,998.29,22.2,2021-04-29,2021-05-29
56646,16646,Business,Quarterly,892.42,15.9,2024-04-20,2024-07-19
56647,16647,Business,Monthly,849.06,18.3,2022-05-21,2022-06-20
56648,16648,Business,Monthly,724.83,11.0,2023-11-08,2023-12-08
56649,16649,Professional,Monthly,308.8,16.7,2022-05-12,2022-06-11
56650,16650,Business,Monthly,769.71,16.3,2025-11-07,2025-12-07
56651,16651,Business,Monthly,753.94,7.7,2021-03-20,2021-04-19
56652,16652,Business,Annual,798.72,7.5,2021-02-28,2022-02-23
56653,16653,Enterprise,Annual,1989.03,6.4,2024-12-05,2025-11-30
56654,16654,Enterprise,Monthly,2381.15,6.0,2025-07-12,2025-08-11
56655,16655,Starter,Monthly,114.48,0.0,2025-11-08,2025-12-08
56656,16656,Starter,Quarterly,132.17,4.6,2026-02-06,2026-05-07
56657,16657,Professional,Annual,314.1,4.8,2025-09-03,2026-08-29
56658,16658,Enterprise,Monthly,2031.01,8.8,2025-02-20,2025-03-22
56659,16659,Starter,Monthly,135.07,20.9,2021-09-01,2021-10-01
56660,16660,Business,Quarterly,911.14,12.5,2024-01-16,2024-04-15
56661,16661,Business,Annual,751.19,17.8,2025-08-02,2026-07-28
56662,16662,Enterprise,Monthly,2608.75,0.0,2026-06-01,2026-07-01
56663,16663,Professional,Monthly,390.91,17.8,2021-02-08,2021-03-10
56664,16664,Professional,Monthly,365.2,14.4,2025-06-04,2025-07-04
56665,16665,Starter,Monthly,116.4,15.0,2021-01-20,2021-02-19
56666,16666,Enterprise,Monthly,1942.33,8.8,2021-08-09,2021-09-08
56667,16667,Enterprise,Annual,2145.82,24.8,2026-02-16,2027-02-11
56668,16668,Business,Annual,818.6,14.1,2021-09-08,2022-09-03
56669,16669,Enterprise,Monthly,1930.35,2.1,2021-07-31,2021-08-30
56670,16670,Starter,Annual,134.92,7.5,2022-02-23,2023-02-18
56671,16671,Professional,Monthly,348.38,17.0,2024-04-10,2024-05-10
56672,16672,Starter,Quarterly,139.36,12.0,2022-05-22,2022-08-20
56673,16673,Business,Annual,769.49,11.6,2022-10-08,2023-10-03
56674,16674,Starter,Monthly,115.34,17.1,2025-07-10,2025-08-09
56675,16675,Starter,Monthly,113.72,11.3,2023-05-19,2023-06-18
56676,16676,Business,Monthly,979.89,20.7,2022-05-07,2022-06-06
56677,16677,Business,Monthly,873.55,22.5,2024-03-15,2024-04-14
56678,16678,Enterprise,Annual,1979.2,6.8,2024-06-15,2025-06-10
56679,16679,Professional,Annual,341.29,19.8,2023-01-10,2024-01-05
56680,16680,Professional,Monthly,413.04,1.3,2025-11-26,2025-12-26
56681,16681,Professional,Quarterly,365.06,9.8,2022-02-28,2022-05-29
56682,16682,Enterprise,Annual,1898.28,9.8,2021-10-19,2022-10-14
56683,16683,Business,Quarterly,739.71,14.9,2026-06-07,2026-09-05
56684,16684,Business,Monthly,792.62,7.6,2026-05-12,2026-06-11
56685,16685,Starter,Annual,128.1,9.8,2021-08-31,2022-08-26
56686,16686,Professional,Annual,327.54,18.3,2024-05-15,2025-05-10
56687,16687,Enterprise,Monthly,2524.59,22.6,2025-11-25,2025-12-25
56688,16688,Starter,Monthly,128.44,18.5,2022-08-08,2022-09-07
56689,16689,Professional,Quarterly,334.34,20.2,2026-09-14,2026-12-13
56690,16690,Professional,Annual,345.76,3.6,2024-09-04,2025-08-30
56691,16691,Professional,Annual,343.47,0.0,2021-04-05,2022-03-31
56692,16692,Starter,Annual,115.2,18.4,2021-10-28,2022-10-23
56693,16693,Business,Monthly,909.89,4.2,2025-07-19,2025-08-18
56694,16694,Enterprise,Annual,2025.29,6.2,2024-04-23,2025-04-18
56695,16695,Starter,Quarterly,114.27,12.9,2022-11-21,2023-02-19
56696,16696,Professional,Annual,307.94,13.1,2024-03-11,2025-03-06
56697,16697,Starter,Quarterly,117.79,14.2,2023-09-20,2023-12-19
56698,16698,Professional,Annual,305.39,6.9,2022-10-23,2023-10-18
56699,16699,Professional,Monthly,299.69,8.2,2026-04-14,2026-05-14
56700,16700,Professional,Annual,376.63,14.4,2026-04-10,2027-04-05
56701,16701,Starter,Monthly,108.82,4.2,2023-11-29,2023-12-29
56702,16702,Professional,Monthly,301.81,7.3,2021-11-01,2021-12-01
56703,16703,Professional,Quarterly,305.87,20.9,2026-01-22,2026-04-22
56704,16704,Enterprise,Quarterly,2023.39,16.2,2022-06-10,2022-09-08
56705,16705,Starter,Monthly,132.28,7.2,2022-02-11,2022-03-13
56706,16706,Business,Monthly,726.03,0.0,2024-10-14,2024-11-13
56707,16707,Professional,Monthly,386.5,6.3,2023-06-05,2023-07-05
56708,16708,Starter,Monthly,127.08,14.3,2023-05-23,2023-06-22
56709,16709,Professional,Monthly,360.45,10.9,2026-05-25,2026-06-24
56710,16710,Business,Quarterly,993.01,10.7,2023-09-17,2023-12-16
56711,16711,Professional,Monthly,399.12,29.8,2024-07-28,2024-08-27
56712,16712,Starter,Annual,119.59,16.4,2025-05-08,2026-05-03
56713,16713,Business,Monthly,724.49,18.6,2021-01-11,2021-02-10
56714,16714,Starter,Monthly,131.84,13.3,2026-06-11,2026-07-11
56715,16715,Starter,Quarterly,104.0,18.9,2023-08-31,2023-11-29
56716,16716,Professional,Annual,331.56,15.8,2021-01-09,2022-01-04
56717,16717,Starter,Monthly,122.71,24.4,2021-01-28,2021-02-27
56718,16718,Starter,Annual,106.17,0.4,2022-11-17,2023-11-12
56719,16719,Professional,Quarterly,380.71,5.0,2022-08-05,2022-11-03
56720,16720,Business,Annual,818.11,0.8,2024-05-26,2025-05-21
56721,16721,Professional,Annual,341.8,7.1,2025-07-20,2026-07-15
56722,16722,Business,Monthly,915.38,10.8,2026-08-13,2026-09-12
56723,16723,Business,Quarterly,840.98,19.8,2024-04-25,2024-07-24
56724,16724,Enterprise,Annual,2042.92,25.2,2021-02-12,2022-02-07
56725,16725,Starter,Annual,109.42,10.8,2025-06-23,2026-06-18
56726,16726,Professional,Quarterly,386.2,10.9,2024-12-05,2025-03-05
56727,16727,Starter,Annual,133.52,12.3,2021-02-11,2022-02-06
56728,16728,Business,Annual,780.72,9.5,2022-12-31,2023-12-26
56729,16729,Business,Quarterly,817.4,5.3,2026-06-05,2026-09-03
56730,16730,Professional,Monthly,414.68,9.8,2022-10-10,2022-11-09
56731,16731,Professional,Monthly,418.07,5.7,2026-06-06,2026-07-06
56732,16732,Business,Monthly,896.63,8.6,2026-04-13,2026-05-13
56733,16733,Professional,Monthly,390.23,10.8,2024-03-05,2024-04-04
56734,16734,Business,Annual,945.11,10.8,2025-03-23,2026-03-18
56735,16735,Business,Annual,840.18,10.5,2021-02-06,2022-02-01
56736,16736,Business,Monthly,736.91,6.7,2026-07-13,2026-08-12
56737,16737,Professional,Monthly,388.24,15.1,2023-04-03,2023-05-03
56738,16738,Enterprise,Annual,1974.55,17.3,2022-08-02,2023-07-28
56739,16739,Professional,Annual,333.09,2.6,2023-10-18,2024-10-12
56740,16740,Starter,Monthly,115.25,10.0,2023-12-18,2024-01-17
56741,16741,Professional,Monthly,340.26,12.5,2026-03-11,2026-04-10
56742,16742,Starter,Annual,121.56,11.8,2026-07-16,2027-07-11
56743,16743,Professional,Quarterly,358.95,12.1,2021-04-23,2021-07-22
56744,16744,Business,Quarterly,866.35,0.0,2025-11-15,2026-02-13
56745,16745,Enterprise,Annual,1995.4,22.2,2025-12-25,2026-12-20
56746,16746,Business,Quarterly,915.52,9.5,2022-08-24,2022-11-22
56747,16747,Professional,Annual,394.3,9.4,2022-03-18,2023-03-13
56748,16748,Professional,Annual,354.06,15.5,2021-08-16,2022-08-11
56749,16749,Enterprise,Monthly,2515.51,0.0,2023-05-24,2023-06-23
56750,16750,Enterprise,Monthly,2212.08,8.5,2024-02-20,2024-03-21
56751,16751,Enterprise,Monthly,2307.61,7.4,2022-11-02,2022-12-02
56752,16752,Professional,Monthly,306.02,18.6,2024-07-15,2024-08-14
56753,16753,Business,Monthly,766.19,10.6,2022-11-26,2022-12-26
56754,16754,Business,Annual,950.78,4.6,2025-02-17,2026-02-12
56755,16755,Starter,Annual,112.47,10.5,2023-10-25,2024-10-19
56756,16756,Starter,Monthly,105.94,9.8,2021-05-01,2021-05-31
56757,16757,Business,Annual,891.55,3.5,2023-01-12,2024-01-07
56758,16758,Professional,Annual,309.06,9.1,2025-02-18,2026-02-13
56759,16759,Starter,Annual,130.73,18.3,2024-05-27,2025-05-22
56760,16760,Starter,Annual,130.95,13.9,2022-11-25,2023-11-20
56761,16761,Professional,Monthly,353.0,20.0,2021-09-14,2021-10-14
56762,16762,Starter,Quarterly,130.8,13.0,2026-09-22,2026-12-21
56763,16763,Starter,Monthly,135.57,12.1,2025-04-03,2025-05-03
56764,16764,Starter,Annual,110.3,0.0,2025-09-09,2026-09-04
56765,16765,Business,Monthly,915.74,15.1,2023-07-02,2023-08-01
56766,16766,Starter,Annual,131.08,0.3,2022-08-17,2023-08-12
56767,16767,Professional,Annual,321.32,21.0,2023-10-31,2024-10-25
56768,16768,Professional,Quarterly,386.54,10.2,2021-07-31,2021-10-29
56769,16769,Business,Annual,936.57,12.4,2025-08-03,2026-07-29
56770,16770,Starter,Annual,108.6,7.8,2026-05-16,2027-05-11
56771,16771,Professional,Monthly,336.38,1.3,2024-11-06,2024-12-06
56772,16772,Starter,Quarterly,141.53,13.5,2024-11-13,2025-02-11
56773,16773,Enterprise,Monthly,1924.78,0.0,2023-07-11,2023-08-10
56774,16774,Business,Annual,790.61,7.2,2023-07-11,2024-07-05
56775,16775,Starter,Annual,126.31,6.1,2026-08-02,2027-07-28
56776,16776,Business,Monthly,1010.69,5.1,2025-10-25,2025-11-24
56777,16777,Starter,Quarterly,112.8,18.3,2025-02-02,2025-05-03
56778,16778,Professional,Monthly,397.56,9.8,2021-03-19,2021-04-18
56779,16779,Professional,Monthly,342.5,6.1,2022-02-16,2022-03-18
56780,16780,Professional,Monthly,340.68,1.5,2025-04-27,2025-05-27
56781,16781,Business,Monthly,1018.83,14.2,2025-05-17,2025-06-16
56782,16782,Starter,Monthly,136.32,17.6,2021-11-09,2021-12-09
56783,16783,Business,Monthly,796.44,11.0,2021-01-04,2021-02-03
56784,16784,Professional,Annual,320.24,13.7,2021-04-19,2022-04-14
56785,16785,Starter,Quarterly,105.53,17.9,2023-06-05,2023-09-03
56786,16786,Business,Annual,866.1,10.9,2021-04-03,2022-03-29
56787,16787,Enterprise,Quarterly,2127.57,20.8,2024-01-28,2024-04-27
56788,16788,Professional,Quarterly,344.15,22.7,2021-07-11,2021-10-09
56789,16789,Professional,Annual,350.35,13.5,2024-05-20,2025-05-15
56790,16790,Business,Annual,1017.34,1.4,2022-09-19,2023-09-14
56791,16791,Business,Monthly,723.35,15.5,2022-07-27,2022-08-26
56792,16792,Starter,Quarterly,119.89,12.4,2026-04-10,2026-07-09
56793,16793,Professional,Monthly,305.46,0.5,2021-07-15,2021-08-14
56794,16794,Business,Quarterly,922.72,7.6,2021-09-19,2021-12-18
56795,16795,Starter,Annual,104.12,13.0,2026-04-19,2027-04-14
56796,16796,Professional,Monthly,391.44,10.4,2021-11-28,2021-12-28
56797,16797,Professional,Monthly,403.8,5.2,2024-08-12,2024-09-11
56798,16798,Business,Monthly,1011.31,5.2,2024-06-13,2024-07-13
56799,16799,Business,Annual,758.46,4.4,2022-11-12,2023-11-07
56800,16800,Starter,Monthly,143.11,9.5,2026-08-17,2026-09-16
56801,16801,Starter,Monthly,119.32,9.7,2022-06-18,2022-07-18
56802,16802,Business,Monthly,910.69,25.2,2025-03-04,2025-04-03
56803,16803,Business,Monthly,722.51,7.7,2021-11-20,2021-12-20
56804,16804,Starter,Monthly,117.55,0.0,2026-04-25,2026-05-25
56805,16805,Professional,Annual,340.73,3.9,2021-03-14,2022-03-09
56806,16806,Business,Monthly,872.38,5.1,2024-11-13,2024-12-13
56807,16807,Starter,Annual,107.57,11.3,2024-06-15,2025-06-10
56808,16808,Professional,Annual,382.05,5.6,2023-09-15,2024-09-09
56809,16809,Professional,Quarterly,370.47,23.0,2024-09-07,2024-12-06
56810,16810,Business,Monthly,785.72,9.6,2025-11-22,2025-12-22
56811,16811,Business,Annual,1015.13,5.8,2024-08-21,2025-08-16
56812,16812,Professional,Monthly,298.19,6.5,2023-10-29,2023-11-28
56813,16813,Enterprise,Annual,2128.66,8.7,2026-06-30,2027-06-25
56814,16814,Starter,Monthly,112.99,15.5,2024-05-15,2024-06-14
56815,16815,Professional,Monthly,366.1,7.5,2022-02-15,2022-03-17
56816,16816,Professional,Monthly,406.33,12.1,2025-12-25,2026-01-24
56817,16817,Starter,Annual,129.63,11.5,2024-04-08,2025-04-03
56818,16818,Professional,Annual,303.33,1.2,2022-10-24,2023-10-19
56819,16819,Starter,Annual,138.26,12.7,2024-05-14,2025-05-09
56820,16820,Professional,Annual,329.97,13.2,2024-09-18,2025-09-13
56821,16821,Professional,Annual,311.01,13.7,2025-08-01,2026-07-27
56822,16822,Business,Monthly,851.18,7.6,2023-12-25,2024-01-24
56823,16823,Enterprise,Annual,2562.01,8.6,2026-02-02,2027-01-28
56824,16824,Starter,Annual,103.45,6.3,2023-12-03,2024-11-27
56825,16825,Enterprise,Quarterly,2351.76,15.8,2026-03-22,2026-06-20
56826,16826,Enterprise,Monthly,2126.02,1.2,2026-05-15,2026-06-14
56827,16827,Starter,Annual,128.15,10.9,2022-05-15,2023-05-10
56828,16828,Enterprise,Monthly,2075.09,26.4,2024-07-26,2024-08-25
56829,16829,Professional,Quarterly,415.97,10.7,2021-11-22,2022-02-20
56830,16830,Business,Monthly,756.36,20.8,2024-12-12,2025-01-11
56831,16831,Enterprise,Monthly,1991.66,7.3,2022-07-07,2022-08-06
56832,16832,Business,Quarterly,736.09,11.6,2026-04-22,2026-07-21
56833,16833,Professional,Monthly,394.89,4.7,2023-06-07,2023-07-07
56834,16834,Professional,Monthly,309.01,0.0,2023-09-23,2023-10-23
56835,16835,Professional,Monthly,331.39,5.5,2023-07-18,2023-08-17
56836,16836,Professional,Monthly,322.69,5.1,2021-11-04,2021-12-04
56837,16837,Starter,Annual,116.85,5.4,2024-08-23,2025-08-18
56838,16838,Professional,Annual,391.31,13.7,2026-04-07,2027-04-02
56839,16839,Business,Monthly,1005.18,7.7,2022-04-15,2022-05-15
56840,16840,Business,Quarterly,983.96,5.9,2025-07-13,2025-10-11
56841,16841,Enterprise,Annual,2517.7,7.1,2022-09-17,2023-09-12
56842,16842,Starter,Annual,119.53,6.6,2021-09-06,2022-09-01
56843,16843,Business,Monthly,961.04,7.9,2025-01-06,2025-02-05
56844,16844,Business,Annual,953.7,20.1,2022-08-27,2023-08-22
56845,16845,Starter,Annual,112.4,16.9,2021-02-28,2022-02-23
56846,16846,Professional,Monthly,329.64,0.0,2023-10-18,2023-11-17
56847,16847,Professional,Monthly,358.63,6.7,2024-09-03,2024-10-03
56848,16848,Enterprise,Annual,2611.88,15.5,2024-07-01,2025-06-26
56849,16849,Enterprise,Quarterly,1953.08,11.1,2022-11-18,2023-02-16
56850,16850,Business,Monthly,1016.55,6.0,2022-05-30,2022-06-29
56851,16851,Professional,Annual,316.97,0.0,2022-06-17,2023-06-12
56852,16852,Starter,Quarterly,122.4,15.7,2022-02-06,2022-05-07
56853,16853,Enterprise,Monthly,2104.06,12.4,2022-07-28,2022-08-27
56854,16854,Starter,Quarterly,119.63,0.0,2025-04-15,2025-07-14
56855,16855,Professional,Quarterly,414.83,0.0,2023-08-29,2023-11-27
56856,16856,Starter,Quarterly,128.54,13.1,2025-12-11,2026-03-11
56857,16857,Enterprise,Quarterly,2099.08,16.2,2022-03-13,2022-06-11
56858,16858,Starter,Monthly,128.39,9.5,2026-06-26,2026-07-26
56859,16859,Starter,Monthly,120.99,23.1,2024-10-30,2024-11-29
56860,16860,Business,Monthly,1003.15,13.0,2025-04-04,2025-05-04
56861,16861,Starter,Monthly,116.82,8.2,2025-06-27,2025-07-27
56862,16862,Enterprise,Annual,2320.05,13.8,2023-02-01,2024-01-27
56863,16863,Professional,Annual,401.55,1.3,2025-01-02,2025-12-28
56864,16864,Enterprise,Annual,2608.31,5.5,2023-05-11,2024-05-05
56865,16865,Business,Monthly,960.25,1.2,2026-05-29,2026-06-28
56866,16866,Professional,Quarterly,412.1,15.4,2023-05-17,2023-08-15
56867,16867,Enterprise,Monthly,2227.11,16.5,2024-01-28,2024-02-27
56868,16868,Professional,Monthly,391.15,14.1,2023-11-20,2023-12-20
56869,16869,Professional,Monthly,309.09,11.6,2024-08-07,2024-09-06
56870,16870,Starter,Annual,126.94,0.0,2026-05-17,2027-05-12
56871,16871,Starter,Quarterly,102.57,20.6,2021-01-28,2021-04-28
56872,16872,Business,Monthly,799.86,0.0,2022-08-04,2022-09-03
56873,16873,Starter,Annual,129.95,10.5,2023-07-16,2024-07-10
56874,16874,Professional,Monthly,318.52,5.8,2026-03-04,2026-04-03
56875,16875,Professional,Monthly,322.02,7.5,2025-04-05,2025-05-05
56876,16876,Business,Annual,740.86,5.9,2021-10-03,2022-09-28
56877,16877,Starter,Annual,133.39,10.2,2024-09-09,2025-09-04
56878,16878,Business,Quarterly,855.76,19.9,2021-06-02,2021-08-31
56879,16879,Starter,Monthly,139.29,10.2,2025-05-24,2025-06-23
56880,16880,Business,Monthly,830.27,10.1,2026-03-17,2026-04-16
56881,16881,Business,Quarterly,851.99,6.3,2026-08-30,2026-11-28
56882,16882,Starter,Monthly,122.79,4.9,2026-01-01,2026-01-31
56883,16883,Business,Monthly,978.62,14.1,2021-09-04,2021-10-04
56884,16884,Business,Quarterly,809.43,10.8,2024-11-14,2025-02-12
56885,16885,Business,Monthly,737.84,14.3,2024-10-02,2024-11-01
56886,16886,Professional,Monthly,374.33,18.6,2024-05-11,2024-06-10
56887,16887,Starter,Annual,136.68,5.2,2023-10-30,2024-10-24
56888,16888,Enterprise,Annual,2298.32,22.8,2025-09-12,2026-09-07
56889,16889,Business,Monthly,817.84,11.2,2025-08-19,2025-09-18
56890,16890,Starter,Annual,128.48,9.8,2025-07-29,2026-07-24
56891,16891,Enterprise,Annual,2633.07,12.9,2021-02-06,2022-02-01
56892,16892,Enterprise,Quarterly,2312.01,14.0,2025-06-16,2025-09-14
56893,16893,Professional,Quarterly,336.11,13.6,2026-08-27,2026-11-25
56894,16894,Starter,Quarterly,112.23,21.8,2024-10-03,2025-01-01
56895,16895,Professional,Quarterly,419.78,4.9,2022-11-08,2023-02-06
56896,16896,Enterprise,Annual,2524.82,0.0,2023-09-04,2024-08-29
56897,16897,Starter,Monthly,113.74,3.7,2025-01-07,2025-02-06
56898,16898,Professional,Quarterly,329.65,8.1,2021-09-10,2021-12-09
56899,16899,Business,Monthly,961.59,0.7,2025-06-05,2025-07-05
56900,16900,Starter,Monthly,143.68,6.7,2026-07-10,2026-08-09
56901,16901,Professional,Annual,354.54,1.4,2023-01-31,2024-01-26
56902,16902,Starter,Monthly,111.55,0.0,2022-01-28,2022-02-27
56903,16903,Professional,Annual,325.72,14.5,2022-03-07,2023-03-02
56904,16904,Professional,Quarterly,395.18,17.1,2023-09-24,2023-12-23
56905,16905,Starter,Annual,127.41,6.6,2023-12-28,2024-12-22
56906,16906,Business,Annual,911.04,17.9,2024-01-06,2024-12-31
56907,16907,Professional,Annual,321.3,16.7,2021-04-12,2022-04-07
56908,16908,Business,Quarterly,761.32,3.1,2023-06-12,2023-09-10
56909,16909,Business,Annual,725.67,10.2,2025-11-24,2026-11-19
56910,16910,Starter,Monthly,140.44,5.1,2024-05-05,2024-06-04
56911,16911,Starter,Monthly,116.91,12.0,2022-04-17,2022-05-17
56912,16912,Starter,Quarterly,133.83,7.9,2025-11-16,2026-02-14
56913,16913,Professional,Annual,405.85,22.4,2024-07-03,2025-06-28
56914,16914,Business,Monthly,900.57,0.0,2025-02-07,2025-03-09
56915,16915,Business,Annual,848.72,3.7,2022-02-26,2023-02-21
56916,16916,Business,Monthly,734.0,11.3,2022-06-23,2022-07-23
56917,16917,Business,Monthly,822.8,11.1,2025-09-03,2025-10-03
56918,16918,Starter,Monthly,115.51,3.7,2025-11-16,2025-12-16
56919,16919,Professional,Monthly,366.88,5.1,2024-08-04,2024-09-03
56920,16920,Starter,Monthly,134.09,7.7,2026-05-15,2026-06-14
56921,16921,Starter,Monthly,131.87,3.3,2023-09-13,2023-10-13
56922,16922,Professional,Monthly,404.07,5.9,2023-03-17,2023-04-16
56923,16923,Professional,Annual,303.24,9.2,2024-03-22,2025-03-17
56924,16924,Professional,Monthly,371.61,7.0,2022-10-11,2022-11-10
56925,16925,Starter,Monthly,109.94,5.0,2025-09-21,2025-10-21
56926,16926,Professional,Monthly,416.64,12.4,2024-12-30,2025-01-29
56927,16927,Starter,Quarterly,119.18,2.2,2025-04-01,2025-06-30
56928,16928,Professional,Annual,373.92,11.9,2022-09-18,2023-09-13
56929,16929,Professional,Annual,340.57,8.8,2023-02-15,2024-02-10
56930,16930,Starter,Monthly,111.25,0.0,2024-07-26,2024-08-25
56931,16931,Professional,Monthly,381.76,2.0,2024-06-22,2024-07-22
56932,16932,Starter,Monthly,141.45,0.0,2025-11-09,2025-12-09
56933,16933,Professional,Quarterly,304.79,16.3,2024-03-12,2024-06-10
56934,16934,Starter,Monthly,136.66,7.9,2025-03-31,2025-04-30
56935,16935,Enterprise,Monthly,2133.03,12.3,2024-11-07,2024-12-07
56936,16936,Starter,Monthly,107.08,15.6,2026-03-28,2026-04-27
56937,16937,Enterprise,Annual,2419.22,3.0,2025-10-17,2026-10-12
56938,16938,Professional,Annual,307.6,6.1,2022-09-13,2023-09-08
56939,16939,Professional,Monthly,386.65,6.2,2024-08-04,2024-09-03
56940,16940,Business,Monthly,852.15,17.0,2022-11-03,2022-12-03
56941,16941,Business,Annual,771.51,13.5,2023-03-12,2024-03-06
56942,16942,Starter,Quarterly,108.6,6.6,2021-06-20,2021-09-18
56943,16943,Starter,Annual,133.42,20.7,2025-03-29,2026-03-24
56944,16944,Business,Quarterly,968.91,0.0,2024-11-17,2025-02-15
56945,16945,Starter,Quarterly,130.8,14.4,2026-06-05,2026-09-03
56946,16946,Professional,Monthly,385.8,5.0,2023-07-28,2023-08-27
56947,16947,Enterprise,Annual,2523.07,3.3,2023-04-15,2024-04-09
56948,16948,Professional,Annual,350.0,22.3,2026-08-09,2027-08-04
56949,16949,Starter,Monthly,109.04,25.8,2024-10-16,2024-11-15
56950,16950,Starter,Quarterly,117.85,24.1,2026-07-25,2026-10-23
56951,16951,Starter,Monthly,143.13,6.8,2025-01-04,2025-02-03
56952,16952,Professional,Monthly,352.44,7.6,2024-06-09,2024-07-09
56953,16953,Professional,Annual,410.68,14.1,2023-10-02,2024-09-26
56954,16954,Professional,Monthly,383.58,16.7,2025-09-28,2025-10-28
56955,16955,Starter,Annual,132.99,0.0,2024-06-26,2025-06-21
56956,16956,Starter,Annual,109.99,15.6,2024-09-02,2025-08-28
56957,16957,Enterprise,Monthly,2153.92,2.5,2025-10-19,2025-11-18
56958,16958,Starter,Annual,132.76,7.9,2026-05-11,2027-05-06
56959,16959,Professional,Monthly,377.81,10.0,2023-07-02,2023-08-01
56960,16960,Starter,Monthly,138.23,9.0,2025-08-19,2025-09-18
56961,16961,Starter,Monthly,110.82,3.6,2021-03-11,2021-04-10
56962,16962,Enterprise,Annual,2446.2,7.2,2024-06-11,2025-06-06
56963,16963,Starter,Monthly,103.66,12.1,2022-03-08,2022-04-07
56964,16964,Professional,Annual,334.23,11.1,2023-12-14,2024-12-08
56965,16965,Professional,Annual,374.74,15.1,2021-06-19,2022-06-14
56966,16966,Professional,Quarterly,417.56,0.0,2026-09-15,2026-12-14
56967,16967,Business,Quarterly,1016.84,14.7,2026-05-05,2026-08-03
56968,16968,Starter,Quarterly,120.44,19.9,2026-06-08,2026-09-06
56969,16969,Starter,Annual,134.12,17.0,2021-09-16,2022-09-11
56970,16970,Starter,Monthly,127.22,0.0,2026-08-23,2026-09-22
56971,16971,Professional,Monthly,384.36,11.0,2023-10-01,2023-10-31
56972,16972,Professional,Annual,387.16,10.5,2024-03-30,2025-03-25
56973,16973,Enterprise,Monthly,2291.44,4.9,2022-03-13,2022-04-12
56974,16974,Starter,Monthly,136.19,17.5,2021-08-18,2021-09-17
56975,16975,Business,Quarterly,896.39,14.2,2023-04-11,2023-07-10
56976,16976,Starter,Annual,106.23,11.7,2023-04-21,2024-04-15
56977,16977,Starter,Monthly,143.55,3.6,2024-05-01,2024-05-31
56978,16978,Business,Quarterly,812.9,10.3,2022-09-12,2022-12-11
56979,16979,Enterprise,Monthly,2612.42,18.5,2024-07-05,2024-08-04
56980,16980,Starter,Quarterly,114.29,21.5,2022-09-14,2022-12-13
56981,16981,Starter,Monthly,137.83,7.3,2022-09-27,2022-10-27
56982,16982,Professional,Annual,381.97,6.3,2026-06-17,2027-06-12
56983,16983,Business,Monthly,828.67,12.8,2025-11-01,2025-12-01
56984,16984,Business,Annual,1001.56,2.0,2024-11-10,2025-11-05
56985,16985,Starter,Annual,126.49,0.0,2023-04-09,2024-04-03
56986,16986,Business,Annual,969.35,7.6,2025-09-23,2026-09-18
56987,16987,Professional,Monthly,395.13,13.6,2022-06-21,2022-07-21
56988,16988,Professional,Annual,303.18,4.2,2024-11-03,2025-10-29
56989,16989,Starter,Monthly,113.29,14.1,2023-03-16,2023-04-15
56990,16990,Starter,Monthly,121.83,7.1,2026-07-30,2026-08-29
56991,16991,Enterprise,Monthly,2588.43,13.3,2023-05-02,2023-06-01
56992,16992,Professional,Monthly,305.15,13.7,2022-07-10,2022-08-09
56993,16993,Starter,Monthly,109.8,17.0,2024-05-30,2024-06-29
56994,16994,Business,Annual,908.3,4.4,2023-08-06,2024-07-31
56995,16995,Business,Quarterly,916.68,3.9,2021-08-16,2021-11-14
56996,16996,Professional,Monthly,317.59,2.3,2026-02-08,2026-03-10
56997,16997,Professional,Quarterly,413.67,12.3,2026-04-18,2026-07-17
56998,16998,Professional,Monthly,319.16,18.8,2021-09-11,2021-10-11
56999,16999,Starter,Annual,109.66,17.5,2026-08-16,2027-08-11
57000,17000,Enterprise,Monthly,2359.37,2.5,2026-09-26,2026-10-26
57001,17001,Professional,Monthly,349.13,11.3,2021-09-11,2021-10-11
57002,17002,Business,Monthly,730.24,17.8,2021-02-28,2021-03-30
57003,17003,Professional,Monthly,410.26,12.8,2025-09-18,2025-10-18
57004,17004,Business,Monthly,744.85,0.1,2023-10-12,2023-11-11
57005,17005,Starter,Monthly,108.57,22.6,2024-04-29,2024-05-29
57006,17006,Professional,Annual,407.4,18.3,2021-09-22,2022-09-17
57007,17007,Business,Annual,804.41,9.4,2025-09-04,2026-08-30
57008,17008,Starter,Quarterly,136.34,9.2,2025-05-01,2025-07-30
57009,17009,Business,Monthly,773.29,10.9,2023-07-27,2023-08-26
57010,17010,Starter,Monthly,104.02,19.4,2023-05-28,2023-06-27
57011,17011,Business,Monthly,792.33,6.3,2022-07-01,2022-07-31
57012,17012,Enterprise,Monthly,2441.35,20.7,2022-02-02,2022-03-04
57013,17013,Professional,Monthly,378.67,8.1,2026-08-02,2026-09-01
57014,17014,Starter,Quarterly,115.05,18.2,2025-06-19,2025-09-17
57015,17015,Professional,Annual,375.1,9.0,2026-01-26,2027-01-21
57016,17016,Business,Monthly,920.33,13.9,2021-08-18,2021-09-17
57017,17017,Enterprise,Monthly,2304.81,6.2,2022-12-04,2023-01-03
57018,17018,Starter,Monthly,141.29,7.9,2024-11-28,2024-12-28
57019,17019,Business,Monthly,958.6,11.8,2025-08-27,2025-09-26
57020,17020,Starter,Annual,136.27,12.8,2025-04-04,2026-03-30
57021,17021,Business,Monthly,849.2,0.0,2021-01-07,2021-02-06
57022,17022,Business,Quarterly,925.96,5.6,2021-06-26,2021-09-24
57023,17023,Business,Monthly,777.05,16.8,2024-05-14,2024-06-13
57024,17024,Business,Monthly,810.55,4.4,2021-10-26,2021-11-25
57025,17025,Professional,Monthly,359.05,18.1,2025-12-29,2026-01-28
57026,17026,Business,Monthly,965.33,5.6,2022-09-23,2022-10-23
57027,17027,Professional,Quarterly,338.77,11.1,2021-09-27,2021-12-26
57028,17028,Starter,Annual,120.47,7.4,2021-03-22,2022-03-17
57029,17029,Enterprise,Monthly,2607.15,19.7,2025-08-23,2025-09-22
57030,17030,Professional,Quarterly,332.3,24.0,2023-03-31,2023-06-29
57031,17031,Professional,Monthly,373.21,5.0,2022-05-16,2022-06-15
57032,17032,Starter,Annual,106.22,10.9,2025-02-19,2026-02-14
57033,17033,Starter,Annual,119.29,2.9,2025-02-20,2026-02-15
57034,17034,Professional,Monthly,337.94,3.6,2023-09-17,2023-10-17
57035,17035,Professional,Annual,299.1,17.3,2025-02-10,2026-02-05
57036,17036,Professional,Annual,369.19,9.6,2024-08-05,2025-07-31
57037,17037,Professional,Annual,338.1,10.6,2022-10-03,2023-09-28
57038,17038,Professional,Annual,328.33,12.4,2022-09-01,2023-08-27
57039,17039,Business,Monthly,988.05,5.5,2023-10-06,2023-11-05
57040,17040,Professional,Annual,325.63,0.4,2025-05-19,2026-05-14
57041,17041,Enterprise,Annual,2182.22,2.6,2025-07-22,2026-07-17
57042,17042,Starter,Monthly,141.88,5.6,2026-01-03,2026-02-02
57043,17043,Enterprise,Annual,1931.84,19.6,2026-06-21,2027-06-16
57044,17044,Business,Quarterly,1001.68,12.1,2026-04-11,2026-07-10
57045,17045,Professional,Annual,345.3,9.9,2021-04-14,2022-04-09
57046,17046,Starter,Quarterly,135.22,0.2,2025-03-12,2025-06-10
57047,17047,Business,Monthly,828.38,0.2,2026-06-11,2026-07-11
57048,17048,Enterprise,Annual,2189.97,5.5,2023-12-15,2024-12-09
57049,17049,Enterprise,Quarterly,2207.09,8.2,2021-05-01,2021-07-30
57050,17050,Professional,Monthly,413.48,4.7,2022-02-11,2022-03-13
57051,17051,Starter,Monthly,125.11,4.3,2022-11-07,2022-12-07
57052,17052,Professional,Annual,324.07,6.2,2025-07-13,2026-07-08
57053,17053,Professional,Monthly,372.41,5.2,2022-03-08,2022-04-07
57054,17054,Starter,Annual,139.36,8.5,2023-06-28,2024-06-22
57055,17055,Professional,Annual,323.76,11.3,2021-03-02,2022-02-25
57056,17056,Professional,Monthly,338.85,15.3,2024-06-24,2024-07-24
57057,17057,Business,Monthly,892.51,2.4,2025-06-02,2025-07-02
57058,17058,Starter,Quarterly,143.46,9.6,2023-11-14,2024-02-12
57059,17059,Starter,Monthly,121.55,24.2,2024-08-24,2024-09-23
57060,17060,Professional,Quarterly,369.08,7.6,2021-09-19,2021-12-18
57061,17061,Business,Monthly,762.75,9.8,2024-12-07,2025-01-06
57062,17062,Enterprise,Annual,2453.78,3.8,2023-02-03,2024-01-29
57063,17063,Starter,Annual,111.23,14.7,2025-08-12,2026-08-07
57064,17064,Professional,Monthly,337.67,5.2,2023-12-25,2024-01-24
57065,17065,Professional,Quarterly,384.42,24.1,2022-01-04,2022-04-04
57066,17066,Professional,Monthly,384.8,6.4,2023-05-20,2023-06-19
57067,17067,Starter,Annual,115.39,7.7,2023-10-25,2024-10-19
57068,17068,Professional,Monthly,401.66,12.1,2023-07-03,2023-08-02
57069,17069,Starter,Monthly,135.38,27.5,2025-11-15,2025-12-15
57070,17070,Business,Monthly,905.69,1.2,2025-06-19,2025-07-19
57071,17071,Professional,Monthly,319.39,17.4,2022-06-27,2022-07-27
57072,17072,Professional,Quarterly,408.35,12.5,2023-01-22,2023-04-22
57073,17073,Professional,Monthly,362.11,0.0,2022-02-25,2022-03-27
57074,17074,Business,Monthly,834.48,8.2,2025-01-26,2025-02-25
57075,17075,Starter,Monthly,140.95,10.5,2025-05-23,2025-06-22
57076,17076,Professional,Monthly,416.53,10.4,2022-07-01,2022-07-31
57077,17077,Business,Monthly,935.86,19.4,2023-05-16,2023-06-15
57078,17078,Professional,Annual,394.44,4.1,2025-04-21,2026-04-16
57079,17079,Professional,Quarterly,327.73,0.9,2022-03-30,2022-06-28
57080,17080,Starter,Monthly,112.87,0.0,2025-10-24,2025-11-23
57081,17081,Business,Monthly,891.84,17.3,2022-11-10,2022-12-10
57082,17082,Starter,Monthly,143.29,16.8,2021-10-01,2021-10-31
57083,17083,Professional,Monthly,388.54,10.1,2021-03-01,2021-03-31
57084,17084,Professional,Monthly,388.88,4.5,2021-12-08,2022-01-07
57085,17085,Professional,Monthly,329.06,9.5,2024-11-18,2024-12-18
57086,17086,Professional,Quarterly,348.92,30.4,2025-12-20,2026-03-20
57087,17087,Professional,Annual,339.46,9.8,2024-08-31,2025-08-26
57088,17088,Professional,Monthly,334.53,12.7,2022-04-12,2022-05-12
57089,17089,Starter,Monthly,132.71,0.0,2022-12-21,2023-01-20
57090,17090,Professional,Monthly,309.73,13.2,2024-05-20,2024-06-19
57091,17091,Starter,Monthly,108.95,15.1,2022-07-17,2022-08-16
57092,17092,Starter,Monthly,119.32,6.0,2023-09-10,2023-10-10
57093,17093,Business,Quarterly,812.56,8.5,2022-03-01,2022-05-30
57094,17094,Business,Monthly,991.25,13.6,2022-07-08,2022-08-07
57095,17095,Starter,Monthly,110.42,8.2,2023-01-29,2023-02-28
57096,17096,Starter,Annual,112.45,17.9,2025-09-27,2026-09-22
57097,17097,Starter,Annual,109.48,0.8,2021-09-01,2022-08-27
57098,17098,Business,Quarterly,977.86,10.7,2024-09-19,2024-12-18
57099,17099,Business,Monthly,782.61,14.0,2024-02-04,2024-03-05
57100,17100,Professional,Annual,340.63,10.7,2025-11-21,2026-11-16
57101,17101,Business,Annual,921.62,2.4,2026-03-26,2027-03-21
57102,17102,Enterprise,Monthly,1929.78,16.4,2026-05-17,2026-06-16
57103,17103,Enterprise,Quarterly,2498.82,0.1,2024-04-03,2024-07-02
57104,17104,Enterprise,Annual,2413.81,3.8,2026-02-13,2027-02-08
57105,17105,Business,Annual,800.16,9.9,2026-07-03,2027-06-28
57106,17106,Starter,Monthly,118.46,13.6,2023-12-17,2024-01-16
57107,17107,Starter,Monthly,128.04,4.0,2023-08-18,2023-09-17
57108,17108,Business,Monthly,1004.07,0.0,2024-04-26,2024-05-26
57109,17109,Professional,Quarterly,374.58,13.0,2021-11-20,2022-02-18
57110,17110,Professional,Annual,328.5,0.0,2025-11-30,2026-11-25
57111,17111,Starter,Annual,122.26,12.1,2026-05-30,2027-05-25
57112,17112,Business,Monthly,856.26,12.7,2024-11-14,2024-12-14
57113,17113,Professional,Monthly,362.74,21.4,2024-07-31,2024-08-30
57114,17114,Starter,Monthly,123.8,14.0,2024-12-26,2025-01-25
57115,17115,Business,Annual,830.81,6.4,2023-08-21,2024-08-15
57116,17116,Enterprise,Annual,2541.31,11.4,2025-09-14,2026-09-09
57117,17117,Professional,Monthly,337.94,16.4,2024-07-19,2024-08-18
57118,17118,Professional,Annual,362.42,12.3,2023-05-25,2024-05-19
57119,17119,Starter,Quarterly,112.96,9.2,2022-03-08,2022-06-06
57120,17120,Starter,Annual,120.26,18.9,2024-02-14,2025-02-08
57121,17121,Professional,Monthly,380.97,2.6,2022-09-11,2022-10-11
57122,17122,Business,Quarterly,947.96,0.0,2022-09-11,2022-12-10
57123,17123,Enterprise,Quarterly,2490.79,0.0,2022-03-11,2022-06-09
57124,17124,Professional,Monthly,387.76,20.1,2025-03-26,2025-04-25
57125,17125,Professional,Monthly,354.68,4.2,2023-07-21,2023-08-20
57126,17126,Business,Annual,733.65,7.7,2022-07-26,2023-07-21
57127,17127,Starter,Monthly,124.03,10.8,2021-09-23,2021-10-23
57128,17128,Starter,Monthly,104.32,4.7,2021-04-12,2021-05-12
57129,17129,Business,Monthly,1010.02,18.3,2025-03-15,2025-04-14
57130,17130,Business,Monthly,834.94,18.1,2024-04-28,2024-05-28
57131,17131,Business,Monthly,872.34,14.3,2022-10-02,2022-11-01
57132,17132,Professional,Monthly,313.37,9.6,2021-11-30,2021-12-30
57133,17133,Business,Annual,1018.73,5.9,2023-06-26,2024-06-20
57134,17134,Starter,Annual,122.67,2.3,2025-05-01,2026-04-26
57135,17135,Starter,Quarterly,114.53,11.6,2025-05-24,2025-08-22
57136,17136,Business,Quarterly,779.93,6.1,2026-03-15,2026-06-13
57137,17137,Professional,Annual,377.12,13.9,2022-07-24,2023-07-19
57138,17138,Starter,Quarterly,120.32,3.1,2025-03-26,2025-06-24
57139,17139,Business,Annual,816.91,0.0,2023-06-28,2024-06-22
57140,17140,Business,Annual,725.37,16.6,2022-01-02,2022-12-28
57141,17141,Professional,Quarterly,301.96,8.9,2023-10-11,2024-01-09
57142,17142,Professional,Quarterly,382.47,14.3,2026-02-16,2026-05-17
57143,17143,Business,Monthly,865.46,16.8,2023-03-25,2023-04-24
57144,17144,Business,Monthly,975.04,6.9,2021-07-25,2021-08-24
57145,17145,Business,Monthly,946.67,0.0,2023-03-27,2023-04-26
57146,17146,Professional,Monthly,367.75,23.6,2021-03-07,2021-04-06
57147,17147,Starter,Annual,125.56,22.4,2026-08-14,2027-08-09
57148,17148,Professional,Annual,388.8,12.6,2021-01-03,2021-12-29
57149,17149,Professional,Monthly,388.29,8.3,2025-10-05,2025-11-04
57150,17150,Starter,Monthly,116.05,5.7,2021-11-21,2021-12-21
57151,17151,Starter,Monthly,106.42,13.0,2024-06-17,2024-07-17
57152,17152,Starter,Annual,134.42,14.6,2026-08-01,2027-07-27
57153,17153,Starter,Annual,111.37,9.5,2022-08-28,2023-08-23
57154,17154,Professional,Monthly,394.43,4.5,2023-03-07,2023-04-06
57155,17155,Professional,Quarterly,373.22,17.0,2025-12-27,2026-03-27
57156,17156,Professional,Annual,341.35,5.4,2021-12-13,2022-12-08
57157,17157,Professional,Monthly,401.9,17.0,2023-12-18,2024-01-17
57158,17158,Professional,Monthly,382.17,7.9,2021-02-28,2021-03-30
57159,17159,Starter,Monthly,124.89,21.6,2025-09-06,2025-10-06
57160,17160,Professional,Monthly,334.36,2.4,2021-04-21,2021-05-21
57161,17161,Business,Quarterly,1015.92,21.9,2021-01-23,2021-04-23
57162,17162,Business,Monthly,971.97,9.4,2024-12-22,2025-01-21
57163,17163,Professional,Annual,314.23,10.5,2026-05-18,2027-05-13
57164,17164,Business,Monthly,962.35,5.3,2023-02-26,2023-03-28
57165,17165,Professional,Monthly,312.22,4.8,2025-09-04,2025-10-04
57166,17166,Professional,Monthly,327.85,2.7,2026-05-12,2026-06-11
57167,17167,Enterprise,Annual,2607.31,4.1,2023-01-17,2024-01-12
57168,17168,Professional,Annual,404.06,13.2,2022-05-30,2023-05-25
57169,17169,Professional,Annual,371.74,21.6,2025-11-01,2026-10-27
57170,17170,Business,Monthly,930.49,16.7,2021-11-21,2021-12-21
57171,17171,Enterprise,Annual,1939.0,9.6,2026-07-13,2027-07-08
57172,17172,Enterprise,Monthly,2125.93,8.4,2023-12-08,2024-01-07
57173,17173,Enterprise,Monthly,2118.27,23.2,2025-04-12,2025-05-12
57174,17174,Starter,Monthly,103.37,12.1,2025-03-25,2025-04-24
57175,17175,Professional,Monthly,383.75,6.6,2025-10-22,2025-11-21
57176,17176,Professional,Monthly,335.18,15.5,2022-06-10,2022-07-10
57177,17177,Professional,Monthly,375.05,11.9,2023-07-08,2023-08-07
57178,17178,Starter,Monthly,103.14,14.5,2026-09-08,2026-10-08
57179,17179,Business,Annual,722.99,21.6,2022-06-22,2023-06-17
57180,17180,Business,Quarterly,773.08,2.7,2025-10-16,2026-01-14
57181,17181,Professional,Monthly,383.6,2.1,2022-09-19,2022-10-19
57182,17182,Professional,Annual,371.51,14.4,2023-04-21,2024-04-15
57183,17183,Professional,Monthly,322.11,13.4,2022-08-16,2022-09-15
57184,17184,Business,Monthly,878.2,2.9,2022-12-14,2023-01-13
57185,17185,Professional,Quarterly,373.35,21.8,2021-03-08,2021-06-06
57186,17186,Professional,Monthly,412.52,13.4,2023-01-31,2023-03-02
57187,17187,Starter,Monthly,134.02,5.2,2024-03-10,2024-04-09
57188,17188,Professional,Annual,314.14,8.8,2024-10-01,2025-09-26
57189,17189,Starter,Monthly,113.35,0.0,2022-04-10,2022-05-10
57190,17190,Starter,Annual,118.95,12.2,2021-04-06,2022-04-01
57191,17191,Business,Monthly,753.82,1.6,2022-02-12,2022-03-14
57192,17192,Starter,Annual,125.32,7.6,2026-01-28,2027-01-23
57193,17193,Enterprise,Monthly,2568.46,9.5,2023-03-15,2023-04-14
57194,17194,Professional,Quarterly,335.03,23.4,2025-01-07,2025-04-07
57195,17195,Professional,Monthly,418.12,19.6,2023-01-27,2023-02-26
57196,17196,Starter,Monthly,112.47,0.0,2026-06-29,2026-07-29
57197,17197,Starter,Monthly,121.84,4.0,2021-12-27,2022-01-26
57198,17198,Professional,Monthly,339.52,12.4,2024-10-25,2024-11-24
57199,17199,Enterprise,Monthly,2107.25,10.1,2021-07-31,2021-08-30
57200,17200,Starter,Monthly,117.87,18.5,2024-07-06,2024-08-05
57201,17201,Professional,Monthly,301.47,2.9,2025-08-27,2025-09-26
57202,17202,Starter,Annual,124.34,8.8,2024-01-26,2025-01-20
57203,17203,Business,Annual,943.07,4.3,2024-05-18,2025-05-13
57204,17204,Business,Monthly,979.48,11.2,2025-04-21,2025-05-21
57205,17205,Starter,Annual,115.62,7.1,2023-02-17,2024-02-12
57206,17206,Professional,Monthly,364.92,15.3,2026-08-31,2026-09-30
57207,17207,Enterprise,Annual,2557.45,6.3,2022-12-30,2023-12-25
57208,17208,Professional,Monthly,395.48,5.1,2022-09-08,2022-10-08
57209,17209,Starter,Monthly,121.49,27.3,2022-01-06,2022-02-05
57210,17210,Starter,Annual,108.92,19.6,2024-05-27,2025-05-22
57211,17211,Enterprise,Annual,2299.89,17.9,2025-03-08,2026-03-03
57212,17212,Professional,Annual,418.74,5.6,2022-09-24,2023-09-19
57213,17213,Professional,Monthly,390.29,2.7,2023-01-31,2023-03-02
57214,17214,Starter,Monthly,137.62,0.0,2023-04-27,2023-05-27
57215,17215,Enterprise,Monthly,2015.35,12.1,2023-08-06,2023-09-05
57216,17216,Professional,Annual,408.23,14.5,2024-01-25,2025-01-19
57217,17217,Starter,Monthly,102.59,3.8,2024-12-26,2025-01-25
57218,17218,Starter,Annual,138.21,13.0,2024-03-13,2025-03-08
57219,17219,Enterprise,Annual,2054.12,0.0,2026-08-16,2027-08-11
57220,17220,Business,Monthly,907.76,31.3,2024-09-02,2024-10-02
57221,17221,Starter,Annual,114.31,3.0,2024-06-07,2025-06-02
57222,17222,Professional,Monthly,314.07,3.5,2025-02-27,2025-03-29
57223,17223,Professional,Monthly,327.77,4.5,2025-09-26,2025-10-26
57224,17224,Business,Annual,863.2,17.1,2026-05-14,2027-05-09
57225,17225,Starter,Monthly,140.63,15.3,2022-12-12,2023-01-11
57226,17226,Professional,Monthly,345.15,11.2,2022-04-20,2022-05-20
57227,17227,Starter,Quarterly,104.35,27.3,2022-07-28,2022-10-26
57228,17228,Starter,Quarterly,103.0,12.3,2022-05-23,2022-08-21
57229,17229,Starter,Monthly,110.81,12.6,2022-11-23,2022-12-23
57230,17230,Starter,Monthly,104.19,14.5,2024-07-18,2024-08-17
57231,17231,Starter,Monthly,117.59,6.6,2025-08-25,2025-09-24
57232,17232,Business,Annual,836.82,0.0,2023-02-27,2024-02-22
57233,17233,Business,Quarterly,1011.71,7.9,2022-07-26,2022-10-24
57234,17234,Starter,Quarterly,114.86,0.0,2022-08-10,2022-11-08
57235,17235,Business,Monthly,900.68,16.5,2022-05-29,2022-06-28
57236,17236,Business,Monthly,966.1,12.3,2026-05-30,2026-06-29
57237,17237,Starter,Monthly,123.55,3.8,2022-07-10,2022-08-09
57238,17238,Starter,Monthly,131.26,7.3,2025-09-06,2025-10-06
57239,17239,Professional,Monthly,416.86,13.4,2021-10-22,2021-11-21
57240,17240,Professional,Monthly,337.21,14.2,2024-01-22,2024-02-21
57241,17241,Business,Annual,744.58,11.6,2025-02-19,2026-02-14
57242,17242,Professional,Annual,350.21,0.0,2026-09-23,2027-09-18
57243,17243,Starter,Monthly,124.71,0.0,2025-12-13,2026-01-12
57244,17244,Business,Quarterly,895.05,7.3,2026-09-18,2026-12-17
57245,17245,Starter,Annual,133.02,14.7,2026-06-06,2027-06-01
57246,17246,Professional,Annual,407.52,7.4,2021-09-05,2022-08-31
57247,17247,Business,Monthly,871.3,16.9,2025-01-01,2025-01-31
57248,17248,Business,Annual,765.16,21.7,2025-12-24,2026-12-19
57249,17249,Professional,Annual,346.92,5.6,2023-09-02,2024-08-27
57250,17250,Starter,Quarterly,108.53,0.0,2026-02-21,2026-05-22
57251,17251,Business,Monthly,776.74,17.0,2022-02-07,2022-03-09
57252,17252,Business,Quarterly,723.01,29.0,2021-10-11,2022-01-09
57253,17253,Enterprise,Monthly,2585.88,9.9,2026-07-13,2026-08-12
57254,17254,Professional,Monthly,388.79,5.3,2021-08-29,2021-09-28
57255,17255,Starter,Monthly,106.21,19.1,2021-06-16,2021-07-16
57256,17256,Enterprise,Monthly,2578.48,13.5,2025-11-11,2025-12-11
57257,17257,Professional,Monthly,404.12,11.1,2022-07-15,2022-08-14
57258,17258,Starter,Quarterly,140.22,8.8,2022-12-02,2023-03-02
57259,17259,Professional,Annual,309.42,10.0,2026-04-04,2027-03-30
57260,17260,Starter,Monthly,105.36,3.7,2021-09-22,2021-10-22
57261,17261,Professional,Quarterly,305.8,25.7,2023-12-20,2024-03-19
57262,17262,Professional,Monthly,415.95,5.3,2022-05-14,2022-06-13
57263,17263,Enterprise,Monthly,2378.56,0.0,2025-05-30,2025-06-29
57264,17264,Professional,Monthly,319.3,9.4,2022-05-03,2022-06-02
57265,17265,Professional,Annual,411.32,13.4,2022-04-10,2023-04-05
57266,17266,Professional,Monthly,351.79,21.6,2021-08-16,2021-09-15
57267,17267,Professional,Quarterly,393.72,6.9,2022-10-28,2023-01-26
57268,17268,Business,Monthly,911.77,0.8,2024-10-11,2024-11-10
57269,17269,Starter,Quarterly,129.29,18.5,2025-01-29,2025-04-29
57270,17270,Professional,Monthly,351.37,4.7,2023-03-10,2023-04-09
57271,17271,Professional,Quarterly,345.88,14.0,2021-09-19,2021-12-18
57272,17272,Professional,Monthly,317.34,2.6,2023-05-10,2023-06-09
57273,17273,Professional,Annual,306.17,3.5,2021-12-30,2022-12-25
57274,17274,Starter,Monthly,140.98,7.0,2026-08-09,2026-09-08
57275,17275,Professional,Annual,412.24,1.2,2026-07-24,2027-07-19
57276,17276,Business,Annual,913.29,0.0,2023-11-02,2024-10-27
57277,17277,Starter,Monthly,118.3,5.8,2022-08-06,2022-09-05
57278,17278,Starter,Annual,103.05,10.3,2023-07-16,2024-07-10
57279,17279,Starter,Quarterly,120.8,27.4,2023-07-05,2023-10-03
57280,17280,Professional,Monthly,378.22,11.8,2026-06-10,2026-07-10
57281,17281,Professional,Annual,334.29,10.6,2025-11-10,2026-11-05
57282,17282,Business,Quarterly,824.38,11.2,2025-01-03,2025-04-03
57283,17283,Starter,Monthly,121.84,13.1,2021-05-31,2021-06-30
57284,17284,Professional,Annual,358.13,9.8,2025-02-13,2026-02-08
57285,17285,Professional,Monthly,388.5,17.7,2023-05-18,2023-06-17
57286,17286,Professional,Annual,358.72,12.3,2021-05-22,2022-05-17
57287,17287,Professional,Monthly,401.05,9.0,2023-06-26,2023-07-26
57288,17288,Professional,Quarterly,356.64,3.5,2023-12-07,2024-03-06
57289,17289,Starter,Monthly,103.34,13.2,2021-04-04,2021-05-04
57290,17290,Business,Quarterly,764.57,18.3,2023-01-31,2023-05-01
57291,17291,Starter,Monthly,132.16,15.4,2021-12-22,2022-01-21
57292,17292,Professional,Monthly,352.85,6.6,2022-06-16,2022-07-16
57293,17293,Starter,Monthly,121.37,10.1,2026-07-11,2026-08-10
57294,17294,Business,Annual,1013.46,22.2,2024-12-23,2025-12-18
57295,17295,Professional,Monthly,367.5,17.2,2023-07-06,2023-08-05
57296,17296,Starter,Quarterly,106.91,13.9,2025-02-01,2025-05-02
57297,17297,Starter,Monthly,120.22,5.5,2022-12-28,2023-01-27
57298,17298,Starter,Monthly,125.58,13.3,2025-04-04,2025-05-04
57299,17299,Business,Annual,733.65,22.4,2023-02-05,2024-01-31
57300,17300,Business,Annual,830.97,10.9,2025-05-29,2026-05-24
57301,17301,Enterprise,Annual,2615.22,0.0,2023-07-12,2024-07-06
57302,17302,Starter,Annual,133.55,23.7,2022-10-15,2023-10-10
57303,17303,Starter,Monthly,117.63,16.6,2023-06-24,2023-07-24
57304,17304,Starter,Monthly,113.01,4.6,2023-01-16,2023-02-15
57305,17305,Starter,Monthly,113.89,8.9,2023-07-29,2023-08-28
57306,17306,Business,Annual,968.95,8.4,2021-03-29,2022-03-24
57307,17307,Enterprise,Quarterly,2179.25,7.2,2026-01-08,2026-04-08
57308,17308,Starter,Monthly,137.41,9.4,2022-07-17,2022-08-16
57309,17309,Professional,Quarterly,408.82,15.5,2024-06-22,2024-09-20
57310,17310,Professional,Annual,354.36,21.5,2025-01-30,2026-01-25
57311,17311,Business,Monthly,1003.72,5.4,2025-01-05,2025-02-04
57312,17312,Professional,Monthly,334.24,16.2,2022-03-18,2022-04-17
57313,17313,Enterprise,Monthly,2070.22,4.2,2026-05-04,2026-06-03
57314,17314,Professional,Annual,310.64,18.3,2025-04-22,2026-04-17
57315,17315,Business,Monthly,795.63,12.6,2022-07-13,2022-08-12
57316,17316,Starter,Quarterly,134.45,9.7,2023-08-01,2023-10-30
57317,17317,Enterprise,Annual,2180.92,8.1,2024-06-11,2025-06-06
57318,17318,Professional,Annual,315.65,18.0,2023-03-04,2024-02-27
57319,17319,Professional,Monthly,310.61,0.5,2022-11-21,2022-12-21
57320,17320,Professional,Monthly,357.55,18.0,2022-04-22,2022-05-22
57321,17321,Starter,Annual,124.65,6.1,2022-11-16,2023-11-11
57322,17322,Starter,Monthly,135.37,15.6,2024-02-18,2024-03-19
57323,17323,Starter,Annual,132.02,11.1,2022-06-26,2023-06-21
57324,17324,Enterprise,Annual,1998.68,2.1,2021-06-28,2022-06-23
57325,17325,Business,Annual,804.87,7.6,2023-01-18,2024-01-13
57326,17326,Business,Monthly,928.89,3.7,2025-01-15,2025-02-14
57327,17327,Business,Monthly,776.22,0.4,2026-01-22,2026-02-21
57328,17328,Professional,Monthly,395.89,12.6,2024-02-20,2024-03-21
57329,17329,Starter,Annual,129.61,0.0,2023-10-21,2024-10-15
57330,17330,Starter,Quarterly,124.53,4.7,2024-03-08,2024-06-06
57331,17331,Enterprise,Monthly,2366.08,12.8,2024-05-07,2024-06-06
57332,17332,Starter,Monthly,106.19,2.9,2025-12-14,2026-01-13
57333,17333,Business,Annual,885.54,18.6,2024-10-16,2025-10-11
57334,17334,Professional,Monthly,352.78,24.6,2022-02-14,2022-03-16
57335,17335,Professional,Annual,360.34,21.2,2022-10-08,2023-10-03
57336,17336,Enterprise,Annual,2130.0,13.4,2025-04-01,2026-03-27
57337,17337,Starter,Monthly,121.66,8.9,2025-06-27,2025-07-27
57338,17338,Business,Quarterly,985.27,10.8,2024-06-20,2024-09-18
57339,17339,Business,Monthly,825.09,21.7,2024-01-19,2024-02-18
57340,17340,Enterprise,Monthly,1904.6,1.0,2021-03-03,2021-04-02
57341,17341,Enterprise,Monthly,2067.49,0.0,2024-05-20,2024-06-19
57342,17342,Starter,Quarterly,121.08,8.4,2021-09-05,2021-12-04
57343,17343,Professional,Monthly,362.85,11.7,2025-09-24,2025-10-24
57344,17344,Business,Annual,849.58,17.2,2022-05-12,2023-05-07
57345,17345,Starter,Quarterly,136.72,16.6,2022-04-04,2022-07-03
57346,17346,Professional,Monthly,409.61,20.7,2025-04-16,2025-05-16
57347,17347,Professional,Monthly,357.13,10.2,2024-11-13,2024-12-13
57348,17348,Professional,Quarterly,306.8,9.5,2025-09-30,2025-12-29
57349,17349,Professional,Annual,349.07,11.0,2024-01-10,2025-01-04
57350,17350,Business,Monthly,776.42,2.1,2026-08-02,2026-09-01
57351,17351,Business,Annual,806.84,19.7,2023-03-03,2024-02-26
57352,17352,Business,Quarterly,970.29,7.8,2024-07-31,2024-10-29
57353,17353,Enterprise,Annual,2282.17,7.8,2025-09-21,2026-09-16
57354,17354,Professional,Annual,399.0,11.7,2025-04-24,2026-04-19
57355,17355,Starter,Quarterly,143.4,4.4,2022-08-18,2022-11-16
57356,17356,Professional,Quarterly,364.29,8.4,2023-07-31,2023-10-29
57357,17357,Enterprise,Monthly,2572.44,13.6,2024-04-14,2024-05-14
57358,17358,Starter,Annual,130.71,20.0,2026-07-30,2027-07-25
57359,17359,Professional,Annual,309.97,11.9,2025-12-19,2026-12-14
57360,17360,Professional,Quarterly,348.69,22.7,2021-09-29,2021-12-28
57361,17361,Enterprise,Monthly,2377.38,8.3,2024-07-08,2024-08-07
57362,17362,Enterprise,Annual,2413.05,0.0,2022-01-31,2023-01-26
57363,17363,Business,Monthly,978.55,0.0,2021-06-03,2021-07-03
57364,17364,Starter,Quarterly,128.77,13.3,2023-12-27,2024-03-26
57365,17365,Starter,Monthly,105.78,8.1,2025-09-19,2025-10-19
57366,17366,Starter,Annual,107.98,17.6,2021-12-14,2022-12-09
57367,17367,Professional,Annual,337.72,11.4,2023-12-23,2024-12-17
57368,17368,Starter,Monthly,114.35,10.7,2024-07-28,2024-08-27
57369,17369,Professional,Monthly,324.65,2.4,2025-04-13,2025-05-13
57370,17370,Starter,Monthly,127.93,0.0,2023-10-12,2023-11-11
57371,17371,Business,Quarterly,850.34,6.8,2021-10-04,2022-01-02
57372,17372,Business,Monthly,926.28,1.9,2021-08-09,2021-09-08
57373,17373,Professional,Monthly,344.9,0.0,2025-10-19,2025-11-18
57374,17374,Enterprise,Annual,2081.04,11.2,2024-02-01,2025-01-26
57375,17375,Starter,Monthly,125.12,15.8,2026-04-15,2026-05-15
57376,17376,Starter,Quarterly,106.06,13.0,2022-04-18,2022-07-17
57377,17377,Starter,Monthly,143.52,12.7,2023-10-22,2023-11-21
57378,17378,Enterprise,Monthly,2374.84,4.2,2022-02-20,2022-03-22
57379,17379,Professional,Quarterly,312.46,1.1,2025-02-01,2025-05-02
57380,17380,Enterprise,Quarterly,2349.25,2.8,2024-10-20,2025-01-18
57381,17381,Starter,Monthly,105.13,17.3,2026-02-12,2026-03-14
57382,17382,Business,Monthly,873.1,8.7,2025-08-25,2025-09-24
57383,17383,Professional,Monthly,333.13,22.9,2021-01-17,2021-02-16
57384,17384,Business,Monthly,930.98,17.4,2025-03-14,2025-04-13
57385,17385,Enterprise,Monthly,2245.05,22.7,2025-01-02,2025-02-01
57386,17386,Enterprise,Monthly,2475.12,10.1,2026-03-18,2026-04-17
57387,17387,Business,Monthly,790.85,11.5,2026-02-09,2026-03-11
57388,17388,Starter,Monthly,129.56,0.4,2025-10-03,2025-11-02
57389,17389,Professional,Quarterly,381.76,10.2,2022-04-17,2022-07-16
57390,17390,Business,Quarterly,864.56,16.0,2025-08-26,2025-11-24
57391,17391,Professional,Monthly,402.64,28.0,2022-05-16,2022-06-15
57392,17392,Business,Quarterly,766.13,5.9,2021-05-01,2021-07-30
57393,17393,Starter,Monthly,133.85,2.3,2025-11-11,2025-12-11
57394,17394,Starter,Monthly,107.54,17.5,2022-08-30,2022-09-29
57395,17395,Professional,Monthly,316.72,3.4,2021-12-16,2022-01-15
57396,17396,Professional,Quarterly,322.18,6.8,2023-03-31,2023-06-29
57397,17397,Starter,Quarterly,129.77,23.6,2023-02-23,2023-05-24
57398,17398,Starter,Annual,128.84,7.1,2026-01-21,2027-01-16
57399,17399,Professional,Annual,352.12,16.1,2022-05-12,2023-05-07
57400,17400,Business,Annual,816.05,20.1,2022-01-27,2023-01-22
57401,17401,Starter,Monthly,127.74,5.8,2024-02-07,2024-03-08
57402,17402,Enterprise,Monthly,1981.03,8.4,2021-12-16,2022-01-15
57403,17403,Starter,Monthly,128.4,9.0,2023-02-14,2023-03-16
57404,17404,Business,Monthly,726.06,11.4,2025-10-12,2025-11-11
57405,17405,Starter,Monthly,108.07,3.1,2024-05-07,2024-06-06
57406,17406,Professional,Annual,384.22,7.2,2026-04-16,2027-04-11
57407,17407,Professional,Quarterly,404.56,0.0,2025-01-06,2025-04-06
57408,17408,Professional,Annual,306.76,2.4,2026-02-16,2027-02-11
57409,17409,Business,Quarterly,912.53,13.5,2021-12-10,2022-03-10
57410,17410,Business,Quarterly,740.92,16.1,2022-11-08,2023-02-06
57411,17411,Starter,Monthly,138.92,15.3,2022-08-18,2022-09-17
57412,17412,Business,Quarterly,839.02,21.6,2026-09-04,2026-12-03
57413,17413,Professional,Monthly,388.29,17.2,2023-07-27,2023-08-26
57414,17414,Business,Monthly,773.89,7.0,2026-06-14,2026-07-14
57415,17415,Professional,Monthly,403.02,15.5,2021-08-26,2021-09-25
57416,17416,Starter,Annual,120.03,1.8,2023-04-20,2024-04-14
57417,17417,Business,Annual,784.64,3.7,2022-08-15,2023-08-10
57418,17418,Enterprise,Annual,2310.79,11.7,2025-06-20,2026-06-15
57419,17419,Starter,Annual,114.1,3.2,2024-11-06,2025-11-01
57420,17420,Professional,Quarterly,332.66,0.0,2026-07-13,2026-10-11
57421,17421,Professional,Annual,311.53,12.6,2021-05-30,2022-05-25
57422,17422,Starter,Monthly,110.98,16.9,2022-01-30,2022-03-01
57423,17423,Business,Monthly,959.86,17.6,2021-01-06,2021-02-05
57424,17424,Starter,Monthly,123.99,19.9,2021-08-08,2021-09-07
57425,17425,Enterprise,Monthly,2143.3,16.7,2021-01-12,2021-02-11
57426,17426,Business,Annual,998.99,6.4,2024-11-09,2025-11-04
57427,17427,Enterprise,Monthly,2483.99,9.3,2022-04-03,2022-05-03
57428,17428,Professional,Annual,335.51,7.6,2021-06-16,2022-06-11
57429,17429,Starter,Annual,106.65,9.1,2026-02-05,2027-01-31
57430,17430,Professional,Quarterly,320.08,13.3,2026-05-28,2026-08-26
57431,17431,Professional,Monthly,380.21,7.0,2026-04-29,2026-05-29
57432,17432,Enterprise,Monthly,2303.56,4.6,2021-02-05,2021-03-07
57433,17433,Business,Monthly,1014.28,10.3,2023-09-17,2023-10-17
57434,17434,Professional,Monthly,299.15,23.3,2022-10-04,2022-11-03
57435,17435,Business,Annual,983.35,17.2,2021-08-28,2022-08-23
57436,17436,Enterprise,Monthly,1880.99,2.4,2023-07-06,2023-08-05
57437,17437,Business,Monthly,848.87,5.0,2023-05-06,2023-06-05
57438,17438,Business,Monthly,995.19,16.6,2022-07-08,2022-08-07
57439,17439,Professional,Annual,378.16,11.0,2026-03-01,2027-02-24
57440,17440,Professional,Quarterly,368.95,4.3,2024-08-17,2024-11-15
57441,17441,Business,Annual,815.77,16.7,2024-05-13,2025-05-08
57442,17442,Business,Monthly,1009.92,8.2,2021-07-14,2021-08-13
57443,17443,Starter,Monthly,109.07,10.9,2026-03-14,2026-04-13
57444,17444,Professional,Quarterly,330.56,7.0,2024-11-26,2025-02-24
57445,17445,Business,Quarterly,857.25,1.0,2026-05-26,2026-08-24
57446,17446,Business,Monthly,760.07,5.7,2024-07-30,2024-08-29
57447,17447,Professional,Annual,349.38,13.1,2022-05-15,2023-05-10
57448,17448,Professional,Annual,302.32,6.5,2024-03-12,2025-03-07
57449,17449,Professional,Monthly,410.7,5.5,2021-01-19,2021-02-18
57450,17450,Professional,Monthly,336.96,1.1,2022-11-18,2022-12-18
57451,17451,Professional,Annual,375.14,10.5,2026-08-30,2027-08-25
57452,17452,Enterprise,Annual,2540.31,10.7,2025-12-17,2026-12-12
57453,17453,Business,Monthly,965.95,3.7,2022-03-24,2022-04-23
57454,17454,Business,Monthly,982.33,10.4,2025-11-02,2025-12-02
57455,17455,Starter,Quarterly,132.25,10.8,2024-01-30,2024-04-29
57456,17456,Business,Quarterly,780.14,11.6,2021-10-21,2022-01-19
57457,17457,Professional,Quarterly,342.4,11.2,2025-04-23,2025-07-22
57458,17458,Professional,Annual,360.22,5.2,2021-03-06,2022-03-01
57459,17459,Starter,Monthly,116.15,11.7,2021-03-17,2021-04-16
57460,17460,Professional,Quarterly,414.52,9.6,2026-09-06,2026-12-05
57461,17461,Professional,Quarterly,396.34,11.2,2025-06-27,2025-09-25
57462,17462,Starter,Annual,135.56,15.1,2024-07-23,2025-07-18
57463,17463,Business,Annual,829.93,16.2,2025-05-15,2026-05-10
57464,17464,Professional,Annual,389.97,13.9,2021-03-24,2022-03-19
57465,17465,Business,Annual,905.18,12.6,2026-08-16,2027-08-11
57466,17466,Professional,Annual,343.46,18.5,2025-08-27,2026-08-22
57467,17467,Professional,Annual,335.26,4.2,2022-01-03,2022-12-29
57468,17468,Professional,Monthly,394.13,2.3,2025-10-04,2025-11-03
57469,17469,Enterprise,Quarterly,2329.54,18.7,2025-01-12,2025-04-12
57470,17470,Enterprise,Annual,1898.49,17.7,2026-04-15,2027-04-10
57471,17471,Professional,Annual,300.16,16.0,2022-01-05,2022-12-31
57472,17472,Business,Quarterly,972.99,8.0,2021-10-05,2022-01-03
57473,17473,Enterprise,Monthly,1939.16,21.3,2021-12-06,2022-01-05
57474,17474,Enterprise,Quarterly,2269.91,4.3,2022-09-06,2022-12-05
57475,17475,Starter,Monthly,127.56,5.9,2024-01-09,2024-02-08
57476,17476,Professional,Monthly,409.71,1.8,2023-03-04,2023-04-03
57477,17477,Business,Monthly,875.57,6.2,2021-03-08,2021-04-07
57478,17478,Starter,Monthly,110.15,10.4,2021-08-03,2021-09-02
57479,17479,Business,Annual,800.05,6.5,2022-02-20,2023-02-15
57480,17480,Professional,Annual,303.48,14.0,2022-07-06,2023-07-01
57481,17481,Professional,Monthly,324.7,12.4,2024-08-02,2024-09-01
57482,17482,Starter,Annual,136.24,14.3,2022-07-25,2023-07-20
57483,17483,Professional,Monthly,390.22,17.7,2022-06-24,2022-07-24
57484,17484,Starter,Quarterly,105.44,18.4,2024-06-14,2024-09-12
57485,17485,Enterprise,Annual,2239.29,10.4,2021-04-27,2022-04-22
57486,17486,Professional,Annual,334.47,11.4,2024-01-12,2025-01-06
57487,17487,Starter,Monthly,129.3,5.5,2025-10-19,2025-11-18
57488,17488,Starter,Annual,142.38,24.4,2024-05-28,2025-05-23
57489,17489,Professional,Annual,374.76,1.0,2024-08-01,2025-07-27
57490,17490,Professional,Monthly,388.85,3.4,2025-11-13,2025-12-13
57491,17491,Business,Monthly,840.94,6.6,2025-06-23,2025-07-23
57492,17492,Enterprise,Annual,1895.17,0.0,2021-08-30,2022-08-25
57493,17493,Professional,Annual,348.72,8.4,2022-04-10,2023-04-05
57494,17494,Professional,Monthly,360.07,10.4,2022-07-03,2022-08-02
57495,17495,Professional,Monthly,357.85,4.8,2025-01-08,2025-02-07
57496,17496,Professional,Annual,326.11,10.7,2023-05-08,2024-05-02
57497,17497,Professional,Monthly,355.69,0.3,2026-02-22,2026-03-24
57498,17498,Professional,Monthly,385.45,3.0,2023-02-25,2023-03-27
57499,17499,Professional,Monthly,335.66,13.9,2022-06-25,2022-07-25
57500,17500,Starter,Quarterly,128.63,13.4,2026-03-21,2026-06-19
57501,17501,Professional,Monthly,316.27,11.4,2022-07-26,2022-08-25
57502,17502,Starter,Monthly,113.68,15.0,2025-02-18,2025-03-20
57503,17503,Starter,Monthly,139.12,9.6,2022-10-19,2022-11-18
57504,17504,Professional,Monthly,374.26,13.9,2023-08-07,2023-09-06
57505,17505,Professional,Monthly,308.02,6.6,2021-01-15,2021-02-14
57506,17506,Starter,Monthly,113.11,1.8,2024-01-10,2024-02-09
57507,17507,Starter,Monthly,143.75,10.5,2021-11-03,2021-12-03
57508,17508,Professional,Annual,330.59,16.8,2022-12-06,2023-12-01
57509,17509,Starter,Quarterly,126.38,8.9,2022-02-01,2022-05-02
57510,17510,Enterprise,Annual,2293.77,5.2,2022-11-09,2023-11-04
57511,17511,Business,Quarterly,842.2,13.1,2021-07-30,2021-10-28
57512,17512,Business,Annual,732.55,0.0,2022-02-03,2023-01-29
57513,17513,Professional,Annual,332.33,13.9,2024-10-28,2025-10-23
57514,17514,Enterprise,Annual,2604.08,1.4,2021-09-15,2022-09-10
57515,17515,Business,Quarterly,728.21,12.4,2021-11-30,2022-02-28
57516,17516,Professional,Quarterly,385.17,18.2,2021-12-15,2022-03-15
57517,17517,Professional,Monthly,406.86,2.9,2022-03-25,2022-04-24
57518,17518,Professional,Annual,390.89,22.2,2023-04-08,2024-04-02
57519,17519,Professional,Monthly,337.1,16.6,2022-04-07,2022-05-07
57520,17520,Business,Annual,877.34,14.5,2022-05-15,2023-05-10
57521,17521,Professional,Monthly,403.77,7.1,2023-11-28,2023-12-28
57522,17522,Business,Quarterly,1012.7,17.2,2024-06-19,2024-09-17
57523,17523,Starter,Monthly,106.08,10.6,2023-12-11,2024-01-10
57524,17524,Enterprise,Monthly,1965.75,11.9,2026-06-22,2026-07-22
57525,17525,Starter,Monthly,142.14,21.6,2021-05-07,2021-06-06
57526,17526,Enterprise,Monthly,2541.92,12.2,2024-02-01,2024-03-02
57527,17527,Professional,Quarterly,323.36,11.2,2026-06-13,2026-09-11
57528,17528,Professional,Annual,416.34,10.2,2024-11-09,2025-11-04
57529,17529,Professional,Monthly,323.1,5.2,2021-03-26,2021-04-25
57530,17530,Professional,Quarterly,308.34,13.3,2024-10-14,2025-01-12
57531,17531,Business,Monthly,925.36,8.7,2023-02-25,2023-03-27
57532,17532,Starter,Annual,124.67,19.5,2026-09-06,2027-09-01
57533,17533,Starter,Monthly,112.07,18.7,2021-03-13,2021-04-12
57534,17534,Starter,Monthly,140.99,7.6,2024-12-20,2025-01-19
57535,17535,Professional,Monthly,347.02,9.2,2023-10-27,2023-11-26
57536,17536,Professional,Monthly,346.86,1.9,2024-01-19,2024-02-18
57537,17537,Professional,Annual,374.9,0.0,2025-06-04,2026-05-30
57538,17538,Enterprise,Annual,2047.71,13.2,2025-06-07,2026-06-02
57539,17539,Business,Monthly,897.09,6.4,2021-06-01,2021-07-01
57540,17540,Business,Monthly,830.79,14.6,2024-05-20,2024-06-19
57541,17541,Professional,Quarterly,382.64,3.9,2024-07-10,2024-10-08
57542,17542,Starter,Annual,112.4,8.2,2024-11-06,2025-11-01
57543,17543,Professional,Quarterly,320.22,9.3,2025-07-05,2025-10-03
57544,17544,Starter,Monthly,112.49,9.0,2021-05-22,2021-06-21
57545,17545,Starter,Monthly,141.31,0.0,2025-03-28,2025-04-27
57546,17546,Professional,Quarterly,401.53,15.7,2026-02-28,2026-05-29
57547,17547,Business,Monthly,969.1,9.2,2023-10-29,2023-11-28
57548,17548,Business,Annual,954.76,1.3,2024-04-24,2025-04-19
57549,17549,Enterprise,Monthly,2360.45,18.4,2023-12-13,2024-01-12
57550,17550,Starter,Monthly,106.13,18.7,2021-08-07,2021-09-06
57551,17551,Professional,Annual,337.27,11.2,2021-09-12,2022-09-07
57552,17552,Business,Quarterly,889.66,9.3,2023-03-23,2023-06-21
57553,17553,Professional,Monthly,310.45,8.0,2021-09-27,2021-10-27
57554,17554,Professional,Monthly,301.19,2.8,2025-05-30,2025-06-29
57555,17555,Business,Annual,750.29,9.4,2023-06-02,2024-05-27
57556,17556,Professional,Monthly,310.74,0.0,2022-08-27,2022-09-26
57557,17557,Enterprise,Annual,1954.34,17.5,2024-04-01,2025-03-27
57558,17558,Starter,Annual,109.99,4.9,2025-09-30,2026-09-25
57559,17559,Business,Monthly,870.98,0.0,2022-12-02,2023-01-01
57560,17560,Starter,Annual,113.99,1.5,2021-03-14,2022-03-09
57561,17561,Starter,Quarterly,138.13,9.4,2023-06-17,2023-09-15
57562,17562,Professional,Monthly,404.83,12.7,2026-07-15,2026-08-14
57563,17563,Professional,Monthly,410.23,7.3,2023-08-05,2023-09-04
57564,17564,Professional,Monthly,355.22,5.6,2022-06-27,2022-07-27
57565,17565,Business,Quarterly,952.78,3.3,2022-09-23,2022-12-22
57566,17566,Business,Monthly,898.32,16.3,2025-02-16,2025-03-18
57567,17567,Professional,Quarterly,315.19,14.1,2023-05-28,2023-08-26
57568,17568,Professional,Monthly,375.37,11.8,2024-07-02,2024-08-01
57569,17569,Professional,Monthly,400.04,1.7,2023-01-27,2023-02-26
57570,17570,Starter,Annual,116.61,6.6,2021-07-17,2022-07-12
57571,17571,Business,Annual,944.64,6.6,2024-12-21,2025-12-16
57572,17572,Starter,Annual,134.53,22.0,2021-03-23,2022-03-18
57573,17573,Enterprise,Monthly,2365.56,10.7,2024-08-24,2024-09-23
57574,17574,Professional,Monthly,405.7,6.0,2025-09-19,2025-10-19
57575,17575,Professional,Quarterly,315.24,22.3,2021-12-23,2022-03-23
57576,17576,Business,Quarterly,973.42,15.4,2024-08-12,2024-11-10
57577,17577,Starter,Quarterly,127.65,15.7,2022-08-03,2022-11-01
57578,17578,Professional,Annual,402.32,19.2,2021-10-27,2022-10-22
57579,17579,Starter,Quarterly,124.37,16.8,2022-10-08,2023-01-06
57580,17580,Professional,Annual,337.68,6.7,2021-11-04,2022-10-30
57581,17581,Professional,Monthly,407.41,8.8,2021-08-22,2021-09-21
57582,17582,Starter,Annual,138.85,12.7,2023-11-01,2024-10-26
57583,17583,Professional,Annual,330.29,10.8,2022-10-05,2023-09-30
57584,17584,Professional,Monthly,388.65,0.0,2026-04-06,2026-05-06
57585,17585,Professional,Annual,308.68,0.2,2023-10-23,2024-10-17
57586,17586,Enterprise,Quarterly,1936.2,9.8,2025-10-02,2025-12-31
57587,17587,Professional,Annual,360.15,0.0,2021-07-01,2022-06-26
57588,17588,Professional,Annual,301.88,0.9,2023-07-31,2024-07-25
57589,17589,Professional,Monthly,350.63,6.6,2021-12-16,2022-01-15
57590,17590,Professional,Monthly,394.37,10.5,2024-11-06,2024-12-06
57591,17591,Professional,Quarterly,406.46,14.3,2024-05-05,2024-08-03
57592,17592,Business,Monthly,798.3,16.3,2025-03-26,2025-04-25
57593,17593,Starter,Monthly,105.23,12.1,2021-08-13,2021-09-12
57594,17594,Starter,Monthly,128.49,16.9,2025-10-18,2025-11-17
57595,17595,Professional,Quarterly,329.94,4.7,2025-10-13,2026-01-11
57596,17596,Starter,Monthly,102.98,3.0,2021-10-13,2021-11-12
57597,17597,Starter,Annual,107.51,8.7,2024-09-16,2025-09-11
57598,17598,Starter,Annual,141.41,14.6,2021-07-12,2022-07-07
57599,17599,Enterprise,Monthly,2543.81,15.7,2024-03-14,2024-04-13
57600,17600,Starter,Monthly,136.84,18.7,2022-11-02,2022-12-02
57601,17601,Starter,Annual,116.26,13.8,2026-02-05,2027-01-31
57602,17602,Business,Monthly,935.07,23.7,2022-09-04,2022-10-04
57603,17603,Enterprise,Monthly,2606.9,15.4,2023-06-20,2023-07-20
57604,17604,Business,Monthly,891.36,9.5,2025-07-05,2025-08-04
57605,17605,Enterprise,Monthly,2126.48,16.9,2021-02-20,2021-03-22
57606,17606,Business,Monthly,960.3,20.9,2021-05-08,2021-06-07
57607,17607,Professional,Monthly,350.22,0.0,2025-08-03,2025-09-02
57608,17608,Professional,Annual,368.22,7.0,2025-11-13,2026-11-08
57609,17609,Professional,Monthly,363.8,3.0,2023-12-06,2024-01-05
57610,17610,Professional,Monthly,324.13,9.0,2021-08-22,2021-09-21
57611,17611,Starter,Monthly,102.03,6.2,2022-08-07,2022-09-06
57612,17612,Enterprise,Monthly,2639.1,13.6,2025-01-06,2025-02-05
57613,17613,Professional,Annual,348.56,18.9,2022-05-18,2023-05-13
57614,17614,Business,Monthly,806.94,18.9,2023-07-11,2023-08-10
57615,17615,Business,Quarterly,950.35,16.1,2021-10-12,2022-01-10
57616,17616,Professional,Annual,370.08,12.2,2024-03-01,2025-02-24
57617,17617,Enterprise,Quarterly,2547.95,3.6,2026-05-24,2026-08-22
57618,17618,Business,Monthly,954.88,18.4,2025-02-08,2025-03-10
57619,17619,Professional,Monthly,332.02,19.3,2023-07-25,2023-08-24
57620,17620,Business,Quarterly,898.69,0.0,2021-12-22,2022-03-22
57621,17621,Starter,Quarterly,123.11,25.0,2026-06-18,2026-09-16
57622,17622,Business,Monthly,1006.64,0.0,2023-11-27,2023-12-27
57623,17623,Starter,Annual,112.06,4.2,2025-07-20,2026-07-15
57624,17624,Business,Quarterly,806.94,14.4,2024-12-16,2025-03-16
57625,17625,Business,Annual,996.33,2.4,2025-01-08,2026-01-03
57626,17626,Starter,Annual,121.23,9.9,2024-06-22,2025-06-17
57627,17627,Starter,Annual,121.2,2.2,2025-04-12,2026-04-07
57628,17628,Professional,Monthly,403.86,14.8,2024-04-25,2024-05-25
57629,17629,Business,Monthly,810.58,8.4,2026-09-15,2026-10-15
57630,17630,Starter,Quarterly,131.27,7.0,2022-09-22,2022-12-21
57631,17631,Enterprise,Quarterly,2425.57,15.1,2025-02-11,2025-05-12
57632,17632,Enterprise,Annual,2210.65,7.2,2023-02-26,2024-02-21
57633,17633,Professional,Annual,338.41,17.2,2025-02-03,2026-01-29
57634,17634,Professional,Annual,388.97,5.1,2024-01-13,2025-01-07
57635,17635,Business,Monthly,798.64,4.0,2023-06-10,2023-07-10
57636,17636,Business,Monthly,966.24,11.1,2026-07-29,2026-08-28
57637,17637,Starter,Monthly,119.49,12.8,2021-06-19,2021-07-19
57638,17638,Professional,Annual,299.75,9.4,2022-10-24,2023-10-19
57639,17639,Enterprise,Annual,2308.34,6.4,2023-07-01,2024-06-25
57640,17640,Professional,Monthly,321.32,2.7,2022-09-24,2022-10-24
57641,17641,Enterprise,Monthly,2229.26,11.2,2023-03-16,2023-04-15
57642,17642,Enterprise,Annual,2492.42,11.0,2023-07-09,2024-07-03
57643,17643,Professional,Monthly,320.78,8.3,2025-10-14,2025-11-13
57644,17644,Enterprise,Annual,2030.25,22.0,2023-11-07,2024-11-01
57645,17645,Starter,Annual,121.9,5.2,2022-01-20,2023-01-15
57646,17646,Starter,Quarterly,122.01,24.3,2023-06-12,2023-09-10
57647,17647,Starter,Annual,121.05,8.0,2026-06-27,2027-06-22
57648,17648,Professional,Annual,382.58,17.8,2023-03-03,2024-02-26
57649,17649,Starter,Monthly,113.3,12.4,2021-02-15,2021-03-17
57650,17650,Professional,Monthly,329.41,18.7,2023-04-10,2023-05-10
57651,17651,Starter,Annual,102.94,24.9,2023-09-06,2024-08-31
57652,17652,Professional,Annual,344.26,12.0,2026-09-26,2027-09-21
57653,17653,Business,Monthly,780.74,4.4,2022-06-12,2022-07-12
57654,17654,Professional,Annual,369.97,0.0,2022-09-08,2023-09-03
57655,17655,Business,Monthly,776.4,6.7,2023-08-24,2023-09-23
57656,17656,Starter,Quarterly,139.57,18.5,2024-03-02,2024-05-31
57657,17657,Professional,Annual,401.5,19.1,2021-07-20,2022-07-15
57658,17658,Starter,Monthly,134.14,18.6,2024-03-19,2024-04-18
57659,17659,Professional,Monthly,396.54,8.9,2025-04-22,2025-05-22
57660,17660,Professional,Annual,415.05,17.5,2022-05-20,2023-05-15
57661,17661,Professional,Monthly,336.68,13.7,2026-04-30,2026-05-30
57662,17662,Starter,Annual,143.15,4.3,2026-02-05,2027-01-31
57663,17663,Starter,Monthly,139.4,7.1,2025-03-12,2025-04-11
57664,17664,Professional,Monthly,341.83,23.0,2022-02-08,2022-03-10
57665,17665,Business,Monthly,979.56,0.1,2021-08-24,2021-09-23
57666,17666,Starter,Monthly,139.69,17.4,2025-06-08,2025-07-08
57667,17667,Professional,Annual,301.92,2.8,2022-09-25,2023-09-20
57668,17668,Starter,Monthly,138.79,11.0,2025-04-19,2025-05-19
57669,17669,Enterprise,Quarterly,2203.6,21.4,2021-05-20,2021-08-18
57670,17670,Professional,Annual,396.89,13.5,2022-08-11,2023-08-06
57671,17671,Starter,Monthly,106.67,9.8,2026-01-18,2026-02-17
57672,17672,Business,Annual,773.73,8.7,2023-08-25,2024-08-19
57673,17673,Professional,Monthly,417.4,19.6,2022-07-24,2022-08-23
57674,17674,Business,Quarterly,846.31,15.3,2026-06-07,2026-09-05
57675,17675,Business,Quarterly,960.04,18.2,2024-06-03,2024-09-01
57676,17676,Business,Quarterly,945.7,17.2,2026-05-23,2026-08-21
57677,17677,Business,Annual,956.35,16.4,2025-04-22,2026-04-17
57678,17678,Professional,Annual,391.17,12.2,2025-10-10,2026-10-05
57679,17679,Business,Annual,994.4,5.3,2021-12-05,2022-11-30
57680,17680,Starter,Quarterly,126.89,13.5,2023-04-19,2023-07-18
57681,17681,Business,Monthly,849.07,8.3,2021-04-05,2021-05-05
57682,17682,Professional,Monthly,410.84,0.0,2021-07-15,2021-08-14
57683,17683,Professional,Annual,341.23,21.4,2021-07-11,2022-07-06
57684,17684,Professional,Annual,374.76,2.6,2022-06-06,2023-06-01
57685,17685,Starter,Monthly,137.92,7.4,2023-01-23,2023-02-22
57686,17686,Professional,Monthly,409.71,3.6,2025-08-12,2025-09-11
57687,17687,Professional,Annual,413.81,4.3,2023-09-15,2024-09-09
57688,17688,Starter,Quarterly,129.72,3.0,2025-08-03,2025-11-01
57689,17689,Starter,Monthly,132.25,6.9,2021-01-13,2021-02-12
57690,17690,Professional,Quarterly,358.45,11.6,2026-07-17,2026-10-15
57691,17691,Starter,Monthly,113.97,12.1,2022-01-08,2022-02-07
57692,17692,Enterprise,Monthly,1882.46,15.8,2022-01-29,2022-02-28
57693,17693,Starter,Quarterly,111.33,7.1,2026-03-29,2026-06-27
57694,17694,Starter,Quarterly,143.16,0.0,2025-10-22,2026-01-20
57695,17695,Starter,Monthly,135.87,17.5,2026-04-17,2026-05-17
57696,17696,Starter,Annual,122.12,16.4,2022-02-22,2023-02-17
57697,17697,Business,Monthly,824.72,5.6,2023-12-19,2024-01-18
57698,17698,Starter,Annual,104.7,15.6,2023-03-28,2024-03-22
57699,17699,Starter,Monthly,102.43,11.5,2023-02-13,2023-03-15
57700,17700,Enterprise,Monthly,2451.4,11.7,2025-12-09,2026-01-08
57701,17701,Starter,Annual,143.39,12.5,2024-08-25,2025-08-20
57702,17702,Starter,Annual,112.66,3.0,2023-01-26,2024-01-21
57703,17703,Professional,Monthly,331.13,5.6,2024-06-30,2024-07-30
57704,17704,Professional,Monthly,412.0,12.9,2024-04-27,2024-05-27
57705,17705,Business,Monthly,901.61,9.6,2025-12-02,2026-01-01
57706,17706,Enterprise,Annual,2003.83,9.8,2025-01-06,2026-01-01
57707,17707,Business,Annual,736.09,17.3,2026-08-13,2027-08-08
57708,17708,Business,Quarterly,890.16,0.0,2026-06-13,2026-09-11
57709,17709,Enterprise,Quarterly,2218.47,18.2,2022-07-09,2022-10-07
57710,17710,Business,Annual,851.05,10.6,2025-09-10,2026-09-05
57711,17711,Starter,Monthly,142.71,9.7,2025-02-26,2025-03-28
57712,17712,Professional,Monthly,329.7,12.4,2021-09-23,2021-10-23
57713,17713,Professional,Monthly,357.28,7.2,2023-07-12,2023-08-11
57714,17714,Professional,Monthly,323.63,2.4,2026-09-03,2026-10-03
57715,17715,Starter,Monthly,115.52,14.6,2022-06-18,2022-07-18
57716,17716,Business,Quarterly,950.35,21.5,2026-02-24,2026-05-25
57717,17717,Starter,Annual,110.29,17.7,2026-08-13,2027-08-08
57718,17718,Professional,Monthly,380.37,17.5,2025-08-21,2025-09-20
57719,17719,Professional,Annual,313.38,0.0,2023-05-30,2024-05-24
57720,17720,Professional,Annual,320.85,15.7,2026-08-14,2027-08-09
57721,17721,Professional,Annual,300.33,6.7,2023-03-19,2024-03-13
57722,17722,Professional,Monthly,374.73,5.8,2021-08-20,2021-09-19
57723,17723,Business,Quarterly,1017.12,9.6,2023-01-20,2023-04-20
57724,17724,Business,Monthly,917.8,19.7,2021-03-13,2021-04-12
57725,17725,Professional,Quarterly,410.61,3.7,2022-06-12,2022-09-10
57726,17726,Professional,Monthly,361.98,7.4,2023-06-05,2023-07-05
57727,17727,Business,Monthly,924.89,0.3,2026-08-06,2026-09-05
57728,17728,Starter,Quarterly,140.87,0.0,2024-12-29,2025-03-29
57729,17729,Starter,Monthly,105.62,7.5,2022-07-17,2022-08-16
57730,17730,Professional,Monthly,370.69,17.7,2026-06-20,2026-07-20
57731,17731,Professional,Annual,368.0,18.4,2025-07-18,2026-07-13
57732,17732,Enterprise,Annual,1895.53,11.5,2025-04-13,2026-04-08
57733,17733,Professional,Monthly,316.63,10.3,2026-06-12,2026-07-12
57734,17734,Professional,Quarterly,365.16,5.5,2021-12-11,2022-03-11
57735,17735,Professional,Annual,358.47,0.0,2023-10-27,2024-10-21
57736,17736,Business,Monthly,824.79,0.2,2025-07-31,2025-08-30
57737,17737,Starter,Monthly,131.3,19.0,2025-04-14,2025-05-14
57738,17738,Professional,Annual,341.63,0.4,2025-08-29,2026-08-24
57739,17739,Starter,Annual,134.29,0.0,2023-03-09,2024-03-03
57740,17740,Business,Quarterly,963.25,4.3,2024-01-25,2024-04-24
57741,17741,Business,Monthly,914.26,0.0,2026-03-28,2026-04-27
57742,17742,Enterprise,Quarterly,2084.82,17.3,2023-01-13,2023-04-13
57743,17743,Professional,Monthly,395.83,9.4,2021-02-27,2021-03-29
57744,17744,Starter,Monthly,112.58,6.7,2023-06-25,2023-07-25
57745,17745,Business,Monthly,812.65,12.7,2024-04-22,2024-05-22
57746,17746,Business,Monthly,903.62,15.2,2023-02-22,2023-03-24
57747,17747,Starter,Monthly,130.94,10.3,2021-04-07,2021-05-07
57748,17748,Starter,Monthly,117.59,9.9,2022-08-10,2022-09-09
57749,17749,Professional,Monthly,369.94,0.8,2024-01-17,2024-02-16
57750,17750,Professional,Quarterly,327.88,5.2,2023-12-23,2024-03-22
57751,17751,Business,Annual,958.96,14.7,2022-06-25,2023-06-20
57752,17752,Starter,Monthly,143.67,9.7,2023-03-27,2023-04-26
57753,17753,Business,Annual,930.26,18.6,2023-07-06,2024-06-30
57754,17754,Professional,Monthly,336.62,16.1,2021-03-26,2021-04-25
57755,17755,Starter,Annual,116.65,0.0,2024-09-20,2025-09-15
57756,17756,Professional,Monthly,301.24,13.1,2026-02-19,2026-03-21
57757,17757,Professional,Quarterly,376.75,9.8,2025-08-19,2025-11-17
57758,17758,Enterprise,Annual,2332.02,0.0,2026-01-16,2027-01-11
57759,17759,Professional,Annual,414.44,0.0,2024-04-17,2025-04-12
57760,17760,Professional,Annual,346.76,4.9,2024-06-24,2025-06-19
57761,17761,Starter,Monthly,141.18,7.1,2023-10-01,2023-10-31
57762,17762,Starter,Monthly,133.93,15.2,2022-11-05,2022-12-05
57763,17763,Starter,Monthly,114.1,2.2,2025-08-26,2025-09-25
57764,17764,Starter,Annual,102.69,21.7,2022-12-31,2023-12-26
57765,17765,Professional,Monthly,386.52,14.5,2021-11-13,2021-12-13
57766,17766,Professional,Monthly,358.3,8.8,2021-03-17,2021-04-16
57767,17767,Starter,Quarterly,142.4,12.5,2023-09-01,2023-11-30
57768,17768,Professional,Quarterly,300.21,23.1,2021-07-23,2021-10-21
57769,17769,Starter,Monthly,123.92,8.3,2025-10-25,2025-11-24
57770,17770,Enterprise,Monthly,2477.39,8.5,2021-07-12,2021-08-11
57771,17771,Professional,Quarterly,394.25,13.4,2025-01-02,2025-04-02
57772,17772,Professional,Monthly,379.83,1.7,2021-09-17,2021-10-17
57773,17773,Professional,Monthly,345.81,9.6,2022-03-08,2022-04-07
57774,17774,Professional,Annual,305.74,5.3,2022-11-27,2023-11-22
57775,17775,Business,Quarterly,812.27,15.8,2021-07-17,2021-10-15
57776,17776,Enterprise,Monthly,2371.39,9.4,2023-09-10,2023-10-10
57777,17777,Professional,Quarterly,391.95,15.7,2021-02-08,2021-05-09
57778,17778,Professional,Annual,397.63,8.1,2022-12-30,2023-12-25
57779,17779,Professional,Quarterly,392.32,0.0,2022-11-15,2023-02-13
57780,17780,Professional,Monthly,337.16,20.8,2026-09-22,2026-10-22
57781,17781,Business,Monthly,928.99,3.6,2021-05-12,2021-06-11
57782,17782,Professional,Monthly,416.21,10.4,2026-05-24,2026-06-23
57783,17783,Starter,Monthly,107.73,12.0,2021-02-08,2021-03-10
57784,17784,Professional,Monthly,387.09,15.9,2024-12-13,2025-01-12
57785,17785,Enterprise,Annual,2185.69,20.3,2025-01-27,2026-01-22
57786,17786,Business,Monthly,789.44,7.6,2024-12-26,2025-01-25
57787,17787,Business,Quarterly,817.71,3.3,2025-03-07,2025-06-05
57788,17788,Starter,Annual,108.99,0.0,2024-07-16,2025-07-11
57789,17789,Business,Annual,965.06,8.6,2021-12-06,2022-12-01
57790,17790,Starter,Monthly,118.27,0.0,2024-05-29,2024-06-28
57791,17791,Professional,Quarterly,412.36,2.4,2022-10-20,2023-01-18
57792,17792,Professional,Annual,415.88,9.1,2025-08-27,2026-08-22
57793,17793,Enterprise,Quarterly,2613.62,20.0,2021-12-27,2022-03-27
57794,17794,Starter,Annual,108.54,8.4,2026-05-27,2027-05-22
57795,17795,Business,Quarterly,825.55,15.1,2021-11-25,2022-02-23
57796,17796,Starter,Monthly,115.04,10.0,2025-12-05,2026-01-04
57797,17797,Business,Monthly,997.0,9.6,2024-05-30,2024-06-29
57798,17798,Starter,Annual,105.63,16.6,2026-02-11,2027-02-06
57799,17799,Enterprise,Annual,2323.23,11.7,2025-09-06,2026-09-01
57800,17800,Business,Monthly,866.9,6.6,2022-03-16,2022-04-15
57801,17801,Professional,Monthly,417.09,18.4,2026-05-31,2026-06-30
57802,17802,Starter,Monthly,142.46,5.8,2023-04-13,2023-05-13
57803,17803,Professional,Annual,349.44,2.4,2021-04-07,2022-04-02
57804,17804,Starter,Monthly,120.54,1.4,2026-06-23,2026-07-23
57805,17805,Starter,Monthly,118.15,7.0,2023-07-27,2023-08-26
57806,17806,Professional,Annual,394.17,10.3,2025-02-09,2026-02-04
57807,17807,Business,Monthly,752.3,11.9,2024-07-13,2024-08-12
57808,17808,Starter,Quarterly,106.88,8.2,2022-07-29,2022-10-27
57809,17809,Professional,Monthly,383.82,7.4,2023-04-09,2023-05-09
57810,17810,Business,Monthly,727.46,11.9,2022-05-28,2022-06-27
57811,17811,Enterprise,Quarterly,2386.69,17.0,2022-10-28,2023-01-26
57812,17812,Business,Monthly,760.79,0.0,2025-02-25,2025-03-27
57813,17813,Professional,Monthly,393.81,0.0,2024-07-08,2024-08-07
57814,17814,Business,Monthly,942.54,16.4,2026-09-14,2026-10-14
57815,17815,Professional,Annual,319.83,6.9,2024-11-05,2025-10-31
57816,17816,Starter,Annual,133.79,15.6,2022-02-01,2023-01-27
57817,17817,Professional,Quarterly,394.3,0.2,2026-09-06,2026-12-05
57818,17818,Business,Monthly,997.85,9.5,2026-04-16,2026-05-16
57819,17819,Enterprise,Annual,2427.82,0.6,2026-03-01,2027-02-24
57820,17820,Enterprise,Monthly,2538.05,12.3,2025-08-22,2025-09-21
57821,17821,Professional,Annual,375.59,7.4,2022-08-04,2023-07-30
57822,17822,Professional,Monthly,374.13,0.0,2021-04-12,2021-05-12
57823,17823,Starter,Monthly,130.36,13.8,2022-03-31,2022-04-30
57824,17824,Starter,Monthly,119.07,13.5,2021-07-12,2021-08-11
57825,17825,Professional,Monthly,325.5,7.7,2023-06-17,2023-07-17
57826,17826,Business,Monthly,845.46,6.0,2023-03-21,2023-04-20
57827,17827,Professional,Monthly,370.19,16.3,2021-10-26,2021-11-25
57828,17828,Business,Annual,927.78,12.2,2021-01-21,2022-01-16
57829,17829,Professional,Annual,353.45,9.6,2021-02-14,2022-02-09
57830,17830,Enterprise,Annual,2124.19,1.3,2022-11-14,2023-11-09
57831,17831,Starter,Quarterly,112.37,23.6,2025-09-10,2025-12-09
57832,17832,Professional,Monthly,319.94,9.4,2021-10-26,2021-11-25
57833,17833,Professional,Annual,355.86,21.6,2024-09-23,2025-09-18
57834,17834,Starter,Quarterly,131.67,5.8,2021-10-15,2022-01-13
57835,17835,Professional,Quarterly,399.16,7.1,2022-06-01,2022-08-30
57836,17836,Starter,Monthly,116.5,6.2,2021-12-08,2022-01-07
57837,17837,Professional,Monthly,372.37,11.1,2021-03-27,2021-04-26
57838,17838,Professional,Monthly,356.02,9.8,2021-07-10,2021-08-09
57839,17839,Business,Monthly,1009.96,14.6,2023-12-28,2024-01-27
57840,17840,Business,Monthly,985.01,8.3,2024-03-15,2024-04-14
57841,17841,Professional,Annual,405.58,12.5,2023-09-18,2024-09-12
57842,17842,Enterprise,Monthly,2315.98,13.6,2023-05-26,2023-06-25
57843,17843,Business,Annual,852.46,0.0,2026-05-02,2027-04-27
57844,17844,Professional,Monthly,377.35,2.2,2026-01-26,2026-02-25
57845,17845,Starter,Quarterly,108.71,1.2,2024-07-02,2024-09-30
57846,17846,Starter,Monthly,139.08,14.6,2023-04-19,2023-05-19
57847,17847,Business,Monthly,803.19,17.8,2023-08-17,2023-09-16
57848,17848,Professional,Monthly,398.8,6.5,2024-11-01,2024-12-01
57849,17849,Starter,Monthly,114.54,13.8,2025-04-05,2025-05-05
57850,17850,Professional,Monthly,361.45,6.6,2024-05-07,2024-06-06
57851,17851,Starter,Annual,134.44,14.5,2023-04-19,2024-04-13
57852,17852,Business,Monthly,839.64,30.4,2026-08-06,2026-09-05
57853,17853,Business,Monthly,829.01,20.9,2024-12-04,2025-01-03
57854,17854,Professional,Monthly,406.26,19.4,2024-03-14,2024-04-13
57855,17855,Starter,Monthly,104.89,22.5,2023-08-06,2023-09-05
57856,17856,Professional,Quarterly,400.59,13.6,2021-06-10,2021-09-08
57857,17857,Starter,Annual,140.98,17.9,2022-04-09,2023-04-04
57858,17858,Professional,Quarterly,366.49,6.4,2026-05-30,2026-08-28
57859,17859,Business,Annual,929.55,15.1,2024-04-30,2025-04-25
57860,17860,Starter,Monthly,138.18,3.4,2022-12-10,2023-01-09
57861,17861,Professional,Monthly,350.85,20.8,2021-06-10,2021-07-10
57862,17862,Starter,Annual,138.91,3.7,2025-11-20,2026-11-15
57863,17863,Professional,Quarterly,343.1,9.4,2026-04-29,2026-07-28
57864,17864,Starter,Annual,114.87,7.3,2026-09-08,2027-09-03
57865,17865,Professional,Monthly,417.94,10.6,2023-02-06,2023-03-08
57866,17866,Professional,Monthly,301.32,13.5,2026-07-21,2026-08-20
57867,17867,Business,Monthly,817.57,0.0,2021-07-04,2021-08-03
57868,17868,Professional,Annual,353.67,10.0,2026-03-12,2027-03-07
57869,17869,Professional,Annual,335.58,19.2,2023-01-03,2023-12-29
57870,17870,Enterprise,Annual,2087.27,9.8,2026-01-30,2027-01-25
57871,17871,Professional,Monthly,342.91,15.4,2025-06-10,2025-07-10
57872,17872,Professional,Monthly,346.26,0.0,2022-08-01,2022-08-31
57873,17873,Starter,Monthly,105.01,3.4,2022-01-13,2022-02-12
57874,17874,Business,Quarterly,953.13,21.6,2024-08-01,2024-10-30
57875,17875,Professional,Monthly,318.11,4.6,2021-04-07,2021-05-07
57876,17876,Starter,Monthly,103.72,6.6,2023-04-22,2023-05-22
57877,17877,Starter,Monthly,126.8,8.3,2021-06-05,2021-07-05
57878,17878,Professional,Annual,379.4,7.4,2021-02-22,2022-02-17
57879,17879,Starter,Annual,133.93,0.0,2025-08-30,2026-08-25
57880,17880,Business,Annual,748.62,15.3,2022-12-27,2023-12-22
57881,17881,Starter,Monthly,109.21,12.9,2025-09-14,2025-10-14
57882,17882,Professional,Monthly,319.83,16.1,2024-11-14,2024-12-14
57883,17883,Starter,Monthly,126.93,12.0,2021-02-14,2021-03-16
57884,17884,Professional,Monthly,406.49,5.6,2023-07-25,2023-08-24
57885,17885,Starter,Annual,131.67,12.8,2025-08-14,2026-08-09
57886,17886,Professional,Annual,336.05,5.6,2024-02-15,2025-02-09
57887,17887,Enterprise,Annual,2526.93,13.0,2024-11-24,2025-11-19
57888,17888,Business,Monthly,921.76,18.0,2025-08-12,2025-09-11
57889,17889,Starter,Monthly,130.91,16.9,2022-05-15,2022-06-14
57890,17890,Professional,Quarterly,414.78,8.2,2021-03-15,2021-06-13
57891,17891,Professional,Annual,413.92,0.8,2025-04-10,2026-04-05
57892,17892,Enterprise,Quarterly,2166.97,12.2,2023-06-11,2023-09-09
57893,17893,Business,Quarterly,911.66,10.6,2026-03-05,2026-06-03
57894,17894,Starter,Quarterly,110.48,5.4,2023-12-14,2024-03-13
57895,17895,Starter,Monthly,119.3,17.7,2024-05-31,2024-06-30
57896,17896,Business,Annual,803.84,11.4,2022-04-18,2023-04-13
57897,17897,Starter,Monthly,117.43,15.1,2024-09-01,2024-10-01
57898,17898,Enterprise,Quarterly,2390.06,0.0,2022-12-02,2023-03-02
57899,17899,Enterprise,Annual,2031.89,0.0,2026-09-11,2027-09-06
57900,17900,Business,Monthly,776.15,14.5,2021-02-22,2021-03-24
57901,17901,Starter,Annual,117.93,14.7,2021-05-19,2022-05-14
57902,17902,Professional,Annual,309.52,3.6,2024-10-29,2025-10-24
57903,17903,Professional,Quarterly,397.2,18.0,2023-04-08,2023-07-07
57904,17904,Business,Monthly,1007.65,18.3,2026-09-15,2026-10-15
57905,17905,Starter,Annual,135.66,9.3,2024-06-02,2025-05-28
57906,17906,Professional,Monthly,362.6,16.2,2022-07-08,2022-08-07
57907,17907,Starter,Quarterly,130.31,15.3,2023-01-10,2023-04-10
57908,17908,Professional,Annual,396.18,18.1,2021-09-26,2022-09-21
57909,17909,Enterprise,Monthly,1922.54,11.3,2023-06-29,2023-07-29
57910,17910,Enterprise,Monthly,2191.96,13.3,2021-07-05,2021-08-04
57911,17911,Business,Annual,765.27,14.0,2023-05-19,2024-05-13
57912,17912,Enterprise,Annual,1939.87,4.8,2023-04-13,2024-04-07
57913,17913,Starter,Quarterly,133.88,0.9,2024-11-13,2025-02-11
57914,17914,Professional,Annual,402.61,4.7,2025-01-29,2026-01-24
57915,17915,Professional,Quarterly,307.76,15.7,2023-10-13,2024-01-11
57916,17916,Professional,Quarterly,319.4,6.1,2022-03-18,2022-06-16
57917,17917,Professional,Monthly,324.55,0.0,2021-02-08,2021-03-10
57918,17918,Business,Monthly,977.44,0.0,2025-07-03,2025-08-02
57919,17919,Professional,Quarterly,409.41,10.0,2025-03-30,2025-06-28
57920,17920,Business,Monthly,950.08,17.2,2021-06-15,2021-07-15
57921,17921,Business,Quarterly,959.42,4.8,2026-04-20,2026-07-19
57922,17922,Starter,Annual,116.39,9.0,2025-01-08,2026-01-03
57923,17923,Starter,Monthly,119.15,5.0,2022-03-19,2022-04-18
57924,17924,Business,Annual,805.95,7.2,2021-11-27,2022-11-22
57925,17925,Professional,Monthly,414.9,6.7,2023-09-20,2023-10-20
57926,17926,Business,Annual,938.98,3.1,2024-09-20,2025-09-15
57927,17927,Starter,Monthly,116.34,18.6,2024-02-10,2024-03-11
57928,17928,Business,Monthly,762.86,13.5,2025-11-05,2025-12-05
57929,17929,Business,Quarterly,780.46,1.7,2025-12-08,2026-03-08
57930,17930,Professional,Quarterly,322.5,5.5,2025-12-13,2026-03-13
57931,17931,Professional,Annual,372.81,7.7,2024-04-04,2025-03-30
57932,17932,Professional,Monthly,408.11,10.4,2024-12-08,2025-01-07
57933,17933,Starter,Monthly,138.48,11.6,2024-04-07,2024-05-07
57934,17934,Business,Monthly,743.24,7.4,2023-01-31,2023-03-02
57935,17935,Starter,Monthly,131.78,8.6,2025-11-08,2025-12-08
57936,17936,Business,Quarterly,772.39,11.8,2024-01-27,2024-04-26
57937,17937,Business,Annual,814.83,6.4,2023-11-09,2024-11-03
57938,17938,Business,Quarterly,884.28,18.9,2024-02-22,2024-05-22
57939,17939,Starter,Quarterly,137.32,16.7,2021-08-14,2021-11-12
57940,17940,Starter,Monthly,111.94,8.5,2026-06-02,2026-07-02
57941,17941,Business,Monthly,982.46,18.3,2023-11-07,2023-12-07
57942,17942,Business,Monthly,941.09,13.2,2026-02-27,2026-03-29
57943,17943,Professional,Annual,380.1,12.7,2025-01-19,2026-01-14
57944,17944,Professional,Quarterly,313.78,20.1,2022-06-25,2022-09-23
57945,17945,Professional,Monthly,355.59,15.9,2022-10-08,2022-11-07
57946,17946,Business,Quarterly,804.35,17.1,2023-09-17,2023-12-16
57947,17947,Business,Annual,897.47,1.6,2022-12-07,2023-12-02
57948,17948,Starter,Quarterly,130.29,9.5,2022-09-23,2022-12-22
57949,17949,Professional,Annual,305.51,4.8,2021-07-10,2022-07-05
57950,17950,Starter,Quarterly,129.06,0.1,2025-08-16,2025-11-14
57951,17951,Business,Monthly,870.69,0.0,2023-05-05,2023-06-04
57952,17952,Business,Monthly,972.01,15.0,2022-02-09,2022-03-11
57953,17953,Business,Monthly,958.5,11.4,2022-06-04,2022-07-04
57954,17954,Professional,Monthly,348.09,0.0,2025-07-28,2025-08-27
57955,17955,Starter,Monthly,143.0,9.8,2024-11-08,2024-12-08
57956,17956,Business,Monthly,897.11,6.3,2023-04-01,2023-05-01
57957,17957,Business,Monthly,1009.18,2.7,2022-03-11,2022-04-10
57958,17958,Professional,Monthly,385.61,15.0,2022-09-11,2022-10-11
57959,17959,Starter,Monthly,119.12,8.1,2022-03-01,2022-03-31
57960,17960,Starter,Quarterly,111.82,16.5,2025-04-01,2025-06-30
57961,17961,Starter,Monthly,121.55,6.1,2021-12-24,2022-01-23
57962,17962,Starter,Annual,141.31,0.0,2025-05-14,2026-05-09
57963,17963,Starter,Monthly,107.47,10.6,2023-10-30,2023-11-29
57964,17964,Starter,Monthly,121.33,12.1,2023-10-08,2023-11-07
57965,17965,Enterprise,Annual,2137.1,8.8,2021-07-16,2022-07-11
57966,17966,Professional,Monthly,403.74,11.6,2024-02-15,2024-03-16
57967,17967,Professional,Annual,396.0,6.5,2023-10-31,2024-10-25
57968,17968,Starter,Monthly,125.19,8.5,2023-05-12,2023-06-11
57969,17969,Enterprise,Monthly,2189.6,10.4,2021-12-15,2022-01-14
57970,17970,Professional,Monthly,381.31,16.0,2025-07-17,2025-08-16
57971,17971,Enterprise,Monthly,2603.87,8.6,2022-07-29,2022-08-28
57972,17972,Business,Quarterly,752.6,4.4,2023-10-25,2024-01-23
57973,17973,Starter,Monthly,139.75,6.3,2025-12-25,2026-01-24
57974,17974,Business,Monthly,810.03,9.0,2025-11-21,2025-12-21
57975,17975,Professional,Monthly,298.02,0.8,2023-07-20,2023-08-19
57976,17976,Professional,Annual,388.27,3.2,2026-05-02,2027-04-27
57977,17977,Business,Monthly,957.06,9.6,2022-08-10,2022-09-09
57978,17978,Business,Monthly,813.17,21.9,2022-04-29,2022-05-29
57979,17979,Business,Monthly,954.09,15.3,2021-12-24,2022-01-23
57980,17980,Business,Monthly,959.91,9.2,2022-01-20,2022-02-19
57981,17981,Professional,Quarterly,380.22,3.2,2021-09-11,2021-12-10
57982,17982,Business,Annual,734.0,0.0,2023-04-15,2024-04-09
57983,17983,Business,Annual,921.06,17.5,2024-04-05,2025-03-31
57984,17984,Business,Annual,999.89,15.5,2025-10-03,2026-09-28
57985,17985,Starter,Quarterly,128.05,13.9,2025-08-31,2025-11-29
57986,17986,Professional,Monthly,342.45,8.4,2023-03-07,2023-04-06
57987,17987,Starter,Monthly,125.67,4.5,2022-04-14,2022-05-14
57988,17988,Starter,Monthly,143.71,1.2,2026-02-27,2026-03-29
57989,17989,Starter,Annual,121.85,11.2,2022-05-08,2023-05-03
57990,17990,Starter,Monthly,137.35,0.3,2023-07-09,2023-08-08
57991,17991,Starter,Quarterly,107.82,12.5,2021-02-20,2021-05-21
57992,17992,Starter,Quarterly,104.37,9.8,2021-02-21,2021-05-22
57993,17993,Professional,Monthly,345.29,9.7,2021-09-19,2021-10-19
57994,17994,Starter,Monthly,107.79,9.5,2026-03-24,2026-04-23
57995,17995,Starter,Monthly,115.88,10.6,2025-03-25,2025-04-24
57996,17996,Business,Monthly,935.34,18.7,2021-08-29,2021-09-28
57997,17997,Business,Monthly,855.03,9.9,2024-08-01,2024-08-31
57998,17998,Professional,Monthly,336.85,9.0,2026-02-06,2026-03-08
57999,17999,Business,Monthly,987.72,10.4,2025-06-14,2025-07-14
58000,18000,Professional,Monthly,298.66,7.5,2024-08-15,2024-09-14
58001,18001,Starter,Monthly,136.19,1.7,2024-05-13,2024-06-12
58002,18002,Business,Annual,907.33,13.7,2021-10-18,2022-10-13
58003,18003,Enterprise,Quarterly,1905.77,0.0,2024-10-21,2025-01-19
58004,18004,Business,Quarterly,732.66,7.5,2025-12-19,2026-03-19
58005,18005,Starter,Monthly,109.22,5.4,2025-01-27,2025-02-26
58006,18006,Starter,Quarterly,143.05,0.0,2023-07-06,2023-10-04
58007,18007,Starter,Monthly,105.6,17.8,2022-12-12,2023-01-11
58008,18008,Professional,Monthly,388.01,8.4,2026-03-02,2026-04-01
58009,18009,Professional,Annual,346.7,12.9,2024-08-13,2025-08-08
58010,18010,Professional,Monthly,326.49,13.7,2026-08-01,2026-08-31
58011,18011,Professional,Annual,367.94,9.8,2021-12-16,2022-12-11
58012,18012,Professional,Annual,342.6,21.1,2023-01-06,2024-01-01
58013,18013,Professional,Quarterly,335.5,13.1,2022-02-05,2022-05-06
58014,18014,Starter,Monthly,112.06,12.5,2023-01-21,2023-02-20
58015,18015,Professional,Quarterly,353.58,16.6,2025-01-14,2025-04-14
58016,18016,Enterprise,Monthly,2000.6,10.0,2025-02-07,2025-03-09
58017,18017,Business,Annual,975.95,9.4,2023-04-01,2024-03-26
58018,18018,Professional,Annual,369.99,15.9,2024-12-13,2025-12-08
58019,18019,Starter,Annual,104.64,7.0,2026-03-03,2027-02-26
58020,18020,Starter,Quarterly,121.2,6.3,2024-11-19,2025-02-17
58021,18021,Professional,Monthly,374.62,2.6,2024-02-17,2024-03-18
58022,18022,Professional,Annual,403.05,4.2,2025-11-02,2026-10-28
58023,18023,Starter,Monthly,102.99,10.9,2023-10-02,2023-11-01
58024,18024,Starter,Monthly,121.16,23.9,2023-08-24,2023-09-23
58025,18025,Professional,Annual,383.97,4.8,2023-10-12,2024-10-06
58026,18026,Starter,Monthly,110.24,11.1,2024-04-28,2024-05-28
58027,18027,Enterprise,Annual,2040.44,13.0,2026-07-12,2027-07-07
58028,18028,Starter,Monthly,122.57,5.4,2026-07-30,2026-08-29
58029,18029,Enterprise,Annual,2551.06,14.1,2025-07-04,2026-06-29
58030,18030,Business,Quarterly,840.99,1.9,2023-03-25,2023-06-23
58031,18031,Professional,Quarterly,356.85,3.2,2025-12-20,2026-03-20
58032,18032,Professional,Annual,375.38,8.8,2022-09-30,2023-09-25
58033,18033,Professional,Annual,335.57,1.8,2023-10-21,2024-10-15
58034,18034,Professional,Monthly,403.72,0.0,2025-02-18,2025-03-20
58035,18035,Starter,Quarterly,142.4,0.0,2026-08-01,2026-10-30
58036,18036,Starter,Annual,129.31,7.2,2024-10-25,2025-10-20
58037,18037,Professional,Monthly,375.71,25.0,2024-02-18,2024-03-19
58038,18038,Starter,Monthly,130.29,17.4,2023-05-06,2023-06-05
58039,18039,Starter,Quarterly,110.14,0.0,2024-03-12,2024-06-10
58040,18040,Enterprise,Monthly,2433.93,1.4,2025-07-24,2025-08-23
58041,18041,Business,Monthly,825.73,6.8,2026-04-09,2026-05-09
58042,18042,Business,Monthly,1018.02,11.1,2026-05-27,2026-06-26
58043,18043,Professional,Monthly,389.64,10.8,2026-05-19,2026-06-18
58044,18044,Starter,Annual,126.52,8.3,2024-01-22,2025-01-16
58045,18045,Starter,Annual,140.31,6.9,2022-03-23,2023-03-18
58046,18046,Enterprise,Annual,2616.93,0.0,2023-01-04,2023-12-30
58047,18047,Business,Monthly,965.88,3.9,2025-12-29,2026-01-28
58048,18048,Professional,Quarterly,390.18,5.1,2022-06-06,2022-09-04
58049,18049,Business,Quarterly,740.55,0.0,2025-09-03,2025-12-02
58050,18050,Business,Quarterly,932.54,3.4,2024-10-30,2025-01-28
58051,18051,Professional,Annual,338.63,19.2,2024-01-30,2025-01-24
58052,18052,Business,Annual,999.15,7.8,2022-09-14,2023-09-09
58053,18053,Starter,Monthly,127.69,12.3,2023-01-29,2023-02-28
58054,18054,Professional,Annual,342.91,21.5,2026-02-02,2027-01-28
58055,18055,Professional,Monthly,339.02,20.4,2026-09-02,2026-10-02
58056,18056,Professional,Quarterly,365.47,1.8,2024-10-09,2025-01-07
58057,18057,Enterprise,Monthly,2248.45,12.2,2023-05-15,2023-06-14
58058,18058,Business,Annual,838.79,16.0,2026-06-24,2027-06-19
58059,18059,Starter,Monthly,110.76,4.5,2025-12-03,2026-01-02
58060,18060,Starter,Monthly,135.45,13.2,2026-07-08,2026-08-07
58061,18061,Business,Monthly,851.44,9.3,2026-05-02,2026-06-01
58062,18062,Starter,Annual,106.15,13.5,2024-02-18,2025-02-12
58063,18063,Starter,Monthly,105.59,11.6,2022-12-11,2023-01-10
58064,18064,Business,Monthly,793.34,16.7,2021-05-16,2021-06-15
58065,18065,Professional,Quarterly,365.15,4.0,2023-07-25,2023-10-23
58066,18066,Business,Quarterly,766.52,11.7,2021-01-01,2021-04-01
58067,18067,Professional,Annual,323.84,21.6,2021-03-18,2022-03-13
58068,18068,Professional,Monthly,358.96,13.8,2023-08-19,2023-09-18
58069,18069,Starter,Monthly,111.15,15.3,2025-03-26,2025-04-25
58070,18070,Business,Monthly,977.77,2.3,2026-08-01,2026-08-31
58071,18071,Business,Monthly,898.03,0.0,2022-07-28,2022-08-27
58072,18072,Starter,Annual,105.6,9.3,2025-03-29,2026-03-24
58073,18073,Starter,Annual,107.88,17.8,2021-07-05,2022-06-30
58074,18074,Starter,Quarterly,110.2,7.4,2025-08-28,2025-11-26
58075,18075,Business,Monthly,909.89,7.6,2022-06-06,2022-07-06
58076,18076,Starter,Monthly,106.44,4.1,2026-05-04,2026-06-03
58077,18077,Starter,Monthly,103.82,6.0,2021-02-03,2021-03-05
58078,18078,Starter,Monthly,132.6,8.1,2025-06-09,2025-07-09
58079,18079,Business,Quarterly,864.74,17.3,2025-05-13,2025-08-11
58080,18080,Starter,Quarterly,137.65,19.7,2026-03-12,2026-06-10
58081,18081,Starter,Monthly,135.3,5.0,2025-12-06,2026-01-05
58082,18082,Starter,Monthly,113.49,0.9,2024-08-13,2024-09-12
58083,18083,Professional,Quarterly,321.05,5.7,2026-04-28,2026-07-27
58084,18084,Professional,Monthly,360.75,9.9,2022-06-21,2022-07-21
58085,18085,Professional,Annual,307.31,12.9,2026-09-15,2027-09-10
58086,18086,Professional,Quarterly,375.03,3.1,2024-07-11,2024-10-09
58087,18087,Enterprise,Monthly,1879.38,27.5,2024-11-06,2024-12-06
58088,18088,Business,Monthly,961.42,7.5,2022-03-19,2022-04-18
58089,18089,Professional,Monthly,406.61,10.6,2024-04-01,2024-05-01
58090,18090,Starter,Monthly,143.84,13.0,2021-02-07,2021-03-09
58091,18091,Business,Annual,824.87,2.4,2022-05-22,2023-05-17
58092,18092,Professional,Monthly,366.34,17.6,2021-12-21,2022-01-20
58093,18093,Enterprise,Annual,2534.48,22.2,2026-04-12,2027-04-07
58094,18094,Enterprise,Quarterly,2225.85,4.0,2025-04-08,2025-07-07
58095,18095,Professional,Monthly,337.83,15.7,2026-05-28,2026-06-27
58096,18096,Starter,Annual,104.05,7.4,2022-05-03,2023-04-28
58097,18097,Starter,Monthly,118.55,6.6,2023-10-03,2023-11-02
58098,18098,Business,Monthly,745.97,9.2,2021-10-06,2021-11-05
58099,18099,Business,Annual,830.49,9.9,2022-10-12,2023-10-07
58100,18100,Professional,Annual,339.52,12.5,2021-12-21,2022-12-16
58101,18101,Business,Monthly,915.04,15.2,2023-03-15,2023-04-14
58102,18102,Professional,Monthly,342.34,8.0,2022-07-12,2022-08-11
58103,18103,Professional,Quarterly,344.56,9.7,2023-11-17,2024-02-15
58104,18104,Starter,Quarterly,114.03,19.7,2021-06-11,2021-09-09
58105,18105,Professional,Annual,371.98,3.9,2022-11-30,2023-11-25
58106,18106,Starter,Annual,118.35,13.0,2026-05-28,2027-05-23
58107,18107,Business,Annual,1004.7,2.0,2022-05-07,2023-05-02
58108,18108,Professional,Annual,406.77,15.0,2026-06-16,2027-06-11
58109,18109,Business,Quarterly,792.98,8.9,2023-10-30,2024-01-28
58110,18110,Enterprise,Quarterly,2181.06,7.1,2026-04-05,2026-07-04
58111,18111,Professional,Monthly,375.24,0.0,2023-04-04,2023-05-04
58112,18112,Professional,Monthly,299.5,10.9,2022-11-10,2022-12-10
58113,18113,Starter,Quarterly,111.55,9.7,2026-02-22,2026-05-23
58114,18114,Starter,Quarterly,113.97,13.9,2023-02-25,2023-05-26
58115,18115,Enterprise,Monthly,2179.85,2.9,2026-01-08,2026-02-07
58116,18116,Professional,Annual,406.44,19.8,2023-09-19,2024-09-13
58117,18117,Professional,Monthly,309.3,5.7,2021-04-21,2021-05-21
58118,18118,Starter,Quarterly,104.76,3.3,2025-11-19,2026-02-17
58119,18119,Business,Quarterly,920.16,15.2,2023-12-25,2024-03-24
58120,18120,Professional,Monthly,342.15,6.7,2025-10-05,2025-11-04
58121,18121,Professional,Annual,319.27,21.1,2024-03-30,2025-03-25
58122,18122,Starter,Monthly,131.48,0.0,2025-07-27,2025-08-26
58123,18123,Starter,Annual,112.2,8.8,2025-09-25,2026-09-20
58124,18124,Starter,Monthly,125.76,19.7,2022-07-26,2022-08-25
58125,18125,Professional,Quarterly,347.57,10.6,2021-07-24,2021-10-22
58126,18126,Starter,Quarterly,117.17,3.8,2022-08-07,2022-11-05
58127,18127,Starter,Monthly,132.29,10.5,2021-11-04,2021-12-04
58128,18128,Professional,Quarterly,372.64,9.4,2022-03-26,2022-06-24
58129,18129,Professional,Quarterly,360.45,17.6,2021-03-03,2021-06-01
58130,18130,Starter,Monthly,107.38,22.2,2025-01-23,2025-02-22
58131,18131,Professional,Quarterly,369.24,8.5,2022-04-20,2022-07-19
58132,18132,Starter,Annual,131.1,8.3,2025-05-15,2026-05-10
58133,18133,Business,Quarterly,964.9,7.1,2026-05-14,2026-08-12
58134,18134,Business,Annual,811.57,11.7,2023-10-28,2024-10-22
58135,18135,Enterprise,Quarterly,2073.52,13.7,2026-07-26,2026-10-24
58136,18136,Business,Monthly,945.26,12.2,2025-03-23,2025-04-22
58137,18137,Professional,Monthly,354.76,0.6,2025-08-03,2025-09-02
58138,18138,Business,Monthly,843.24,2.5,2022-06-10,2022-07-10
58139,18139,Business,Monthly,770.28,19.1,2021-02-03,2021-03-05
58140,18140,Business,Monthly,851.66,0.9,2026-01-30,2026-03-01
58141,18141,Professional,Monthly,386.45,6.7,2023-11-24,2023-12-24
58142,18142,Business,Monthly,856.54,23.2,2022-02-10,2022-03-12
58143,18143,Starter,Monthly,138.65,10.8,2023-11-08,2023-12-08
58144,18144,Business,Quarterly,723.75,10.8,2021-10-20,2022-01-18
58145,18145,Business,Monthly,776.04,7.0,2026-04-11,2026-05-11
58146,18146,Business,Monthly,905.35,12.9,2026-09-27,2026-10-27
58147,18147,Business,Monthly,922.41,16.8,2026-03-07,2026-04-06
58148,18148,Professional,Annual,331.27,12.8,2022-08-30,2023-08-25
58149,18149,Enterprise,Quarterly,2595.26,8.5,2025-02-13,2025-05-14
58150,18150,Enterprise,Annual,2124.6,7.6,2021-06-29,2022-06-24
58151,18151,Enterprise,Monthly,2186.62,9.8,2024-08-26,2024-09-25
58152,18152,Professional,Monthly,417.11,12.9,2026-08-10,2026-09-09
58153,18153,Professional,Annual,356.2,0.0,2026-09-18,2027-09-13
58154,18154,Professional,Annual,372.58,13.0,2023-03-27,2024-03-21
58155,18155,Starter,Quarterly,124.69,16.1,2022-01-11,2022-04-11
58156,18156,Professional,Monthly,319.24,8.3,2026-05-07,2026-06-06
58157,18157,Starter,Monthly,143.64,5.3,2026-09-20,2026-10-20
58158,18158,Enterprise,Monthly,1915.49,3.7,2025-08-21,2025-09-20
58159,18159,Professional,Quarterly,417.98,0.0,2025-10-08,2026-01-06
58160,18160,Enterprise,Annual,2230.36,10.0,2026-09-26,2027-09-21
58161,18161,Professional,Annual,320.73,11.9,2021-07-04,2022-06-29
58162,18162,Starter,Annual,109.01,15.7,2021-03-13,2022-03-08
58163,18163,Starter,Quarterly,129.53,27.5,2025-11-10,2026-02-08
58164,18164,Professional,Monthly,384.57,10.6,2022-07-28,2022-08-27
58165,18165,Business,Monthly,989.86,17.4,2022-07-23,2022-08-22
58166,18166,Professional,Quarterly,326.47,0.0,2023-08-22,2023-11-20
58167,18167,Professional,Quarterly,350.57,6.7,2024-06-20,2024-09-18
58168,18168,Professional,Quarterly,416.47,17.1,2026-07-11,2026-10-09
58169,18169,Business,Monthly,849.83,11.0,2026-06-29,2026-07-29
58170,18170,Starter,Annual,121.3,17.9,2021-06-02,2022-05-28
58171,18171,Enterprise,Annual,2092.17,17.7,2024-07-02,2025-06-27
58172,18172,Business,Annual,981.61,21.9,2022-12-30,2023-12-25
58173,18173,Business,Annual,831.27,15.2,2024-12-18,2025-12-13
58174,18174,Professional,Annual,375.35,9.0,2025-04-02,2026-03-28
58175,18175,Starter,Monthly,109.67,16.2,2021-06-25,2021-07-25
58176,18176,Professional,Quarterly,372.93,3.1,2026-08-08,2026-11-06
58177,18177,Starter,Quarterly,141.23,24.9,2026-08-27,2026-11-25
58178,18178,Business,Quarterly,953.61,6.6,2021-09-06,2021-12-05
58179,18179,Professional,Annual,305.79,9.9,2023-03-12,2024-03-06
58180,18180,Starter,Monthly,128.63,12.1,2023-09-27,2023-10-27
58181,18181,Starter,Monthly,125.46,14.8,2023-07-15,2023-08-14
58182,18182,Enterprise,Quarterly,2130.7,18.7,2024-02-09,2024-05-09
58183,18183,Business,Monthly,973.2,4.5,2022-10-09,2022-11-08
58184,18184,Business,Monthly,958.03,1.7,2021-12-20,2022-01-19
58185,18185,Professional,Annual,376.95,4.1,2024-07-21,2025-07-16
58186,18186,Business,Monthly,943.89,11.3,2023-08-01,2023-08-31
58187,18187,Starter,Monthly,110.11,14.7,2024-07-26,2024-08-25
58188,18188,Starter,Monthly,140.66,14.3,2022-06-10,2022-07-10
58189,18189,Professional,Monthly,379.33,12.4,2025-04-08,2025-05-08
58190,18190,Enterprise,Monthly,2230.22,12.2,2022-05-25,2022-06-24
58191,18191,Professional,Quarterly,321.16,17.7,2025-03-18,2025-06-16
58192,18192,Starter,Monthly,130.68,16.0,2021-06-27,2021-07-27
58193,18193,Business,Quarterly,751.27,0.1,2023-03-12,2023-06-10
58194,18194,Business,Monthly,817.62,13.2,2024-11-20,2024-12-20
58195,18195,Professional,Monthly,367.79,14.2,2023-07-27,2023-08-26
58196,18196,Business,Annual,914.71,5.0,2026-07-14,2027-07-09
58197,18197,Professional,Monthly,299.62,15.6,2026-05-29,2026-06-28
58198,18198,Starter,Annual,102.37,9.6,2025-02-27,2026-02-22
58199,18199,Business,Annual,755.66,15.1,2024-06-12,2025-06-07
58200,18200,Starter,Monthly,134.27,1.0,2024-05-27,2024-06-26
58201,18201,Business,Annual,891.21,2.5,2024-05-25,2025-05-20
58202,18202,Professional,Monthly,372.03,17.0,2025-08-26,2025-09-25
58203,18203,Business,Monthly,902.02,15.7,2026-02-07,2026-03-09
58204,18204,Enterprise,Quarterly,1898.35,0.0,2022-02-24,2022-05-25
58205,18205,Professional,Monthly,318.6,8.8,2022-10-15,2022-11-14
58206,18206,Professional,Monthly,386.66,0.0,2023-03-25,2023-04-24
58207,18207,Business,Monthly,914.6,24.0,2023-05-18,2023-06-17
58208,18208,Starter,Quarterly,120.7,6.3,2021-04-23,2021-07-22
58209,18209,Starter,Annual,102.86,7.9,2021-06-23,2022-06-18
58210,18210,Professional,Monthly,348.56,4.9,2023-10-08,2023-11-07
58211,18211,Starter,Monthly,112.41,7.7,2022-09-29,2022-10-29
58212,18212,Starter,Annual,131.29,5.9,2025-04-09,2026-04-04
58213,18213,Enterprise,Monthly,2505.0,18.4,2021-02-01,2021-03-03
58214,18214,Business,Monthly,872.38,8.8,2022-05-12,2022-06-11
58215,18215,Business,Quarterly,842.55,6.0,2022-06-12,2022-09-10
58216,18216,Business,Monthly,803.73,13.0,2025-02-21,2025-03-23
58217,18217,Starter,Monthly,105.89,0.0,2025-03-01,2025-03-31
58218,18218,Enterprise,Annual,2156.25,5.6,2025-07-02,2026-06-27
58219,18219,Business,Monthly,924.21,8.4,2021-01-24,2021-02-23
58220,18220,Starter,Annual,129.98,2.0,2021-10-31,2022-10-26
58221,18221,Enterprise,Annual,2187.84,13.8,2022-09-23,2023-09-18
58222,18222,Professional,Monthly,415.83,9.5,2025-09-13,2025-10-13
58223,18223,Enterprise,Quarterly,2593.86,14.0,2021-02-07,2021-05-08
58224,18224,Business,Annual,983.01,13.8,2023-01-15,2024-01-10
58225,18225,Professional,Quarterly,350.89,20.1,2025-05-24,2025-08-22
58226,18226,Professional,Annual,388.95,3.2,2021-03-23,2022-03-18
58227,18227,Starter,Monthly,141.02,16.7,2024-02-16,2024-03-17
58228,18228,Professional,Annual,387.86,6.3,2026-01-19,2027-01-14
58229,18229,Starter,Monthly,115.26,10.8,2021-02-19,2021-03-21
58230,18230,Enterprise,Annual,1922.37,13.2,2024-02-04,2025-01-29
58231,18231,Business,Quarterly,1007.51,17.5,2025-06-11,2025-09-09
58232,18232,Business,Monthly,1017.75,10.6,2025-11-23,2025-12-23
58233,18233,Professional,Monthly,382.47,16.6,2025-08-07,2025-09-06
58234,18234,Starter,Monthly,115.24,20.2,2023-10-11,2023-11-10
58235,18235,Professional,Quarterly,403.47,7.4,2021-06-03,2021-09-01
58236,18236,Professional,Monthly,414.3,8.0,2021-06-20,2021-07-20
58237,18237,Starter,Annual,123.27,4.3,2022-09-09,2023-09-04
58238,18238,Professional,Monthly,335.68,6.3,2022-07-02,2022-08-01
58239,18239,Business,Monthly,843.39,11.6,2024-04-23,2024-05-23
58240,18240,Business,Quarterly,744.47,9.0,2026-04-10,2026-07-09
58241,18241,Starter,Annual,125.76,8.7,2025-05-31,2026-05-26
58242,18242,Business,Monthly,835.21,12.2,2021-05-26,2021-06-25
58243,18243,Professional,Monthly,405.86,8.5,2021-09-19,2021-10-19
58244,18244,Starter,Monthly,113.57,0.2,2024-02-24,2024-03-25
58245,18245,Enterprise,Annual,1876.45,3.9,2025-06-16,2026-06-11
58246,18246,Starter,Quarterly,132.96,12.8,2021-12-11,2022-03-11
58247,18247,Starter,Monthly,102.31,12.1,2026-06-22,2026-07-22
58248,18248,Professional,Annual,364.38,4.1,2024-02-06,2025-01-31
58249,18249,Starter,Monthly,109.61,5.6,2026-06-16,2026-07-16
58250,18250,Starter,Annual,127.64,5.2,2025-04-30,2026-04-25
58251,18251,Professional,Monthly,321.74,7.8,2022-05-29,2022-06-28
58252,18252,Business,Monthly,871.81,16.2,2023-08-03,2023-09-02
58253,18253,Business,Monthly,822.18,21.1,2022-12-14,2023-01-13
58254,18254,Starter,Annual,109.67,11.7,2021-08-03,2022-07-29
58255,18255,Business,Monthly,902.93,20.6,2025-07-09,2025-08-08
58256,18256,Enterprise,Monthly,1933.31,7.5,2024-09-04,2024-10-04
58257,18257,Starter,Monthly,141.53,12.5,2022-08-27,2022-09-26
58258,18258,Professional,Quarterly,392.82,8.4,2023-02-11,2023-05-12
58259,18259,Professional,Monthly,409.69,14.8,2022-11-01,2022-12-01
58260,18260,Business,Annual,735.13,16.0,2023-12-17,2024-12-11
58261,18261,Enterprise,Monthly,1871.65,6.1,2022-07-13,2022-08-12
58262,18262,Enterprise,Monthly,2145.6,17.7,2024-11-26,2024-12-26
58263,18263,Professional,Monthly,373.04,6.3,2022-04-20,2022-05-20
58264,18264,Starter,Quarterly,112.26,2.2,2024-02-06,2024-05-06
58265,18265,Professional,Annual,364.79,17.6,2023-05-13,2024-05-07
58266,18266,Professional,Monthly,371.74,12.3,2023-03-23,2023-04-22
58267,18267,Professional,Annual,316.07,11.1,2021-06-26,2022-06-21
58268,18268,Enterprise,Annual,2462.03,12.2,2022-05-02,2023-04-27
58269,18269,Starter,Annual,141.33,7.7,2022-11-23,2023-11-18
58270,18270,Professional,Monthly,375.92,14.3,2021-09-25,2021-10-25
58271,18271,Starter,Annual,141.81,1.2,2023-02-24,2024-02-19
58272,18272,Enterprise,Annual,2059.52,23.5,2023-03-25,2024-03-19
58273,18273,Enterprise,Quarterly,1898.12,3.9,2024-06-23,2024-09-21
58274,18274,Business,Monthly,796.11,2.1,2024-04-16,2024-05-16
58275,18275,Professional,Monthly,376.89,14.5,2023-12-27,2024-01-26
58276,18276,Starter,Annual,127.1,3.4,2021-10-04,2022-09-29
58277,18277,Professional,Monthly,330.26,16.3,2024-05-16,2024-06-15
58278,18278,Business,Monthly,843.89,15.1,2021-11-03,2021-12-03
58279,18279,Starter,Monthly,117.44,2.1,2025-04-23,2025-05-23
58280,18280,Enterprise,Monthly,2601.83,9.3,2022-09-23,2022-10-23
58281,18281,Business,Quarterly,816.02,20.8,2024-02-12,2024-05-12
58282,18282,Starter,Annual,110.11,6.6,2025-09-10,2026-09-05
58283,18283,Professional,Monthly,366.79,4.8,2023-11-15,2023-12-15
58284,18284,Business,Annual,759.64,9.2,2025-05-03,2026-04-28
58285,18285,Starter,Quarterly,123.33,13.7,2024-09-28,2024-12-27
58286,18286,Starter,Annual,130.85,6.7,2023-03-24,2024-03-18
58287,18287,Professional,Quarterly,413.05,4.7,2026-01-09,2026-04-09
58288,18288,Enterprise,Monthly,2557.04,14.9,2023-08-10,2023-09-09
58289,18289,Enterprise,Annual,2517.74,23.6,2026-07-26,2027-07-21
58290,18290,Starter,Annual,118.54,10.0,2024-05-09,2025-05-04
58291,18291,Business,Monthly,988.46,5.8,2024-09-11,2024-10-11
58292,18292,Professional,Quarterly,385.29,8.2,2021-02-02,2021-05-03
58293,18293,Starter,Monthly,120.54,0.0,2021-04-07,2021-05-07
58294,18294,Professional,Annual,366.6,9.7,2021-09-20,2022-09-15
58295,18295,Enterprise,Monthly,2205.81,13.8,2023-07-03,2023-08-02
58296,18296,Starter,Quarterly,110.27,5.6,2021-06-21,2021-09-19
58297,18297,Starter,Monthly,120.97,0.0,2023-01-28,2023-02-27
58298,18298,Business,Monthly,962.7,16.4,2023-07-15,2023-08-14
58299,18299,Starter,Monthly,113.2,0.0,2024-11-19,2024-12-19
58300,18300,Business,Monthly,913.0,8.5,2024-07-03,2024-08-02
58301,18301,Business,Monthly,887.1,20.9,2023-06-20,2023-07-20
58302,18302,Business,Monthly,996.23,12.6,2023-10-31,2023-11-30
58303,18303,Starter,Annual,133.34,0.0,2021-09-28,2022-09-23
58304,18304,Business,Monthly,830.01,1.6,2023-01-12,2023-02-11
58305,18305,Professional,Monthly,366.31,4.3,2024-08-28,2024-09-27
58306,18306,Starter,Monthly,140.27,2.0,2026-04-07,2026-05-07
58307,18307,Enterprise,Monthly,2044.39,0.2,2022-01-26,2022-02-25
58308,18308,Business,Annual,863.66,2.7,2023-08-17,2024-08-11
58309,18309,Starter,Monthly,111.31,14.4,2022-07-29,2022-08-28
58310,18310,Starter,Monthly,119.57,16.1,2021-12-10,2022-01-09
58311,18311,Starter,Monthly,104.45,0.0,2025-04-19,2025-05-19
58312,18312,Enterprise,Annual,2544.5,24.9,2024-11-02,2025-10-28
58313,18313,Business,Monthly,1013.53,16.3,2022-04-01,2022-05-01
58314,18314,Professional,Monthly,367.06,22.4,2024-12-17,2025-01-16
58315,18315,Professional,Annual,365.37,2.2,2022-03-20,2023-03-15
58316,18316,Starter,Quarterly,142.14,1.3,2021-07-16,2021-10-14
58317,18317,Business,Quarterly,839.49,16.0,2025-05-17,2025-08-15
58318,18318,Starter,Annual,128.09,13.3,2024-11-18,2025-11-13
58319,18319,Professional,Quarterly,400.06,12.6,2025-10-27,2026-01-25
58320,18320,Professional,Monthly,359.45,7.8,2022-11-02,2022-12-02
58321,18321,Business,Monthly,788.4,8.4,2024-08-10,2024-09-09
58322,18322,Professional,Quarterly,397.06,16.0,2026-03-21,2026-06-19
58323,18323,Enterprise,Monthly,2078.77,5.5,2026-09-04,2026-10-04
58324,18324,Enterprise,Monthly,2519.71,0.0,2022-04-06,2022-05-06
58325,18325,Business,Quarterly,1003.52,12.2,2024-09-06,2024-12-05
58326,18326,Starter,Quarterly,124.93,19.6,2021-04-10,2021-07-09
58327,18327,Business,Monthly,737.17,0.0,2022-02-12,2022-03-14
58328,18328,Starter,Annual,142.14,9.8,2023-09-05,2024-08-30
58329,18329,Professional,Annual,399.34,0.0,2024-12-28,2025-12-23
58330,18330,Business,Monthly,757.41,18.1,2021-05-23,2021-06-22
58331,18331,Business,Monthly,909.74,3.7,2022-12-21,2023-01-20
58332,18332,Professional,Annual,336.16,10.1,2024-12-30,2025-12-25
58333,18333,Professional,Monthly,337.97,10.4,2022-02-22,2022-03-24
58334,18334,Professional,Quarterly,368.59,10.6,2024-01-10,2024-04-09
58335,18335,Professional,Quarterly,384.71,13.7,2022-06-29,2022-09-27
58336,18336,Professional,Annual,298.88,20.9,2025-12-15,2026-12-10
58337,18337,Business,Monthly,767.92,7.7,2023-02-12,2023-03-14
58338,18338,Business,Monthly,991.08,8.4,2025-08-21,2025-09-20
58339,18339,Enterprise,Monthly,2251.14,2.1,2023-12-05,2024-01-04
58340,18340,Professional,Monthly,357.75,0.0,2024-05-23,2024-06-22
58341,18341,Starter,Monthly,137.29,5.9,2021-05-08,2021-06-07
58342,18342,Business,Monthly,760.99,13.0,2025-04-23,2025-05-23
58343,18343,Professional,Monthly,384.92,8.4,2023-05-27,2023-06-26
58344,18344,Business,Monthly,873.1,19.1,2022-06-25,2022-07-25
58345,18345,Starter,Annual,133.15,9.8,2025-04-08,2026-04-03
58346,18346,Professional,Monthly,380.71,20.0,2021-05-11,2021-06-10
58347,18347,Professional,Monthly,379.14,10.9,2022-05-19,2022-06-18
58348,18348,Professional,Annual,402.36,6.1,2024-12-18,2025-12-13
58349,18349,Professional,Quarterly,364.97,0.9,2023-04-06,2023-07-05
58350,18350,Business,Annual,843.84,0.0,2023-10-20,2024-10-14
58351,18351,Business,Quarterly,781.55,5.3,2024-06-12,2024-09-10
58352,18352,Starter,Quarterly,116.45,14.8,2021-05-11,2021-08-09
58353,18353,Starter,Monthly,138.54,7.0,2022-11-28,2022-12-28
58354,18354,Professional,Monthly,338.84,3.3,2023-11-04,2023-12-04
58355,18355,Professional,Monthly,418.21,9.2,2023-03-25,2023-04-24
58356,18356,Professional,Monthly,371.98,9.4,2022-10-21,2022-11-20
58357,18357,Starter,Monthly,136.23,6.6,2023-12-20,2024-01-19
58358,18358,Professional,Annual,357.92,13.8,2024-03-29,2025-03-24
58359,18359,Professional,Annual,377.68,8.5,2025-01-10,2026-01-05
58360,18360,Enterprise,Annual,2631.94,20.8,2024-11-10,2025-11-05
58361,18361,Business,Monthly,871.33,6.5,2023-12-30,2024-01-29
58362,18362,Business,Monthly,800.85,5.1,2026-06-21,2026-07-21
58363,18363,Professional,Quarterly,377.11,7.9,2026-07-05,2026-10-03
58364,18364,Professional,Annual,410.15,15.7,2024-06-02,2025-05-28
58365,18365,Starter,Monthly,102.72,13.6,2026-09-19,2026-10-19
58366,18366,Starter,Monthly,143.69,6.2,2024-03-15,2024-04-14
58367,18367,Business,Monthly,884.5,2.9,2021-09-05,2021-10-05
58368,18368,Professional,Monthly,395.43,0.7,2021-01-12,2021-02-11
58369,18369,Enterprise,Quarterly,1961.03,1.8,2026-07-04,2026-10-02
58370,18370,Professional,Monthly,333.21,20.9,2023-01-07,2023-02-06
58371,18371,Professional,Monthly,417.2,4.5,2022-05-25,2022-06-24
58372,18372,Starter,Quarterly,114.09,4.4,2024-06-22,2024-09-20
58373,18373,Enterprise,Quarterly,2187.41,15.0,2026-06-22,2026-09-20
58374,18374,Professional,Annual,331.89,10.0,2021-06-20,2022-06-15
58375,18375,Starter,Monthly,121.68,17.2,2025-07-08,2025-08-07
58376,18376,Starter,Monthly,108.68,19.0,2022-12-22,2023-01-21
58377,18377,Professional,Annual,359.83,17.9,2023-03-26,2024-03-20
58378,18378,Starter,Annual,114.53,6.5,2023-11-25,2024-11-19
58379,18379,Starter,Quarterly,136.24,0.0,2021-07-24,2021-10-22
58380,18380,Professional,Annual,345.25,0.0,2023-06-09,2024-06-03
58381,18381,Starter,Monthly,135.29,10.5,2024-11-08,2024-12-08
58382,18382,Professional,Annual,376.11,17.7,2025-05-20,2026-05-15
58383,18383,Professional,Quarterly,409.6,3.4,2023-01-20,2023-04-20
58384,18384,Professional,Quarterly,396.8,12.9,2025-02-17,2025-05-18
58385,18385,Professional,Quarterly,407.89,7.1,2026-04-23,2026-07-22
58386,18386,Starter,Quarterly,124.08,21.4,2025-11-03,2026-02-01
58387,18387,Professional,Quarterly,409.4,6.1,2024-02-07,2024-05-07
58388,18388,Professional,Monthly,316.46,15.7,2024-04-16,2024-05-16
58389,18389,Business,Quarterly,747.62,9.0,2021-09-06,2021-12-05
58390,18390,Business,Annual,878.99,12.1,2026-03-11,2027-03-06
58391,18391,Business,Monthly,968.25,6.5,2023-10-26,2023-11-25
58392,18392,Business,Annual,785.62,12.4,2024-03-26,2025-03-21
58393,18393,Starter,Annual,142.68,0.0,2021-08-18,2022-08-13
58394,18394,Professional,Monthly,320.19,0.9,2024-07-08,2024-08-07
58395,18395,Business,Quarterly,933.34,3.2,2021-11-17,2022-02-15
58396,18396,Business,Monthly,994.75,14.3,2021-01-28,2021-02-27
58397,18397,Starter,Monthly,142.55,7.6,2022-05-25,2022-06-24
58398,18398,Starter,Quarterly,129.78,0.0,2022-10-03,2023-01-01
58399,18399,Business,Monthly,893.33,10.1,2022-06-25,2022-07-25
58400,18400,Professional,Monthly,308.63,0.0,2023-06-29,2023-07-29
58401,18401,Professional,Annual,299.93,16.0,2024-08-04,2025-07-30
58402,18402,Professional,Quarterly,418.26,13.6,2025-02-26,2025-05-27
58403,18403,Starter,Quarterly,113.52,0.0,2025-01-30,2025-04-30
58404,18404,Professional,Monthly,306.35,12.8,2024-11-19,2024-12-19
58405,18405,Business,Annual,882.7,21.3,2024-12-29,2025-12-24
58406,18406,Business,Monthly,815.5,0.5,2023-03-20,2023-04-19
58407,18407,Starter,Annual,117.02,10.7,2025-04-10,2026-04-05
58408,18408,Business,Quarterly,827.74,11.7,2024-08-30,2024-11-28
58409,18409,Starter,Quarterly,112.44,5.7,2024-02-27,2024-05-27
58410,18410,Enterprise,Annual,2615.11,12.2,2022-05-29,2023-05-24
58411,18411,Professional,Monthly,329.99,6.1,2021-12-13,2022-01-12
58412,18412,Business,Monthly,888.22,0.4,2021-04-27,2021-05-27
58413,18413,Professional,Monthly,326.73,14.0,2024-11-21,2024-12-21
58414,18414,Enterprise,Quarterly,2456.63,6.2,2026-01-29,2026-04-29
58415,18415,Enterprise,Monthly,2046.34,1.2,2024-11-22,2024-12-22
58416,18416,Starter,Monthly,127.82,13.1,2025-06-20,2025-07-20
58417,18417,Professional,Monthly,399.66,11.6,2026-06-23,2026-07-23
58418,18418,Professional,Quarterly,330.77,20.7,2021-10-09,2022-01-07
58419,18419,Starter,Quarterly,135.74,13.4,2026-06-26,2026-09-24
58420,18420,Enterprise,Quarterly,1941.22,7.1,2023-03-18,2023-06-16
58421,18421,Professional,Monthly,311.76,14.6,2025-08-19,2025-09-18
58422,18422,Starter,Quarterly,118.82,2.9,2024-12-15,2025-03-15
58423,18423,Starter,Monthly,119.09,20.2,2021-07-30,2021-08-29
58424,18424,Professional,Annual,360.77,5.9,2025-08-18,2026-08-13
58425,18425,Business,Quarterly,729.55,0.0,2025-11-13,2026-02-11
58426,18426,Professional,Monthly,311.85,5.8,2024-09-08,2024-10-08
58427,18427,Starter,Monthly,102.43,6.3,2022-11-18,2022-12-18
58428,18428,Starter,Quarterly,142.09,16.5,2023-08-29,2023-11-27
58429,18429,Enterprise,Monthly,2111.28,2.7,2023-07-19,2023-08-18
58430,18430,Starter,Monthly,130.9,6.6,2021-01-18,2021-02-17
58431,18431,Enterprise,Annual,2338.5,10.3,2024-08-07,2025-08-02
58432,18432,Enterprise,Monthly,2428.03,10.0,2025-11-09,2025-12-09
58433,18433,Business,Annual,985.15,21.1,2024-03-31,2025-03-26
58434,18434,Enterprise,Monthly,2049.52,14.4,2022-01-19,2022-02-18
58435,18435,Starter,Annual,119.88,4.3,2025-11-05,2026-10-31
58436,18436,Enterprise,Monthly,2122.9,14.6,2023-06-14,2023-07-14
58437,18437,Starter,Monthly,105.46,7.5,2025-03-02,2025-04-01
58438,18438,Professional,Quarterly,301.41,22.3,2023-09-07,2023-12-06
58439,18439,Professional,Monthly,391.19,8.2,2021-03-23,2021-04-22
58440,18440,Professional,Annual,313.33,15.3,2025-05-24,2026-05-19
58441,18441,Starter,Quarterly,102.65,17.6,2026-05-08,2026-08-06
58442,18442,Business,Monthly,852.93,7.8,2024-12-21,2025-01-20
58443,18443,Business,Quarterly,818.37,9.1,2025-01-24,2025-04-24
58444,18444,Enterprise,Annual,1920.9,7.0,2023-06-03,2024-05-28
58445,18445,Professional,Monthly,303.82,14.4,2022-12-29,2023-01-28
58446,18446,Professional,Monthly,409.36,27.3,2021-05-04,2021-06-03
58447,18447,Enterprise,Annual,2593.55,14.1,2025-07-20,2026-07-15
58448,18448,Enterprise,Annual,2241.36,12.4,2022-06-10,2023-06-05
58449,18449,Professional,Quarterly,401.41,4.5,2026-09-18,2026-12-17
58450,18450,Business,Annual,960.53,17.5,2026-06-27,2027-06-22
58451,18451,Professional,Annual,368.47,11.2,2024-10-08,2025-10-03
58452,18452,Professional,Monthly,389.47,26.2,2021-11-07,2021-12-07
58453,18453,Business,Annual,999.34,22.1,2021-02-09,2022-02-04
58454,18454,Business,Monthly,890.98,10.8,2023-02-20,2023-03-22
58455,18455,Starter,Annual,123.49,12.3,2022-08-04,2023-07-30
58456,18456,Starter,Annual,102.15,9.9,2026-06-17,2027-06-12
58457,18457,Professional,Quarterly,363.91,3.1,2022-03-06,2022-06-04
58458,18458,Business,Quarterly,965.71,15.5,2026-08-02,2026-10-31
58459,18459,Starter,Annual,134.01,8.5,2022-04-02,2023-03-28
58460,18460,Business,Monthly,914.62,24.9,2024-06-04,2024-07-04
58461,18461,Professional,Monthly,300.51,10.5,2024-12-22,2025-01-21
58462,18462,Professional,Annual,410.86,1.3,2021-07-23,2022-07-18
58463,18463,Starter,Monthly,120.02,13.1,2021-04-28,2021-05-28
58464,18464,Enterprise,Quarterly,2310.08,15.9,2026-01-27,2026-04-27
58465,18465,Starter,Monthly,118.7,13.8,2026-01-02,2026-02-01
58466,18466,Starter,Quarterly,116.65,12.2,2023-06-16,2023-09-14
58467,18467,Professional,Quarterly,360.05,9.1,2026-08-15,2026-11-13
58468,18468,Starter,Monthly,122.78,11.9,2022-05-23,2022-06-22
58469,18469,Starter,Monthly,116.97,11.2,2023-08-12,2023-09-11
58470,18470,Professional,Monthly,395.97,2.1,2024-03-28,2024-04-27
58471,18471,Professional,Annual,303.7,24.0,2026-04-30,2027-04-25
58472,18472,Professional,Monthly,311.84,12.2,2023-08-17,2023-09-16
58473,18473,Starter,Monthly,105.47,10.2,2026-01-29,2026-02-28
58474,18474,Business,Monthly,890.59,21.8,2026-08-21,2026-09-20
58475,18475,Professional,Quarterly,348.03,0.3,2021-03-10,2021-06-08
58476,18476,Enterprise,Monthly,2218.07,25.7,2025-09-24,2025-10-24
58477,18477,Professional,Annual,368.15,4.5,2025-06-26,2026-06-21
58478,18478,Business,Monthly,818.88,20.1,2023-08-22,2023-09-21
58479,18479,Professional,Annual,319.93,3.2,2025-04-17,2026-04-12
58480,18480,Professional,Annual,335.09,3.7,2021-07-21,2022-07-16
58481,18481,Professional,Monthly,419.26,14.2,2021-09-23,2021-10-23
58482,18482,Professional,Monthly,414.2,11.5,2021-08-27,2021-09-26
58483,18483,Professional,Monthly,414.69,3.5,2023-08-09,2023-09-08
58484,18484,Business,Monthly,730.72,4.1,2021-10-18,2021-11-17
58485,18485,Business,Quarterly,749.11,7.2,2025-12-14,2026-03-14
58486,18486,Professional,Monthly,303.1,17.7,2026-09-21,2026-10-21
58487,18487,Starter,Quarterly,136.25,12.0,2023-08-13,2023-11-11
58488,18488,Enterprise,Monthly,2633.35,13.9,2024-05-06,2024-06-05
58489,18489,Business,Quarterly,884.04,6.3,2022-09-25,2022-12-24
58490,18490,Professional,Monthly,383.35,13.3,2026-04-15,2026-05-15
58491,18491,Enterprise,Annual,2141.21,0.3,2021-10-11,2022-10-06
58492,18492,Enterprise,Quarterly,2459.36,4.0,2023-03-18,2023-06-16
58493,18493,Starter,Quarterly,129.56,16.7,2023-11-01,2024-01-30
58494,18494,Starter,Monthly,135.64,12.2,2026-03-22,2026-04-21
58495,18495,Starter,Annual,123.0,22.7,2022-07-30,2023-07-25
58496,18496,Business,Quarterly,780.22,14.5,2025-06-07,2025-09-05
58497,18497,Business,Monthly,864.03,1.2,2023-07-16,2023-08-15
58498,18498,Business,Quarterly,815.35,15.7,2023-10-23,2024-01-21
58499,18499,Professional,Quarterly,382.53,0.8,2023-03-22,2023-06-20
58500,18500,Starter,Monthly,107.75,14.8,2024-06-19,2024-07-19
58501,18501,Starter,Quarterly,115.94,8.3,2023-03-20,2023-06-18
58502,18502,Enterprise,Monthly,1875.06,5.1,2023-07-31,2023-08-30
58503,18503,Enterprise,Annual,2497.95,10.1,2021-02-09,2022-02-04
58504,18504,Starter,Quarterly,119.08,1.7,2024-08-31,2024-11-29
58505,18505,Starter,Monthly,134.6,7.8,2022-07-11,2022-08-10
58506,18506,Professional,Annual,309.46,0.0,2024-08-14,2025-08-09
58507,18507,Starter,Monthly,110.14,17.6,2025-07-13,2025-08-12
58508,18508,Starter,Monthly,137.72,12.1,2026-07-21,2026-08-20
58509,18509,Professional,Monthly,370.44,9.0,2023-07-06,2023-08-05
58510,18510,Starter,Annual,102.25,13.5,2022-10-05,2023-09-30
58511,18511,Business,Monthly,991.78,2.1,2022-01-30,2022-03-01
58512,18512,Enterprise,Monthly,2627.29,8.3,2023-03-03,2023-04-02
58513,18513,Enterprise,Monthly,2379.11,14.2,2026-04-29,2026-05-29
58514,18514,Professional,Monthly,386.66,4.1,2023-01-14,2023-02-13
58515,18515,Business,Quarterly,762.25,18.3,2025-04-28,2025-07-27
58516,18516,Professional,Annual,391.37,8.4,2024-05-24,2025-05-19
58517,18517,Starter,Monthly,106.16,0.0,2021-10-04,2021-11-03
58518,18518,Professional,Quarterly,406.49,11.7,2021-07-13,2021-10-11
58519,18519,Professional,Monthly,359.34,7.9,2021-06-28,2021-07-28
58520,18520,Starter,Annual,107.93,23.9,2024-03-12,2025-03-07
58521,18521,Professional,Annual,308.37,8.1,2026-08-07,2027-08-02
58522,18522,Starter,Monthly,120.48,15.9,2025-04-11,2025-05-11
58523,18523,Business,Monthly,724.09,7.2,2021-08-06,2021-09-05
58524,18524,Enterprise,Annual,2610.14,0.0,2023-09-15,2024-09-09
58525,18525,Starter,Annual,109.17,12.1,2022-07-11,2023-07-06
58526,18526,Starter,Monthly,119.62,12.2,2024-06-01,2024-07-01
58527,18527,Starter,Quarterly,127.48,16.5,2025-11-21,2026-02-19
58528,18528,Enterprise,Annual,2389.61,0.0,2021-03-18,2022-03-13
58529,18529,Starter,Quarterly,125.72,13.5,2022-08-22,2022-11-20
58530,18530,Professional,Annual,319.38,13.0,2024-05-16,2025-05-11
58531,18531,Starter,Monthly,121.82,12.4,2024-03-28,2024-04-27
58532,18532,Professional,Monthly,337.02,0.0,2022-06-08,2022-07-08
58533,18533,Business,Monthly,749.09,17.1,2024-10-13,2024-11-12
58534,18534,Professional,Monthly,344.97,2.4,2022-01-19,2022-02-18
58535,18535,Business,Annual,903.63,16.3,2025-05-09,2026-05-04
58536,18536,Business,Monthly,752.86,22.1,2025-01-13,2025-02-12
58537,18537,Professional,Monthly,317.71,15.6,2022-01-04,2022-02-03
58538,18538,Business,Annual,748.17,11.8,2025-02-03,2026-01-29
58539,18539,Business,Annual,722.83,8.7,2021-10-15,2022-10-10
58540,18540,Business,Quarterly,1001.09,11.1,2022-02-03,2022-05-04
58541,18541,Business,Monthly,971.89,2.8,2024-08-27,2024-09-26
58542,18542,Business,Monthly,791.38,13.0,2021-05-07,2021-06-06
58543,18543,Starter,Monthly,126.26,8.8,2026-09-19,2026-10-19
58544,18544,Enterprise,Quarterly,2487.23,1.9,2025-11-06,2026-02-04
58545,18545,Starter,Monthly,117.39,3.2,2021-09-04,2021-10-04
58546,18546,Professional,Monthly,388.03,9.8,2026-01-04,2026-02-03
58547,18547,Professional,Monthly,403.91,0.8,2026-09-13,2026-10-13
58548,18548,Starter,Monthly,122.94,10.3,2026-08-20,2026-09-19
58549,18549,Professional,Monthly,406.29,18.7,2024-04-06,2024-05-06
58550,18550,Starter,Quarterly,110.82,11.3,2025-12-13,2026-03-13
58551,18551,Enterprise,Monthly,2564.11,8.7,2024-05-24,2024-06-23
58552,18552,Business,Monthly,962.13,4.6,2025-11-11,2025-12-11
58553,18553,Professional,Monthly,400.41,12.9,2025-06-14,2025-07-14
58554,18554,Professional,Quarterly,298.05,0.0,2021-12-06,2022-03-06
58555,18555,Starter,Monthly,129.87,9.3,2025-05-11,2025-06-10
58556,18556,Business,Annual,841.69,10.9,2025-08-15,2026-08-10
58557,18557,Professional,Monthly,371.56,5.5,2024-08-01,2024-08-31
58558,18558,Starter,Monthly,105.51,11.9,2022-06-18,2022-07-18
58559,18559,Enterprise,Annual,2052.09,23.6,2023-03-20,2024-03-14
58560,18560,Business,Monthly,827.01,13.5,2024-09-16,2024-10-16
58561,18561,Starter,Monthly,132.17,18.3,2024-05-10,2024-06-09
58562,18562,Business,Monthly,886.99,16.0,2026-08-16,2026-09-15
58563,18563,Business,Monthly,726.85,20.4,2023-04-29,2023-05-29
58564,18564,Professional,Quarterly,338.51,6.7,2025-02-18,2025-05-19
58565,18565,Starter,Monthly,141.48,0.0,2024-05-07,2024-06-06
58566,18566,Professional,Monthly,319.53,7.9,2021-01-13,2021-02-12
58567,18567,Business,Monthly,792.94,3.3,2026-08-16,2026-09-15
58568,18568,Starter,Quarterly,114.91,6.3,2024-12-05,2025-03-05
58569,18569,Starter,Monthly,113.26,4.7,2025-04-30,2025-05-30
58570,18570,Professional,Monthly,312.41,13.4,2022-06-22,2022-07-22
58571,18571,Professional,Annual,335.8,19.9,2026-08-14,2027-08-09
58572,18572,Enterprise,Annual,2285.36,18.2,2025-12-18,2026-12-13
58573,18573,Business,Monthly,923.4,9.3,2026-07-28,2026-08-27
58574,18574,Enterprise,Annual,2365.0,0.0,2022-12-23,2023-12-18
58575,18575,Professional,Monthly,317.43,4.6,2025-12-29,2026-01-28
58576,18576,Business,Quarterly,905.32,0.0,2025-11-24,2026-02-22
58577,18577,Starter,Quarterly,117.05,9.6,2026-05-07,2026-08-05
58578,18578,Starter,Monthly,136.52,15.3,2023-08-10,2023-09-09
58579,18579,Professional,Quarterly,341.9,24.8,2022-09-20,2022-12-19
58580,18580,Business,Quarterly,1013.03,10.6,2025-11-13,2026-02-11
58581,18581,Professional,Annual,372.82,0.0,2025-06-30,2026-06-25
58582,18582,Professional,Quarterly,350.05,0.0,2024-02-22,2024-05-22
58583,18583,Starter,Monthly,123.13,8.7,2024-11-18,2024-12-18
58584,18584,Starter,Monthly,109.39,23.2,2022-10-12,2022-11-11
58585,18585,Business,Monthly,924.84,17.3,2023-03-23,2023-04-22
58586,18586,Starter,Quarterly,142.45,0.0,2023-12-16,2024-03-15
58587,18587,Professional,Monthly,360.58,0.0,2026-06-13,2026-07-13
58588,18588,Business,Annual,1017.72,0.0,2025-06-14,2026-06-09
58589,18589,Starter,Monthly,108.32,14.7,2026-01-22,2026-02-21
58590,18590,Starter,Monthly,128.78,5.5,2026-02-09,2026-03-11
58591,18591,Business,Monthly,924.18,5.3,2022-08-02,2022-09-01
58592,18592,Professional,Monthly,335.69,16.8,2024-02-11,2024-03-12
58593,18593,Professional,Monthly,340.57,2.9,2023-10-17,2023-11-16
58594,18594,Professional,Monthly,413.32,3.2,2024-03-03,2024-04-02
58595,18595,Professional,Monthly,372.46,11.3,2025-07-08,2025-08-07
58596,18596,Business,Annual,955.0,8.8,2022-07-23,2023-07-18
58597,18597,Enterprise,Annual,2429.01,16.3,2024-08-10,2025-08-05
58598,18598,Enterprise,Monthly,2340.46,2.5,2021-10-04,2021-11-03
58599,18599,Professional,Annual,303.36,11.9,2025-02-24,2026-02-19
58600,18600,Professional,Monthly,378.68,6.7,2025-05-06,2025-06-05
58601,18601,Professional,Monthly,339.75,8.7,2026-05-13,2026-06-12
58602,18602,Professional,Monthly,354.96,8.6,2025-02-03,2025-03-05
58603,18603,Professional,Monthly,401.8,6.3,2021-08-22,2021-09-21
58604,18604,Starter,Annual,142.69,15.8,2024-06-19,2025-06-14
58605,18605,Starter,Monthly,131.16,11.0,2021-02-01,2021-03-03
58606,18606,Business,Annual,791.51,1.0,2024-10-03,2025-09-28
58607,18607,Professional,Annual,336.42,11.4,2023-01-30,2024-01-25
58608,18608,Business,Monthly,763.59,7.1,2025-12-04,2026-01-03
58609,18609,Professional,Monthly,368.64,6.6,2025-11-30,2025-12-30
58610,18610,Business,Monthly,999.15,14.6,2023-03-04,2023-04-03
58611,18611,Business,Monthly,963.75,8.0,2024-10-23,2024-11-22
58612,18612,Starter,Monthly,124.83,10.9,2023-02-01,2023-03-03
58613,18613,Professional,Monthly,412.82,14.4,2021-09-22,2021-10-22
58614,18614,Business,Annual,989.28,9.8,2021-10-09,2022-10-04
58615,18615,Professional,Annual,341.73,0.0,2022-06-14,2023-06-09
58616,18616,Starter,Monthly,125.09,17.0,2026-02-26,2026-03-28
58617,18617,Professional,Quarterly,333.76,0.0,2026-07-22,2026-10-20
58618,18618,Starter,Monthly,102.37,2.1,2026-08-12,2026-09-11
58619,18619,Professional,Annual,352.77,7.2,2023-03-27,2024-03-21
58620,18620,Starter,Monthly,133.5,9.6,2022-04-09,2022-05-09
58621,18621,Enterprise,Annual,2358.31,0.0,2025-01-10,2026-01-05
58622,18622,Professional,Annual,411.04,11.5,2024-10-18,2025-10-13
58623,18623,Enterprise,Quarterly,2398.05,16.4,2021-06-13,2021-09-11
58624,18624,Starter,Annual,107.93,8.3,2025-09-23,2026-09-18
58625,18625,Professional,Monthly,330.19,7.5,2025-05-30,2025-06-29
58626,18626,Starter,Monthly,107.26,18.2,2022-05-26,2022-06-25
58627,18627,Business,Quarterly,958.93,6.5,2025-12-03,2026-03-03
58628,18628,Starter,Monthly,141.93,0.0,2024-05-29,2024-06-28
58629,18629,Business,Monthly,789.81,11.8,2022-07-09,2022-08-08
58630,18630,Professional,Annual,391.28,6.2,2024-07-30,2025-07-25
58631,18631,Starter,Quarterly,120.35,5.1,2026-03-24,2026-06-22
58632,18632,Professional,Monthly,341.01,21.3,2024-10-29,2024-11-28
58633,18633,Business,Annual,1016.1,3.0,2021-09-16,2022-09-11
58634,18634,Starter,Annual,116.53,5.4,2024-05-09,2025-05-04
58635,18635,Professional,Monthly,378.48,3.2,2025-07-24,2025-08-23
58636,18636,Professional,Monthly,384.82,14.6,2024-11-04,2024-12-04
58637,18637,Professional,Quarterly,392.2,16.6,2026-02-09,2026-05-10
58638,18638,Business,Monthly,978.95,14.5,2023-02-05,2023-03-07
58639,18639,Starter,Monthly,125.78,11.2,2021-03-06,2021-04-05
58640,18640,Professional,Quarterly,371.54,12.5,2025-07-28,2025-10-26
58641,18641,Professional,Monthly,384.61,13.6,2026-09-21,2026-10-21
58642,18642,Starter,Annual,108.25,17.7,2023-05-29,2024-05-23
58643,18643,Starter,Annual,110.4,25.2,2021-07-15,2022-07-10
58644,18644,Professional,Annual,391.13,13.1,2024-10-15,2025-10-10
58645,18645,Professional,Annual,314.03,5.5,2025-12-01,2026-11-26
58646,18646,Starter,Monthly,130.92,0.0,2021-03-06,2021-04-05
58647,18647,Starter,Quarterly,103.36,16.8,2024-08-13,2024-11-11
58648,18648,Starter,Quarterly,116.18,18.6,2024-12-21,2025-03-21
58649,18649,Professional,Monthly,378.62,6.1,2021-08-11,2021-09-10
58650,18650,Starter,Monthly,131.68,10.8,2025-03-13,2025-04-12
58651,18651,Business,Quarterly,909.96,15.3,2022-03-18,2022-06-16
58652,18652,Starter,Quarterly,120.54,0.0,2024-12-08,2025-03-08
58653,18653,Business,Annual,798.26,0.0,2023-06-22,2024-06-16
58654,18654,Starter,Quarterly,127.76,6.8,2023-02-09,2023-05-10
58655,18655,Professional,Monthly,320.16,4.5,2023-06-02,2023-07-02
58656,18656,Professional,Annual,304.88,20.5,2022-03-27,2023-03-22
58657,18657,Professional,Quarterly,299.9,10.5,2024-01-08,2024-04-07
58658,18658,Starter,Annual,113.24,16.2,2023-01-13,2024-01-08
58659,18659,Enterprise,Annual,1893.07,0.0,2025-05-29,2026-05-24
58660,18660,Starter,Quarterly,112.47,8.5,2025-03-25,2025-06-23
58661,18661,Starter,Quarterly,114.16,6.7,2026-03-31,2026-06-29
58662,18662,Starter,Annual,116.49,11.3,2024-06-02,2025-05-28
58663,18663,Enterprise,Annual,2419.38,15.5,2022-06-12,2023-06-07
58664,18664,Starter,Annual,120.54,7.4,2022-12-25,2023-12-20
58665,18665,Professional,Quarterly,418.2,17.2,2021-08-29,2021-11-27
58666,18666,Starter,Annual,141.79,9.6,2021-12-31,2022-12-26
58667,18667,Business,Monthly,1014.51,5.2,2024-04-23,2024-05-23
58668,18668,Professional,Annual,348.0,8.1,2024-03-05,2025-02-28
58669,18669,Professional,Monthly,302.91,0.0,2021-01-25,2021-02-24
58670,18670,Business,Annual,978.44,17.8,2026-05-15,2027-05-10
58671,18671,Professional,Monthly,350.77,9.3,2022-07-16,2022-08-15
58672,18672,Enterprise,Monthly,2363.69,13.7,2022-11-12,2022-12-12
58673,18673,Professional,Monthly,400.82,18.4,2025-06-05,2025-07-05
58674,18674,Professional,Monthly,371.9,0.0,2023-11-02,2023-12-02
58675,18675,Starter,Monthly,132.95,0.0,2022-12-21,2023-01-20
58676,18676,Business,Quarterly,796.5,20.4,2022-08-10,2022-11-08
58677,18677,Professional,Monthly,321.39,3.4,2023-09-01,2023-10-01
58678,18678,Professional,Quarterly,365.52,10.0,2026-01-21,2026-04-21
58679,18679,Business,Monthly,912.29,6.5,2024-10-03,2024-11-02
58680,18680,Starter,Annual,138.61,10.5,2025-01-06,2026-01-01
58681,18681,Business,Quarterly,966.87,17.3,2022-11-22,2023-02-20
58682,18682,Professional,Monthly,418.66,2.1,2021-03-29,2021-04-28
58683,18683,Starter,Monthly,142.59,22.0,2022-05-09,2022-06-08
58684,18684,Professional,Annual,373.88,7.8,2024-05-30,2025-05-25
58685,18685,Professional,Quarterly,359.18,21.6,2026-07-14,2026-10-12
58686,18686,Business,Quarterly,948.79,0.0,2024-02-16,2024-05-16
58687,18687,Professional,Annual,329.52,4.3,2021-05-16,2022-05-11
58688,18688,Business,Monthly,827.33,1.4,2023-09-05,2023-10-05
58689,18689,Professional,Monthly,391.47,1.0,2022-06-26,2022-07-26
58690,18690,Professional,Quarterly,413.87,18.8,2023-07-19,2023-10-17
58691,18691,Professional,Annual,407.18,3.1,2024-11-03,2025-10-29
58692,18692,Starter,Quarterly,105.06,17.0,2023-03-22,2023-06-20
58693,18693,Professional,Monthly,325.91,15.2,2022-02-16,2022-03-18
58694,18694,Professional,Annual,330.98,17.9,2021-08-05,2022-07-31
58695,18695,Enterprise,Quarterly,2165.06,0.0,2023-04-10,2023-07-09
58696,18696,Professional,Annual,306.16,14.6,2024-02-08,2025-02-02
58697,18697,Professional,Annual,325.78,19.0,2021-10-12,2022-10-07
58698,18698,Starter,Monthly,132.08,17.1,2023-02-09,2023-03-11
58699,18699,Professional,Monthly,327.45,9.6,2026-03-12,2026-04-11
58700,18700,Business,Monthly,1002.91,0.0,2022-07-23,2022-08-22
58701,18701,Starter,Monthly,119.77,10.4,2024-08-14,2024-09-13
58702,18702,Starter,Quarterly,106.19,14.0,2022-06-14,2022-09-12
58703,18703,Business,Annual,973.2,6.5,2025-11-03,2026-10-29
58704,18704,Starter,Monthly,140.45,9.4,2026-09-06,2026-10-06
58705,18705,Professional,Quarterly,411.19,16.8,2026-08-06,2026-11-04
58706,18706,Professional,Annual,358.01,11.5,2024-02-16,2025-02-10
58707,18707,Professional,Monthly,410.26,20.4,2023-12-14,2024-01-13
58708,18708,Starter,Monthly,131.79,11.6,2022-05-19,2022-06-18
58709,18709,Business,Monthly,780.7,8.4,2026-07-18,2026-08-17
58710,18710,Professional,Monthly,362.82,16.5,2021-06-01,2021-07-01
58711,18711,Starter,Annual,120.18,15.3,2023-01-07,2024-01-02
58712,18712,Professional,Quarterly,352.75,8.9,2022-04-24,2022-07-23
58713,18713,Starter,Annual,119.36,18.9,2025-08-13,2026-08-08
58714,18714,Business,Monthly,774.64,1.3,2024-05-24,2024-06-23
58715,18715,Business,Annual,838.53,8.0,2024-10-03,2025-09-28
58716,18716,Starter,Quarterly,123.5,26.6,2024-09-25,2024-12-24
58717,18717,Business,Monthly,807.49,19.6,2023-04-30,2023-05-30
58718,18718,Starter,Monthly,109.43,16.7,2025-08-24,2025-09-23
58719,18719,Business,Quarterly,781.48,3.5,2024-10-30,2025-01-28
58720,18720,Business,Annual,779.91,0.0,2025-04-10,2026-04-05
58721,18721,Starter,Annual,120.76,8.1,2024-08-19,2025-08-14
58722,18722,Starter,Annual,110.78,13.3,2024-06-19,2025-06-14
58723,18723,Business,Monthly,935.9,18.4,2024-11-02,2024-12-02
58724,18724,Business,Annual,822.35,2.3,2025-09-05,2026-08-31
58725,18725,Business,Annual,1001.97,11.5,2024-11-13,2025-11-08
58726,18726,Professional,Annual,305.18,7.9,2025-10-20,2026-10-15
58727,18727,Professional,Monthly,335.47,11.0,2026-05-15,2026-06-14
58728,18728,Professional,Annual,387.95,13.3,2022-09-19,2023-09-14
58729,18729,Professional,Monthly,381.39,8.0,2024-06-18,2024-07-18
58730,18730,Professional,Annual,349.03,5.7,2021-12-29,2022-12-24
58731,18731,Business,Annual,981.38,8.8,2025-03-13,2026-03-08
58732,18732,Starter,Annual,105.0,13.8,2024-07-12,2025-07-07
58733,18733,Professional,Annual,359.86,13.7,2022-10-19,2023-10-14
58734,18734,Professional,Monthly,322.05,2.7,2024-10-15,2024-11-14
58735,18735,Professional,Annual,343.31,1.4,2022-10-29,2023-10-24
58736,18736,Professional,Monthly,383.14,16.9,2023-07-09,2023-08-08
58737,18737,Business,Monthly,751.94,0.7,2026-05-05,2026-06-04
58738,18738,Business,Monthly,735.52,5.6,2022-01-23,2022-02-22
58739,18739,Starter,Annual,119.67,8.6,2025-11-04,2026-10-30
58740,18740,Business,Annual,803.25,10.3,2023-06-24,2024-06-18
58741,18741,Professional,Annual,385.76,9.7,2022-01-12,2023-01-07
58742,18742,Professional,Monthly,305.53,14.6,2021-08-28,2021-09-27
58743,18743,Starter,Monthly,142.59,20.9,2021-07-01,2021-07-31
58744,18744,Starter,Monthly,128.07,9.6,2024-07-04,2024-08-03
58745,18745,Enterprise,Quarterly,2255.97,3.5,2023-01-14,2023-04-14
58746,18746,Professional,Monthly,348.04,12.0,2023-04-21,2023-05-21
58747,18747,Professional,Annual,389.25,8.0,2024-07-02,2025-06-27
58748,18748,Business,Annual,828.51,6.9,2023-12-05,2024-11-29
58749,18749,Starter,Monthly,134.63,15.1,2023-10-06,2023-11-05
58750,18750,Professional,Annual,384.56,1.7,2022-08-21,2023-08-16
58751,18751,Business,Quarterly,886.53,6.2,2023-10-14,2024-01-12
58752,18752,Professional,Monthly,406.36,8.6,2021-07-20,2021-08-19
58753,18753,Starter,Monthly,116.53,15.7,2021-12-09,2022-01-08
58754,18754,Enterprise,Annual,1914.54,14.3,2022-09-23,2023-09-18
58755,18755,Professional,Monthly,343.58,16.9,2021-10-25,2021-11-24
58756,18756,Starter,Monthly,138.76,5.1,2022-11-29,2022-12-29
58757,18757,Professional,Annual,306.97,22.0,2024-05-05,2025-04-30
58758,18758,Professional,Quarterly,390.99,7.8,2026-02-16,2026-05-17
58759,18759,Business,Annual,968.01,14.1,2025-02-14,2026-02-09
58760,18760,Business,Annual,849.82,11.4,2023-07-19,2024-07-13
58761,18761,Professional,Monthly,321.33,4.9,2022-01-14,2022-02-13
58762,18762,Starter,Monthly,116.93,7.7,2022-12-07,2023-01-06
58763,18763,Business,Monthly,841.05,14.1,2025-04-10,2025-05-10
58764,18764,Starter,Annual,141.15,13.8,2023-02-10,2024-02-05
58765,18765,Starter,Monthly,113.95,12.5,2023-12-31,2024-01-30
58766,18766,Professional,Quarterly,416.65,18.1,2023-11-18,2024-02-16
58767,18767,Professional,Annual,310.83,18.9,2021-12-15,2022-12-10
58768,18768,Starter,Monthly,142.91,8.7,2024-02-16,2024-03-17
58769,18769,Professional,Quarterly,324.86,4.5,2024-05-16,2024-08-14
58770,18770,Professional,Monthly,318.05,2.0,2024-12-17,2025-01-16
58771,18771,Professional,Monthly,312.21,13.3,2021-04-03,2021-05-03
58772,18772,Starter,Monthly,115.28,19.9,2025-03-27,2025-04-26
58773,18773,Starter,Annual,127.9,11.6,2026-01-01,2026-12-27
58774,18774,Business,Annual,920.73,8.8,2023-12-29,2024-12-23
58775,18775,Enterprise,Monthly,2154.87,17.2,2022-08-05,2022-09-04
58776,18776,Starter,Quarterly,111.69,4.1,2025-09-17,2025-12-16
58777,18777,Business,Annual,1018.52,9.3,2023-06-02,2024-05-27
58778,18778,Enterprise,Monthly,2078.35,2.6,2021-05-04,2021-06-03
58779,18779,Starter,Quarterly,117.89,14.6,2025-10-24,2026-01-22
58780,18780,Business,Monthly,865.59,2.1,2025-08-29,2025-09-28
58781,18781,Enterprise,Monthly,2439.48,17.0,2022-08-26,2022-09-25
58782,18782,Starter,Annual,108.39,7.2,2024-09-26,2025-09-21
58783,18783,Starter,Quarterly,113.18,23.7,2021-11-01,2022-01-30
58784,18784,Enterprise,Monthly,2637.62,0.0,2024-06-05,2024-07-05
58785,18785,Professional,Monthly,398.58,11.9,2023-07-26,2023-08-25
58786,18786,Starter,Monthly,120.64,12.7,2023-01-19,2023-02-18
58787,18787,Professional,Annual,310.81,6.8,2022-11-17,2023-11-12
58788,18788,Starter,Annual,138.4,24.6,2021-05-20,2022-05-15
58789,18789,Enterprise,Monthly,2472.91,21.0,2021-02-24,2021-03-26
58790,18790,Starter,Monthly,126.39,14.5,2021-03-15,2021-04-14
58791,18791,Professional,Annual,347.05,6.6,2023-09-24,2024-09-18
58792,18792,Business,Annual,1000.85,6.9,2026-04-29,2027-04-24
58793,18793,Business,Monthly,810.46,3.6,2022-10-04,2022-11-03
58794,18794,Enterprise,Annual,2117.1,13.5,2023-01-14,2024-01-09
58795,18795,Professional,Quarterly,404.75,0.0,2026-09-05,2026-12-04
58796,18796,Enterprise,Annual,2352.28,10.7,2025-05-24,2026-05-19
58797,18797,Professional,Quarterly,413.99,10.9,2021-03-03,2021-06-01
58798,18798,Business,Annual,914.39,2.4,2024-05-08,2025-05-03
58799,18799,Professional,Quarterly,301.54,13.4,2022-05-08,2022-08-06
58800,18800,Enterprise,Monthly,2006.13,7.2,2026-06-16,2026-07-16
58801,18801,Business,Monthly,806.34,10.2,2024-02-14,2024-03-15
58802,18802,Starter,Quarterly,138.42,9.4,2024-10-26,2025-01-24
58803,18803,Starter,Quarterly,136.9,6.3,2024-06-09,2024-09-07
58804,18804,Business,Monthly,957.62,8.0,2023-09-29,2023-10-29
58805,18805,Business,Annual,887.18,13.8,2024-01-31,2025-01-25
58806,18806,Professional,Annual,314.52,17.8,2021-01-10,2022-01-05
58807,18807,Professional,Annual,313.57,15.7,2024-02-21,2025-02-15
58808,18808,Business,Annual,760.01,17.1,2023-02-26,2024-02-21
58809,18809,Starter,Quarterly,137.89,0.0,2026-08-14,2026-11-12
58810,18810,Starter,Annual,107.95,4.2,2021-09-16,2022-09-11
58811,18811,Business,Annual,963.04,2.9,2026-04-18,2027-04-13
58812,18812,Starter,Monthly,137.48,2.1,2026-09-10,2026-10-10
58813,18813,Professional,Quarterly,310.37,7.1,2025-09-08,2025-12-07
58814,18814,Starter,Quarterly,139.88,1.5,2022-06-05,2022-09-03
58815,18815,Business,Annual,989.52,7.7,2022-12-17,2023-12-12
58816,18816,Starter,Monthly,128.8,5.5,2025-07-02,2025-08-01
58817,18817,Starter,Monthly,123.55,19.1,2021-05-04,2021-06-03
58818,18818,Starter,Quarterly,129.19,8.9,2025-11-09,2026-02-07
58819,18819,Professional,Monthly,347.09,22.0,2023-07-11,2023-08-10
58820,18820,Starter,Annual,126.72,20.8,2025-02-12,2026-02-07
58821,18821,Starter,Annual,142.72,8.5,2025-10-22,2026-10-17
58822,18822,Professional,Monthly,311.38,9.3,2025-04-15,2025-05-15
58823,18823,Starter,Monthly,111.82,15.4,2026-05-02,2026-06-01
58824,18824,Starter,Monthly,124.01,0.0,2026-01-27,2026-02-26
58825,18825,Professional,Monthly,329.18,15.7,2021-10-19,2021-11-18
58826,18826,Enterprise,Monthly,2634.43,20.6,2026-06-17,2026-07-17
58827,18827,Professional,Annual,385.73,4.3,2025-10-04,2026-09-29
58828,18828,Business,Monthly,851.61,10.7,2021-06-06,2021-07-06
58829,18829,Enterprise,Monthly,2565.11,6.0,2024-01-29,2024-02-28
58830,18830,Starter,Monthly,108.07,17.0,2023-06-27,2023-07-27
58831,18831,Professional,Monthly,332.77,21.8,2025-07-16,2025-08-15
58832,18832,Professional,Monthly,414.6,0.7,2023-07-07,2023-08-06
58833,18833,Professional,Annual,365.73,10.6,2026-01-25,2027-01-20
58834,18834,Professional,Monthly,410.28,12.5,2025-08-30,2025-09-29
58835,18835,Professional,Annual,418.07,14.9,2025-07-24,2026-07-19
58836,18836,Business,Annual,829.67,5.4,2024-07-17,2025-07-12
58837,18837,Business,Annual,894.0,6.3,2021-05-18,2022-05-13
58838,18838,Starter,Monthly,137.56,20.7,2025-09-08,2025-10-08
58839,18839,Starter,Monthly,113.46,0.0,2023-10-12,2023-11-11
58840,18840,Starter,Monthly,120.76,10.9,2025-09-20,2025-10-20
58841,18841,Starter,Monthly,108.44,6.3,2024-09-20,2024-10-20
58842,18842,Professional,Monthly,377.44,7.6,2025-04-05,2025-05-05
58843,18843,Professional,Quarterly,298.01,22.1,2022-02-11,2022-05-12
58844,18844,Enterprise,Monthly,2215.97,10.2,2021-12-10,2022-01-09
58845,18845,Starter,Annual,141.02,20.4,2022-10-14,2023-10-09
58846,18846,Starter,Quarterly,139.69,19.9,2025-03-25,2025-06-23
58847,18847,Business,Monthly,961.62,17.8,2026-02-17,2026-03-19
58848,18848,Professional,Monthly,314.79,0.0,2024-03-05,2024-04-04
58849,18849,Professional,Monthly,361.23,9.9,2021-02-08,2021-03-10
58850,18850,Professional,Monthly,385.59,18.2,2024-09-05,2024-10-05
58851,18851,Starter,Monthly,106.25,18.6,2021-10-14,2021-11-13
58852,18852,Business,Monthly,766.23,11.1,2023-08-26,2023-09-25
58853,18853,Professional,Annual,302.41,11.8,2025-01-26,2026-01-21
58854,18854,Starter,Annual,115.57,3.3,2023-06-10,2024-06-04
58855,18855,Starter,Annual,138.85,0.0,2022-10-24,2023-10-19
58856,18856,Business,Annual,873.47,4.5,2023-10-26,2024-10-20
58857,18857,Professional,Annual,402.03,22.2,2021-08-24,2022-08-19
58858,18858,Business,Monthly,747.39,1.5,2023-08-27,2023-09-26
58859,18859,Business,Monthly,739.19,12.0,2024-02-03,2024-03-04
58860,18860,Professional,Monthly,395.98,15.3,2024-05-15,2024-06-14
58861,18861,Starter,Annual,122.91,5.5,2021-08-27,2022-08-22
58862,18862,Business,Annual,862.6,7.1,2026-01-29,2027-01-24
58863,18863,Professional,Monthly,355.77,7.5,2023-04-09,2023-05-09
58864,18864,Professional,Annual,344.18,9.8,2021-02-21,2022-02-16
58865,18865,Professional,Monthly,406.08,13.8,2024-10-12,2024-11-11
58866,18866,Professional,Quarterly,361.32,14.0,2023-11-23,2024-02-21
58867,18867,Starter,Quarterly,142.9,2.9,2021-01-22,2021-04-22
58868,18868,Business,Monthly,974.34,19.6,2021-11-03,2021-12-03
58869,18869,Business,Quarterly,941.93,9.5,2021-01-11,2021-04-11
58870,18870,Starter,Quarterly,128.72,0.0,2025-07-21,2025-10-19
58871,18871,Business,Quarterly,970.96,1.8,2021-07-17,2021-10-15
58872,18872,Business,Monthly,984.81,7.6,2026-05-20,2026-06-19
58873,18873,Starter,Annual,107.6,5.0,2023-12-04,2024-11-28
58874,18874,Starter,Quarterly,117.11,2.0,2024-04-23,2024-07-22
58875,18875,Business,Monthly,962.12,9.1,2022-07-05,2022-08-04
58876,18876,Starter,Annual,111.29,19.2,2025-01-05,2025-12-31
58877,18877,Business,Quarterly,896.89,14.0,2022-05-20,2022-08-18
58878,18878,Professional,Monthly,393.11,3.5,2021-05-17,2021-06-16
58879,18879,Enterprise,Monthly,2042.43,22.4,2023-09-16,2023-10-16
58880,18880,Professional,Monthly,346.75,15.9,2024-07-26,2024-08-25
58881,18881,Starter,Annual,140.43,2.7,2023-05-02,2024-04-26
58882,18882,Professional,Monthly,341.11,3.3,2023-11-13,2023-12-13
58883,18883,Professional,Monthly,371.58,9.2,2026-05-30,2026-06-29
58884,18884,Business,Monthly,851.57,13.4,2022-12-12,2023-01-11
58885,18885,Business,Annual,983.42,17.6,2022-05-22,2023-05-17
58886,18886,Business,Monthly,848.68,0.0,2022-11-17,2022-12-17
58887,18887,Starter,Annual,117.09,9.8,2025-03-14,2026-03-09
58888,18888,Professional,Quarterly,318.73,11.6,2022-12-09,2023-03-09
58889,18889,Starter,Monthly,116.67,11.9,2025-06-12,2025-07-12
58890,18890,Starter,Annual,130.12,6.4,2021-05-22,2022-05-17
58891,18891,Professional,Monthly,319.04,12.1,2025-09-04,2025-10-04
58892,18892,Starter,Monthly,131.63,14.7,2021-10-29,2021-11-28
58893,18893,Business,Quarterly,725.67,0.0,2021-11-14,2022-02-12
58894,18894,Starter,Annual,117.41,9.9,2025-12-16,2026-12-11
58895,18895,Business,Quarterly,861.12,0.0,2023-05-08,2023-08-06
58896,18896,Professional,Monthly,309.27,0.0,2022-11-08,2022-12-08
58897,18897,Business,Monthly,926.02,0.0,2022-01-14,2022-02-13
58898,18898,Business,Annual,753.07,2.9,2021-08-05,2022-07-31
58899,18899,Business,Monthly,749.26,13.0,2026-05-17,2026-06-16
58900,18900,Professional,Quarterly,342.57,6.4,2023-05-18,2023-08-16
58901,18901,Business,Monthly,942.14,16.1,2022-03-10,2022-04-09
58902,18902,Starter,Annual,142.47,11.0,2023-01-26,2024-01-21
58903,18903,Professional,Annual,392.56,11.5,2024-07-31,2025-07-26
58904,18904,Enterprise,Monthly,2228.82,17.2,2025-02-15,2025-03-17
58905,18905,Enterprise,Quarterly,2079.9,1.8,2024-07-14,2024-10-12
58906,18906,Starter,Annual,114.66,11.3,2026-04-24,2027-04-19
58907,18907,Professional,Annual,332.25,10.5,2022-08-22,2023-08-17
58908,18908,Professional,Annual,331.59,9.1,2021-08-24,2022-08-19
58909,18909,Business,Monthly,743.06,18.9,2025-11-19,2025-12-19
58910,18910,Business,Monthly,788.08,13.4,2021-04-10,2021-05-10
58911,18911,Starter,Monthly,106.53,5.7,2024-10-09,2024-11-08
58912,18912,Business,Monthly,724.69,4.5,2026-09-15,2026-10-15
58913,18913,Starter,Annual,114.0,9.0,2021-11-10,2022-11-05
58914,18914,Enterprise,Monthly,2141.19,17.4,2022-07-05,2022-08-04
58915,18915,Enterprise,Annual,2584.12,14.3,2022-06-01,2023-05-27
58916,18916,Starter,Quarterly,143.78,12.1,2026-07-05,2026-10-03
58917,18917,Professional,Quarterly,368.48,4.9,2021-01-09,2021-04-09
58918,18918,Starter,Monthly,139.84,7.1,2021-02-26,2021-03-28
58919,18919,Starter,Quarterly,127.97,0.0,2022-04-06,2022-07-05
58920,18920,Business,Annual,870.53,15.7,2024-10-14,2025-10-09
58921,18921,Starter,Monthly,103.79,13.7,2026-07-05,2026-08-04
58922,18922,Professional,Annual,302.96,28.5,2023-07-19,2024-07-13
58923,18923,Enterprise,Monthly,1893.71,11.7,2023-05-05,2023-06-04
58924,18924,Starter,Monthly,108.3,17.9,2026-03-07,2026-04-06
58925,18925,Professional,Monthly,306.92,13.1,2021-05-16,2021-06-15
58926,18926,Professional,Annual,321.35,10.0,2023-02-01,2024-01-27
58927,18927,Business,Annual,876.96,13.2,2023-10-07,2024-10-01
58928,18928,Business,Annual,872.2,13.4,2025-06-18,2026-06-13
58929,18929,Professional,Monthly,339.66,10.1,2026-05-10,2026-06-09
58930,18930,Business,Quarterly,920.63,13.9,2023-04-30,2023-07-29
58931,18931,Enterprise,Monthly,2171.78,20.3,2026-08-02,2026-09-01
58932,18932,Business,Annual,788.02,11.1,2022-04-24,2023-04-19
58933,18933,Professional,Monthly,382.29,17.9,2024-08-03,2024-09-02
58934,18934,Professional,Annual,417.57,18.5,2022-06-20,2023-06-15
58935,18935,Business,Monthly,963.68,12.7,2025-03-01,2025-03-31
58936,18936,Business,Monthly,845.68,16.5,2022-02-18,2022-03-20
58937,18937,Professional,Annual,343.52,0.0,2025-07-15,2026-07-10
58938,18938,Starter,Monthly,103.62,7.1,2024-10-26,2024-11-25
58939,18939,Professional,Monthly,377.99,9.6,2022-10-01,2022-10-31
58940,18940,Business,Annual,788.73,11.0,2026-09-18,2027-09-13
58941,18941,Professional,Monthly,381.23,15.6,2026-04-05,2026-05-05
58942,18942,Business,Monthly,948.65,5.3,2021-12-19,2022-01-18
58943,18943,Professional,Annual,405.28,0.5,2022-03-02,2023-02-25
58944,18944,Starter,Annual,125.03,9.9,2022-05-25,2023-05-20
58945,18945,Starter,Annual,136.86,1.8,2021-05-20,2022-05-15
58946,18946,Professional,Monthly,386.09,6.1,2021-09-09,2021-10-09
58947,18947,Starter,Annual,116.83,1.0,2022-10-31,2023-10-26
58948,18948,Enterprise,Monthly,1951.95,20.2,2021-11-13,2021-12-13
58949,18949,Starter,Annual,112.17,11.2,2026-07-03,2027-06-28
58950,18950,Professional,Monthly,400.96,6.5,2023-11-19,2023-12-19
58951,18951,Starter,Monthly,124.45,4.2,2022-06-25,2022-07-25
58952,18952,Starter,Annual,129.95,6.5,2024-01-29,2025-01-23
58953,18953,Starter,Annual,135.86,20.6,2024-09-05,2025-08-31
58954,18954,Business,Monthly,920.95,0.0,2022-07-24,2022-08-23
58955,18955,Professional,Monthly,402.37,8.0,2022-12-24,2023-01-23
58956,18956,Starter,Annual,105.63,11.4,2023-09-28,2024-09-22
58957,18957,Professional,Monthly,408.2,2.9,2022-03-26,2022-04-25
58958,18958,Professional,Monthly,397.05,3.5,2021-01-25,2021-02-24
58959,18959,Professional,Monthly,408.12,2.8,2026-01-14,2026-02-13
58960,18960,Starter,Monthly,132.7,10.7,2021-09-17,2021-10-17
58961,18961,Enterprise,Monthly,2081.28,13.9,2026-07-07,2026-08-06
58962,18962,Starter,Annual,106.78,16.8,2026-04-12,2027-04-07
58963,18963,Business,Monthly,761.07,7.4,2024-05-21,2024-06-20
58964,18964,Starter,Monthly,122.95,13.4,2022-03-28,2022-04-27
58965,18965,Professional,Monthly,345.39,17.2,2022-12-01,2022-12-31
58966,18966,Professional,Monthly,377.64,12.5,2025-04-01,2025-05-01
58967,18967,Professional,Monthly,359.15,10.5,2025-08-10,2025-09-09
58968,18968,Professional,Annual,312.85,5.6,2022-01-20,2023-01-15
58969,18969,Starter,Monthly,102.09,4.4,2022-09-05,2022-10-05
58970,18970,Professional,Annual,313.22,19.8,2024-12-12,2025-12-07
58971,18971,Starter,Quarterly,108.16,8.1,2022-07-11,2022-10-09
58972,18972,Business,Quarterly,936.68,9.4,2021-12-16,2022-03-16
58973,18973,Business,Monthly,807.37,27.8,2022-01-25,2022-02-24
58974,18974,Professional,Monthly,308.97,8.1,2024-02-17,2024-03-18
58975,18975,Professional,Monthly,390.03,7.5,2023-01-16,2023-02-15
58976,18976,Starter,Quarterly,141.5,11.5,2026-08-18,2026-11-16
58977,18977,Professional,Monthly,309.81,0.0,2025-09-27,2025-10-27
58978,18978,Starter,Quarterly,142.45,6.3,2025-10-29,2026-01-27
58979,18979,Starter,Annual,141.91,5.4,2021-01-27,2022-01-22
58980,18980,Starter,Quarterly,123.97,4.7,2021-10-17,2022-01-15
58981,18981,Business,Monthly,810.49,19.4,2021-01-28,2021-02-27
58982,18982,Enterprise,Monthly,1976.33,4.4,2025-11-05,2025-12-05
58983,18983,Business,Annual,967.6,5.1,2021-04-18,2022-04-13
58984,18984,Enterprise,Monthly,2335.65,9.3,2023-06-10,2023-07-10
58985,18985,Business,Monthly,916.26,4.5,2021-07-22,2021-08-21
58986,18986,Starter,Monthly,138.16,7.9,2023-02-16,2023-03-18
58987,18987,Professional,Quarterly,351.88,7.2,2023-09-17,2023-12-16
58988,18988,Business,Monthly,832.01,7.8,2026-04-10,2026-05-10
58989,18989,Professional,Monthly,390.88,0.4,2026-04-18,2026-05-18
58990,18990,Professional,Quarterly,333.91,14.8,2026-05-05,2026-08-03
58991,18991,Professional,Quarterly,337.67,12.4,2022-03-14,2022-06-12
58992,18992,Professional,Annual,344.18,7.7,2023-11-01,2024-10-26
58993,18993,Starter,Annual,137.97,11.5,2023-04-17,2024-04-11
58994,18994,Professional,Monthly,392.94,6.8,2022-08-30,2022-09-29
58995,18995,Starter,Monthly,114.24,9.3,2022-10-04,2022-11-03
58996,18996,Starter,Monthly,108.03,0.0,2025-12-14,2026-01-13
58997,18997,Enterprise,Annual,2172.45,13.4,2022-10-05,2023-09-30
58998,18998,Professional,Monthly,374.01,2.6,2022-12-04,2023-01-03
58999,18999,Business,Monthly,923.68,8.8,2025-09-19,2025-10-19
59000,19000,Business,Monthly,782.13,12.2,2023-04-29,2023-05-29
59001,19001,Professional,Monthly,328.05,22.5,2025-01-02,2025-02-01
59002,19002,Business,Monthly,999.21,16.1,2026-02-10,2026-03-12
59003,19003,Starter,Monthly,118.17,0.0,2022-05-26,2022-06-25
59004,19004,Business,Monthly,815.96,5.4,2024-01-01,2024-01-31
59005,19005,Business,Quarterly,929.47,8.2,2023-01-03,2023-04-03
59006,19006,Enterprise,Annual,2230.27,7.5,2024-05-22,2025-05-17
59007,19007,Business,Monthly,795.92,0.0,2025-01-20,2025-02-19
59008,19008,Professional,Quarterly,347.64,15.7,2026-07-04,2026-10-02
59009,19009,Business,Monthly,765.4,12.5,2025-03-14,2025-04-13
59010,19010,Professional,Monthly,331.75,5.4,2022-10-24,2022-11-23
59011,19011,Starter,Monthly,119.58,6.0,2024-04-16,2024-05-16
59012,19012,Business,Monthly,876.6,10.3,2021-04-14,2021-05-14
59013,19013,Enterprise,Annual,2441.08,15.9,2022-08-01,2023-07-27
59014,19014,Starter,Quarterly,118.17,12.8,2023-12-18,2024-03-17
59015,19015,Enterprise,Annual,2290.19,5.5,2023-03-30,2024-03-24
59016,19016,Professional,Monthly,414.0,8.2,2021-03-20,2021-04-19
59017,19017,Starter,Annual,136.37,13.8,2026-01-22,2027-01-17
59018,19018,Professional,Monthly,326.53,12.0,2026-03-05,2026-04-04
59019,19019,Business,Annual,786.01,2.0,2022-07-13,2023-07-08
59020,19020,Professional,Monthly,378.68,3.8,2025-09-03,2025-10-03
59021,19021,Business,Annual,899.61,17.0,2025-06-08,2026-06-03
59022,19022,Business,Monthly,885.19,16.6,2026-01-28,2026-02-27
59023,19023,Business,Monthly,768.37,13.7,2021-03-11,2021-04-10
59024,19024,Starter,Annual,117.23,15.0,2024-04-04,2025-03-30
59025,19025,Professional,Monthly,390.52,0.0,2023-12-18,2024-01-17
59026,19026,Starter,Monthly,132.39,0.0,2025-01-14,2025-02-13
59027,19027,Professional,Annual,317.73,5.6,2021-09-02,2022-08-28
59028,19028,Enterprise,Monthly,2198.68,15.7,2022-11-15,2022-12-15
59029,19029,Starter,Monthly,120.59,8.4,2025-12-05,2026-01-04
59030,19030,Professional,Annual,359.8,7.8,2025-05-21,2026-05-16
59031,19031,Enterprise,Annual,2225.09,29.5,2021-03-12,2022-03-07
59032,19032,Business,Monthly,871.76,11.5,2026-03-04,2026-04-03
59033,19033,Starter,Annual,136.15,8.6,2024-06-16,2025-06-11
59034,19034,Professional,Monthly,345.21,7.0,2024-05-16,2024-06-15
59035,19035,Enterprise,Annual,2295.06,14.1,2022-12-23,2023-12-18
59036,19036,Professional,Monthly,371.83,12.8,2021-10-29,2021-11-28
59037,19037,Professional,Quarterly,412.93,10.4,2024-12-24,2025-03-24
59038,19038,Business,Monthly,917.28,2.3,2024-10-03,2024-11-02
59039,19039,Business,Annual,761.38,13.2,2026-03-31,2027-03-26
59040,19040,Professional,Monthly,368.85,4.9,2024-11-30,2024-12-30
59041,19041,Starter,Annual,129.8,3.8,2026-04-10,2027-04-05
59042,19042,Business,Quarterly,725.33,9.1,2023-08-10,2023-11-08
59043,19043,Enterprise,Annual,1927.99,13.1,2021-09-13,2022-09-08
59044,19044,Enterprise,Quarterly,1884.63,13.0,2023-08-12,2023-11-10
59045,19045,Professional,Annual,303.41,29.1,2024-03-14,2025-03-09
59046,19046,Professional,Annual,308.48,13.1,2025-08-27,2026-08-22
59047,19047,Professional,Monthly,414.83,7.2,2025-03-28,2025-04-27
59048,19048,Starter,Quarterly,110.68,5.4,2021-12-26,2022-03-26
59049,19049,Business,Annual,783.36,8.1,2024-04-28,2025-04-23
59050,19050,Starter,Annual,138.01,7.4,2024-02-28,2025-02-22
59051,19051,Starter,Monthly,133.62,21.3,2023-05-11,2023-06-10
59052,19052,Business,Monthly,923.56,3.5,2023-09-17,2023-10-17
59053,19053,Business,Quarterly,847.97,7.1,2022-04-29,2022-07-28
59054,19054,Business,Annual,731.78,21.8,2024-12-03,2025-11-28
59055,19055,Business,Monthly,968.4,16.3,2021-12-07,2022-01-06
59056,19056,Professional,Monthly,402.95,5.8,2026-04-03,2026-05-03
59057,19057,Starter,Annual,122.24,22.9,2024-04-13,2025-04-08
59058,19058,Enterprise,Monthly,2366.56,0.0,2025-01-07,2025-02-06
59059,19059,Business,Quarterly,864.6,8.5,2021-07-20,2021-10-18
59060,19060,Professional,Annual,333.78,9.2,2023-01-13,2024-01-08
59061,19061,Professional,Annual,363.69,13.6,2021-04-08,2022-04-03
59062,19062,Professional,Annual,381.85,4.3,2025-04-26,2026-04-21
59063,19063,Professional,Quarterly,316.43,5.5,2024-07-15,2024-10-13
59064,19064,Business,Monthly,880.39,7.3,2023-04-19,2023-05-19
59065,19065,Starter,Monthly,134.59,7.6,2021-12-18,2022-01-17
59066,19066,Professional,Annual,355.76,25.4,2024-07-25,2025-07-20
59067,19067,Professional,Monthly,316.72,20.8,2026-06-01,2026-07-01
59068,19068,Enterprise,Monthly,2539.69,1.8,2022-04-01,2022-05-01
59069,19069,Professional,Annual,380.05,9.1,2025-10-24,2026-10-19
59070,19070,Business,Monthly,910.68,0.0,2024-03-03,2024-04-02
59071,19071,Professional,Annual,377.33,6.1,2021-09-15,2022-09-10
59072,19072,Starter,Monthly,112.29,8.2,2022-04-27,2022-05-27
59073,19073,Business,Monthly,868.96,4.3,2025-02-09,2025-03-11
59074,19074,Professional,Quarterly,337.43,2.0,2023-09-27,2023-12-26
59075,19075,Professional,Monthly,399.61,7.6,2022-09-27,2022-10-27
59076,19076,Business,Quarterly,897.66,1.7,2024-10-28,2025-01-26
59077,19077,Business,Annual,935.89,12.1,2024-08-15,2025-08-10
59078,19078,Business,Monthly,918.94,10.9,2023-12-12,2024-01-11
59079,19079,Business,Annual,866.41,0.0,2024-11-03,2025-10-29
59080,19080,Starter,Annual,135.8,12.5,2026-06-01,2027-05-27
59081,19081,Business,Monthly,905.57,2.4,2026-09-14,2026-10-14
59082,19082,Professional,Monthly,325.28,10.2,2022-10-10,2022-11-09
59083,19083,Starter,Annual,114.21,1.8,2023-10-08,2024-10-02
59084,19084,Starter,Monthly,136.73,18.5,2025-05-31,2025-06-30
59085,19085,Business,Monthly,1002.52,11.1,2022-05-08,2022-06-07
59086,19086,Starter,Monthly,125.02,13.2,2022-05-06,2022-06-05
59087,19087,Professional,Annual,344.73,0.0,2025-06-09,2026-06-04
59088,19088,Professional,Monthly,374.06,9.0,2024-01-31,2024-03-01
59089,19089,Business,Monthly,866.34,15.2,2025-12-24,2026-01-23
59090,19090,Professional,Monthly,400.61,28.7,2023-06-06,2023-07-06
59091,19091,Business,Monthly,970.32,16.5,2026-06-08,2026-07-08
59092,19092,Enterprise,Monthly,2221.24,19.4,2022-05-09,2022-06-08
59093,19093,Business,Quarterly,961.86,14.5,2023-01-29,2023-04-29
59094,19094,Starter,Annual,110.1,2.1,2025-08-11,2026-08-06
59095,19095,Enterprise,Monthly,2157.91,8.9,2022-09-25,2022-10-25
59096,19096,Starter,Monthly,105.34,21.2,2021-11-26,2021-12-26
59097,19097,Business,Annual,962.82,9.7,2026-04-08,2027-04-03
59098,19098,Business,Quarterly,1012.63,17.9,2024-09-12,2024-12-11
59099,19099,Professional,Quarterly,368.15,6.4,2021-01-10,2021-04-10
59100,19100,Business,Quarterly,950.53,7.2,2023-09-12,2023-12-11
59101,19101,Enterprise,Annual,2179.23,0.0,2022-10-31,2023-10-26
59102,19102,Enterprise,Monthly,2302.4,21.9,2023-11-05,2023-12-05
59103,19103,Professional,Annual,340.05,2.4,2022-03-18,2023-03-13
59104,19104,Enterprise,Annual,2406.57,8.9,2025-05-01,2026-04-26
59105,19105,Starter,Monthly,112.34,7.1,2021-10-01,2021-10-31
59106,19106,Professional,Monthly,316.27,8.2,2022-09-10,2022-10-10
59107,19107,Business,Annual,989.82,1.2,2023-10-24,2024-10-18
59108,19108,Enterprise,Monthly,2535.5,2.4,2021-09-10,2021-10-10
59109,19109,Starter,Quarterly,137.07,5.3,2025-04-07,2025-07-06
59110,19110,Enterprise,Annual,2502.59,16.2,2022-03-24,2023-03-19
59111,19111,Enterprise,Monthly,2431.72,12.6,2022-04-14,2022-05-14
59112,19112,Enterprise,Monthly,2543.56,3.3,2024-03-05,2024-04-04
59113,19113,Starter,Monthly,110.83,27.4,2021-03-11,2021-04-10
59114,19114,Business,Monthly,981.44,5.7,2022-04-26,2022-05-26
59115,19115,Professional,Monthly,409.93,0.0,2022-05-05,2022-06-04
59116,19116,Starter,Monthly,132.07,3.3,2022-05-18,2022-06-17
59117,19117,Enterprise,Monthly,2331.5,12.4,2025-09-18,2025-10-18
59118,19118,Starter,Monthly,111.91,4.1,2021-04-27,2021-05-27
59119,19119,Professional,Monthly,403.6,16.5,2025-12-19,2026-01-18
59120,19120,Starter,Monthly,126.23,0.0,2023-07-08,2023-08-07
59121,19121,Professional,Monthly,372.31,14.7,2023-06-23,2023-07-23
59122,19122,Professional,Monthly,371.8,3.9,2022-03-04,2022-04-03
59123,19123,Enterprise,Monthly,2537.42,17.8,2022-05-09,2022-06-08
59124,19124,Enterprise,Quarterly,1975.47,2.1,2026-01-25,2026-04-25
59125,19125,Professional,Monthly,305.05,12.3,2021-03-21,2021-04-20
59126,19126,Professional,Monthly,324.94,16.9,2023-11-12,2023-12-12
59127,19127,Starter,Monthly,122.65,3.8,2022-08-18,2022-09-17
59128,19128,Professional,Annual,355.0,6.5,2024-09-09,2025-09-04
59129,19129,Enterprise,Monthly,2264.26,4.4,2025-03-21,2025-04-20
59130,19130,Starter,Annual,106.8,14.6,2022-09-18,2023-09-13
59131,19131,Starter,Monthly,135.3,15.7,2021-10-11,2021-11-10
59132,19132,Business,Monthly,812.38,0.0,2026-02-20,2026-03-22
59133,19133,Professional,Monthly,409.37,10.9,2024-04-26,2024-05-26
59134,19134,Professional,Quarterly,400.4,8.7,2026-08-29,2026-11-27
59135,19135,Business,Monthly,741.38,9.7,2023-02-02,2023-03-04
59136,19136,Starter,Annual,104.25,17.7,2023-04-18,2024-04-12
59137,19137,Business,Annual,909.62,12.1,2026-07-09,2027-07-04
59138,19138,Professional,Quarterly,306.97,3.0,2026-07-09,2026-10-07
59139,19139,Business,Annual,892.62,9.6,2023-11-27,2024-11-21
59140,19140,Professional,Monthly,307.2,22.7,2025-06-10,2025-07-10
59141,19141,Starter,Monthly,122.13,12.8,2021-03-13,2021-04-12
59142,19142,Professional,Annual,348.84,1.4,2022-10-15,2023-10-10
59143,19143,Starter,Quarterly,126.82,3.8,2021-03-05,2021-06-03
59144,19144,Starter,Quarterly,116.96,11.8,2021-01-30,2021-04-30
59145,19145,Professional,Monthly,314.66,4.1,2022-07-11,2022-08-10
59146,19146,Professional,Monthly,400.66,2.4,2025-10-21,2025-11-20
59147,19147,Business,Monthly,811.54,11.7,2021-10-04,2021-11-03
59148,19148,Professional,Monthly,305.76,17.5,2024-05-01,2024-05-31
59149,19149,Professional,Monthly,358.82,4.4,2022-11-01,2022-12-01
59150,19150,Professional,Monthly,405.02,2.5,2021-01-26,2021-02-25
59151,19151,Enterprise,Monthly,2086.15,6.4,2021-10-03,2021-11-02
59152,19152,Starter,Quarterly,120.93,10.1,2024-06-20,2024-09-18
59153,19153,Business,Monthly,842.26,15.0,2021-01-09,2021-02-08
59154,19154,Professional,Monthly,303.43,15.5,2025-12-01,2025-12-31
59155,19155,Professional,Monthly,403.87,5.8,2021-02-01,2021-03-03
59156,19156,Business,Monthly,948.27,11.4,2023-05-02,2023-06-01
59157,19157,Business,Annual,750.99,0.0,2022-08-28,2023-08-23
59158,19158,Business,Monthly,761.82,7.6,2025-11-08,2025-12-08
59159,19159,Business,Annual,725.65,3.5,2026-08-27,2027-08-22
59160,19160,Professional,Annual,418.25,0.0,2025-12-13,2026-12-08
59161,19161,Professional,Annual,348.48,18.0,2021-02-11,2022-02-06
59162,19162,Professional,Annual,411.47,1.2,2025-12-07,2026-12-02
59163,19163,Starter,Annual,119.65,17.1,2026-10-01,2027-09-26
59164,19164,Professional,Monthly,310.22,24.3,2026-05-22,2026-06-21
59165,19165,Professional,Annual,339.56,2.6,2022-02-13,2023-02-08
59166,19166,Professional,Monthly,348.73,9.8,2026-03-08,2026-04-07
59167,19167,Professional,Monthly,319.14,11.7,2021-12-10,2022-01-09
59168,19168,Enterprise,Monthly,1911.2,18.4,2025-09-15,2025-10-15
59169,19169,Professional,Monthly,336.27,14.5,2021-01-28,2021-02-27
59170,19170,Business,Quarterly,882.94,10.4,2022-09-26,2022-12-25
59171,19171,Professional,Annual,328.78,9.9,2021-07-31,2022-07-26
59172,19172,Business,Monthly,1007.71,4.0,2022-11-19,2022-12-19
59173,19173,Starter,Monthly,122.22,16.6,2025-02-12,2025-03-14
59174,19174,Starter,Monthly,107.47,14.5,2021-03-13,2021-04-12
59175,19175,Professional,Monthly,348.15,17.0,2024-02-11,2024-03-12
59176,19176,Business,Monthly,933.04,8.5,2024-11-21,2024-12-21
59177,19177,Business,Monthly,867.43,12.6,2021-08-20,2021-09-19
59178,19178,Professional,Quarterly,338.08,15.1,2021-02-12,2021-05-13
59179,19179,Starter,Monthly,106.46,1.5,2021-09-22,2021-10-22
59180,19180,Business,Monthly,859.22,19.1,2026-01-06,2026-02-05
59181,19181,Enterprise,Annual,1944.99,14.7,2021-02-15,2022-02-10
59182,19182,Starter,Monthly,117.58,0.7,2026-05-30,2026-06-29
59183,19183,Business,Quarterly,757.08,1.2,2025-08-03,2025-11-01
59184,19184,Starter,Monthly,130.4,12.0,2024-06-23,2024-07-23
59185,19185,Enterprise,Quarterly,2464.9,25.8,2022-12-28,2023-03-28
59186,19186,Professional,Monthly,327.33,9.4,2023-10-10,2023-11-09
59187,19187,Starter,Quarterly,105.14,16.0,2022-05-09,2022-08-07
59188,19188,Starter,Quarterly,116.58,8.3,2022-12-08,2023-03-08
59189,19189,Business,Quarterly,889.26,10.5,2026-09-03,2026-12-02
59190,19190,Professional,Monthly,391.57,16.9,2026-06-29,2026-07-29
59191,19191,Professional,Quarterly,346.85,18.3,2023-01-08,2023-04-08
59192,19192,Professional,Annual,342.33,4.8,2024-06-05,2025-05-31
59193,19193,Professional,Monthly,408.77,8.8,2022-06-27,2022-07-27
59194,19194,Business,Annual,856.28,4.0,2025-11-22,2026-11-17
59195,19195,Enterprise,Monthly,2214.36,12.5,2024-02-04,2024-03-05
59196,19196,Professional,Monthly,347.72,11.3,2024-12-31,2025-01-30
59197,19197,Professional,Quarterly,341.99,3.3,2023-10-23,2024-01-21
59198,19198,Starter,Quarterly,132.6,10.0,2024-12-31,2025-03-31
59199,19199,Professional,Quarterly,332.02,17.3,2025-01-04,2025-04-04
59200,19200,Business,Annual,835.19,11.7,2024-05-30,2025-05-25
59201,19201,Professional,Annual,332.08,3.3,2023-11-15,2024-11-09
59202,19202,Professional,Annual,367.36,12.2,2023-11-25,2024-11-19
59203,19203,Business,Monthly,1008.22,6.5,2023-08-30,2023-09-29
59204,19204,Starter,Monthly,118.39,11.3,2023-09-15,2023-10-15
59205,19205,Business,Monthly,1010.54,0.0,2024-10-21,2024-11-20
59206,19206,Starter,Quarterly,129.58,14.6,2024-09-21,2024-12-20
59207,19207,Starter,Monthly,135.41,16.5,2023-06-18,2023-07-18
59208,19208,Professional,Annual,338.29,0.6,2025-12-19,2026-12-14
59209,19209,Business,Quarterly,789.27,12.0,2025-02-11,2025-05-12
59210,19210,Enterprise,Monthly,2314.14,4.2,2026-01-04,2026-02-03
59211,19211,Business,Quarterly,1017.25,15.5,2021-12-09,2022-03-09
59212,19212,Professional,Monthly,384.5,13.0,2024-06-02,2024-07-02
59213,19213,Professional,Monthly,381.0,18.2,2026-09-26,2026-10-26
59214,19214,Professional,Quarterly,352.64,19.2,2024-04-23,2024-07-22
59215,19215,Enterprise,Monthly,2547.2,7.7,2023-07-04,2023-08-03
59216,19216,Enterprise,Annual,2406.67,10.8,2025-07-25,2026-07-20
59217,19217,Business,Monthly,923.28,22.6,2021-10-22,2021-11-21
59218,19218,Professional,Quarterly,333.34,0.0,2025-05-30,2025-08-28
59219,19219,Professional,Quarterly,414.82,1.3,2026-06-03,2026-09-01
59220,19220,Starter,Annual,112.52,16.9,2024-07-05,2025-06-30
59221,19221,Professional,Annual,361.65,3.3,2022-07-11,2023-07-06
59222,19222,Professional,Monthly,339.1,21.4,2026-07-16,2026-08-15
59223,19223,Starter,Annual,109.59,4.0,2021-11-05,2022-10-31
59224,19224,Professional,Monthly,315.15,14.1,2025-07-31,2025-08-30
59225,19225,Professional,Annual,333.38,11.8,2024-02-27,2025-02-21
59226,19226,Professional,Annual,381.9,9.2,2024-03-30,2025-03-25
59227,19227,Starter,Annual,142.94,12.7,2025-11-30,2026-11-25
59228,19228,Professional,Monthly,402.03,11.7,2023-08-31,2023-09-30
59229,19229,Business,Monthly,787.36,13.9,2023-07-27,2023-08-26
59230,19230,Enterprise,Monthly,1930.38,20.6,2024-07-15,2024-08-14
59231,19231,Starter,Monthly,130.84,14.9,2021-08-06,2021-09-05
59232,19232,Business,Quarterly,731.44,17.9,2021-06-13,2021-09-11
59233,19233,Starter,Monthly,138.08,7.9,2025-09-11,2025-10-11
59234,19234,Starter,Monthly,136.67,0.0,2024-12-11,2025-01-10
59235,19235,Starter,Annual,135.34,3.5,2026-09-27,2027-09-22
59236,19236,Professional,Annual,365.17,21.6,2024-05-02,2025-04-27
59237,19237,Business,Annual,1012.13,23.4,2023-03-12,2024-03-06
59238,19238,Business,Monthly,858.86,2.2,2025-08-18,2025-09-17
59239,19239,Professional,Monthly,418.35,4.6,2021-08-22,2021-09-21
59240,19240,Professional,Monthly,405.53,7.8,2026-02-20,2026-03-22
59241,19241,Starter,Quarterly,107.31,10.0,2023-08-20,2023-11-18
59242,19242,Professional,Annual,407.12,19.1,2023-06-25,2024-06-19
59243,19243,Starter,Quarterly,114.8,16.8,2023-10-11,2024-01-09
59244,19244,Starter,Quarterly,134.27,2.0,2023-11-12,2024-02-10
59245,19245,Starter,Annual,102.01,1.7,2026-06-19,2027-06-14
59246,19246,Business,Monthly,804.56,0.2,2022-01-21,2022-02-20
59247,19247,Starter,Monthly,133.85,4.0,2026-07-18,2026-08-17
59248,19248,Professional,Monthly,416.61,0.5,2021-12-30,2022-01-29
59249,19249,Starter,Quarterly,109.18,15.5,2024-11-08,2025-02-06
59250,19250,Business,Annual,859.17,1.0,2021-07-27,2022-07-22
59251,19251,Starter,Annual,126.66,11.7,2021-10-02,2022-09-27
59252,19252,Starter,Monthly,142.01,0.6,2025-10-19,2025-11-18
59253,19253,Professional,Monthly,353.03,30.6,2022-05-11,2022-06-10
59254,19254,Enterprise,Monthly,2588.82,13.4,2023-06-21,2023-07-21
59255,19255,Business,Annual,1013.51,16.2,2025-10-16,2026-10-11
59256,19256,Professional,Monthly,412.85,7.6,2022-04-05,2022-05-05
59257,19257,Starter,Annual,133.45,15.0,2022-01-29,2023-01-24
59258,19258,Starter,Monthly,107.3,7.3,2023-07-06,2023-08-05
59259,19259,Business,Annual,901.72,22.1,2021-06-13,2022-06-08
59260,19260,Business,Annual,946.67,2.6,2022-10-01,2023-09-26
59261,19261,Professional,Annual,414.48,9.8,2022-07-24,2023-07-19
59262,19262,Professional,Annual,392.8,8.4,2023-08-18,2024-08-12
59263,19263,Business,Monthly,882.83,0.7,2023-02-07,2023-03-09
59264,19264,Professional,Annual,322.63,16.9,2022-01-29,2023-01-24
59265,19265,Professional,Quarterly,353.49,3.4,2024-04-20,2024-07-19
59266,19266,Starter,Annual,128.81,0.0,2025-05-16,2026-05-11
59267,19267,Starter,Monthly,115.63,14.7,2022-03-19,2022-04-18
59268,19268,Professional,Monthly,353.42,0.0,2023-01-17,2023-02-16
59269,19269,Business,Annual,727.66,14.5,2026-02-10,2027-02-05
59270,19270,Business,Monthly,984.01,17.4,2025-12-05,2026-01-04
59271,19271,Business,Annual,732.84,2.4,2022-05-20,2023-05-15
59272,19272,Enterprise,Monthly,2185.15,15.0,2022-12-21,2023-01-20
59273,19273,Professional,Monthly,360.09,2.5,2026-06-11,2026-07-11
59274,19274,Starter,Quarterly,142.84,7.3,2025-08-05,2025-11-03
59275,19275,Starter,Annual,141.28,9.9,2026-09-01,2027-08-27
59276,19276,Enterprise,Quarterly,2367.7,1.3,2023-05-25,2023-08-23
59277,19277,Professional,Annual,369.05,1.6,2022-09-26,2023-09-21
59278,19278,Business,Monthly,831.55,18.1,2021-10-09,2021-11-08
59279,19279,Professional,Monthly,302.53,0.0,2024-12-14,2025-01-13
59280,19280,Professional,Monthly,330.29,7.6,2024-08-17,2024-09-16
59281,19281,Starter,Monthly,137.6,11.7,2023-10-06,2023-11-05
59282,19282,Business,Monthly,915.36,13.5,2024-02-14,2024-03-15
59283,19283,Starter,Monthly,136.21,19.9,2022-02-08,2022-03-10
59284,19284,Enterprise,Monthly,2514.47,15.4,2022-11-27,2022-12-27
59285,19285,Starter,Annual,104.61,11.9,2023-06-27,2024-06-21
59286,19286,Starter,Annual,116.16,9.0,2026-04-11,2027-04-06
59287,19287,Starter,Monthly,130.39,7.3,2021-05-01,2021-05-31
59288,19288,Business,Monthly,976.29,7.8,2025-11-02,2025-12-02
59289,19289,Starter,Monthly,135.66,8.3,2025-08-05,2025-09-04
59290,19290,Professional,Monthly,349.21,12.9,2022-01-26,2022-02-25
59291,19291,Starter,Monthly,141.15,6.7,2023-04-21,2023-05-21
59292,19292,Starter,Monthly,114.63,15.6,2025-01-29,2025-02-28
59293,19293,Professional,Monthly,343.53,11.5,2024-06-19,2024-07-19
59294,19294,Enterprise,Annual,2009.69,2.5,2025-01-05,2025-12-31
59295,19295,Business,Monthly,790.01,10.1,2026-01-31,2026-03-02
59296,19296,Starter,Monthly,102.37,9.7,2022-02-08,2022-03-10
59297,19297,Business,Monthly,814.28,8.0,2026-01-24,2026-02-23
59298,19298,Professional,Monthly,335.05,12.7,2022-02-17,2022-03-19
59299,19299,Starter,Monthly,104.83,0.0,2025-03-18,2025-04-17
59300,19300,Professional,Monthly,339.21,7.4,2021-06-03,2021-07-03
59301,19301,Starter,Monthly,114.66,9.1,2021-08-05,2021-09-04
59302,19302,Business,Monthly,960.22,6.5,2023-10-22,2023-11-21
59303,19303,Professional,Monthly,316.64,11.8,2023-03-10,2023-04-09
59304,19304,Starter,Monthly,132.45,7.3,2023-03-17,2023-04-16
59305,19305,Professional,Annual,313.42,7.4,2023-08-01,2024-07-26
59306,19306,Professional,Monthly,358.29,9.4,2024-06-25,2024-07-25
59307,19307,Professional,Annual,387.71,3.8,2022-03-10,2023-03-05
59308,19308,Professional,Monthly,371.79,1.5,2022-03-05,2022-04-04
59309,19309,Professional,Monthly,376.62,23.4,2024-04-02,2024-05-02
59310,19310,Professional,Monthly,322.78,6.5,2025-02-27,2025-03-29
59311,19311,Business,Monthly,968.65,9.0,2021-06-11,2021-07-11
59312,19312,Enterprise,Annual,2603.13,18.1,2026-06-19,2027-06-14
59313,19313,Starter,Monthly,108.48,12.1,2026-02-19,2026-03-21
59314,19314,Professional,Monthly,406.31,4.9,2023-06-19,2023-07-19
59315,19315,Business,Annual,840.81,0.0,2025-10-09,2026-10-04
59316,19316,Starter,Monthly,131.35,0.0,2024-09-04,2024-10-04
59317,19317,Enterprise,Monthly,2260.17,3.1,2024-03-01,2024-03-31
59318,19318,Starter,Annual,135.32,6.6,2022-01-29,2023-01-24
59319,19319,Business,Monthly,735.97,14.1,2025-09-25,2025-10-25
59320,19320,Business,Annual,818.8,3.6,2022-12-23,2023-12-18
59321,19321,Professional,Monthly,303.32,3.5,2024-10-27,2024-11-26
59322,19322,Business,Quarterly,1002.66,17.7,2026-08-03,2026-11-01
59323,19323,Enterprise,Annual,2001.02,22.3,2026-09-10,2027-09-05
59324,19324,Enterprise,Annual,2196.92,13.3,2024-04-12,2025-04-07
59325,19325,Business,Annual,913.33,8.9,2025-09-30,2026-09-25
59326,19326,Professional,Quarterly,354.03,8.8,2024-01-25,2024-04-24
59327,19327,Business,Monthly,882.12,3.1,2023-10-14,2023-11-13
59328,19328,Business,Annual,783.2,16.8,2023-11-20,2024-11-14
59329,19329,Professional,Monthly,305.71,10.4,2021-06-10,2021-07-10
59330,19330,Enterprise,Annual,2068.19,3.2,2024-08-22,2025-08-17
59331,19331,Business,Annual,816.85,5.8,2025-07-05,2026-06-30
59332,19332,Professional,Annual,348.44,16.7,2024-03-07,2025-03-02
59333,19333,Professional,Monthly,333.75,4.3,2024-08-26,2024-09-25
59334,19334,Enterprise,Monthly,1897.57,5.3,2024-04-17,2024-05-17
59335,19335,Professional,Annual,309.09,28.3,2021-12-03,2022-11-28
59336,19336,Starter,Annual,130.3,4.1,2021-03-04,2022-02-27
59337,19337,Professional,Annual,305.24,12.1,2023-03-30,2024-03-24
59338,19338,Business,Annual,736.25,7.5,2024-11-16,2025-11-11
59339,19339,Professional,Quarterly,396.94,27.7,2024-06-25,2024-09-23
59340,19340,Business,Monthly,734.77,18.5,2024-07-11,2024-08-10
59341,19341,Starter,Annual,104.89,12.0,2023-04-29,2024-04-23
59342,19342,Business,Monthly,885.98,3.8,2021-12-27,2022-01-26
59343,19343,Starter,Monthly,120.6,3.7,2026-07-29,2026-08-28
59344,19344,Professional,Annual,415.65,21.7,2026-05-29,2027-05-24
59345,19345,Professional,Annual,412.26,0.1,2026-04-20,2027-04-15
59346,19346,Enterprise,Monthly,2378.37,13.7,2023-08-07,2023-09-06
59347,19347,Starter,Monthly,105.02,13.6,2025-03-10,2025-04-09
59348,19348,Starter,Annual,123.13,25.2,2026-01-25,2027-01-20
59349,19349,Starter,Annual,103.89,0.0,2026-01-11,2027-01-06
59350,19350,Starter,Monthly,140.13,13.6,2021-10-19,2021-11-18
59351,19351,Starter,Annual,129.72,13.9,2022-08-11,2023-08-06
59352,19352,Business,Quarterly,893.23,13.4,2023-03-29,2023-06-27
59353,19353,Professional,Monthly,349.92,12.0,2021-06-30,2021-07-30
59354,19354,Business,Annual,874.14,20.4,2022-01-09,2023-01-04
59355,19355,Starter,Quarterly,118.81,10.2,2026-02-03,2026-05-04
59356,19356,Business,Quarterly,752.14,5.3,2022-09-16,2022-12-15
59357,19357,Starter,Quarterly,129.76,0.0,2026-04-03,2026-07-02
59358,19358,Enterprise,Quarterly,2637.24,8.8,2023-05-13,2023-08-11
59359,19359,Business,Quarterly,755.97,6.5,2022-03-18,2022-06-16
59360,19360,Professional,Quarterly,419.29,16.5,2025-07-21,2025-10-19
59361,19361,Professional,Annual,407.7,0.5,2023-05-21,2024-05-15
59362,19362,Enterprise,Monthly,2558.52,25.4,2025-11-07,2025-12-07
59363,19363,Professional,Annual,399.33,10.0,2025-07-15,2026-07-10
59364,19364,Starter,Monthly,140.79,17.4,2026-03-12,2026-04-11
59365,19365,Professional,Monthly,327.69,16.8,2023-12-26,2024-01-25
59366,19366,Business,Annual,852.55,3.3,2022-04-28,2023-04-23
59367,19367,Enterprise,Monthly,2239.46,9.5,2021-11-05,2021-12-05
59368,19368,Professional,Quarterly,305.83,19.0,2025-01-23,2025-04-23
59369,19369,Starter,Annual,143.2,15.5,2022-08-16,2023-08-11
59370,19370,Business,Annual,927.61,12.1,2023-10-16,2024-10-10
59371,19371,Enterprise,Monthly,2217.71,13.7,2022-02-02,2022-03-04
59372,19372,Professional,Quarterly,419.05,5.7,2022-04-14,2022-07-13
59373,19373,Professional,Annual,330.84,0.0,2022-09-09,2023-09-04
59374,19374,Professional,Monthly,338.79,20.0,2021-04-07,2021-05-07
59375,19375,Starter,Monthly,110.02,5.6,2021-07-14,2021-08-13
59376,19376,Enterprise,Monthly,2013.61,2.0,2024-09-19,2024-10-19
59377,19377,Business,Monthly,778.57,22.0,2021-03-24,2021-04-23
59378,19378,Starter,Annual,127.66,11.8,2021-09-08,2022-09-03
59379,19379,Enterprise,Quarterly,2096.48,0.0,2023-12-30,2024-03-29
59380,19380,Enterprise,Monthly,2602.83,1.6,2024-08-08,2024-09-07
59381,19381,Professional,Monthly,397.55,11.1,2024-11-09,2024-12-09
59382,19382,Professional,Monthly,317.25,5.9,2025-01-21,2025-02-20
59383,19383,Starter,Quarterly,137.03,12.8,2024-01-04,2024-04-03
59384,19384,Starter,Annual,116.52,8.0,2021-04-10,2022-04-05
59385,19385,Professional,Annual,325.4,7.1,2024-04-13,2025-04-08
59386,19386,Starter,Annual,134.85,12.8,2023-01-03,2023-12-29
59387,19387,Business,Quarterly,977.46,0.7,2021-11-19,2022-02-17
59388,19388,Enterprise,Monthly,2609.55,0.2,2026-08-20,2026-09-19
59389,19389,Starter,Monthly,119.65,15.2,2025-03-20,2025-04-19
59390,19390,Starter,Annual,125.61,10.8,2024-06-15,2025-06-10
59391,19391,Starter,Monthly,127.83,19.0,2023-03-17,2023-04-16
59392,19392,Enterprise,Annual,2353.33,1.9,2023-06-27,2024-06-21
59393,19393,Business,Annual,842.14,10.6,2025-03-14,2026-03-09
59394,19394,Business,Annual,767.82,3.0,2026-08-04,2027-07-30
59395,19395,Business,Monthly,743.46,9.9,2021-05-10,2021-06-09
59396,19396,Starter,Quarterly,140.05,19.5,2025-05-03,2025-08-01
59397,19397,Starter,Annual,117.4,15.0,2022-07-18,2023-07-13
59398,19398,Professional,Quarterly,319.63,5.7,2024-09-15,2024-12-14
59399,19399,Professional,Annual,417.99,10.5,2021-05-29,2022-05-24
59400,19400,Professional,Annual,395.86,8.5,2024-12-03,2025-11-28
59401,19401,Starter,Monthly,143.21,4.1,2025-06-23,2025-07-23
59402,19402,Professional,Monthly,331.65,5.5,2025-11-19,2025-12-19
59403,19403,Business,Annual,860.32,4.4,2024-12-28,2025-12-23
59404,19404,Professional,Annual,396.56,16.9,2022-09-07,2023-09-02
59405,19405,Starter,Monthly,125.18,8.3,2025-12-30,2026-01-29
59406,19406,Starter,Annual,116.91,8.2,2021-08-28,2022-08-23
59407,19407,Starter,Quarterly,108.65,6.7,2023-07-02,2023-09-30
59408,19408,Professional,Quarterly,366.32,23.7,2024-08-06,2024-11-04
59409,19409,Starter,Monthly,127.13,0.0,2024-03-23,2024-04-22
59410,19410,Business,Monthly,936.92,5.8,2021-06-08,2021-07-08
59411,19411,Starter,Annual,135.2,9.6,2022-07-17,2023-07-12
59412,19412,Professional,Annual,311.97,9.0,2022-04-21,2023-04-16
59413,19413,Enterprise,Quarterly,2353.52,15.3,2022-07-02,2022-09-30
59414,19414,Starter,Annual,134.82,27.8,2023-11-03,2024-10-28
59415,19415,Professional,Monthly,345.15,0.0,2023-01-25,2023-02-24
59416,19416,Professional,Monthly,331.26,2.0,2023-01-05,2023-02-04
59417,19417,Professional,Annual,356.26,10.0,2021-08-10,2022-08-05
59418,19418,Professional,Monthly,335.49,13.0,2026-04-09,2026-05-09
59419,19419,Starter,Quarterly,123.41,1.9,2022-06-08,2022-09-06
59420,19420,Starter,Annual,114.96,12.0,2025-02-19,2026-02-14
59421,19421,Enterprise,Monthly,2195.48,5.0,2022-11-12,2022-12-12
59422,19422,Business,Monthly,994.75,13.2,2026-01-03,2026-02-02
59423,19423,Starter,Monthly,140.5,10.1,2022-09-10,2022-10-10
59424,19424,Professional,Annual,419.04,12.5,2023-05-11,2024-05-05
59425,19425,Starter,Annual,122.42,13.7,2026-09-20,2027-09-15
59426,19426,Starter,Monthly,109.06,14.6,2025-11-20,2025-12-20
59427,19427,Starter,Annual,139.34,0.0,2024-07-14,2025-07-09
59428,19428,Business,Annual,900.06,11.4,2022-01-28,2023-01-23
59429,19429,Professional,Monthly,389.1,17.0,2024-02-11,2024-03-12
59430,19430,Business,Monthly,770.87,12.8,2024-07-31,2024-08-30
59431,19431,Professional,Monthly,336.66,4.7,2025-12-19,2026-01-18
59432,19432,Business,Monthly,804.38,9.9,2021-02-04,2021-03-06
59433,19433,Starter,Quarterly,125.51,9.2,2024-10-11,2025-01-09
59434,19434,Professional,Monthly,419.65,9.4,2021-05-30,2021-06-29
59435,19435,Professional,Annual,372.51,8.2,2022-03-13,2023-03-08
59436,19436,Starter,Monthly,126.06,8.7,2022-03-26,2022-04-25
59437,19437,Business,Annual,948.33,14.0,2021-09-24,2022-09-19
59438,19438,Starter,Monthly,115.81,0.0,2025-06-21,2025-07-21
59439,19439,Enterprise,Monthly,2064.96,6.6,2021-11-05,2021-12-05
59440,19440,Business,Annual,971.82,4.4,2021-09-22,2022-09-17
59441,19441,Professional,Monthly,415.17,15.4,2022-05-07,2022-06-06
59442,19442,Enterprise,Annual,2194.48,7.8,2025-05-26,2026-05-21
59443,19443,Starter,Annual,103.73,6.8,2023-11-07,2024-11-01
59444,19444,Professional,Annual,319.45,7.7,2024-04-27,2025-04-22
59445,19445,Business,Monthly,977.45,6.3,2022-06-06,2022-07-06
59446,19446,Enterprise,Annual,1963.67,19.0,2024-04-04,2025-03-30
59447,19447,Starter,Monthly,134.05,9.1,2026-03-30,2026-04-29
59448,19448,Business,Annual,907.02,15.9,2025-04-24,2026-04-19
59449,19449,Professional,Quarterly,386.52,7.8,2026-07-28,2026-10-26
59450,19450,Business,Monthly,798.84,19.8,2024-09-30,2024-10-30
59451,19451,Starter,Annual,102.77,18.0,2026-03-14,2027-03-09
59452,19452,Professional,Quarterly,302.37,9.6,2021-02-03,2021-05-04
59453,19453,Starter,Annual,132.44,14.5,2025-02-22,2026-02-17
59454,19454,Professional,Quarterly,372.64,11.5,2021-08-21,2021-11-19
59455,19455,Business,Monthly,972.53,9.8,2025-06-11,2025-07-11
59456,19456,Professional,Monthly,346.41,7.9,2026-08-04,2026-09-03
59457,19457,Professional,Monthly,365.56,10.4,2024-05-01,2024-05-31
59458,19458,Professional,Monthly,393.48,10.0,2022-06-06,2022-07-06
59459,19459,Starter,Monthly,122.86,4.9,2022-09-29,2022-10-29
59460,19460,Professional,Quarterly,419.19,12.7,2021-12-07,2022-03-07
59461,19461,Starter,Monthly,133.2,1.8,2021-02-28,2021-03-30
59462,19462,Professional,Quarterly,381.21,11.3,2026-07-09,2026-10-07
59463,19463,Professional,Quarterly,395.69,4.2,2022-08-09,2022-11-07
59464,19464,Starter,Annual,134.64,19.6,2025-03-18,2026-03-13
59465,19465,Professional,Annual,324.41,15.2,2021-08-31,2022-08-26
59466,19466,Business,Annual,785.09,12.1,2021-08-16,2022-08-11
59467,19467,Professional,Monthly,371.74,14.3,2022-06-02,2022-07-02
59468,19468,Professional,Monthly,350.92,14.2,2024-03-14,2024-04-13
59469,19469,Professional,Monthly,404.27,14.6,2021-05-07,2021-06-06
59470,19470,Business,Annual,808.81,0.0,2021-12-01,2022-11-26
59471,19471,Professional,Quarterly,338.03,6.1,2023-01-28,2023-04-28
59472,19472,Professional,Monthly,317.87,5.6,2024-12-02,2025-01-01
59473,19473,Business,Annual,1014.57,4.9,2025-11-03,2026-10-29
59474,19474,Starter,Annual,106.87,21.3,2024-08-01,2025-07-27
59475,19475,Starter,Annual,143.28,9.8,2025-05-13,2026-05-08
59476,19476,Professional,Quarterly,384.03,17.0,2025-02-02,2025-05-03
59477,19477,Business,Quarterly,749.02,9.0,2026-07-24,2026-10-22
59478,19478,Starter,Quarterly,108.38,5.1,2021-09-22,2021-12-21
59479,19479,Starter,Quarterly,115.73,10.4,2022-11-13,2023-02-11
59480,19480,Starter,Monthly,112.93,7.2,2021-09-04,2021-10-04
59481,19481,Professional,Monthly,416.71,18.9,2022-02-28,2022-03-30
59482,19482,Business,Monthly,904.97,0.0,2023-12-19,2024-01-18
59483,19483,Enterprise,Annual,1927.28,15.8,2026-01-10,2027-01-05
59484,19484,Starter,Monthly,124.07,10.5,2023-04-13,2023-05-13
59485,19485,Starter,Annual,139.68,9.0,2025-01-21,2026-01-16
59486,19486,Business,Annual,846.31,9.1,2021-01-11,2022-01-06
59487,19487,Starter,Annual,129.98,12.8,2026-06-30,2027-06-25
59488,19488,Professional,Monthly,392.22,9.1,2023-10-26,2023-11-25
59489,19489,Starter,Monthly,109.77,16.7,2025-10-07,2025-11-06
59490,19490,Starter,Monthly,137.93,0.0,2023-08-03,2023-09-02
59491,19491,Professional,Quarterly,352.48,6.3,2022-03-11,2022-06-09
59492,19492,Professional,Monthly,304.44,4.0,2025-10-26,2025-11-25
59493,19493,Professional,Monthly,405.17,0.0,2023-12-04,2024-01-03
59494,19494,Professional,Annual,366.63,11.7,2021-09-25,2022-09-20
59495,19495,Professional,Quarterly,321.79,19.9,2022-01-17,2022-04-17
59496,19496,Business,Annual,816.94,12.9,2025-12-27,2026-12-22
59497,19497,Business,Annual,891.89,7.6,2022-05-30,2023-05-25
59498,19498,Starter,Annual,117.72,15.6,2025-10-10,2026-10-05
59499,19499,Professional,Monthly,326.09,13.7,2023-07-19,2023-08-18
59500,19500,Business,Monthly,865.09,3.5,2025-06-26,2025-07-26
59501,19501,Business,Monthly,777.55,5.7,2024-12-19,2025-01-18
59502,19502,Starter,Monthly,112.31,22.8,2021-07-18,2021-08-17
59503,19503,Professional,Monthly,398.77,19.1,2026-08-18,2026-09-17
59504,19504,Professional,Annual,325.5,12.9,2026-04-11,2027-04-06
59505,19505,Business,Annual,929.37,16.1,2025-11-16,2026-11-11
59506,19506,Professional,Monthly,328.18,18.3,2023-03-16,2023-04-15
59507,19507,Starter,Annual,110.92,18.7,2026-05-29,2027-05-24
59508,19508,Business,Monthly,797.22,16.3,2021-11-23,2021-12-23
59509,19509,Professional,Monthly,354.87,4.7,2025-09-10,2025-10-10
59510,19510,Starter,Annual,108.14,11.4,2025-06-06,2026-06-01
59511,19511,Enterprise,Quarterly,1952.09,16.5,2025-07-06,2025-10-04
59512,19512,Starter,Annual,133.78,11.4,2025-04-19,2026-04-14
59513,19513,Starter,Annual,102.98,9.3,2023-11-17,2024-11-11
59514,19514,Business,Monthly,837.18,6.8,2023-07-19,2023-08-18
59515,19515,Professional,Annual,346.01,0.0,2022-06-14,2023-06-09
59516,19516,Professional,Monthly,406.9,5.6,2024-06-10,2024-07-10
59517,19517,Professional,Monthly,392.38,1.4,2024-11-20,2024-12-20
59518,19518,Starter,Monthly,123.45,11.9,2026-06-29,2026-07-29
59519,19519,Starter,Annual,122.15,6.2,2024-08-23,2025-08-18
59520,19520,Starter,Annual,125.76,9.9,2022-02-28,2023-02-23
59521,19521,Starter,Annual,117.03,11.7,2021-05-30,2022-05-25
59522,19522,Business,Monthly,930.98,12.2,2025-02-22,2025-03-24
59523,19523,Enterprise,Monthly,2398.27,6.6,2023-12-07,2024-01-06
59524,19524,Professional,Monthly,367.9,7.4,2021-05-19,2021-06-18
59525,19525,Starter,Quarterly,104.42,10.5,2026-02-14,2026-05-15
59526,19526,Starter,Monthly,107.33,10.5,2026-08-24,2026-09-23
59527,19527,Professional,Monthly,302.31,15.7,2026-06-19,2026-07-19
59528,19528,Business,Monthly,936.26,10.7,2025-11-07,2025-12-07
59529,19529,Business,Monthly,864.59,2.6,2026-03-29,2026-04-28
59530,19530,Starter,Monthly,142.11,6.5,2025-03-23,2025-04-22
59531,19531,Starter,Monthly,142.0,5.0,2025-04-24,2025-05-24
59532,19532,Starter,Annual,135.52,7.4,2021-07-04,2022-06-29
59533,19533,Business,Annual,854.31,13.8,2024-02-13,2025-02-07
59534,19534,Professional,Annual,336.25,14.7,2025-05-20,2026-05-15
59535,19535,Professional,Annual,322.12,11.4,2023-01-13,2024-01-08
59536,19536,Enterprise,Monthly,2049.02,0.5,2021-03-27,2021-04-26
59537,19537,Enterprise,Monthly,2632.55,5.3,2021-05-18,2021-06-17
59538,19538,Professional,Monthly,362.47,7.2,2021-03-18,2021-04-17
59539,19539,Starter,Monthly,102.51,14.0,2026-06-15,2026-07-15
59540,19540,Starter,Annual,103.86,0.0,2024-03-06,2025-03-01
59541,19541,Starter,Annual,121.27,2.4,2023-02-15,2024-02-10
59542,19542,Business,Monthly,854.44,13.7,2023-10-14,2023-11-13
59543,19543,Professional,Monthly,347.18,12.8,2021-04-07,2021-05-07
59544,19544,Professional,Quarterly,398.39,20.2,2023-09-22,2023-12-21
59545,19545,Starter,Monthly,131.53,23.4,2025-04-04,2025-05-04
59546,19546,Business,Annual,754.46,3.5,2023-10-30,2024-10-24
59547,19547,Professional,Annual,341.93,1.5,2021-03-24,2022-03-19
59548,19548,Starter,Quarterly,127.06,4.0,2026-09-26,2026-12-25
59549,19549,Business,Annual,836.29,26.9,2025-03-16,2026-03-11
59550,19550,Enterprise,Monthly,2030.4,6.0,2022-03-06,2022-04-05
59551,19551,Professional,Monthly,374.44,18.9,2024-01-19,2024-02-18
59552,19552,Starter,Annual,127.29,19.0,2022-05-28,2023-05-23
59553,19553,Starter,Annual,142.93,0.0,2026-04-07,2027-04-02
59554,19554,Starter,Annual,125.56,12.1,2025-08-25,2026-08-20
59555,19555,Business,Monthly,982.6,11.1,2025-08-16,2025-09-15
59556,19556,Business,Quarterly,1004.89,16.7,2026-03-30,2026-06-28
59557,19557,Professional,Monthly,350.76,19.3,2022-10-20,2022-11-19
59558,19558,Business,Annual,738.24,16.6,2022-10-09,2023-10-04
59559,19559,Enterprise,Annual,1980.49,11.6,2023-03-09,2024-03-03
59560,19560,Professional,Annual,359.24,15.1,2021-03-18,2022-03-13
59561,19561,Business,Quarterly,988.16,0.0,2025-12-10,2026-03-10
59562,19562,Professional,Annual,377.63,0.4,2023-01-12,2024-01-07
59563,19563,Professional,Annual,322.18,5.3,2024-05-10,2025-05-05
59564,19564,Business,Quarterly,931.06,12.0,2025-01-10,2025-04-10
59565,19565,Professional,Quarterly,407.04,1.1,2021-04-17,2021-07-16
59566,19566,Starter,Quarterly,103.27,12.5,2023-08-23,2023-11-21
59567,19567,Professional,Quarterly,327.24,17.6,2024-08-08,2024-11-06
59568,19568,Business,Annual,768.07,0.0,2026-01-01,2026-12-27
59569,19569,Enterprise,Monthly,2473.76,24.2,2022-11-17,2022-12-17
59570,19570,Professional,Monthly,406.71,2.9,2023-07-30,2023-08-29
59571,19571,Professional,Quarterly,365.43,14.5,2021-11-08,2022-02-06
59572,19572,Starter,Monthly,137.62,3.3,2022-09-25,2022-10-25
59573,19573,Professional,Quarterly,377.97,11.2,2022-10-30,2023-01-28
59574,19574,Professional,Monthly,377.95,0.0,2022-08-22,2022-09-21
59575,19575,Starter,Annual,126.35,17.8,2024-12-20,2025-12-15
59576,19576,Starter,Monthly,104.1,0.4,2022-02-19,2022-03-21
59577,19577,Business,Annual,1001.25,12.8,2025-03-23,2026-03-18
59578,19578,Business,Monthly,828.34,16.9,2023-02-11,2023-03-13
59579,19579,Business,Quarterly,961.27,6.1,2022-01-19,2022-04-19
59580,19580,Enterprise,Monthly,2493.69,5.0,2025-12-01,2025-12-31
59581,19581,Professional,Quarterly,415.81,0.0,2022-05-02,2022-07-31
59582,19582,Starter,Quarterly,115.72,11.2,2025-11-15,2026-02-13
59583,19583,Business,Monthly,1019.23,11.1,2021-01-30,2021-03-01
59584,19584,Professional,Monthly,334.32,3.5,2021-05-10,2021-06-09
59585,19585,Starter,Monthly,120.96,9.9,2023-12-30,2024-01-29
59586,19586,Professional,Monthly,384.02,0.2,2021-04-29,2021-05-29
59587,19587,Starter,Monthly,108.51,0.9,2021-07-27,2021-08-26
59588,19588,Professional,Monthly,330.13,15.1,2021-04-01,2021-05-01
59589,19589,Business,Annual,939.11,8.9,2021-04-30,2022-04-25
59590,19590,Enterprise,Monthly,2620.28,1.4,2023-09-09,2023-10-09
59591,19591,Professional,Quarterly,387.27,17.8,2021-07-26,2021-10-24
59592,19592,Starter,Monthly,138.22,8.7,2022-02-10,2022-03-12
59593,19593,Starter,Annual,103.57,12.3,2021-04-22,2022-04-17
59594,19594,Professional,Quarterly,368.19,13.4,2022-09-06,2022-12-05
59595,19595,Starter,Monthly,140.39,10.1,2023-08-03,2023-09-02
59596,19596,Professional,Annual,381.09,8.9,2024-11-10,2025-11-05
59597,19597,Business,Annual,923.75,17.9,2022-12-07,2023-12-02
59598,19598,Professional,Monthly,322.37,0.3,2025-11-12,2025-12-12
59599,19599,Business,Quarterly,978.69,0.0,2021-04-14,2021-07-13
59600,19600,Professional,Annual,403.47,5.0,2023-02-01,2024-01-27
59601,19601,Professional,Monthly,372.72,6.0,2023-08-02,2023-09-01
59602,19602,Professional,Quarterly,349.76,0.0,2023-04-28,2023-07-27
59603,19603,Business,Annual,967.72,13.0,2021-06-18,2022-06-13
59604,19604,Enterprise,Annual,2228.05,8.6,2023-09-12,2024-09-06
59605,19605,Enterprise,Quarterly,2503.41,14.5,2024-01-13,2024-04-12
59606,19606,Enterprise,Monthly,2243.39,9.4,2021-04-17,2021-05-17
59607,19607,Enterprise,Quarterly,2316.44,0.4,2023-06-04,2023-09-02
59608,19608,Business,Monthly,945.04,4.8,2026-09-10,2026-10-10
59609,19609,Professional,Monthly,329.96,10.6,2021-09-04,2021-10-04
59610,19610,Starter,Annual,112.37,19.7,2025-04-03,2026-03-29
59611,19611,Business,Monthly,921.18,10.2,2026-06-26,2026-07-26
59612,19612,Business,Quarterly,1006.29,10.6,2026-09-03,2026-12-02
59613,19613,Business,Quarterly,855.2,17.9,2022-05-13,2022-08-11
59614,19614,Professional,Monthly,407.53,13.0,2023-05-04,2023-06-03
59615,19615,Business,Quarterly,876.66,9.3,2021-10-31,2022-01-29
59616,19616,Business,Monthly,1012.24,4.9,2024-11-22,2024-12-22
59617,19617,Starter,Monthly,135.27,23.7,2021-11-12,2021-12-12
59618,19618,Starter,Monthly,138.1,2.1,2026-02-28,2026-03-30
59619,19619,Business,Annual,924.68,5.6,2021-10-05,2022-09-30
59620,19620,Professional,Monthly,403.89,0.0,2022-06-26,2022-07-26
59621,19621,Starter,Annual,126.9,23.2,2023-02-28,2024-02-23
59622,19622,Professional,Monthly,367.0,9.0,2021-12-22,2022-01-21
59623,19623,Starter,Monthly,138.7,17.6,2025-03-28,2025-04-27
59624,19624,Business,Monthly,726.98,11.0,2024-05-11,2024-06-10
59625,19625,Starter,Monthly,122.11,14.4,2021-09-07,2021-10-07
59626,19626,Professional,Monthly,404.08,7.1,2021-04-13,2021-05-13
59627,19627,Professional,Quarterly,321.53,0.0,2025-01-31,2025-05-01
59628,19628,Business,Quarterly,1007.51,17.0,2026-09-14,2026-12-13
59629,19629,Business,Quarterly,942.83,9.3,2022-06-16,2022-09-14
59630,19630,Starter,Annual,134.02,11.6,2022-07-13,2023-07-08
59631,19631,Business,Monthly,920.48,11.7,2025-06-08,2025-07-08
59632,19632,Professional,Annual,352.32,5.9,2024-07-15,2025-07-10
59633,19633,Starter,Annual,121.36,15.5,2023-02-24,2024-02-19
59634,19634,Professional,Monthly,400.29,0.7,2021-01-18,2021-02-17
59635,19635,Business,Quarterly,763.89,10.6,2024-02-02,2024-05-02
59636,19636,Professional,Monthly,361.45,5.4,2021-06-01,2021-07-01
59637,19637,Enterprise,Annual,2108.66,9.6,2025-08-28,2026-08-23
59638,19638,Professional,Monthly,418.08,9.8,2023-05-23,2023-06-22
59639,19639,Business,Monthly,723.6,13.9,2024-12-08,2025-01-07
59640,19640,Starter,Quarterly,104.67,0.0,2024-01-13,2024-04-12
59641,19641,Business,Annual,1010.3,0.0,2024-08-24,2025-08-19
59642,19642,Professional,Quarterly,364.11,8.2,2024-03-20,2024-06-18
59643,19643,Professional,Monthly,314.47,25.8,2022-07-03,2022-08-02
59644,19644,Business,Annual,855.97,21.3,2025-08-15,2026-08-10
59645,19645,Professional,Annual,337.03,7.4,2026-03-07,2027-03-02
59646,19646,Business,Annual,993.58,17.7,2022-01-11,2023-01-06
59647,19647,Professional,Quarterly,381.73,19.5,2021-07-27,2021-10-25
59648,19648,Professional,Annual,313.49,2.2,2025-05-05,2026-04-30
59649,19649,Starter,Annual,124.53,11.4,2022-04-05,2023-03-31
59650,19650,Professional,Monthly,313.97,0.0,2021-05-02,2021-06-01
59651,19651,Professional,Monthly,378.99,6.2,2026-07-23,2026-08-22
59652,19652,Professional,Monthly,386.59,4.2,2024-02-18,2024-03-19
59653,19653,Professional,Monthly,366.36,13.3,2021-09-08,2021-10-08
59654,19654,Starter,Annual,142.57,7.1,2026-02-06,2027-02-01
59655,19655,Starter,Annual,141.66,6.8,2024-08-15,2025-08-10
59656,19656,Business,Annual,783.76,18.9,2026-09-26,2027-09-21
59657,19657,Business,Monthly,722.6,0.0,2023-06-15,2023-07-15
59658,19658,Starter,Annual,129.84,0.4,2025-10-14,2026-10-09
59659,19659,Professional,Annual,355.77,14.0,2022-12-25,2023-12-20
59660,19660,Professional,Quarterly,338.5,5.6,2025-12-29,2026-03-29
59661,19661,Starter,Annual,140.51,12.7,2021-08-06,2022-08-01
59662,19662,Professional,Annual,417.37,18.0,2026-07-13,2027-07-08
59663,19663,Starter,Annual,141.08,15.6,2026-01-31,2027-01-26
59664,19664,Starter,Monthly,123.01,18.8,2024-08-30,2024-09-29
59665,19665,Professional,Monthly,383.66,10.8,2025-09-13,2025-10-13
59666,19666,Professional,Annual,318.52,3.5,2022-08-27,2023-08-22
59667,19667,Business,Monthly,1005.38,1.8,2021-10-17,2021-11-16
59668,19668,Professional,Monthly,332.25,5.5,2022-08-25,2022-09-24
59669,19669,Professional,Monthly,321.11,15.3,2025-05-21,2025-06-20
59670,19670,Professional,Quarterly,304.87,12.2,2022-09-02,2022-12-01
59671,19671,Professional,Monthly,364.92,18.2,2022-06-20,2022-07-20
59672,19672,Enterprise,Annual,2600.32,19.3,2023-01-27,2024-01-22
59673,19673,Enterprise,Quarterly,1974.4,2.6,2021-12-20,2022-03-20
59674,19674,Business,Monthly,758.45,15.7,2023-01-05,2023-02-04
59675,19675,Professional,Annual,330.89,7.8,2021-08-23,2022-08-18
59676,19676,Enterprise,Annual,2382.35,2.0,2021-11-02,2022-10-28
59677,19677,Starter,Annual,125.01,21.0,2024-02-08,2025-02-02
59678,19678,Business,Quarterly,751.12,8.6,2023-11-03,2024-02-01
59679,19679,Professional,Annual,351.68,16.3,2021-02-22,2022-02-17
59680,19680,Starter,Monthly,104.81,24.8,2024-04-24,2024-05-24
59681,19681,Starter,Monthly,137.78,0.0,2021-10-03,2021-11-02
59682,19682,Professional,Annual,310.62,9.9,2026-08-20,2027-08-15
59683,19683,Starter,Quarterly,121.79,4.1,2021-05-27,2021-08-25
59684,19684,Starter,Monthly,123.44,8.1,2026-02-12,2026-03-14
59685,19685,Professional,Annual,362.44,11.3,2022-09-22,2023-09-17
59686,19686,Business,Monthly,903.72,4.4,2026-05-08,2026-06-07
59687,19687,Starter,Monthly,131.47,14.6,2023-05-02,2023-06-01
59688,19688,Business,Monthly,723.8,17.9,2022-03-04,2022-04-03
59689,19689,Business,Quarterly,731.7,13.7,2022-05-03,2022-08-01
59690,19690,Professional,Quarterly,372.42,13.9,2025-04-03,2025-07-02
59691,19691,Starter,Monthly,109.65,8.3,2024-11-01,2024-12-01
59692,19692,Starter,Monthly,136.94,5.1,2025-10-28,2025-11-27
59693,19693,Professional,Monthly,374.37,8.9,2022-08-07,2022-09-06
59694,19694,Business,Monthly,1014.17,10.3,2022-09-08,2022-10-08
59695,19695,Starter,Annual,132.58,8.3,2021-08-03,2022-07-29
59696,19696,Business,Monthly,749.49,9.9,2022-05-25,2022-06-24
59697,19697,Professional,Quarterly,318.44,3.9,2022-05-26,2022-08-24
59698,19698,Business,Monthly,736.35,16.3,2021-01-26,2021-02-25
59699,19699,Professional,Monthly,388.29,9.1,2026-06-09,2026-07-09
59700,19700,Business,Annual,760.23,21.4,2024-05-13,2025-05-08
59701,19701,Business,Annual,919.97,17.5,2025-12-01,2026-11-26
59702,19702,Starter,Monthly,125.33,16.6,2026-09-30,2026-10-30
59703,19703,Starter,Quarterly,128.6,6.8,2021-12-09,2022-03-09
59704,19704,Starter,Quarterly,123.36,7.7,2024-11-24,2025-02-22
59705,19705,Business,Monthly,726.38,9.1,2021-10-27,2021-11-26
59706,19706,Professional,Monthly,328.52,12.7,2021-05-26,2021-06-25
59707,19707,Starter,Monthly,139.17,13.2,2022-04-07,2022-05-07
59708,19708,Professional,Monthly,411.34,7.7,2026-05-18,2026-06-17
59709,19709,Starter,Quarterly,106.08,24.6,2023-07-05,2023-10-03
59710,19710,Starter,Annual,142.01,6.5,2023-04-04,2024-03-29
59711,19711,Starter,Monthly,130.16,0.0,2026-03-27,2026-04-26
59712,19712,Starter,Quarterly,140.75,3.8,2024-09-01,2024-11-30
59713,19713,Starter,Quarterly,118.85,11.1,2022-05-13,2022-08-11
59714,19714,Professional,Quarterly,309.96,7.6,2023-03-02,2023-05-31
59715,19715,Professional,Quarterly,334.55,13.6,2021-04-15,2021-07-14
59716,19716,Starter,Quarterly,130.97,10.3,2021-01-10,2021-04-10
59717,19717,Starter,Annual,135.4,8.0,2021-11-23,2022-11-18
59718,19718,Business,Annual,737.41,3.2,2023-06-02,2024-05-27
59719,19719,Starter,Monthly,122.45,15.7,2025-07-30,2025-08-29
59720,19720,Starter,Monthly,104.7,1.7,2023-06-26,2023-07-26
59721,19721,Starter,Quarterly,138.27,4.3,2023-01-08,2023-04-08
59722,19722,Professional,Monthly,355.85,20.3,2024-02-14,2024-03-15
59723,19723,Starter,Monthly,140.42,7.6,2023-07-13,2023-08-12
59724,19724,Enterprise,Monthly,1930.51,0.0,2021-06-20,2021-07-20
59725,19725,Starter,Annual,115.88,15.4,2025-02-22,2026-02-17
59726,19726,Starter,Quarterly,130.41,21.6,2022-01-22,2022-04-22
59727,19727,Business,Monthly,809.84,0.2,2023-10-09,2023-11-08
59728,19728,Starter,Monthly,137.35,9.5,2025-06-13,2025-07-13
59729,19729,Professional,Annual,418.39,25.1,2024-02-28,2025-02-22
59730,19730,Professional,Monthly,331.95,19.8,2026-09-02,2026-10-02
59731,19731,Starter,Monthly,117.17,22.1,2022-05-20,2022-06-19
59732,19732,Business,Monthly,1010.29,6.1,2023-07-10,2023-08-09
59733,19733,Professional,Annual,341.36,7.3,2026-06-19,2027-06-14
59734,19734,Professional,Annual,365.61,19.1,2025-04-05,2026-03-31
59735,19735,Professional,Monthly,391.73,11.7,2024-12-14,2025-01-13
59736,19736,Starter,Monthly,120.41,19.0,2022-02-16,2022-03-18
59737,19737,Business,Quarterly,833.35,8.0,2025-11-11,2026-02-09
59738,19738,Professional,Annual,358.21,16.3,2021-01-29,2022-01-24
59739,19739,Enterprise,Annual,2470.23,6.3,2023-04-06,2024-03-31
59740,19740,Professional,Quarterly,335.74,2.9,2026-03-25,2026-06-23
59741,19741,Business,Annual,826.87,11.3,2023-12-20,2024-12-14
59742,19742,Starter,Annual,109.94,4.9,2021-05-19,2022-05-14
59743,19743,Starter,Quarterly,131.47,0.0,2021-12-23,2022-03-23
59744,19744,Enterprise,Quarterly,2562.58,0.0,2024-03-08,2024-06-06
59745,19745,Starter,Monthly,109.8,14.1,2025-02-25,2025-03-27
59746,19746,Business,Quarterly,732.79,9.6,2024-09-21,2024-12-20
59747,19747,Starter,Quarterly,118.01,3.7,2025-06-23,2025-09-21
59748,19748,Starter,Monthly,119.23,11.1,2021-10-10,2021-11-09
59749,19749,Business,Quarterly,914.64,14.4,2024-02-14,2024-05-14
59750,19750,Business,Monthly,747.96,13.0,2025-12-03,2026-01-02
59751,19751,Business,Annual,966.9,13.5,2021-02-10,2022-02-05
59752,19752,Business,Monthly,893.26,13.4,2024-04-05,2024-05-05
59753,19753,Professional,Annual,364.38,6.0,2024-05-29,2025-05-24
59754,19754,Professional,Annual,336.25,14.5,2021-11-09,2022-11-04
59755,19755,Business,Quarterly,831.17,2.0,2026-04-15,2026-07-14
59756,19756,Professional,Monthly,304.29,12.2,2024-02-29,2024-03-30
59757,19757,Enterprise,Monthly,2450.39,4.0,2021-02-17,2021-03-19
59758,19758,Professional,Monthly,371.58,0.0,2021-05-14,2021-06-13
59759,19759,Starter,Monthly,143.01,0.0,2025-04-29,2025-05-29
59760,19760,Professional,Monthly,340.81,0.0,2023-12-08,2024-01-07
59761,19761,Professional,Annual,379.11,13.8,2026-03-04,2027-02-27
59762,19762,Professional,Monthly,410.14,19.0,2023-07-15,2023-08-14
59763,19763,Professional,Annual,384.68,18.7,2021-08-28,2022-08-23
59764,19764,Enterprise,Quarterly,1901.04,14.6,2021-02-13,2021-05-14
59765,19765,Starter,Monthly,128.55,8.8,2024-04-06,2024-05-06
59766,19766,Professional,Monthly,364.31,0.0,2025-12-16,2026-01-15
59767,19767,Business,Quarterly,871.05,13.1,2024-04-29,2024-07-28
59768,19768,Business,Monthly,887.03,15.4,2022-10-26,2022-11-25
59769,19769,Starter,Quarterly,121.34,9.1,2025-05-05,2025-08-03
59770,19770,Business,Monthly,928.32,17.2,2026-01-23,2026-02-22
59771,19771,Professional,Quarterly,299.33,4.6,2023-01-24,2023-04-24
59772,19772,Enterprise,Monthly,2015.19,16.2,2021-04-15,2021-05-15
59773,19773,Business,Annual,831.2,7.2,2023-07-16,2024-07-10
59774,19774,Professional,Monthly,352.95,15.1,2026-03-14,2026-04-13
59775,19775,Business,Annual,761.32,18.9,2024-10-04,2025-09-29
59776,19776,Enterprise,Monthly,2501.51,3.5,2023-08-12,2023-09-11
59777,19777,Professional,Monthly,411.35,6.8,2025-08-01,2025-08-31
59778,19778,Professional,Monthly,389.52,5.6,2024-09-04,2024-10-04
59779,19779,Professional,Monthly,411.28,17.9,2021-08-28,2021-09-27
59780,19780,Business,Annual,943.61,17.7,2021-06-01,2022-05-27
59781,19781,Business,Monthly,853.71,7.9,2021-05-10,2021-06-09
59782,19782,Professional,Monthly,345.66,14.3,2025-01-03,2025-02-02
59783,19783,Professional,Monthly,317.88,6.6,2024-05-20,2024-06-19
59784,19784,Business,Monthly,748.22,4.5,2022-02-04,2022-03-06
59785,19785,Enterprise,Monthly,2039.11,13.7,2025-10-07,2025-11-06
59786,19786,Business,Quarterly,880.81,14.3,2026-04-22,2026-07-21
59787,19787,Business,Monthly,762.65,3.3,2022-06-25,2022-07-25
59788,19788,Professional,Monthly,414.02,9.6,2021-07-01,2021-07-31
59789,19789,Professional,Quarterly,324.27,8.4,2023-12-11,2024-03-10
59790,19790,Starter,Monthly,137.01,0.0,2025-11-06,2025-12-06
59791,19791,Professional,Monthly,397.81,6.3,2023-12-18,2024-01-17
59792,19792,Business,Annual,764.51,11.0,2022-02-23,2023-02-18
59793,19793,Starter,Quarterly,131.85,4.9,2024-03-06,2024-06-04
59794,19794,Professional,Quarterly,398.45,4.1,2022-10-02,2022-12-31
59795,19795,Starter,Annual,139.14,9.9,2026-09-16,2027-09-11
59796,19796,Business,Annual,1006.31,10.0,2022-05-09,2023-05-04
59797,19797,Professional,Monthly,411.44,11.3,2021-12-25,2022-01-24
59798,19798,Professional,Monthly,335.61,10.0,2025-12-09,2026-01-08
59799,19799,Professional,Annual,330.29,15.2,2024-01-14,2025-01-08
59800,19800,Professional,Quarterly,346.2,15.2,2022-06-23,2022-09-21
59801,19801,Business,Monthly,860.84,15.9,2021-12-10,2022-01-09
59802,19802,Professional,Monthly,326.15,17.8,2025-09-10,2025-10-10
59803,19803,Professional,Quarterly,308.05,16.9,2023-05-16,2023-08-14
59804,19804,Business,Annual,917.83,5.1,2026-08-30,2027-08-25
59805,19805,Business,Quarterly,774.34,1.4,2026-04-17,2026-07-16
59806,19806,Starter,Annual,140.43,14.6,2023-02-15,2024-02-10
59807,19807,Professional,Monthly,332.74,19.5,2023-09-24,2023-10-24
59808,19808,Professional,Monthly,321.72,5.3,2022-07-30,2022-08-29
59809,19809,Business,Monthly,780.26,15.6,2023-11-02,2023-12-02
59810,19810,Starter,Annual,114.16,22.2,2021-12-27,2022-12-22
59811,19811,Professional,Annual,372.49,9.1,2021-10-23,2022-10-18
59812,19812,Starter,Annual,143.09,0.7,2024-11-27,2025-11-22
59813,19813,Enterprise,Monthly,2244.43,19.8,2024-10-30,2024-11-29
59814,19814,Business,Quarterly,900.9,14.4,2025-11-06,2026-02-04
59815,19815,Enterprise,Annual,2518.8,11.4,2022-11-24,2023-11-19
59816,19816,Professional,Annual,338.42,15.3,2022-05-15,2023-05-10
59817,19817,Business,Annual,776.01,8.3,2023-12-04,2024-11-28
59818,19818,Professional,Monthly,350.62,20.9,2024-02-07,2024-03-08
59819,19819,Professional,Annual,336.54,9.6,2024-01-27,2025-01-21
59820,19820,Business,Monthly,980.17,0.0,2025-10-29,2025-11-28
59821,19821,Business,Monthly,1013.44,7.3,2024-05-26,2024-06-25
59822,19822,Business,Annual,927.27,0.0,2023-08-05,2024-07-30
59823,19823,Business,Monthly,916.99,10.4,2025-06-04,2025-07-04
59824,19824,Enterprise,Annual,2419.95,25.2,2022-07-18,2023-07-13
59825,19825,Professional,Monthly,354.79,1.8,2021-03-04,2021-04-03
59826,19826,Starter,Quarterly,128.41,6.5,2025-06-08,2025-09-06
59827,19827,Professional,Monthly,306.23,0.0,2026-05-28,2026-06-27
59828,19828,Starter,Quarterly,122.72,9.2,2022-01-29,2022-04-29
59829,19829,Enterprise,Annual,2125.92,11.5,2025-03-07,2026-03-02
59830,19830,Enterprise,Monthly,1910.95,0.0,2025-02-10,2025-03-12
59831,19831,Business,Annual,884.57,14.9,2022-06-04,2023-05-30
59832,19832,Business,Monthly,829.68,8.4,2022-01-24,2022-02-23
59833,19833,Professional,Annual,369.85,8.7,2022-08-11,2023-08-06
59834,19834,Business,Quarterly,875.17,2.6,2025-06-02,2025-08-31
59835,19835,Enterprise,Monthly,2082.69,10.6,2022-09-28,2022-10-28
59836,19836,Starter,Annual,124.68,21.3,2021-10-07,2022-10-02
59837,19837,Starter,Annual,117.91,15.7,2026-06-08,2027-06-03
59838,19838,Starter,Monthly,140.69,16.0,2021-07-05,2021-08-04
59839,19839,Business,Annual,834.25,0.9,2023-03-16,2024-03-10
59840,19840,Starter,Monthly,103.69,26.8,2021-03-16,2021-04-15
59841,19841,Starter,Annual,134.07,6.6,2022-12-11,2023-12-06
59842,19842,Professional,Monthly,415.55,14.3,2024-04-06,2024-05-06
59843,19843,Professional,Monthly,318.25,11.0,2022-06-19,2022-07-19
59844,19844,Enterprise,Annual,2619.04,11.1,2024-12-01,2025-11-26
59845,19845,Business,Annual,906.12,16.2,2026-07-15,2027-07-10
59846,19846,Professional,Monthly,401.3,17.5,2024-06-07,2024-07-07
59847,19847,Starter,Quarterly,121.86,0.0,2023-06-15,2023-09-13
59848,19848,Professional,Annual,373.76,0.1,2023-08-30,2024-08-24
59849,19849,Starter,Monthly,137.32,9.1,2022-10-09,2022-11-08
59850,19850,Professional,Annual,417.89,13.5,2026-08-01,2027-07-27
59851,19851,Starter,Quarterly,109.76,10.4,2021-02-07,2021-05-08
59852,19852,Professional,Annual,407.6,3.5,2024-06-09,2025-06-04
59853,19853,Starter,Annual,130.03,15.7,2021-04-13,2022-04-08
59854,19854,Professional,Monthly,413.49,20.8,2021-05-25,2021-06-24
59855,19855,Starter,Annual,115.36,9.1,2023-01-25,2024-01-20
59856,19856,Business,Annual,794.67,13.5,2022-01-01,2022-12-27
59857,19857,Business,Monthly,831.24,0.0,2026-01-05,2026-02-04
59858,19858,Professional,Monthly,405.85,7.5,2025-09-24,2025-10-24
59859,19859,Business,Annual,859.24,14.6,2021-03-24,2022-03-19
59860,19860,Enterprise,Monthly,2602.64,10.8,2024-08-04,2024-09-03
59861,19861,Professional,Monthly,327.19,4.4,2026-03-10,2026-04-09
59862,19862,Professional,Annual,324.52,7.7,2025-02-21,2026-02-16
59863,19863,Professional,Monthly,380.6,16.0,2025-07-15,2025-08-14
59864,19864,Professional,Annual,333.23,7.9,2025-06-04,2026-05-30
59865,19865,Starter,Monthly,107.42,6.2,2021-05-31,2021-06-30
59866,19866,Starter,Quarterly,117.79,12.8,2022-12-31,2023-03-31
59867,19867,Business,Monthly,801.68,9.5,2026-08-25,2026-09-24
59868,19868,Starter,Monthly,119.35,17.1,2021-04-11,2021-05-11
59869,19869,Business,Quarterly,777.99,6.3,2023-02-19,2023-05-20
59870,19870,Business,Annual,1007.2,12.9,2023-11-25,2024-11-19
59871,19871,Enterprise,Annual,2487.27,1.3,2022-09-29,2023-09-24
59872,19872,Business,Annual,972.67,11.0,2025-10-26,2026-10-21
59873,19873,Starter,Quarterly,114.51,19.9,2025-08-24,2025-11-22
59874,19874,Professional,Monthly,402.45,0.0,2022-06-09,2022-07-09
59875,19875,Professional,Quarterly,369.87,13.1,2021-06-14,2021-09-12
59876,19876,Enterprise,Quarterly,1913.68,7.5,2022-03-04,2022-06-02
59877,19877,Business,Monthly,768.1,9.7,2024-07-05,2024-08-04
59878,19878,Professional,Annual,352.13,7.5,2023-07-23,2024-07-17
59879,19879,Professional,Annual,345.74,10.2,2022-07-14,2023-07-09
59880,19880,Professional,Monthly,394.92,13.5,2023-04-29,2023-05-29
59881,19881,Professional,Monthly,404.52,0.5,2024-09-07,2024-10-07
59882,19882,Business,Monthly,979.82,13.9,2026-05-23,2026-06-22
59883,19883,Starter,Annual,117.76,21.2,2024-10-17,2025-10-12
59884,19884,Professional,Annual,375.38,8.3,2026-05-09,2027-05-04
59885,19885,Starter,Quarterly,122.88,6.0,2022-08-13,2022-11-11
59886,19886,Business,Annual,986.95,8.6,2022-05-14,2023-05-09
59887,19887,Enterprise,Monthly,2554.51,11.8,2025-03-10,2025-04-09
59888,19888,Business,Annual,738.53,4.7,2025-06-27,2026-06-22
59889,19889,Business,Quarterly,892.71,14.1,2024-02-07,2024-05-07
59890,19890,Enterprise,Annual,2257.67,23.7,2026-02-04,2027-01-30
59891,19891,Starter,Quarterly,134.36,21.7,2022-01-23,2022-04-23
59892,19892,Starter,Annual,110.22,16.7,2022-02-20,2023-02-15
59893,19893,Professional,Monthly,382.64,16.6,2023-06-20,2023-07-20
59894,19894,Starter,Monthly,133.02,18.2,2025-05-11,2025-06-10
59895,19895,Enterprise,Monthly,1890.59,10.2,2021-11-08,2021-12-08
59896,19896,Starter,Quarterly,120.11,0.1,2026-07-29,2026-10-27
59897,19897,Professional,Monthly,417.42,16.9,2025-05-27,2025-06-26
59898,19898,Professional,Annual,334.32,0.0,2025-09-12,2026-09-07
59899,19899,Starter,Monthly,139.15,6.1,2021-07-22,2021-08-21
59900,19900,Starter,Annual,126.65,13.7,2021-04-20,2022-04-15
59901,19901,Starter,Annual,114.45,4.0,2021-03-23,2022-03-18
59902,19902,Starter,Quarterly,137.11,23.6,2025-06-08,2025-09-06
59903,19903,Enterprise,Monthly,2632.81,7.1,2023-02-08,2023-03-10
59904,19904,Starter,Monthly,133.16,1.3,2021-05-19,2021-06-18
59905,19905,Starter,Monthly,104.57,12.1,2021-08-09,2021-09-08
59906,19906,Business,Monthly,738.09,4.8,2023-05-11,2023-06-10
59907,19907,Professional,Annual,357.72,7.1,2023-08-17,2024-08-11
59908,19908,Business,Monthly,724.3,13.7,2024-12-16,2025-01-15
59909,19909,Business,Monthly,923.59,15.5,2025-05-29,2025-06-28
59910,19910,Enterprise,Annual,1882.55,13.9,2024-09-09,2025-09-04
59911,19911,Business,Monthly,1011.99,9.3,2024-07-07,2024-08-06
59912,19912,Starter,Monthly,138.99,0.4,2021-07-18,2021-08-17
59913,19913,Professional,Annual,397.38,13.7,2026-03-04,2027-02-27
59914,19914,Professional,Annual,397.02,10.7,2024-03-06,2025-03-01
59915,19915,Professional,Annual,399.71,10.8,2024-10-01,2025-09-26
59916,19916,Starter,Monthly,120.24,5.5,2026-07-28,2026-08-27
59917,19917,Starter,Monthly,135.26,11.6,2022-05-04,2022-06-03
59918,19918,Business,Annual,831.73,5.9,2026-02-21,2027-02-16
59919,19919,Starter,Monthly,137.63,11.8,2026-05-07,2026-06-06
59920,19920,Starter,Monthly,127.95,0.0,2022-03-18,2022-04-17
59921,19921,Professional,Annual,341.4,21.0,2023-05-15,2024-05-09
59922,19922,Business,Quarterly,944.28,11.5,2026-01-14,2026-04-14
59923,19923,Business,Annual,794.74,7.2,2022-10-18,2023-10-13
59924,19924,Professional,Quarterly,415.67,7.5,2026-03-06,2026-06-04
59925,19925,Business,Monthly,920.26,19.0,2024-10-11,2024-11-10
59926,19926,Starter,Monthly,118.85,3.0,2021-08-24,2021-09-23
59927,19927,Professional,Annual,364.96,6.0,2023-09-16,2024-09-10
59928,19928,Starter,Monthly,132.98,1.8,2024-10-14,2024-11-13
59929,19929,Professional,Annual,395.17,10.9,2023-03-26,2024-03-20
59930,19930,Enterprise,Monthly,2620.72,14.0,2024-07-18,2024-08-17
59931,19931,Starter,Monthly,110.78,11.6,2025-08-17,2025-09-16
59932,19932,Business,Annual,872.57,13.4,2025-03-14,2026-03-09
59933,19933,Business,Annual,749.71,17.5,2025-07-24,2026-07-19
59934,19934,Business,Monthly,746.98,9.1,2025-12-29,2026-01-28
59935,19935,Starter,Monthly,106.38,3.8,2025-02-03,2025-03-05
59936,19936,Starter,Monthly,112.9,3.6,2025-09-29,2025-10-29
59937,19937,Starter,Quarterly,131.25,4.5,2024-08-27,2024-11-25
59938,19938,Starter,Quarterly,138.17,18.1,2024-05-25,2024-08-23
59939,19939,Business,Quarterly,852.21,15.2,2022-09-03,2022-12-02
59940,19940,Professional,Monthly,365.51,0.0,2024-08-28,2024-09-27
59941,19941,Business,Monthly,783.89,11.8,2021-08-18,2021-09-17
59942,19942,Professional,Monthly,394.41,13.5,2021-12-06,2022-01-05
59943,19943,Starter,Quarterly,139.31,5.0,2021-03-12,2021-06-10
59944,19944,Business,Quarterly,866.97,7.1,2025-10-16,2026-01-14
59945,19945,Professional,Quarterly,317.21,3.1,2023-04-30,2023-07-29
59946,19946,Starter,Quarterly,102.21,1.3,2023-12-13,2024-03-12
59947,19947,Enterprise,Annual,2283.04,6.4,2025-06-09,2026-06-04
59948,19948,Professional,Annual,358.46,21.3,2021-12-08,2022-12-03
59949,19949,Business,Quarterly,997.93,5.2,2023-07-24,2023-10-22
59950,19950,Starter,Annual,103.53,8.3,2022-08-11,2023-08-06
59951,19951,Professional,Quarterly,315.75,3.7,2026-07-03,2026-10-01
59952,19952,Enterprise,Annual,2022.22,0.0,2024-01-08,2025-01-02
59953,19953,Business,Annual,885.27,8.7,2021-04-17,2022-04-12
59954,19954,Starter,Quarterly,113.96,16.6,2026-05-27,2026-08-25
59955,19955,Business,Monthly,783.69,12.8,2021-08-18,2021-09-17
59956,19956,Starter,Annual,123.61,6.3,2026-08-30,2027-08-25
59957,19957,Business,Quarterly,734.59,13.7,2024-09-08,2024-12-07
59958,19958,Business,Annual,1012.63,7.2,2022-10-14,2023-10-09
59959,19959,Professional,Monthly,402.97,0.7,2024-08-26,2024-09-25
59960,19960,Enterprise,Annual,2079.41,0.0,2022-04-17,2023-04-12
59961,19961,Professional,Quarterly,338.68,8.4,2021-03-15,2021-06-13
59962,19962,Professional,Annual,327.62,26.2,2022-10-16,2023-10-11
59963,19963,Starter,Annual,140.99,1.7,2024-12-30,2025-12-25
59964,19964,Enterprise,Annual,2372.96,4.7,2022-04-07,2023-04-02
59965,19965,Business,Monthly,877.55,16.4,2024-03-19,2024-04-18
59966,19966,Professional,Monthly,359.8,2.7,2025-07-26,2025-08-25
59967,19967,Starter,Quarterly,108.97,11.1,2026-03-23,2026-06-21
59968,19968,Starter,Monthly,142.43,3.3,2026-01-30,2026-03-01
59969,19969,Starter,Annual,140.41,0.0,2022-10-02,2023-09-27
59970,19970,Starter,Monthly,142.0,1.3,2021-10-01,2021-10-31
59971,19971,Professional,Monthly,333.14,10.2,2022-04-27,2022-05-27
59972,19972,Starter,Monthly,122.02,22.8,2021-03-23,2021-04-22
59973,19973,Starter,Quarterly,123.79,8.8,2021-01-31,2021-05-01
59974,19974,Professional,Monthly,357.49,16.3,2024-01-13,2024-02-12
59975,19975,Starter,Monthly,102.81,4.1,2023-09-23,2023-10-23
59976,19976,Business,Monthly,970.36,9.9,2026-09-21,2026-10-21
59977,19977,Starter,Quarterly,133.35,0.7,2021-09-08,2021-12-07
59978,19978,Professional,Monthly,355.66,8.3,2025-06-09,2025-07-09
59979,19979,Business,Monthly,802.05,6.4,2023-09-23,2023-10-23
59980,19980,Starter,Annual,128.67,18.3,2025-09-15,2026-09-10
59981,19981,Business,Monthly,763.64,8.1,2021-09-23,2021-10-23
59982,19982,Professional,Quarterly,419.67,9.5,2021-01-22,2021-04-22
59983,19983,Professional,Quarterly,312.85,18.3,2024-12-01,2025-03-01
59984,19984,Enterprise,Annual,1915.01,14.7,2025-02-19,2026-02-14
59985,19985,Business,Monthly,904.69,15.0,2022-11-11,2022-12-11
59986,19986,Business,Annual,860.36,0.0,2026-04-17,2027-04-12
59987,19987,Starter,Monthly,132.2,19.0,2021-08-28,2021-09-27
59988,19988,Professional,Monthly,313.18,20.2,2021-02-20,2021-03-22
59989,19989,Business,Quarterly,830.71,16.9,2022-04-21,2022-07-20
59990,19990,Starter,Annual,123.04,14.8,2026-06-28,2027-06-23
59991,19991,Professional,Monthly,352.26,13.0,2025-06-14,2025-07-14
59992,19992,Business,Quarterly,895.95,20.6,2023-06-13,2023-09-11
59993,19993,Business,Monthly,752.77,10.1,2021-06-06,2021-07-06
59994,19994,Business,Monthly,872.36,16.9,2023-10-21,2023-11-20
59995,19995,Business,Annual,887.54,15.3,2022-10-28,2023-10-23
59996,19996,Enterprise,Annual,2548.39,12.9,2026-07-13,2027-07-08
59997,19997,Professional,Monthly,367.46,17.4,2024-02-16,2024-03-17
59998,19998,Starter,Monthly,124.99,10.8,2025-08-14,2025-09-13
59999,19999,Business,Quarterly,964.09,16.5,2021-03-16,2021-06-14
60000,20000,Starter,Annual,104.73,15.8,2023-08-10,2024-08-04
