support_id,customer_id,support_tickets,unresolved_tickets,avg_resolution_hours,satisfaction_score,nps_score
90001,10001,0,0,45.8,6.5,20
90002,10002,1,0,29.2,8.2,83
90003,10003,6,1,22.5,5.7,3
90004,10004,3,0,35.1,5.9,33
90005,10005,4,0,40.8,8.5,58
90006,10006,5,0,30.9,5.7,-18
90007,10007,4,0,14.8,5.5,10
90008,10008,3,1,4.8,7.5,42
90009,10009,2,1,2.0,8.3,56
90010,10010,1,1,10.7,8.0,69
90011,10011,1,0,33.0,7.4,38
90012,10012,3,0,5.5,9.1,83
90013,10013,3,0,24.6,6.0,22
90014,10014,2,0,34.2,6.4,22
90015,10015,4,0,20.1,8.8,78
90016,10016,2,0,45.9,6.9,20
90017,10017,2,0,17.4,7.3,58
90018,10018,2,1,20.9,7.1,24
90019,10019,0,0,43.3,8.0,58
90020,10020,1,0,12.3,7.7,19
90021,10021,6,1,41.0,6.0,11
90022,10022,1,1,31.9,6.5,19
90023,10023,2,0,30.2,6.5,0
90024,10024,2,1,22.0,9.1,76
90025,10025,2,1,37.4,5.7,13
90026,10026,0,0,41.0,10.0,78
90027,10027,2,1,10.5,8.0,39
90028,10028,3,1,6.8,6.4,13
90029,10029,2,1,34.4,8.4,55
90030,10030,3,1,28.2,8.2,72
90031,10031,1,0,36.8,9.8,83
90032,10032,1,0,32.3,8.0,46
90033,10033,1,1,48.5,8.6,76
90034,10034,3,0,39.3,5.0,0
90035,10035,1,0,15.1,6.5,35
90036,10036,2,0,21.3,6.3,33
90037,10037,2,0,24.1,8.9,71
90038,10038,1,1,10.3,7.0,35
90039,10039,2,0,44.2,6.3,12
90040,10040,0,0,23.3,9.1,78
90041,10041,1,0,34.6,8.0,67
90042,10042,5,2,8.3,4.2,-29
90043,10043,3,1,16.2,6.6,8
90044,10044,4,1,31.1,6.6,29
90045,10045,2,0,2.0,9.4,72
90046,10046,3,0,10.5,5.0,-17
90047,10047,2,0,14.8,6.9,31
90048,10048,3,0,7.0,6.3,23
90049,10049,2,0,18.5,6.0,18
90050,10050,3,1,39.5,8.3,51
90051,10051,2,0,42.6,8.6,50
90052,10052,3,2,4.6,6.1,12
90053,10053,7,4,2.0,2.9,-20
90054,10054,4,1,19.6,6.8,30
90055,10055,2,2,32.7,7.0,30
90056,10056,2,1,15.8,7.0,35
90057,10057,0,0,14.7,9.7,79
90058,10058,2,1,30.6,6.2,32
90059,10059,3,0,15.3,7.6,43
90060,10060,0,0,8.3,9.8,87
90061,10061,4,1,45.1,6.5,25
90062,10062,6,2,34.3,4.9,14
90063,10063,2,0,16.9,6.5,16
90064,10064,3,0,3.2,6.5,26
90065,10065,2,0,21.5,8.8,67
90066,10066,0,0,37.3,8.3,86
90067,10067,1,0,3.0,6.5,32
90068,10068,2,0,50.4,9.2,71
90069,10069,2,0,26.2,7.7,56
90070,10070,8,3,25.3,4.4,-16
90071,10071,3,1,33.3,7.0,41
90072,10072,3,2,38.6,5.8,16
90073,10073,1,1,37.5,9.1,93
90074,10074,2,1,22.3,7.7,71
90075,10075,2,0,34.4,9.2,55
90076,10076,0,0,20.2,7.4,48
90077,10077,1,0,19.3,10.0,78
90078,10078,1,0,31.5,6.7,28
90079,10079,2,1,28.5,6.7,29
90080,10080,5,0,2.0,7.1,51
90081,10081,2,0,31.7,7.5,54
90082,10082,5,3,35.0,5.6,4
90083,10083,1,1,42.6,7.6,42
90084,10084,4,2,39.9,5.9,42
90085,10085,5,2,28.3,6.2,10
90086,10086,5,1,23.7,6.6,44
90087,10087,1,0,19.1,8.0,43
90088,10088,0,0,48.8,9.0,59
90089,10089,5,0,37.2,7.8,39
90090,10090,2,0,21.2,8.8,71
90091,10091,2,0,48.3,7.5,67
90092,10092,4,0,2.0,7.2,40
90093,10093,4,0,44.1,5.2,12
90094,10094,2,0,2.0,7.6,48
90095,10095,3,1,2.0,6.7,25
90096,10096,2,0,2.0,6.1,6
90097,10097,3,2,49.2,7.5,39
90098,10098,1,0,9.4,7.7,44
90099,10099,2,0,36.2,8.2,61
90100,10100,5,1,14.2,5.5,5
90101,10101,4,1,43.8,7.2,23
90102,10102,1,0,26.5,8.8,75
90103,10103,3,1,34.0,7.8,51
90104,10104,3,0,2.0,8.1,44
90105,10105,2,0,3.1,8.8,79
90106,10106,3,1,3.5,6.0,49
90107,10107,0,0,26.4,8.7,67
90108,10108,0,0,20.5,6.7,17
90109,10109,5,2,5.8,5.3,12
90110,10110,3,1,33.3,7.4,48
90111,10111,3,2,37.2,5.4,-3
90112,10112,0,0,34.4,7.4,39
90113,10113,1,0,28.1,8.3,37
90114,10114,2,1,14.7,4.9,7
90115,10115,3,1,16.2,5.6,13
90116,10116,4,1,30.5,6.1,1
90117,10117,1,0,26.9,9.4,84
90118,10118,1,0,39.5,7.2,21
90119,10119,1,1,48.2,7.7,68
90120,10120,2,2,7.1,5.9,20
90121,10121,2,0,20.3,8.3,54
90122,10122,4,0,31.8,7.5,38
90123,10123,5,2,45.7,4.9,-9
90124,10124,2,0,37.3,8.1,53
90125,10125,4,1,13.6,6.9,32
90126,10126,1,0,30.9,5.5,-5
90127,10127,4,2,18.9,5.5,15
90128,10128,3,1,31.2,6.2,22
90129,10129,1,0,9.5,9.7,97
90130,10130,0,0,16.6,8.7,63
90131,10131,4,1,27.2,6.6,17
90132,10132,1,1,23.6,8.5,84
90133,10133,3,1,53.4,7.5,41
90134,10134,1,0,34.8,8.3,59
90135,10135,1,1,23.1,5.6,9
90136,10136,5,0,18.8,4.2,-17
90137,10137,4,1,7.2,4.8,13
90138,10138,2,1,2.0,8.9,72
90139,10139,3,0,40.9,8.0,53
90140,10140,0,0,29.9,9.7,97
90141,10141,1,0,7.3,8.6,71
90142,10142,3,2,11.0,6.2,3
90143,10143,2,1,7.3,6.8,41
90144,10144,1,0,15.7,8.6,73
90145,10145,3,1,31.3,7.0,54
90146,10146,2,0,28.9,9.4,86
90147,10147,1,0,39.4,8.6,58
90148,10148,2,0,2.3,6.6,10
90149,10149,1,1,31.3,8.5,66
90150,10150,2,0,19.0,9.0,82
90151,10151,1,1,25.3,7.4,44
90152,10152,3,1,21.3,6.0,37
90153,10153,6,2,19.2,4.5,-19
90154,10154,2,1,22.7,7.6,51
90155,10155,1,0,44.9,7.8,26
90156,10156,2,0,17.6,7.4,14
90157,10157,1,0,17.7,8.9,79
90158,10158,2,1,56.6,7.1,63
90159,10159,4,0,9.6,7.4,14
90160,10160,0,0,36.4,7.3,47
90161,10161,5,3,30.8,5.0,-5
90162,10162,0,0,46.4,8.6,54
90163,10163,2,1,11.8,6.0,24
90164,10164,3,1,23.2,7.1,51
90165,10165,5,1,16.5,6.1,22
90166,10166,6,2,31.0,5.0,4
90167,10167,3,1,31.1,6.3,-4
90168,10168,1,0,39.9,8.1,63
90169,10169,1,1,29.0,6.7,49
90170,10170,4,1,27.4,6.7,39
90171,10171,3,0,55.3,7.3,57
90172,10172,2,0,42.1,6.4,37
90173,10173,2,1,29.9,7.0,27
90174,10174,2,0,4.5,7.7,45
90175,10175,4,1,54.7,8.1,65
90176,10176,3,1,27.6,7.3,52
90177,10177,0,0,46.5,9.3,80
90178,10178,3,1,54.0,7.1,29
90179,10179,2,0,56.1,8.8,78
90180,10180,1,0,39.1,4.8,-11
90181,10181,1,1,2.0,8.1,70
90182,10182,5,0,18.9,6.8,34
90183,10183,3,1,18.0,7.6,53
90184,10184,1,0,53.4,6.6,32
90185,10185,3,1,34.1,6.4,8
90186,10186,1,0,7.4,7.9,48
90187,10187,1,0,22.6,6.4,9
90188,10188,3,1,57.2,6.0,35
90189,10189,4,3,18.3,5.7,-7
90190,10190,0,0,24.9,7.0,26
90191,10191,1,0,14.2,8.3,42
90192,10192,3,0,45.2,7.8,53
90193,10193,3,1,38.0,7.1,19
90194,10194,5,2,39.0,4.6,-7
90195,10195,6,1,2.0,6.2,40
90196,10196,6,3,20.5,7.6,37
90197,10197,2,0,24.3,10.0,95
90198,10198,0,0,29.9,9.2,84
90199,10199,1,0,12.2,8.6,93
90200,10200,1,1,25.1,4.9,-2
90201,10201,2,0,20.8,7.2,43
90202,10202,3,0,16.1,9.1,89
90203,10203,1,0,2.0,8.7,44
90204,10204,1,0,26.8,6.1,34
90205,10205,4,2,13.9,5.6,-7
90206,10206,6,2,26.4,5.8,17
90207,10207,1,0,36.1,8.3,47
90208,10208,2,1,2.0,6.7,35
90209,10209,0,0,29.9,9.3,77
90210,10210,4,0,19.5,6.9,12
90211,10211,1,0,20.2,8.1,49
90212,10212,0,0,21.1,9.2,79
90213,10213,1,1,41.6,7.2,20
90214,10214,2,0,29.8,8.1,62
90215,10215,1,0,56.3,8.7,51
90216,10216,4,0,32.5,6.7,37
90217,10217,2,0,2.0,8.2,61
90218,10218,1,0,41.6,8.1,67
90219,10219,0,0,11.0,10.0,100
90220,10220,1,0,15.1,7.3,24
90221,10221,0,0,25.1,7.9,48
90222,10222,2,0,41.6,8.3,57
90223,10223,4,2,29.2,4.1,-23
90224,10224,1,0,49.3,9.2,65
90225,10225,0,0,18.9,8.9,77
90226,10226,3,1,10.5,4.6,-23
90227,10227,1,0,29.5,7.4,33
90228,10228,4,1,22.2,6.2,22
90229,10229,3,0,30.3,6.2,14
90230,10230,1,0,49.5,7.6,39
90231,10231,0,0,14.2,9.9,100
90232,10232,2,0,12.4,8.7,58
90233,10233,4,0,47.7,6.4,31
90234,10234,4,0,46.0,7.9,60
90235,10235,2,0,9.2,7.7,45
90236,10236,3,1,2.0,6.5,37
90237,10237,3,2,13.8,6.3,25
90238,10238,4,1,2.0,7.5,42
90239,10239,1,0,5.4,8.3,55
90240,10240,2,0,32.9,5.6,5
90241,10241,1,1,25.0,8.0,50
90242,10242,2,0,17.8,7.9,50
90243,10243,5,2,38.0,5.2,4
90244,10244,6,3,15.7,3.9,-14
90245,10245,3,0,41.8,6.5,36
90246,10246,1,0,2.0,6.4,10
90247,10247,1,1,2.5,8.9,100
90248,10248,0,0,57.8,6.6,21
90249,10249,3,0,15.4,6.8,31
90250,10250,4,0,2.0,6.6,36
90251,10251,3,0,62.0,6.5,29
90252,10252,0,0,48.4,9.6,86
90253,10253,3,0,42.5,7.7,40
90254,10254,3,0,53.0,7.0,22
90255,10255,3,1,2.0,7.0,37
90256,10256,2,1,32.6,5.5,-8
90257,10257,2,0,35.8,8.2,53
90258,10258,2,0,20.3,7.0,39
90259,10259,5,0,10.9,4.2,-10
90260,10260,2,1,47.0,7.1,35
90261,10261,1,0,34.9,7.2,16
90262,10262,3,1,52.5,5.1,-9
90263,10263,2,0,41.7,6.5,44
90264,10264,4,3,60.0,4.3,-17
90265,10265,1,0,22.7,6.5,22
90266,10266,4,2,19.7,6.3,32
90267,10267,2,0,24.9,6.4,38
90268,10268,2,1,47.2,7.1,37
90269,10269,6,4,18.4,4.7,-7
90270,10270,1,0,37.5,8.2,70
90271,10271,4,0,58.2,6.9,46
90272,10272,4,1,47.3,6.6,19
90273,10273,3,3,22.8,6.9,38
90274,10274,3,3,10.9,7.4,56
90275,10275,2,0,31.9,7.0,51
90276,10276,4,1,17.8,6.5,46
90277,10277,2,0,2.0,7.7,71
90278,10278,2,1,23.7,6.4,24
90279,10279,3,0,17.7,6.6,45
90280,10280,2,0,12.8,7.2,59
90281,10281,3,1,25.5,6.4,24
90282,10282,2,0,8.7,7.3,27
90283,10283,3,1,25.7,7.8,43
90284,10284,0,0,37.1,9.1,75
90285,10285,6,0,20.4,7.0,34
90286,10286,2,2,24.3,6.7,21
90287,10287,1,0,29.8,7.7,51
90288,10288,2,0,27.1,6.3,29
90289,10289,3,0,14.9,7.6,51
90290,10290,0,0,30.8,7.3,53
90291,10291,1,0,26.7,8.7,69
90292,10292,3,1,27.6,7.2,35
90293,10293,4,0,20.7,6.7,21
90294,10294,3,2,32.1,5.3,-3
90295,10295,2,0,21.8,7.6,35
90296,10296,2,1,42.8,8.6,100
90297,10297,1,0,39.3,7.5,30
90298,10298,3,0,29.4,5.3,-8
90299,10299,4,2,6.4,4.5,-16
90300,10300,2,1,20.3,7.2,24
90301,10301,3,2,13.2,5.9,27
90302,10302,1,0,50.7,7.5,27
90303,10303,3,0,6.8,7.5,48
90304,10304,2,0,42.8,7.6,39
90305,10305,4,2,24.0,6.5,18
90306,10306,1,0,49.6,8.3,43
90307,10307,1,0,53.7,6.1,17
90308,10308,3,1,50.9,5.9,13
90309,10309,4,1,18.1,7.1,17
90310,10310,4,2,33.2,5.5,25
90311,10311,4,0,23.0,5.8,22
90312,10312,1,1,13.2,7.3,41
90313,10313,2,0,6.5,8.4,48
90314,10314,2,1,51.8,8.2,62
90315,10315,3,0,2.0,7.8,69
90316,10316,5,1,22.2,6.0,26
90317,10317,1,1,9.8,6.8,18
90318,10318,2,0,25.1,7.4,47
90319,10319,2,1,10.8,7.7,68
90320,10320,1,0,6.5,7.2,30
90321,10321,2,1,54.1,8.1,75
90322,10322,1,0,26.8,6.9,33
90323,10323,2,1,15.8,8.2,73
90324,10324,2,0,22.5,7.7,33
90325,10325,0,0,43.5,9.3,76
90326,10326,3,1,45.5,5.3,0
90327,10327,3,1,28.8,9.1,75
90328,10328,2,0,2.0,7.8,66
90329,10329,4,0,46.7,8.6,67
90330,10330,0,0,33.7,6.3,15
90331,10331,1,0,33.0,8.1,52
90332,10332,0,0,49.7,7.6,55
90333,10333,3,0,16.7,7.7,62
90334,10334,1,0,16.6,8.6,70
90335,10335,6,1,38.7,5.2,-12
90336,10336,3,2,25.1,4.0,-13
90337,10337,4,2,26.1,6.4,51
90338,10338,4,1,22.1,6.3,12
90339,10339,5,0,2.0,8.4,63
90340,10340,1,0,24.8,8.4,69
90341,10341,3,0,40.8,5.8,18
90342,10342,3,1,2.0,6.2,36
90343,10343,1,0,25.8,6.0,49
90344,10344,3,1,42.0,7.1,30
90345,10345,5,1,11.2,7.1,42
90346,10346,3,1,28.0,7.3,38
90347,10347,5,0,10.7,5.2,38
90348,10348,6,0,35.8,5.4,7
90349,10349,3,0,30.3,6.0,11
90350,10350,1,0,31.5,7.0,43
90351,10351,3,1,29.0,7.0,56
90352,10352,3,0,33.2,7.8,57
90353,10353,4,1,31.3,7.6,43
90354,10354,2,1,20.7,5.5,-2
90355,10355,1,0,8.9,10.0,70
90356,10356,4,1,22.5,7.8,52
90357,10357,3,1,50.5,6.3,22
90358,10358,1,0,24.9,8.3,44
90359,10359,1,0,30.7,6.8,14
90360,10360,6,2,4.6,3.4,-23
90361,10361,1,1,49.5,6.1,5
90362,10362,1,0,41.2,7.1,50
90363,10363,1,0,43.4,8.5,73
90364,10364,3,0,49.1,7.5,38
90365,10365,2,1,2.0,6.4,20
90366,10366,2,1,37.6,7.7,39
90367,10367,2,0,7.8,9.0,80
90368,10368,3,1,9.7,7.6,60
90369,10369,1,0,32.3,6.6,28
90370,10370,5,2,28.4,5.5,23
90371,10371,4,1,12.3,5.9,41
90372,10372,1,1,33.9,5.9,16
90373,10373,3,1,24.5,5.8,11
90374,10374,2,0,24.0,7.3,32
90375,10375,3,1,32.8,6.3,25
90376,10376,2,1,15.9,6.3,16
90377,10377,2,0,30.0,7.8,70
90378,10378,1,0,17.2,6.6,22
90379,10379,3,0,3.5,8.7,54
90380,10380,4,2,5.9,6.4,28
90381,10381,2,0,21.4,7.4,37
90382,10382,4,0,33.9,5.7,11
90383,10383,3,1,42.0,5.0,10
90384,10384,4,3,6.5,3.8,-32
90385,10385,4,1,29.4,7.1,39
90386,10386,1,0,29.3,8.0,46
90387,10387,4,1,29.4,7.3,43
90388,10388,0,0,40.2,7.8,38
90389,10389,0,0,28.2,7.5,38
90390,10390,0,0,38.7,9.3,92
90391,10391,0,0,41.4,7.7,61
90392,10392,9,0,23.8,3.5,-30
90393,10393,0,0,40.3,8.6,83
90394,10394,2,1,30.2,6.8,42
90395,10395,2,1,32.7,7.8,54
90396,10396,2,0,29.8,6.9,43
90397,10397,2,0,2.0,7.5,58
90398,10398,3,0,45.0,5.9,16
90399,10399,2,1,25.3,6.8,18
90400,10400,3,0,49.6,8.0,89
90401,10401,3,1,33.2,5.6,16
90402,10402,5,1,36.9,5.7,17
90403,10403,2,0,10.5,8.1,43
90404,10404,0,0,7.2,9.0,92
90405,10405,0,0,7.7,7.7,65
90406,10406,0,0,28.3,10.0,86
90407,10407,0,0,43.6,9.4,63
90408,10408,6,0,59.6,5.1,-9
90409,10409,1,0,28.6,7.9,39
90410,10410,2,1,33.8,5.9,28
90411,10411,5,1,25.2,5.8,21
90412,10412,1,0,32.1,8.6,55
90413,10413,5,1,29.6,6.7,6
90414,10414,3,0,46.2,7.2,47
90415,10415,7,1,26.8,5.1,7
90416,10416,3,1,30.4,5.9,15
90417,10417,3,1,34.7,5.7,21
90418,10418,1,0,17.8,7.0,38
90419,10419,0,0,30.6,6.8,30
90420,10420,2,0,37.6,6.3,27
90421,10421,0,0,2.0,8.4,46
90422,10422,2,0,32.8,5.7,16
90423,10423,3,0,27.9,5.8,23
90424,10424,2,0,2.0,9.1,54
90425,10425,1,1,5.8,8.4,58
90426,10426,5,1,12.7,6.3,-2
90427,10427,2,0,14.0,6.9,32
90428,10428,4,1,25.1,5.6,-6
90429,10429,1,1,30.3,6.9,9
90430,10430,4,3,20.2,4.5,-12
90431,10431,2,1,8.4,7.5,40
90432,10432,3,1,26.2,7.2,46
90433,10433,2,1,21.7,7.7,48
90434,10434,4,0,56.7,6.2,27
90435,10435,3,1,15.7,6.2,30
90436,10436,3,0,28.6,6.6,36
90437,10437,4,0,2.0,6.9,38
90438,10438,2,0,51.8,8.0,66
90439,10439,0,0,64.1,7.5,68
90440,10440,2,0,2.0,6.8,24
90441,10441,4,1,67.8,7.3,55
90442,10442,3,0,20.0,7.8,35
90443,10443,2,0,2.0,6.7,13
90444,10444,2,1,14.8,6.5,15
90445,10445,1,0,9.2,7.7,43
90446,10446,1,1,13.9,8.7,49
90447,10447,1,0,2.0,7.7,62
90448,10448,2,0,8.0,6.3,28
90449,10449,4,1,21.3,5.9,27
90450,10450,1,1,26.3,7.2,38
90451,10451,1,0,37.8,10.0,85
90452,10452,6,1,47.6,5.1,7
90453,10453,5,0,20.6,6.5,14
90454,10454,1,1,12.4,7.9,42
90455,10455,4,0,35.9,7.1,43
90456,10456,1,0,16.2,9.0,75
90457,10457,4,1,47.9,7.0,34
90458,10458,1,0,33.8,8.1,61
90459,10459,3,1,8.1,7.3,39
90460,10460,1,0,22.5,7.0,22
90461,10461,4,0,2.0,5.0,9
90462,10462,5,1,32.5,6.1,26
90463,10463,4,1,28.8,6.6,33
90464,10464,4,0,2.0,5.0,13
90465,10465,3,1,2.0,6.8,43
90466,10466,3,1,13.7,7.5,53
90467,10467,1,0,2.0,8.1,60
90468,10468,0,0,20.3,8.9,67
90469,10469,2,0,58.0,7.0,16
90470,10470,3,0,32.7,8.2,61
90471,10471,5,3,23.7,4.3,-17
90472,10472,6,3,32.1,4.8,-27
90473,10473,6,0,31.7,8.1,70
90474,10474,1,1,40.7,6.5,24
90475,10475,3,1,13.4,8.5,73
90476,10476,1,0,58.0,10.0,100
90477,10477,4,1,38.5,4.8,5
90478,10478,2,1,16.3,7.8,61
90479,10479,4,2,18.2,6.0,11
90480,10480,2,0,7.2,7.1,31
90481,10481,3,0,46.1,5.8,38
90482,10482,1,1,2.0,7.8,65
90483,10483,1,0,14.7,7.1,49
90484,10484,1,1,48.6,7.4,32
90485,10485,3,0,25.6,8.0,39
90486,10486,4,0,39.9,7.1,52
90487,10487,4,1,20.5,6.5,5
90488,10488,1,0,36.7,6.4,38
90489,10489,4,0,15.8,7.4,57
90490,10490,2,0,2.0,6.4,30
90491,10491,3,0,51.5,6.6,37
90492,10492,3,1,17.1,7.5,63
90493,10493,6,3,51.3,4.7,-11
90494,10494,1,0,34.1,9.6,100
90495,10495,1,0,45.5,7.5,32
90496,10496,2,0,5.5,8.0,48
90497,10497,7,3,16.4,5.2,2
90498,10498,5,1,32.0,4.7,-7
90499,10499,3,1,3.0,7.4,35
90500,10500,4,1,10.3,5.9,-14
90501,10501,5,1,25.3,6.1,12
90502,10502,1,1,16.8,6.9,10
90503,10503,2,1,52.3,8.3,51
90504,10504,1,0,33.7,8.0,46
90505,10505,2,1,18.7,7.5,45
90506,10506,5,1,24.4,7.5,45
90507,10507,3,0,22.3,6.5,26
90508,10508,2,0,47.5,7.5,79
90509,10509,0,0,27.0,9.0,91
90510,10510,2,0,27.8,8.3,66
90511,10511,1,0,15.6,8.2,42
90512,10512,3,2,2.0,5.4,0
90513,10513,1,1,30.0,7.3,47
90514,10514,5,2,2.0,5.0,21
90515,10515,3,0,13.4,8.6,80
90516,10516,4,2,17.0,5.4,-9
90517,10517,2,1,46.7,6.7,16
90518,10518,1,0,4.9,6.9,31
90519,10519,3,0,23.0,4.6,-5
90520,10520,2,1,12.0,4.9,-4
90521,10521,4,0,52.1,9.3,97
90522,10522,3,0,31.7,7.8,34
90523,10523,5,1,37.5,6.7,14
90524,10524,1,0,24.6,6.7,22
90525,10525,5,2,16.9,7.3,55
90526,10526,2,0,48.4,9.2,78
90527,10527,1,0,18.3,6.7,27
90528,10528,0,0,2.9,10.0,93
90529,10529,2,1,28.5,6.4,27
90530,10530,0,0,2.0,8.5,62
90531,10531,2,0,31.5,7.2,63
90532,10532,5,0,25.5,7.1,38
90533,10533,3,0,34.5,5.9,36
90534,10534,3,0,36.9,7.9,51
90535,10535,1,0,22.8,6.8,30
90536,10536,4,2,28.2,4.6,1
90537,10537,6,2,7.1,3.6,-31
90538,10538,3,0,46.1,6.1,32
90539,10539,2,0,29.9,6.8,32
90540,10540,2,1,26.3,7.8,33
90541,10541,6,2,7.0,5.6,16
90542,10542,1,0,4.6,7.4,51
90543,10543,0,0,21.6,7.0,39
90544,10544,3,0,5.5,7.6,56
90545,10545,3,1,39.6,6.3,24
90546,10546,3,0,38.9,6.8,23
90547,10547,3,1,22.7,6.6,24
90548,10548,2,0,8.4,6.2,21
90549,10549,4,0,4.3,7.9,58
90550,10550,3,1,28.6,5.0,-9
90551,10551,1,0,56.9,5.4,-19
90552,10552,3,1,20.6,6.8,38
90553,10553,3,0,21.0,7.6,40
90554,10554,2,0,24.2,8.5,48
90555,10555,3,1,31.1,7.0,26
90556,10556,3,0,9.3,5.8,37
90557,10557,4,0,26.2,6.4,23
90558,10558,1,0,2.0,8.9,76
90559,10559,0,0,19.8,6.8,39
90560,10560,2,1,36.5,6.4,12
90561,10561,4,1,12.8,6.5,31
90562,10562,3,1,9.6,7.4,58
90563,10563,8,2,11.3,5.1,-23
90564,10564,0,0,7.8,6.9,41
90565,10565,4,0,9.8,5.9,28
90566,10566,1,0,25.1,8.3,82
90567,10567,6,2,12.7,7.2,25
90568,10568,4,3,20.0,3.4,-38
90569,10569,3,0,26.2,7.7,60
90570,10570,2,1,28.0,6.3,3
90571,10571,4,1,32.2,5.0,15
90572,10572,1,1,30.3,5.5,15
90573,10573,2,0,20.9,7.5,47
90574,10574,2,1,48.1,9.4,85
90575,10575,2,0,26.8,6.1,20
90576,10576,2,2,41.2,6.4,38
90577,10577,5,4,48.0,4.1,-46
90578,10578,2,2,24.1,6.1,22
90579,10579,3,2,9.9,5.7,12
90580,10580,3,2,2.0,5.5,-9
90581,10581,2,1,7.9,4.8,6
90582,10582,1,0,19.6,7.7,66
90583,10583,0,0,36.3,9.7,92
90584,10584,1,1,36.0,9.9,80
90585,10585,4,2,25.0,6.0,18
90586,10586,0,0,17.2,7.0,44
90587,10587,0,0,17.0,7.4,35
90588,10588,2,0,18.7,7.9,35
90589,10589,3,0,45.6,6.9,24
90590,10590,1,0,18.9,9.0,65
90591,10591,5,0,14.4,6.3,15
90592,10592,2,2,28.9,8.1,65
90593,10593,1,1,17.9,5.9,12
90594,10594,0,0,23.4,8.1,72
90595,10595,1,1,20.5,7.8,24
90596,10596,4,1,23.6,6.3,31
90597,10597,3,0,5.4,4.8,-5
90598,10598,2,0,43.6,7.6,50
90599,10599,4,1,52.1,6.3,21
90600,10600,2,0,2.0,9.5,87
90601,10601,4,0,27.0,7.9,68
90602,10602,1,0,48.7,8.4,58
90603,10603,3,0,10.0,6.5,-3
90604,10604,1,1,26.7,8.2,54
90605,10605,3,0,12.1,7.3,55
90606,10606,2,1,25.1,5.8,4
90607,10607,1,1,22.1,7.1,33
90608,10608,0,0,28.5,9.0,73
90609,10609,2,0,19.0,9.6,80
90610,10610,3,1,54.5,8.0,40
90611,10611,5,1,29.7,5.7,30
90612,10612,1,1,9.0,7.2,14
90613,10613,2,0,11.1,7.6,61
90614,10614,4,1,21.9,6.7,19
90615,10615,4,1,2.0,5.9,36
90616,10616,2,0,37.7,9.1,78
90617,10617,2,2,44.6,7.0,53
90618,10618,2,1,23.3,7.1,61
90619,10619,4,0,46.5,7.5,39
90620,10620,0,0,5.8,6.5,5
90621,10621,3,1,2.0,7.3,30
90622,10622,5,2,10.5,6.9,29
90623,10623,1,0,19.2,6.9,42
90624,10624,1,1,4.9,7.0,35
90625,10625,1,1,29.1,7.9,37
90626,10626,3,0,14.6,8.0,49
90627,10627,0,0,19.3,8.0,65
90628,10628,5,1,23.3,6.1,27
90629,10629,0,0,21.2,8.7,67
90630,10630,4,1,30.5,4.7,4
90631,10631,1,0,46.2,6.4,15
90632,10632,2,0,4.5,7.6,64
90633,10633,4,1,15.8,6.7,44
90634,10634,1,0,20.6,7.7,48
90635,10635,2,0,63.7,6.8,41
90636,10636,3,2,38.9,7.8,59
90637,10637,1,1,33.7,9.0,69
90638,10638,1,0,17.9,7.0,34
90639,10639,3,0,2.0,5.6,4
90640,10640,2,1,6.1,7.0,27
90641,10641,3,2,46.9,6.4,33
90642,10642,7,4,31.9,2.8,-26
90643,10643,3,0,33.2,7.6,48
90644,10644,3,0,24.9,6.4,34
90645,10645,5,1,25.0,6.3,28
90646,10646,2,0,38.4,6.5,16
90647,10647,2,1,2.2,7.5,46
90648,10648,2,2,32.3,5.0,-1
90649,10649,2,1,27.0,5.6,15
90650,10650,3,0,4.1,8.1,52
90651,10651,3,1,19.8,6.9,40
90652,10652,7,2,39.7,5.2,-1
90653,10653,2,0,7.5,7.4,28
90654,10654,2,2,40.7,7.9,36
90655,10655,1,0,10.1,9.0,81
90656,10656,0,0,49.2,7.4,39
90657,10657,1,0,22.3,6.5,13
90658,10658,5,2,2.0,4.6,-12
90659,10659,3,0,39.2,7.4,39
90660,10660,1,0,20.4,8.6,68
90661,10661,0,0,18.6,9.5,95
90662,10662,3,2,20.6,6.4,23
90663,10663,2,1,29.9,5.7,24
90664,10664,2,2,25.8,8.2,56
90665,10665,2,0,14.3,9.9,91
90666,10666,1,1,34.3,6.2,6
90667,10667,2,0,28.4,6.2,23
90668,10668,2,0,32.5,7.4,70
90669,10669,2,0,34.0,5.6,11
90670,10670,6,2,37.9,6.4,22
90671,10671,5,1,16.3,4.9,-6
90672,10672,3,2,33.4,8.5,49
90673,10673,3,1,31.5,5.4,17
90674,10674,1,0,27.4,7.6,38
90675,10675,2,1,27.0,6.7,21
90676,10676,0,0,29.8,7.2,24
90677,10677,2,0,32.4,9.1,100
90678,10678,2,0,18.7,8.4,82
90679,10679,2,0,26.1,8.5,55
90680,10680,3,0,10.3,5.9,43
90681,10681,1,0,55.6,7.6,35
90682,10682,2,2,4.2,6.0,10
90683,10683,1,0,2.3,8.5,65
90684,10684,6,1,4.2,4.6,-14
90685,10685,6,2,24.3,3.8,-16
90686,10686,2,0,41.2,8.2,56
90687,10687,2,0,45.7,8.5,48
90688,10688,3,1,2.0,6.9,41
90689,10689,2,0,15.1,7.3,33
90690,10690,0,0,30.2,8.1,41
90691,10691,1,0,37.6,9.6,63
90692,10692,2,0,13.6,6.1,31
90693,10693,3,2,32.3,7.6,46
90694,10694,6,3,5.7,4.0,-20
90695,10695,1,1,40.3,7.8,58
90696,10696,3,0,4.1,7.7,66
90697,10697,3,2,13.8,7.0,31
90698,10698,4,3,36.1,5.6,8
90699,10699,3,2,20.9,6.2,43
90700,10700,2,0,18.0,7.0,12
90701,10701,3,0,26.1,6.5,32
90702,10702,1,0,55.8,7.6,45
90703,10703,2,0,74.9,8.9,53
90704,10704,2,1,24.1,9.1,76
90705,10705,3,0,17.0,6.4,25
90706,10706,0,0,2.0,7.6,40
90707,10707,3,0,33.6,5.8,7
90708,10708,2,0,45.1,6.7,30
90709,10709,1,1,25.9,6.1,37
90710,10710,2,1,21.5,6.7,35
90711,10711,0,0,16.5,7.3,36
90712,10712,1,0,28.6,8.3,71
90713,10713,2,1,20.8,7.8,53
90714,10714,3,1,22.4,7.4,54
90715,10715,1,0,18.5,8.8,68
90716,10716,3,1,27.8,5.8,19
90717,10717,2,0,26.5,6.9,51
90718,10718,0,0,54.1,9.1,75
90719,10719,2,2,4.0,5.7,41
90720,10720,3,0,23.1,6.8,21
90721,10721,5,1,34.4,7.3,50
90722,10722,3,1,5.6,8.1,67
90723,10723,1,0,2.0,10.0,86
90724,10724,4,2,2.0,5.2,14
90725,10725,6,3,21.1,4.3,-4
90726,10726,2,0,46.4,7.8,44
90727,10727,0,0,54.3,8.4,95
90728,10728,1,0,20.5,5.7,14
90729,10729,4,0,15.7,6.2,36
90730,10730,3,1,26.1,7.3,66
90731,10731,2,1,14.4,6.1,8
90732,10732,1,0,33.0,8.0,70
90733,10733,0,0,50.6,7.3,32
90734,10734,6,1,31.1,5.4,-19
90735,10735,2,0,49.4,8.2,46
90736,10736,2,2,21.7,9.0,82
90737,10737,1,0,2.0,7.9,50
90738,10738,4,1,2.0,5.9,18
90739,10739,2,1,57.2,7.3,41
90740,10740,1,0,33.5,8.8,75
90741,10741,1,0,29.2,7.0,27
90742,10742,2,0,62.5,8.1,63
90743,10743,3,1,38.5,5.1,-28
90744,10744,1,0,36.8,7.9,45
90745,10745,1,1,21.4,7.3,29
90746,10746,5,1,2.9,4.4,-18
90747,10747,1,1,25.7,6.1,1
90748,10748,1,0,18.2,8.7,74
90749,10749,1,0,2.0,7.4,44
90750,10750,6,0,66.5,4.8,25
90751,10751,3,2,37.2,7.4,47
90752,10752,3,1,3.7,6.9,47
90753,10753,3,0,2.8,8.3,33
90754,10754,1,0,27.6,8.4,78
90755,10755,1,0,23.8,8.3,56
90756,10756,0,0,6.6,7.4,27
90757,10757,2,1,21.5,7.8,42
90758,10758,3,1,10.2,8.0,57
90759,10759,1,0,10.7,7.6,50
90760,10760,2,0,17.6,7.3,42
90761,10761,0,0,40.4,8.6,50
90762,10762,2,1,10.5,6.9,33
90763,10763,2,0,57.9,8.1,66
90764,10764,0,0,34.8,10.0,100
90765,10765,1,0,34.5,8.2,50
90766,10766,3,1,40.5,7.1,42
90767,10767,1,0,22.4,7.2,39
90768,10768,1,0,30.0,9.0,73
90769,10769,2,1,2.0,7.0,38
90770,10770,6,3,27.5,5.4,34
90771,10771,3,2,11.0,5.9,13
90772,10772,4,1,18.5,6.0,1
90773,10773,1,1,7.0,8.5,64
90774,10774,1,0,35.6,7.7,52
90775,10775,6,1,43.5,5.4,11
90776,10776,4,0,37.0,6.8,19
90777,10777,2,0,19.1,7.5,36
90778,10778,3,0,28.6,6.3,35
90779,10779,4,3,31.4,5.0,0
90780,10780,3,1,31.7,6.1,25
90781,10781,1,0,5.5,7.1,39
90782,10782,3,1,34.6,6.6,38
90783,10783,3,1,43.6,5.9,15
90784,10784,1,0,24.3,9.3,79
90785,10785,3,1,2.0,6.8,28
90786,10786,1,0,30.0,8.1,37
90787,10787,0,0,30.2,9.2,87
90788,10788,1,0,7.8,6.8,11
90789,10789,1,1,36.4,9.5,100
90790,10790,0,0,46.4,7.3,14
90791,10791,1,0,39.2,8.2,40
90792,10792,3,1,3.0,5.5,15
90793,10793,4,1,10.5,6.7,33
90794,10794,3,0,27.7,6.7,32
90795,10795,3,1,50.5,7.6,46
90796,10796,4,1,32.0,6.4,29
90797,10797,0,0,37.8,9.9,100
90798,10798,5,2,37.8,5.3,16
90799,10799,4,1,2.0,6.1,22
90800,10800,3,1,7.4,5.2,8
90801,10801,2,0,5.3,6.5,19
90802,10802,2,2,33.7,6.6,31
90803,10803,4,0,31.5,7.8,81
90804,10804,2,1,25.6,5.8,18
90805,10805,2,2,30.8,8.1,56
90806,10806,2,0,19.5,6.6,9
90807,10807,4,2,22.6,6.1,9
90808,10808,2,0,19.9,8.8,79
90809,10809,4,2,37.0,5.7,1
90810,10810,5,1,34.3,5.3,-18
90811,10811,3,2,18.1,6.9,47
90812,10812,3,0,2.0,6.3,29
90813,10813,2,0,18.4,7.5,46
90814,10814,5,0,25.7,7.9,33
90815,10815,1,1,24.2,8.1,43
90816,10816,1,0,15.7,7.8,46
90817,10817,4,2,9.1,4.6,3
90818,10818,3,2,16.2,8.0,54
90819,10819,1,0,34.4,5.5,8
90820,10820,2,0,30.0,6.1,11
90821,10821,2,1,27.2,7.0,8
90822,10822,6,2,60.6,5.3,10
90823,10823,2,1,41.3,6.1,25
90824,10824,3,0,24.9,7.3,31
90825,10825,3,1,41.6,7.6,28
90826,10826,3,2,4.8,6.7,40
90827,10827,6,1,28.4,5.9,15
90828,10828,2,0,8.3,8.7,57
90829,10829,1,1,48.6,7.3,38
90830,10830,4,1,51.8,6.4,25
90831,10831,2,1,31.7,9.2,72
90832,10832,2,1,32.4,7.2,35
90833,10833,3,1,6.8,6.5,50
90834,10834,2,0,19.4,8.6,99
90835,10835,1,0,14.9,8.3,56
90836,10836,1,1,19.2,7.4,29
90837,10837,3,0,20.1,7.4,42
90838,10838,3,1,15.5,6.2,32
90839,10839,4,1,13.1,6.0,14
90840,10840,1,0,5.4,8.9,65
90841,10841,4,1,46.1,6.2,23
90842,10842,3,1,58.0,6.7,20
90843,10843,4,3,19.0,5.2,8
90844,10844,5,0,30.0,5.8,14
90845,10845,2,2,39.3,5.8,8
90846,10846,0,0,2.0,8.6,65
90847,10847,4,1,32.3,7.6,39
90848,10848,3,1,36.8,6.9,40
90849,10849,4,0,5.4,7.8,32
90850,10850,4,1,23.2,6.7,34
90851,10851,6,2,19.0,4.9,0
90852,10852,0,0,27.3,7.6,53
90853,10853,5,1,15.7,6.2,22
90854,10854,1,0,19.4,7.6,46
90855,10855,3,0,26.0,6.5,29
90856,10856,3,3,33.6,6.3,34
90857,10857,3,0,24.1,5.4,13
90858,10858,1,0,36.3,8.0,67
90859,10859,2,0,2.5,6.2,36
90860,10860,4,2,24.1,5.7,24
90861,10861,1,0,34.6,8.2,65
90862,10862,1,0,12.0,8.0,54
90863,10863,3,2,44.7,5.9,11
90864,10864,0,0,33.3,8.3,61
90865,10865,4,0,35.7,3.8,-18
90866,10866,3,0,13.3,4.0,-41
90867,10867,3,1,9.2,7.0,52
90868,10868,2,1,25.8,7.8,59
90869,10869,2,0,32.3,8.4,61
90870,10870,3,2,38.1,5.5,27
90871,10871,1,1,11.4,6.5,40
90872,10872,5,1,56.9,5.1,9
90873,10873,2,0,25.2,7.1,40
90874,10874,4,0,19.8,6.1,23
90875,10875,1,1,4.9,6.7,22
90876,10876,8,1,2.0,5.2,12
90877,10877,0,0,47.1,8.0,38
90878,10878,2,0,40.8,6.1,21
90879,10879,2,1,45.2,6.8,36
90880,10880,4,0,2.0,8.3,77
90881,10881,3,2,25.3,4.7,-12
90882,10882,4,1,21.4,5.6,6
90883,10883,0,0,7.2,8.2,67
90884,10884,2,0,42.6,8.3,68
90885,10885,4,0,21.2,5.8,3
90886,10886,0,0,18.1,8.2,64
90887,10887,3,1,20.1,6.1,16
90888,10888,2,1,36.5,6.8,21
90889,10889,2,0,2.0,7.8,57
90890,10890,2,0,39.1,8.1,60
90891,10891,2,1,5.9,5.0,11
90892,10892,6,2,52.2,5.5,-3
90893,10893,3,0,30.7,6.1,5
90894,10894,3,1,2.0,6.3,29
90895,10895,6,3,22.1,4.1,-32
90896,10896,3,1,9.5,7.2,50
90897,10897,2,0,13.9,6.3,38
90898,10898,2,0,23.1,7.7,47
90899,10899,3,0,11.8,7.6,42
90900,10900,7,0,18.0,7.1,38
90901,10901,1,0,33.4,6.4,39
90902,10902,5,3,15.8,4.7,-5
90903,10903,5,1,20.1,6.0,13
90904,10904,4,2,46.4,6.0,27
90905,10905,1,0,2.0,9.8,100
90906,10906,5,3,58.1,5.1,0
90907,10907,5,1,8.4,5.3,35
90908,10908,3,1,71.6,7.4,43
90909,10909,3,1,49.0,6.1,12
90910,10910,2,1,2.0,6.1,9
90911,10911,3,1,28.1,6.8,30
90912,10912,4,1,23.5,5.1,6
90913,10913,1,1,14.9,8.0,49
90914,10914,2,0,17.3,6.8,29
90915,10915,2,1,17.8,6.0,34
90916,10916,4,0,41.6,4.8,0
90917,10917,2,0,31.1,10.0,94
90918,10918,5,0,35.7,7.2,55
90919,10919,3,0,42.9,7.7,52
90920,10920,5,1,2.0,4.7,-3
90921,10921,4,2,30.9,5.6,15
90922,10922,3,1,39.1,6.4,1
90923,10923,4,0,16.1,8.5,63
90924,10924,0,0,41.1,6.2,11
90925,10925,4,1,22.7,6.5,16
90926,10926,2,0,20.0,7.5,41
90927,10927,2,1,35.8,6.0,20
90928,10928,0,0,33.6,8.5,70
90929,10929,4,1,46.0,6.0,15
90930,10930,3,1,19.5,7.2,41
90931,10931,6,3,54.9,5.5,26
90932,10932,4,0,5.6,6.2,13
90933,10933,0,0,12.7,9.1,86
90934,10934,3,1,29.6,6.8,4
90935,10935,1,1,35.7,8.3,47
90936,10936,2,1,12.4,8.2,68
90937,10937,2,0,35.4,7.1,50
90938,10938,5,0,35.7,7.7,83
90939,10939,4,1,33.2,7.3,34
90940,10940,2,1,2.0,8.1,45
90941,10941,2,0,44.8,6.3,43
90942,10942,3,1,65.7,5.6,-2
90943,10943,0,0,16.9,6.7,19
90944,10944,2,0,2.0,7.7,52
90945,10945,1,0,37.6,8.0,55
90946,10946,3,1,15.7,7.0,46
90947,10947,0,0,2.0,8.4,32
90948,10948,0,0,32.2,8.1,53
90949,10949,2,1,19.1,6.3,33
90950,10950,2,2,9.4,7.4,24
90951,10951,6,1,36.3,5.5,31
90952,10952,1,1,22.8,8.0,43
90953,10953,2,0,40.6,6.7,30
90954,10954,3,0,34.8,5.8,27
90955,10955,3,0,14.7,7.7,60
90956,10956,8,0,26.2,4.4,-4
90957,10957,2,0,37.7,7.6,55
90958,10958,2,0,26.2,7.8,38
90959,10959,2,0,6.9,7.3,34
90960,10960,2,0,25.6,8.7,72
90961,10961,3,0,23.3,7.6,44
90962,10962,2,1,7.4,6.9,30
90963,10963,3,1,23.2,6.2,28
90964,10964,0,0,18.6,8.1,61
90965,10965,3,1,31.1,6.4,21
90966,10966,1,0,27.7,7.4,45
90967,10967,1,0,7.9,7.7,46
90968,10968,3,0,47.0,8.2,70
90969,10969,3,0,20.1,8.5,67
90970,10970,2,0,2.0,7.3,43
90971,10971,0,0,18.5,8.4,63
90972,10972,2,1,15.6,6.4,26
90973,10973,2,2,16.5,7.7,66
90974,10974,0,0,16.8,7.2,13
90975,10975,7,3,29.2,4.7,11
90976,10976,5,2,41.6,5.3,9
90977,10977,2,0,11.4,7.7,59
90978,10978,2,2,22.1,7.7,51
90979,10979,4,1,18.9,6.4,12
90980,10980,6,1,10.7,4.7,-8
90981,10981,1,0,15.7,8.0,48
90982,10982,2,0,59.6,7.4,51
90983,10983,1,0,12.5,7.8,42
90984,10984,2,0,43.8,6.7,41
90985,10985,2,0,2.0,7.4,27
90986,10986,7,1,12.0,5.5,-5
90987,10987,2,0,42.4,9.0,62
90988,10988,2,1,28.1,6.5,28
90989,10989,2,1,8.8,5.2,4
90990,10990,3,0,8.9,7.3,34
90991,10991,3,1,31.5,6.3,42
90992,10992,0,0,21.8,8.3,58
90993,10993,2,0,14.4,7.9,35
90994,10994,4,1,44.2,7.2,39
90995,10995,3,0,9.0,6.2,20
90996,10996,1,0,11.5,7.6,54
90997,10997,3,0,18.7,7.7,57
90998,10998,2,1,10.9,7.3,38
90999,10999,0,0,11.6,8.6,54
91000,11000,3,1,46.0,6.9,63
91001,11001,1,0,2.0,9.3,74
91002,11002,2,1,2.0,6.7,24
91003,11003,1,0,17.8,7.6,31
91004,11004,1,0,5.5,9.4,85
91005,11005,1,0,6.9,8.4,46
91006,11006,3,0,23.4,6.9,37
91007,11007,1,0,2.0,7.9,52
91008,11008,5,1,13.6,5.7,15
91009,11009,0,0,2.0,7.1,20
91010,11010,2,0,18.1,6.6,14
91011,11011,3,0,12.0,4.5,-19
91012,11012,3,1,25.7,6.6,42
91013,11013,1,1,34.8,5.9,32
91014,11014,7,2,23.1,4.6,-1
91015,11015,6,0,9.5,6.7,38
91016,11016,1,0,46.5,8.9,53
91017,11017,2,0,10.0,7.0,31
91018,11018,1,0,6.2,6.5,19
91019,11019,1,1,26.5,9.3,92
91020,11020,1,0,12.5,7.3,30
91021,11021,1,0,20.3,8.3,81
91022,11022,4,2,41.5,6.7,24
91023,11023,2,1,32.2,7.2,32
91024,11024,4,2,24.9,4.7,-19
91025,11025,1,0,29.7,9.0,66
91026,11026,0,0,40.1,8.2,47
91027,11027,1,0,6.9,10.0,93
91028,11028,2,1,51.4,6.7,40
91029,11029,1,0,26.9,7.1,43
91030,11030,2,0,33.4,6.2,23
91031,11031,0,0,23.7,10.0,100
91032,11032,3,1,38.0,7.0,25
91033,11033,3,1,43.1,8.5,55
91034,11034,2,0,51.6,7.9,51
91035,11035,3,1,50.8,5.8,6
91036,11036,3,1,18.8,7.7,57
91037,11037,2,0,11.7,7.8,31
91038,11038,1,0,24.7,6.5,-16
91039,11039,4,1,30.0,6.3,41
91040,11040,6,2,24.2,6.1,14
91041,11041,2,0,39.9,6.8,37
91042,11042,3,2,26.1,8.0,42
91043,11043,2,0,23.2,8.4,55
91044,11044,2,0,12.1,7.4,55
91045,11045,3,0,15.6,7.6,14
91046,11046,7,2,15.0,6.0,10
91047,11047,2,1,14.5,7.3,14
91048,11048,3,1,44.8,6.1,20
91049,11049,2,1,49.7,7.4,30
91050,11050,2,1,13.4,7.6,54
91051,11051,1,0,12.2,7.7,29
91052,11052,3,1,13.0,8.1,57
91053,11053,2,1,44.9,6.6,14
91054,11054,2,0,2.0,8.5,58
91055,11055,1,0,10.7,7.5,43
91056,11056,1,0,39.5,7.7,36
91057,11057,1,0,75.1,7.6,72
91058,11058,3,2,21.4,8.2,71
91059,11059,3,1,2.0,3.9,-18
91060,11060,4,1,30.8,6.3,22
91061,11061,1,1,39.0,6.3,34
91062,11062,2,1,30.4,8.2,78
91063,11063,1,1,2.0,6.7,35
91064,11064,4,2,31.5,6.7,34
91065,11065,4,2,17.2,8.3,59
91066,11066,9,4,13.8,2.5,-30
91067,11067,2,0,11.4,7.6,58
91068,11068,4,3,14.0,6.5,34
91069,11069,10,2,16.9,5.1,-10
91070,11070,0,0,15.3,7.2,57
91071,11071,2,1,13.4,5.5,10
91072,11072,2,0,35.9,7.3,28
91073,11073,1,0,35.0,8.4,54
91074,11074,2,1,11.3,5.3,4
91075,11075,2,0,34.2,6.9,23
91076,11076,2,0,21.3,7.5,49
91077,11077,3,1,21.9,6.5,27
91078,11078,2,1,44.4,5.6,-18
91079,11079,0,0,39.7,9.2,73
91080,11080,2,0,18.0,7.1,39
91081,11081,1,0,30.4,7.4,44
91082,11082,3,0,27.8,6.1,42
91083,11083,6,4,12.0,4.3,14
91084,11084,4,2,32.9,6.0,27
91085,11085,3,0,35.7,6.2,14
91086,11086,3,0,8.5,7.3,31
91087,11087,4,0,38.3,7.7,61
91088,11088,2,1,59.0,5.6,0
91089,11089,3,1,25.8,7.5,50
91090,11090,1,1,3.4,6.6,33
91091,11091,2,0,16.8,6.9,28
91092,11092,6,2,16.6,3.9,-6
91093,11093,5,0,5.4,7.3,50
91094,11094,1,1,18.2,8.4,61
91095,11095,2,0,9.5,7.5,22
91096,11096,2,0,18.5,8.1,53
91097,11097,4,1,38.3,6.8,35
91098,11098,4,1,41.2,7.4,37
91099,11099,1,0,42.4,8.3,65
91100,11100,4,1,2.0,7.1,37
91101,11101,2,2,15.9,7.3,58
91102,11102,3,0,17.3,5.7,-9
91103,11103,3,1,26.4,7.8,74
91104,11104,4,1,31.4,6.9,31
91105,11105,3,1,23.9,6.6,38
91106,11106,3,0,46.9,7.3,46
91107,11107,6,0,19.3,4.6,-25
91108,11108,2,0,28.0,8.0,59
91109,11109,3,1,5.7,7.3,30
91110,11110,3,0,34.3,8.2,57
91111,11111,1,0,31.3,8.9,56
91112,11112,1,1,56.0,8.4,73
91113,11113,1,0,38.6,8.2,54
91114,11114,5,0,38.7,8.5,56
91115,11115,2,1,36.9,6.9,19
91116,11116,3,2,10.9,6.1,16
91117,11117,2,1,38.4,7.0,56
91118,11118,5,1,2.0,5.3,-4
91119,11119,2,0,2.0,7.9,59
91120,11120,2,0,8.1,6.2,38
91121,11121,2,1,22.7,5.9,13
91122,11122,1,1,2.0,7.9,42
91123,11123,5,1,14.9,4.8,1
91124,11124,3,1,16.6,6.6,46
91125,11125,3,1,55.5,6.3,4
91126,11126,4,0,31.1,7.6,48
91127,11127,4,0,19.0,5.9,-2
91128,11128,1,0,2.0,8.0,54
91129,11129,1,0,20.4,7.6,42
91130,11130,2,0,53.2,6.8,32
91131,11131,5,3,23.5,4.8,-7
91132,11132,1,0,15.5,8.2,39
91133,11133,1,0,30.1,6.6,39
91134,11134,2,1,29.5,5.3,4
91135,11135,1,1,11.1,7.0,37
91136,11136,3,0,4.8,5.8,15
91137,11137,3,1,64.1,7.5,35
91138,11138,3,1,37.1,6.6,26
91139,11139,3,0,8.8,7.2,28
91140,11140,1,0,37.8,7.8,33
91141,11141,1,0,38.2,7.7,22
91142,11142,2,1,13.9,8.0,44
91143,11143,2,1,22.3,8.7,53
91144,11144,3,2,19.7,7.1,47
91145,11145,2,0,31.4,7.6,42
91146,11146,5,1,2.0,6.3,41
91147,11147,3,1,33.0,6.0,0
91148,11148,2,2,29.6,8.3,76
91149,11149,2,0,38.2,7.6,49
91150,11150,3,1,56.7,8.1,59
91151,11151,1,0,19.8,7.7,67
91152,11152,4,0,27.6,4.0,-14
91153,11153,2,1,23.6,7.4,23
91154,11154,2,1,27.2,7.7,53
91155,11155,5,2,38.7,3.8,-42
91156,11156,3,1,3.1,6.5,38
91157,11157,1,0,2.0,9.5,67
91158,11158,0,0,9.7,8.8,63
91159,11159,4,1,44.0,5.2,8
91160,11160,4,1,24.4,5.6,-8
91161,11161,2,1,47.2,6.1,28
91162,11162,2,1,28.1,6.4,43
91163,11163,5,0,22.5,6.1,20
91164,11164,4,1,20.5,6.7,33
91165,11165,1,0,9.2,9.1,92
91166,11166,2,1,27.4,9.3,83
91167,11167,1,1,58.7,7.0,51
91168,11168,5,0,33.2,5.4,14
91169,11169,1,0,13.7,6.7,20
91170,11170,0,0,2.8,7.5,42
91171,11171,1,0,49.8,7.3,36
91172,11172,1,1,71.2,6.9,26
91173,11173,3,2,38.3,6.0,15
91174,11174,3,1,24.8,7.6,66
91175,11175,3,1,52.2,5.8,16
91176,11176,2,1,45.2,7.8,64
91177,11177,1,0,34.0,8.3,48
91178,11178,1,0,29.5,6.7,28
91179,11179,2,0,43.7,8.2,60
91180,11180,2,2,2.0,7.4,46
91181,11181,4,2,2.0,6.6,1
91182,11182,5,1,28.7,6.6,50
91183,11183,2,0,34.5,6.0,9
91184,11184,3,0,10.6,6.4,17
91185,11185,4,1,14.6,6.3,45
91186,11186,1,0,34.7,6.8,30
91187,11187,1,0,34.4,8.4,51
91188,11188,2,2,25.8,9.1,81
91189,11189,4,0,42.7,5.0,8
91190,11190,2,1,23.6,5.2,-7
91191,11191,2,0,36.7,7.8,60
91192,11192,5,0,3.5,7.2,60
91193,11193,1,0,12.9,7.3,34
91194,11194,0,0,19.0,6.9,52
91195,11195,2,1,18.6,5.3,-6
91196,11196,4,1,15.2,7.5,32
91197,11197,3,1,27.6,5.4,-3
91198,11198,1,0,2.0,8.7,54
91199,11199,2,0,23.1,7.6,44
91200,11200,4,0,25.4,7.8,42
91201,11201,2,1,26.7,6.4,9
91202,11202,2,1,26.4,5.9,1
91203,11203,2,0,24.6,7.5,35
91204,11204,1,0,14.3,8.4,84
91205,11205,0,0,35.9,8.9,52
91206,11206,3,0,33.8,6.5,30
91207,11207,1,1,32.3,8.3,63
91208,11208,3,1,12.1,6.3,15
91209,11209,4,2,52.5,6.6,59
91210,11210,5,1,2.0,6.5,28
91211,11211,6,0,10.6,6.6,36
91212,11212,2,0,18.0,6.8,30
91213,11213,0,0,56.9,8.3,71
91214,11214,2,0,38.3,7.9,53
91215,11215,5,0,22.1,5.2,6
91216,11216,3,0,50.6,8.7,62
91217,11217,6,1,2.0,5.9,28
91218,11218,3,1,17.9,6.4,35
91219,11219,2,0,31.6,9.0,83
91220,11220,1,0,29.0,8.6,50
91221,11221,4,2,2.6,4.9,-14
91222,11222,0,0,16.7,8.6,81
91223,11223,1,0,54.7,7.8,51
91224,11224,6,1,15.2,4.8,19
91225,11225,2,0,41.3,8.3,62
91226,11226,2,0,26.1,7.5,33
91227,11227,2,0,44.6,6.9,24
91228,11228,6,0,24.9,5.9,13
91229,11229,1,0,2.0,8.4,48
91230,11230,1,0,36.2,8.3,78
91231,11231,2,2,11.7,5.4,10
91232,11232,1,1,15.5,7.9,61
91233,11233,4,2,5.8,5.6,27
91234,11234,6,0,2.0,7.6,70
91235,11235,0,0,9.1,8.4,62
91236,11236,3,1,26.0,7.4,47
91237,11237,5,1,28.6,6.6,35
91238,11238,2,1,44.1,8.3,53
91239,11239,1,0,36.3,8.2,78
91240,11240,1,0,28.8,8.8,76
91241,11241,1,0,44.1,8.1,50
91242,11242,4,1,16.2,6.9,38
91243,11243,1,0,28.9,8.4,52
91244,11244,5,3,45.1,5.6,17
91245,11245,1,0,23.7,7.6,54
91246,11246,2,0,10.1,6.2,25
91247,11247,4,0,27.2,7.7,55
91248,11248,5,1,2.0,6.1,1
91249,11249,1,1,46.9,6.7,35
91250,11250,3,0,59.4,7.1,35
91251,11251,3,1,35.5,5.7,1
91252,11252,3,1,21.4,4.4,-21
91253,11253,3,0,15.3,7.1,22
91254,11254,2,0,19.2,7.8,60
91255,11255,0,0,12.7,9.0,84
91256,11256,2,0,50.8,8.6,68
91257,11257,5,2,2.0,7.0,35
91258,11258,4,0,22.3,5.4,19
91259,11259,4,2,31.0,7.4,45
91260,11260,2,0,18.3,6.9,31
91261,11261,2,1,14.2,7.6,52
91262,11262,2,1,28.9,8.3,61
91263,11263,3,0,16.1,6.8,39
91264,11264,0,0,40.6,8.7,51
91265,11265,1,1,17.0,8.5,67
91266,11266,4,1,19.8,5.9,6
91267,11267,1,0,20.6,7.8,51
91268,11268,4,2,41.7,5.2,0
91269,11269,3,1,11.6,8.9,57
91270,11270,5,2,13.9,4.2,-10
91271,11271,3,1,47.4,4.9,13
91272,11272,2,1,60.6,6.2,35
91273,11273,3,1,12.9,5.9,28
91274,11274,5,2,37.9,6.6,6
91275,11275,1,1,2.0,5.8,11
91276,11276,2,0,59.1,6.8,28
91277,11277,4,3,37.7,7.1,31
91278,11278,1,0,29.4,9.8,83
91279,11279,3,1,8.8,8.5,65
91280,11280,1,1,31.1,7.1,62
91281,11281,5,0,17.9,5.8,14
91282,11282,0,0,22.4,7.4,52
91283,11283,3,2,16.0,5.8,22
91284,11284,1,0,29.7,9.1,76
91285,11285,6,0,35.6,5.1,14
91286,11286,1,0,21.5,7.4,34
91287,11287,2,1,42.5,6.5,27
91288,11288,4,2,2.0,7.4,37
91289,11289,2,1,43.4,7.4,44
91290,11290,8,0,2.0,5.2,2
91291,11291,3,0,44.9,7.0,15
91292,11292,3,2,22.0,6.0,26
91293,11293,3,0,23.2,6.2,38
91294,11294,1,1,43.6,7.8,37
91295,11295,1,0,2.6,8.6,68
91296,11296,3,1,35.3,7.3,52
91297,11297,2,0,52.6,6.7,27
91298,11298,4,1,44.8,5.1,18
91299,11299,2,0,18.0,8.0,84
91300,11300,1,0,34.3,8.7,55
91301,11301,6,1,44.4,7.5,47
91302,11302,6,1,15.6,6.7,35
91303,11303,0,0,28.4,7.2,25
91304,11304,3,1,32.4,4.8,-2
91305,11305,1,0,34.1,7.3,49
91306,11306,3,0,8.5,7.2,39
91307,11307,1,0,13.9,7.0,22
91308,11308,5,3,25.1,4.9,-12
91309,11309,3,0,57.5,8.0,46
91310,11310,2,0,50.7,7.6,37
91311,11311,7,2,24.8,6.1,25
91312,11312,1,0,26.9,6.3,8
91313,11313,4,1,2.0,5.1,6
91314,11314,2,1,32.9,6.3,37
91315,11315,3,1,9.3,6.7,27
91316,11316,2,0,31.5,7.8,56
91317,11317,1,1,46.2,7.1,63
91318,11318,1,0,28.1,7.8,48
91319,11319,2,0,5.8,8.7,56
91320,11320,4,2,52.9,6.6,43
91321,11321,4,2,37.5,5.5,4
91322,11322,4,0,53.1,8.0,66
91323,11323,2,1,22.3,8.0,41
91324,11324,5,0,34.8,7.3,33
91325,11325,1,0,25.7,6.9,42
91326,11326,2,0,34.3,7.4,46
91327,11327,1,0,7.9,8.1,64
91328,11328,3,1,16.4,6.0,41
91329,11329,3,2,23.7,6.3,50
91330,11330,5,1,13.1,6.6,41
91331,11331,2,0,21.8,6.8,47
91332,11332,6,1,35.1,6.4,17
91333,11333,2,1,35.7,6.4,42
91334,11334,0,0,5.8,8.2,59
91335,11335,5,2,6.7,6.0,17
91336,11336,2,0,51.2,9.4,76
91337,11337,2,0,22.2,7.6,32
91338,11338,2,0,16.8,7.9,71
91339,11339,0,0,52.7,6.5,35
91340,11340,3,2,32.2,6.2,25
91341,11341,2,0,19.9,7.5,30
91342,11342,3,2,39.0,5.7,29
91343,11343,1,1,25.8,7.4,37
91344,11344,0,0,35.1,8.2,43
91345,11345,1,0,16.5,8.1,59
91346,11346,6,2,21.4,7.7,63
91347,11347,3,0,35.4,8.1,52
91348,11348,8,1,23.8,6.3,28
91349,11349,3,1,27.8,6.7,31
91350,11350,7,1,16.6,6.2,32
91351,11351,2,0,52.8,6.1,12
91352,11352,4,0,21.1,7.2,48
91353,11353,2,1,3.8,8.4,82
91354,11354,1,0,57.5,8.1,52
91355,11355,0,0,42.7,8.5,56
91356,11356,2,1,20.3,6.1,16
91357,11357,5,0,17.9,6.7,40
91358,11358,2,0,43.2,7.9,72
91359,11359,4,1,35.9,7.5,35
91360,11360,0,0,47.0,6.2,20
91361,11361,2,0,6.9,8.4,36
91362,11362,2,1,20.3,6.1,3
91363,11363,0,0,20.7,8.4,61
91364,11364,4,1,28.4,6.2,23
91365,11365,1,0,19.3,7.6,52
91366,11366,3,1,24.0,7.3,22
91367,11367,2,1,17.5,6.0,12
91368,11368,2,0,36.9,8.6,76
91369,11369,4,1,24.2,7.4,46
91370,11370,1,0,27.3,8.1,44
91371,11371,3,1,34.8,8.8,62
91372,11372,3,1,13.3,7.4,58
91373,11373,4,1,31.0,6.4,43
91374,11374,4,1,32.9,6.6,15
91375,11375,1,0,14.9,8.9,68
91376,11376,3,0,12.4,7.7,45
91377,11377,3,1,26.5,5.4,-18
91378,11378,2,1,29.7,6.9,30
91379,11379,4,0,28.2,5.5,-21
91380,11380,2,1,10.8,6.9,45
91381,11381,3,1,15.5,5.9,5
91382,11382,2,1,2.0,7.8,58
91383,11383,2,0,2.5,7.2,43
91384,11384,1,0,49.6,6.5,33
91385,11385,3,0,13.6,8.2,49
91386,11386,1,1,30.9,8.3,61
91387,11387,5,0,41.3,4.8,23
91388,11388,1,0,2.0,6.4,18
91389,11389,5,1,21.0,4.6,0
91390,11390,2,1,7.1,6.7,34
91391,11391,3,0,2.2,8.7,71
91392,11392,2,0,16.8,6.5,49
91393,11393,1,0,2.0,7.1,37
91394,11394,2,0,26.9,7.2,40
91395,11395,2,0,2.0,8.1,41
91396,11396,3,0,39.2,7.1,38
91397,11397,2,0,2.0,5.5,25
91398,11398,3,0,29.2,7.2,34
91399,11399,1,0,2.0,6.6,39
91400,11400,4,1,43.3,7.2,50
91401,11401,2,1,35.7,7.4,39
91402,11402,2,0,11.8,8.7,73
91403,11403,0,0,6.1,7.7,49
91404,11404,0,0,30.1,8.9,81
91405,11405,2,1,3.5,8.5,44
91406,11406,2,0,19.9,6.1,1
91407,11407,2,0,25.9,7.0,70
91408,11408,2,0,43.1,6.6,19
91409,11409,2,0,11.1,6.3,19
91410,11410,1,0,17.6,6.1,-1
91411,11411,3,0,9.5,7.2,37
91412,11412,3,1,24.8,6.3,13
91413,11413,5,3,41.5,5.3,-3
91414,11414,6,2,55.1,5.4,0
91415,11415,0,0,58.9,6.2,35
91416,11416,1,0,14.7,8.5,56
91417,11417,1,0,17.9,5.5,-11
91418,11418,1,1,2.0,7.0,21
91419,11419,2,1,7.8,7.0,54
91420,11420,1,1,15.5,6.4,17
91421,11421,5,1,18.9,6.3,23
91422,11422,4,2,21.6,6.9,52
91423,11423,3,0,57.7,7.2,46
91424,11424,2,0,2.0,9.1,94
91425,11425,4,0,30.6,6.7,25
91426,11426,0,0,45.9,8.8,72
91427,11427,2,1,11.9,7.5,50
91428,11428,2,1,30.1,5.9,25
91429,11429,0,0,23.5,8.5,71
91430,11430,0,0,31.2,8.8,73
91431,11431,4,2,11.3,5.3,0
91432,11432,2,0,45.3,8.6,78
91433,11433,2,1,34.7,6.5,20
91434,11434,3,1,33.0,6.9,35
91435,11435,0,0,25.4,8.9,32
91436,11436,4,3,40.5,5.0,-15
91437,11437,1,1,45.3,6.7,20
91438,11438,4,0,17.2,6.7,48
91439,11439,4,2,16.4,5.2,-7
91440,11440,2,0,4.6,9.6,80
91441,11441,2,1,11.3,6.5,22
91442,11442,1,0,29.5,8.3,58
91443,11443,5,1,26.7,5.7,-4
91444,11444,2,1,19.2,5.9,19
91445,11445,1,1,2.0,7.0,25
91446,11446,4,1,11.2,5.1,12
91447,11447,4,1,30.0,6.3,21
91448,11448,3,0,24.4,6.3,48
91449,11449,2,1,3.8,7.0,29
91450,11450,4,0,18.1,8.5,63
91451,11451,3,2,5.0,6.2,35
91452,11452,4,2,41.1,6.0,12
91453,11453,5,0,36.9,5.9,4
91454,11454,2,2,48.5,7.4,43
91455,11455,5,3,26.3,3.8,-30
91456,11456,3,0,25.0,7.6,39
91457,11457,1,0,27.7,7.6,72
91458,11458,0,0,28.9,8.0,80
91459,11459,3,1,53.2,5.8,-6
91460,11460,2,0,32.9,9.0,55
91461,11461,3,1,48.3,8.1,56
91462,11462,3,1,2.0,5.5,39
91463,11463,1,0,2.0,8.4,44
91464,11464,0,0,50.1,8.0,63
91465,11465,6,2,30.1,5.3,6
91466,11466,4,2,37.5,6.1,8
91467,11467,2,1,46.3,7.8,34
91468,11468,2,0,58.2,7.6,31
91469,11469,4,0,33.4,5.8,22
91470,11470,1,0,11.1,6.6,24
91471,11471,3,0,23.9,7.3,36
91472,11472,3,1,24.2,6.3,9
91473,11473,3,3,39.9,5.1,-8
91474,11474,3,0,12.7,6.2,31
91475,11475,0,0,29.1,7.2,25
91476,11476,2,0,24.3,8.7,49
91477,11477,3,1,13.7,7.8,71
91478,11478,1,0,2.0,9.0,65
91479,11479,1,0,35.5,8.9,61
91480,11480,4,0,45.6,8.3,65
91481,11481,2,0,24.5,7.1,32
91482,11482,2,1,2.0,7.8,38
91483,11483,5,1,39.3,6.5,24
91484,11484,0,0,3.1,9.1,75
91485,11485,2,0,36.0,6.5,34
91486,11486,4,2,22.1,4.8,-19
91487,11487,5,0,55.5,5.0,-18
91488,11488,3,1,40.3,7.6,70
91489,11489,3,0,27.3,6.1,39
91490,11490,5,0,32.3,5.5,14
91491,11491,1,0,16.8,7.1,50
91492,11492,3,2,2.0,6.0,10
91493,11493,3,2,2.0,6.6,32
91494,11494,4,2,22.2,6.2,32
91495,11495,3,2,2.0,6.2,33
91496,11496,1,0,28.8,7.5,40
91497,11497,2,0,21.0,6.9,31
91498,11498,6,2,2.0,4.5,-2
91499,11499,6,2,11.9,3.9,-32
91500,11500,4,3,40.5,4.5,-18
91501,11501,5,0,40.9,8.5,52
91502,11502,3,0,35.2,8.0,33
91503,11503,5,0,12.9,5.7,13
91504,11504,0,0,13.5,9.9,99
91505,11505,3,0,21.6,6.1,31
91506,11506,2,2,2.0,6.3,32
91507,11507,5,1,2.3,6.8,27
91508,11508,2,0,33.7,7.2,60
91509,11509,1,0,50.2,6.6,28
91510,11510,3,2,16.8,6.1,36
91511,11511,3,0,12.0,5.6,5
91512,11512,4,0,39.7,7.4,40
91513,11513,2,2,31.9,7.2,26
91514,11514,1,1,26.5,7.8,57
91515,11515,2,1,48.0,6.5,25
91516,11516,0,0,23.1,8.3,60
91517,11517,4,1,19.7,5.3,-14
91518,11518,1,0,46.0,5.4,12
91519,11519,3,1,21.3,6.5,17
91520,11520,1,1,2.0,7.0,43
91521,11521,1,1,16.2,9.1,92
91522,11522,0,0,28.9,7.3,28
91523,11523,2,0,36.3,6.4,11
91524,11524,4,1,51.6,5.3,-9
91525,11525,2,2,39.7,7.8,42
91526,11526,1,1,28.3,5.6,10
91527,11527,0,0,36.6,9.7,94
91528,11528,0,0,9.1,7.4,27
91529,11529,3,1,23.8,4.7,0
91530,11530,4,0,26.0,7.9,64
91531,11531,2,0,25.6,6.5,57
91532,11532,3,0,41.3,6.2,20
91533,11533,2,0,22.8,8.0,51
91534,11534,0,0,6.8,7.9,49
91535,11535,4,0,2.0,7.0,18
91536,11536,3,1,2.0,4.4,-6
91537,11537,1,0,26.7,8.1,54
91538,11538,1,1,24.8,8.0,47
91539,11539,0,0,16.6,7.1,40
91540,11540,1,0,35.4,9.1,58
91541,11541,1,1,2.0,6.4,40
91542,11542,4,1,27.2,6.7,26
91543,11543,2,1,18.4,7.1,54
91544,11544,4,1,37.3,6.7,22
91545,11545,3,1,30.6,5.2,17
91546,11546,5,1,20.7,5.3,12
91547,11547,4,2,56.5,4.5,4
91548,11548,2,1,13.6,7.3,31
91549,11549,4,0,2.0,5.6,16
91550,11550,7,1,16.5,6.2,33
91551,11551,1,0,49.2,8.1,47
91552,11552,3,2,2.0,7.7,48
91553,11553,6,1,25.3,6.7,16
91554,11554,4,1,27.3,5.1,22
91555,11555,2,1,18.7,7.3,51
91556,11556,1,0,20.3,7.1,34
91557,11557,4,1,43.3,3.5,-21
91558,11558,3,0,18.6,8.6,69
91559,11559,3,1,17.5,7.0,33
91560,11560,3,1,29.3,6.6,9
91561,11561,3,1,12.2,6.6,15
91562,11562,3,1,2.0,7.0,22
91563,11563,6,0,23.8,6.0,37
91564,11564,4,1,46.3,5.1,-8
91565,11565,3,1,25.4,5.9,6
91566,11566,2,0,25.7,6.3,37
91567,11567,1,0,25.6,8.2,56
91568,11568,2,0,2.0,6.5,1
91569,11569,1,1,41.2,7.4,52
91570,11570,1,0,38.6,9.1,71
91571,11571,3,2,23.8,5.6,7
91572,11572,2,0,9.7,7.0,51
91573,11573,3,1,23.8,5.3,2
91574,11574,4,0,18.9,8.0,64
91575,11575,4,1,17.4,5.0,-10
91576,11576,2,0,2.0,6.6,22
91577,11577,5,4,28.2,4.3,-4
91578,11578,2,0,33.2,8.5,68
91579,11579,1,0,27.1,8.0,39
91580,11580,1,0,31.3,8.3,38
91581,11581,6,1,27.9,7.4,38
91582,11582,3,1,16.8,6.9,23
91583,11583,1,0,33.0,7.4,55
91584,11584,3,0,21.2,6.2,7
91585,11585,2,2,2.0,7.7,51
91586,11586,0,0,21.7,6.8,31
91587,11587,0,0,2.0,7.8,52
91588,11588,5,4,42.4,3.9,-16
91589,11589,6,3,31.8,3.9,3
91590,11590,1,1,23.7,6.5,22
91591,11591,2,1,43.7,5.8,3
91592,11592,3,0,15.6,8.3,64
91593,11593,3,0,7.9,9.5,91
91594,11594,2,0,2.0,9.4,75
91595,11595,5,0,23.1,6.4,-2
91596,11596,2,1,52.2,6.8,5
91597,11597,7,2,5.9,5.0,23
91598,11598,2,0,29.4,6.7,25
91599,11599,3,1,5.0,4.8,-23
91600,11600,2,0,30.0,7.8,41
91601,11601,5,1,45.7,7.1,43
91602,11602,1,0,40.7,8.0,45
91603,11603,0,0,14.2,7.8,31
91604,11604,2,1,11.6,6.8,22
91605,11605,3,2,35.3,5.8,12
91606,11606,5,1,42.4,6.6,39
91607,11607,2,2,33.6,6.6,9
91608,11608,7,2,23.1,6.3,11
91609,11609,1,1,19.5,7.4,54
91610,11610,1,0,35.3,8.6,67
91611,11611,3,1,38.4,5.7,1
91612,11612,5,1,29.1,6.3,23
91613,11613,0,0,29.1,8.8,88
91614,11614,2,1,13.4,6.5,28
91615,11615,3,0,7.7,5.1,19
91616,11616,0,0,54.0,9.1,77
91617,11617,3,0,36.1,7.5,45
91618,11618,3,1,22.4,5.1,-15
91619,11619,1,0,2.3,6.4,29
91620,11620,4,1,22.1,5.1,-8
91621,11621,2,0,11.5,7.5,42
91622,11622,4,1,26.0,7.4,40
91623,11623,4,0,21.6,8.9,60
91624,11624,1,0,2.0,8.3,59
91625,11625,4,1,23.3,7.8,52
91626,11626,3,0,31.0,7.5,38
91627,11627,5,2,11.9,5.4,-13
91628,11628,2,1,2.0,8.3,66
91629,11629,1,1,33.2,5.7,14
91630,11630,2,0,27.5,10.0,98
91631,11631,2,2,19.8,6.8,34
91632,11632,0,0,22.8,8.7,44
91633,11633,3,1,14.3,5.1,-2
91634,11634,3,1,23.2,8.7,75
91635,11635,4,1,31.4,4.9,10
91636,11636,0,0,12.2,8.3,53
91637,11637,3,0,2.0,6.5,42
91638,11638,5,2,19.1,6.1,25
91639,11639,0,0,18.5,9.3,59
91640,11640,1,0,18.9,8.5,59
91641,11641,3,2,14.4,5.5,23
91642,11642,4,1,28.6,5.4,36
91643,11643,2,2,31.1,6.9,32
91644,11644,3,1,18.1,7.1,46
91645,11645,2,0,11.3,7.5,27
91646,11646,3,2,16.3,6.0,20
91647,11647,3,1,46.6,5.7,0
91648,11648,1,0,12.2,8.1,51
91649,11649,3,2,34.0,5.5,-6
91650,11650,1,0,21.2,6.1,12
91651,11651,3,1,33.6,4.8,7
91652,11652,2,0,25.7,8.5,90
91653,11653,3,0,18.6,6.6,42
91654,11654,2,0,68.4,8.0,64
91655,11655,2,0,28.8,7.4,42
91656,11656,3,1,24.6,7.8,61
91657,11657,3,0,30.1,8.2,56
91658,11658,0,0,32.3,7.5,29
91659,11659,3,2,46.2,5.3,2
91660,11660,8,1,11.1,5.1,-8
91661,11661,3,1,2.0,4.8,-48
91662,11662,2,0,41.6,7.8,73
91663,11663,3,0,2.0,5.7,10
91664,11664,0,0,21.5,8.7,63
91665,11665,4,1,2.0,6.4,33
91666,11666,4,2,28.2,6.9,31
91667,11667,5,0,23.4,6.1,14
91668,11668,5,0,51.0,6.7,32
91669,11669,1,0,36.5,8.4,66
91670,11670,0,0,24.4,8.6,77
91671,11671,1,0,28.9,6.4,12
91672,11672,6,2,27.4,3.7,-29
91673,11673,3,1,16.7,7.7,38
91674,11674,2,1,54.7,6.8,28
91675,11675,2,0,23.2,7.6,48
91676,11676,1,1,16.7,6.9,39
91677,11677,2,0,39.3,8.9,82
91678,11678,1,0,44.6,8.4,71
91679,11679,1,0,31.3,9.4,86
91680,11680,5,1,2.0,5.8,22
91681,11681,0,0,19.3,7.6,84
91682,11682,1,0,4.9,8.0,48
91683,11683,1,0,15.3,7.7,69
91684,11684,2,0,2.0,5.1,-24
91685,11685,1,0,42.5,8.8,75
91686,11686,1,0,36.3,7.3,16
91687,11687,2,1,52.8,6.5,31
91688,11688,6,1,57.8,5.3,29
91689,11689,2,0,9.1,6.4,20
91690,11690,2,0,54.6,7.9,63
91691,11691,1,1,15.0,8.9,77
91692,11692,0,0,11.9,8.8,48
91693,11693,3,0,38.1,7.9,57
91694,11694,2,1,10.1,7.6,35
91695,11695,0,0,9.8,10.0,94
91696,11696,3,1,29.8,5.8,28
91697,11697,1,1,32.4,7.7,45
91698,11698,4,1,36.0,5.5,-1
91699,11699,1,0,6.5,5.6,13
91700,11700,1,1,29.8,6.8,39
91701,11701,3,1,35.0,5.9,18
91702,11702,2,0,20.9,6.0,39
91703,11703,4,0,2.0,8.7,88
91704,11704,1,0,45.9,9.3,83
91705,11705,3,2,28.9,5.6,-4
91706,11706,2,0,43.0,7.6,65
91707,11707,3,1,27.9,6.5,61
91708,11708,4,3,25.6,5.9,23
91709,11709,2,0,24.3,5.2,26
91710,11710,4,1,25.9,5.4,-7
91711,11711,0,0,2.0,9.1,52
91712,11712,3,1,42.0,5.8,37
91713,11713,3,0,22.0,7.7,46
91714,11714,3,0,27.7,7.2,59
91715,11715,4,2,14.1,8.9,68
91716,11716,0,0,30.8,7.4,45
91717,11717,1,0,15.5,7.3,49
91718,11718,3,2,54.5,6.0,14
91719,11719,2,1,36.3,7.1,43
91720,11720,1,0,44.6,7.8,44
91721,11721,5,1,35.7,5.9,5
91722,11722,3,1,2.0,6.0,55
91723,11723,1,0,31.2,7.7,64
91724,11724,2,0,34.1,6.5,32
91725,11725,2,0,42.6,8.3,53
91726,11726,1,1,29.1,7.3,38
91727,11727,1,0,38.9,6.5,-2
91728,11728,3,2,26.5,7.0,39
91729,11729,3,1,66.6,7.8,55
91730,11730,7,2,27.1,5.2,8
91731,11731,1,0,26.8,7.4,52
91732,11732,1,0,5.8,6.9,28
91733,11733,1,0,30.8,9.3,99
91734,11734,1,0,53.9,7.5,53
91735,11735,1,0,39.4,8.5,49
91736,11736,0,0,9.5,9.7,92
91737,11737,5,2,2.0,7.0,29
91738,11738,4,3,12.8,6.4,2
91739,11739,2,0,29.1,5.9,31
91740,11740,3,0,35.7,6.6,13
91741,11741,4,1,33.6,6.8,27
91742,11742,6,1,24.2,3.7,-25
91743,11743,3,1,19.1,7.5,60
91744,11744,3,2,16.4,5.6,10
91745,11745,2,1,6.1,7.5,27
91746,11746,1,0,16.6,9.4,71
91747,11747,3,0,51.2,9.9,83
91748,11748,4,2,48.8,5.7,8
91749,11749,2,0,37.1,6.2,27
91750,11750,3,2,2.0,4.9,7
91751,11751,5,0,19.7,5.6,10
91752,11752,3,2,39.2,4.5,-12
91753,11753,2,0,30.3,8.0,53
91754,11754,1,0,10.1,6.5,13
91755,11755,0,0,32.4,9.5,69
91756,11756,3,1,36.9,6.7,23
91757,11757,4,2,2.0,5.1,-9
91758,11758,3,1,10.2,6.4,29
91759,11759,2,1,43.9,6.3,19
91760,11760,3,1,2.0,6.5,20
91761,11761,1,0,10.8,7.4,57
91762,11762,1,0,40.3,7.8,49
91763,11763,4,1,39.7,7.0,37
91764,11764,2,0,7.5,7.5,42
91765,11765,1,1,38.0,7.1,27
91766,11766,1,0,47.5,7.5,50
91767,11767,2,2,13.3,6.4,23
91768,11768,0,0,25.9,9.4,85
91769,11769,1,0,8.2,7.8,34
91770,11770,2,0,6.4,7.0,27
91771,11771,3,0,28.6,8.0,66
91772,11772,5,0,26.3,6.7,15
91773,11773,4,1,45.7,5.8,-3
91774,11774,1,0,22.7,6.9,19
91775,11775,5,1,28.8,5.9,8
91776,11776,4,1,11.8,6.9,50
91777,11777,1,1,17.2,7.4,31
91778,11778,4,2,24.7,5.6,15
91779,11779,1,0,2.0,9.0,64
91780,11780,2,0,45.8,8.6,73
91781,11781,2,0,37.4,7.1,48
91782,11782,3,1,28.9,5.9,42
91783,11783,1,0,37.1,8.7,63
91784,11784,4,0,24.3,7.1,53
91785,11785,1,0,2.0,7.1,29
91786,11786,6,0,12.7,8.6,58
91787,11787,2,0,15.1,6.4,24
91788,11788,3,1,33.8,7.7,46
91789,11789,4,0,8.7,6.2,29
91790,11790,8,1,20.2,5.0,22
91791,11791,1,0,34.6,6.6,18
91792,11792,2,0,42.1,8.0,66
91793,11793,4,1,33.7,6.2,27
91794,11794,2,1,30.6,5.9,35
91795,11795,2,0,40.4,6.8,48
91796,11796,5,3,7.8,6.4,28
91797,11797,3,1,34.2,5.1,-10
91798,11798,2,0,6.5,8.2,63
91799,11799,2,1,2.0,8.2,37
91800,11800,4,1,28.2,6.6,44
91801,11801,2,2,16.6,7.6,72
91802,11802,0,0,31.2,8.1,60
91803,11803,2,0,34.9,8.9,75
91804,11804,2,1,24.6,7.6,50
91805,11805,9,1,24.6,3.7,-28
91806,11806,4,2,8.3,6.4,20
91807,11807,4,2,9.7,6.4,16
91808,11808,1,1,35.8,7.5,49
91809,11809,3,1,20.9,5.8,30
91810,11810,2,1,26.3,6.7,26
91811,11811,1,0,2.0,7.0,32
91812,11812,4,1,8.4,5.4,9
91813,11813,6,1,8.6,6.1,24
91814,11814,2,0,28.6,7.0,17
91815,11815,4,1,27.4,5.9,15
91816,11816,3,0,33.5,6.9,26
91817,11817,3,1,35.6,7.4,46
91818,11818,3,0,2.0,7.5,56
91819,11819,4,0,60.2,6.4,38
91820,11820,3,0,14.2,6.5,24
91821,11821,6,2,40.9,3.7,-20
91822,11822,5,1,33.0,8.2,50
91823,11823,4,2,20.1,6.0,23
91824,11824,4,0,45.6,7.1,9
91825,11825,1,1,26.1,8.3,62
91826,11826,1,0,21.3,8.0,41
91827,11827,1,0,9.1,7.5,40
91828,11828,3,0,26.2,7.6,44
91829,11829,3,1,32.7,7.8,49
91830,11830,2,1,18.7,5.8,-7
91831,11831,1,0,32.4,7.7,49
91832,11832,1,0,19.7,7.5,22
91833,11833,2,0,2.0,6.4,15
91834,11834,2,1,2.0,6.8,30
91835,11835,3,0,12.3,9.0,59
91836,11836,1,0,39.2,8.1,38
91837,11837,6,2,19.7,3.8,-29
91838,11838,1,0,42.3,8.1,71
91839,11839,0,0,25.7,9.6,75
91840,11840,3,1,5.2,7.1,16
91841,11841,5,1,22.3,5.5,5
91842,11842,2,2,10.2,8.0,49
91843,11843,2,0,2.8,7.6,49
91844,11844,1,1,22.7,8.7,66
91845,11845,4,1,3.6,4.9,7
91846,11846,2,1,20.9,6.1,10
91847,11847,3,0,2.0,6.0,14
91848,11848,1,0,14.8,8.5,59
91849,11849,1,0,22.9,7.7,53
91850,11850,3,0,15.7,7.4,45
91851,11851,4,1,28.2,7.1,21
91852,11852,0,0,4.1,7.6,67
91853,11853,4,0,23.8,6.0,19
91854,11854,2,0,6.9,6.8,39
91855,11855,4,1,3.4,6.2,13
91856,11856,0,0,8.4,9.3,84
91857,11857,3,1,37.9,7.1,45
91858,11858,2,0,9.7,7.6,52
91859,11859,1,0,22.5,7.2,23
91860,11860,3,0,42.8,7.3,29
91861,11861,2,0,17.4,6.7,27
91862,11862,2,0,17.7,7.7,52
91863,11863,5,1,31.3,5.9,29
91864,11864,0,0,30.4,9.3,81
91865,11865,3,0,2.0,6.4,40
91866,11866,0,0,46.5,8.5,79
91867,11867,5,2,24.2,6.0,10
91868,11868,3,0,11.4,6.9,29
91869,11869,1,0,25.3,9.8,100
91870,11870,3,0,21.2,8.7,80
91871,11871,4,0,19.5,7.6,55
91872,11872,5,2,22.1,5.5,23
91873,11873,3,0,2.0,6.7,16
91874,11874,4,1,20.7,6.5,41
91875,11875,2,1,26.6,7.5,45
91876,11876,2,1,25.2,7.1,26
91877,11877,2,1,45.0,8.6,56
91878,11878,3,0,37.5,8.3,61
91879,11879,1,0,21.7,9.5,79
91880,11880,4,1,25.7,7.2,47
91881,11881,1,1,36.7,6.5,39
91882,11882,1,0,4.2,8.4,60
91883,11883,0,0,2.0,8.2,54
91884,11884,0,0,10.2,9.1,75
91885,11885,4,0,12.3,7.0,34
91886,11886,3,1,27.8,7.5,35
91887,11887,5,3,7.2,3.8,-35
91888,11888,1,0,44.1,7.7,64
91889,11889,0,0,36.1,8.1,86
91890,11890,1,1,10.4,6.8,23
91891,11891,1,0,24.8,7.5,34
91892,11892,3,0,32.3,8.7,69
91893,11893,2,0,23.8,6.7,28
91894,11894,4,1,2.0,5.7,13
91895,11895,4,1,11.8,5.4,21
91896,11896,0,0,32.5,9.2,91
91897,11897,3,1,24.4,5.9,22
91898,11898,0,0,3.4,8.1,53
91899,11899,3,2,36.1,6.7,17
91900,11900,2,0,32.6,8.1,64
91901,11901,1,0,20.0,5.8,-9
91902,11902,7,1,37.7,5.6,6
91903,11903,1,0,13.7,6.2,44
91904,11904,2,0,18.3,6.3,28
91905,11905,4,0,29.5,6.9,28
91906,11906,3,0,13.5,7.5,40
91907,11907,3,0,27.1,6.5,-6
91908,11908,2,1,19.3,6.8,25
91909,11909,4,0,39.1,6.2,14
91910,11910,2,0,15.4,9.4,82
91911,11911,2,0,46.7,7.3,53
91912,11912,4,1,2.0,6.1,20
91913,11913,2,1,34.1,7.7,38
91914,11914,4,1,8.8,6.2,32
91915,11915,3,0,33.5,6.6,25
91916,11916,4,0,2.0,6.6,26
91917,11917,6,1,20.3,4.5,-12
91918,11918,2,0,38.9,6.1,34
91919,11919,3,1,18.7,8.3,82
91920,11920,3,0,25.0,8.2,60
91921,11921,1,0,30.1,7.2,32
91922,11922,5,2,12.7,4.7,-9
91923,11923,3,0,38.5,7.6,55
91924,11924,2,0,7.1,7.3,50
91925,11925,5,2,28.1,5.8,3
91926,11926,2,0,5.4,8.0,52
91927,11927,5,0,23.5,5.9,13
91928,11928,1,0,27.1,6.8,28
91929,11929,0,0,71.1,8.1,44
91930,11930,1,0,37.7,7.3,41
91931,11931,1,1,2.0,7.2,27
91932,11932,3,0,2.0,6.8,18
91933,11933,3,0,20.8,7.4,28
91934,11934,2,1,27.9,8.6,77
91935,11935,2,0,25.9,7.2,52
91936,11936,0,0,34.0,7.3,48
91937,11937,3,2,25.5,6.7,45
91938,11938,3,0,16.6,6.1,19
91939,11939,3,1,32.0,7.0,28
91940,11940,3,1,24.0,8.0,63
91941,11941,1,0,6.0,6.9,36
91942,11942,4,2,52.1,6.6,11
91943,11943,3,1,13.3,7.0,64
91944,11944,5,3,39.7,5.7,30
91945,11945,3,1,14.8,7.0,20
91946,11946,2,1,12.3,7.4,42
91947,11947,2,1,2.0,7.9,44
91948,11948,1,0,13.4,8.7,91
91949,11949,2,0,2.0,6.3,31
91950,11950,3,2,43.6,5.8,22
91951,11951,2,0,2.0,6.3,11
91952,11952,1,0,23.2,9.0,81
91953,11953,1,0,40.2,5.4,22
91954,11954,3,0,17.4,6.7,25
91955,11955,2,0,2.0,8.3,55
91956,11956,1,0,12.5,9.0,74
91957,11957,2,1,19.1,7.4,46
91958,11958,3,0,4.0,6.3,30
91959,11959,4,1,18.0,5.5,14
91960,11960,0,0,28.0,8.8,58
91961,11961,0,0,16.0,7.4,27
91962,11962,3,1,10.5,8.4,67
91963,11963,1,1,34.1,6.9,31
91964,11964,2,0,29.9,6.7,27
91965,11965,4,2,16.9,5.7,19
91966,11966,3,0,48.2,7.2,32
91967,11967,1,0,58.2,8.5,55
91968,11968,4,1,2.0,6.5,21
91969,11969,3,1,28.5,5.1,24
91970,11970,1,0,47.5,8.5,89
91971,11971,3,1,33.2,6.0,16
91972,11972,5,0,15.7,7.1,36
91973,11973,2,0,19.2,8.1,35
91974,11974,2,0,61.0,7.7,36
91975,11975,4,0,16.9,8.4,71
91976,11976,2,0,27.5,6.3,24
91977,11977,2,0,34.1,9.0,72
91978,11978,3,0,27.7,7.0,38
91979,11979,6,0,29.1,6.7,6
91980,11980,5,0,28.8,5.4,17
91981,11981,4,0,32.2,7.1,35
91982,11982,3,0,14.6,8.1,48
91983,11983,2,0,45.0,8.2,47
91984,11984,2,0,20.2,8.3,51
91985,11985,1,0,23.6,8.0,59
91986,11986,2,2,24.5,7.5,39
91987,11987,1,0,18.6,9.6,78
91988,11988,4,0,14.9,7.5,44
91989,11989,2,1,2.0,6.6,-6
91990,11990,7,3,51.8,2.6,-29
91991,11991,2,1,2.0,7.3,41
91992,11992,7,1,44.8,4.6,-14
91993,11993,3,1,30.3,5.6,29
91994,11994,4,2,28.8,6.0,3
91995,11995,6,0,16.7,6.5,2
91996,11996,3,1,43.0,6.9,37
91997,11997,3,0,34.3,7.9,36
91998,11998,2,1,25.5,6.6,40
91999,11999,2,0,18.5,7.4,63
92000,12000,2,1,16.8,7.8,60
92001,12001,3,0,16.8,6.7,12
92002,12002,1,0,2.0,9.2,82
92003,12003,3,0,37.8,7.2,32
92004,12004,1,0,21.9,7.5,37
92005,12005,3,0,20.5,6.4,13
92006,12006,3,2,2.0,6.4,26
92007,12007,1,0,2.0,7.3,28
92008,12008,2,0,66.8,7.3,31
92009,12009,3,2,35.7,8.0,57
92010,12010,2,0,21.7,7.3,39
92011,12011,4,1,26.0,7.7,56
92012,12012,2,1,22.2,7.2,28
92013,12013,1,0,21.9,8.8,78
92014,12014,6,3,18.4,5.5,37
92015,12015,3,1,21.1,7.8,41
92016,12016,2,1,9.3,7.8,63
92017,12017,4,1,11.1,5.7,21
92018,12018,5,1,11.4,6.0,3
92019,12019,3,1,11.6,6.2,3
92020,12020,2,1,20.3,8.0,48
92021,12021,2,0,7.4,7.6,53
92022,12022,3,2,2.0,8.7,59
92023,12023,1,0,10.9,7.5,43
92024,12024,3,0,30.9,5.6,12
92025,12025,3,2,6.7,5.7,22
92026,12026,0,0,25.4,5.9,16
92027,12027,5,0,15.8,6.0,17
92028,12028,6,3,19.9,2.6,-26
92029,12029,2,1,8.3,7.2,29
92030,12030,1,0,56.7,7.6,48
92031,12031,1,1,15.1,6.3,33
92032,12032,1,0,10.6,7.1,34
92033,12033,3,2,26.3,5.7,1
92034,12034,3,0,41.7,6.6,24
92035,12035,3,0,28.0,7.2,56
92036,12036,3,0,51.1,7.6,46
92037,12037,0,0,34.9,8.5,65
92038,12038,3,1,28.8,7.0,26
92039,12039,2,0,31.7,6.6,31
92040,12040,1,0,31.8,9.2,62
92041,12041,0,0,17.5,8.1,78
92042,12042,3,1,20.3,6.7,45
92043,12043,2,0,17.0,8.8,65
92044,12044,3,0,31.0,5.0,8
92045,12045,1,1,10.7,6.1,26
92046,12046,3,0,17.0,6.2,22
92047,12047,4,0,38.8,7.1,47
92048,12048,1,0,37.1,8.7,77
92049,12049,5,3,31.3,5.9,-4
92050,12050,2,0,26.8,7.4,30
92051,12051,2,0,26.2,7.0,17
92052,12052,2,2,18.6,4.7,9
92053,12053,1,0,2.0,8.4,63
92054,12054,1,0,42.2,6.5,37
92055,12055,2,0,7.9,7.3,53
92056,12056,3,1,29.0,6.4,33
92057,12057,5,0,28.5,7.6,56
92058,12058,1,0,37.7,10.0,85
92059,12059,2,1,28.8,5.4,37
92060,12060,2,0,47.9,8.1,72
92061,12061,2,0,30.8,7.8,69
92062,12062,1,0,2.0,8.0,61
92063,12063,1,1,10.0,7.4,54
92064,12064,3,1,28.6,6.1,45
92065,12065,3,0,27.3,6.3,28
92066,12066,5,1,23.5,6.0,22
92067,12067,3,0,42.6,7.3,55
92068,12068,5,2,2.0,4.9,0
92069,12069,3,1,39.0,6.7,31
92070,12070,2,1,37.1,8.1,49
92071,12071,0,0,4.9,8.9,63
92072,12072,0,0,11.5,7.9,31
92073,12073,2,0,13.9,7.9,49
92074,12074,3,0,23.2,7.6,44
92075,12075,1,1,15.6,7.3,38
92076,12076,3,1,23.3,4.4,-5
92077,12077,6,0,11.1,7.1,25
92078,12078,1,0,14.4,7.8,36
92079,12079,1,1,10.4,6.5,22
92080,12080,0,0,24.4,7.4,20
92081,12081,5,1,2.0,4.4,-3
92082,12082,0,0,54.5,7.7,34
92083,12083,3,2,24.1,7.0,28
92084,12084,3,1,9.4,7.1,39
92085,12085,4,2,24.9,4.2,-16
92086,12086,5,1,39.9,4.5,-4
92087,12087,0,0,30.5,8.4,58
92088,12088,2,0,7.0,6.0,-6
92089,12089,3,1,22.4,6.3,8
92090,12090,5,0,38.2,5.8,7
92091,12091,2,1,18.9,5.4,21
92092,12092,2,1,25.3,9.3,68
92093,12093,3,1,18.0,6.0,16
92094,12094,4,1,29.8,5.7,32
92095,12095,2,1,35.5,6.6,26
92096,12096,3,0,61.5,6.4,25
92097,12097,1,0,21.7,9.8,73
92098,12098,1,0,24.1,8.0,66
92099,12099,2,0,23.6,8.1,72
92100,12100,0,0,25.2,7.8,36
92101,12101,4,3,46.5,7.6,52
92102,12102,2,2,30.8,5.9,34
92103,12103,1,0,18.2,7.7,65
92104,12104,3,0,30.6,6.4,28
92105,12105,2,0,30.2,5.5,6
92106,12106,4,1,4.3,6.1,13
92107,12107,1,1,26.1,7.6,42
92108,12108,3,2,39.7,5.4,8
92109,12109,2,1,5.4,7.0,30
92110,12110,4,1,54.3,6.1,30
92111,12111,4,0,2.0,6.4,10
92112,12112,1,1,7.5,7.8,51
92113,12113,1,1,12.1,7.3,22
92114,12114,3,0,16.2,6.3,19
92115,12115,1,1,31.4,7.6,61
92116,12116,4,0,30.9,5.5,12
92117,12117,2,0,53.6,6.2,20
92118,12118,3,1,31.8,5.2,-11
92119,12119,2,0,35.3,6.7,49
92120,12120,4,0,48.8,7.0,53
92121,12121,1,0,12.8,7.3,33
92122,12122,3,2,24.0,5.3,8
92123,12123,4,0,27.2,6.0,17
92124,12124,4,1,45.9,6.4,32
92125,12125,2,1,11.9,6.8,18
92126,12126,2,0,35.4,5.4,9
92127,12127,4,1,28.5,4.6,-24
92128,12128,3,1,18.7,7.6,58
92129,12129,3,0,16.5,6.4,27
92130,12130,5,2,16.2,4.2,-5
92131,12131,1,0,32.6,9.7,90
92132,12132,2,0,65.3,8.7,73
92133,12133,1,0,37.0,8.3,49
92134,12134,2,0,45.8,7.9,55
92135,12135,2,0,12.3,8.0,79
92136,12136,3,0,16.6,6.8,23
92137,12137,6,2,18.0,4.2,-8
92138,12138,1,0,47.7,6.6,35
92139,12139,3,0,29.1,6.7,8
92140,12140,5,3,21.6,5.8,8
92141,12141,2,0,22.5,6.6,33
92142,12142,0,0,30.5,7.7,51
92143,12143,4,1,21.8,4.9,-16
92144,12144,3,0,8.8,9.4,84
92145,12145,2,0,37.9,5.8,10
92146,12146,5,1,24.7,5.4,14
92147,12147,4,0,2.0,6.2,18
92148,12148,2,1,2.0,4.4,4
92149,12149,5,1,46.9,6.2,34
92150,12150,5,2,14.1,5.7,2
92151,12151,2,1,32.5,4.7,-15
92152,12152,1,0,2.0,6.9,26
92153,12153,0,0,23.1,8.5,61
92154,12154,2,0,33.2,7.0,4
92155,12155,1,0,25.0,8.3,41
92156,12156,5,2,2.2,5.6,-5
92157,12157,4,1,35.2,4.8,-13
92158,12158,2,1,37.4,7.2,21
92159,12159,3,2,33.5,4.7,-11
92160,12160,3,0,40.0,9.3,76
92161,12161,2,0,44.8,6.9,41
92162,12162,0,0,18.4,6.6,39
92163,12163,2,1,40.1,7.1,31
92164,12164,4,1,25.8,8.1,80
92165,12165,6,3,34.1,5.4,-2
92166,12166,5,2,25.0,6.9,18
92167,12167,4,1,37.8,6.0,22
92168,12168,5,1,50.5,3.8,-32
92169,12169,2,1,3.2,7.7,64
92170,12170,5,1,12.1,6.0,17
92171,12171,3,0,16.0,6.0,7
92172,12172,1,0,5.8,6.7,43
92173,12173,2,0,18.3,6.4,34
92174,12174,2,2,21.6,6.8,42
92175,12175,5,4,10.2,6.1,36
92176,12176,2,0,32.1,6.5,29
92177,12177,3,0,2.0,7.5,38
92178,12178,3,2,22.6,4.9,-13
92179,12179,0,0,23.5,9.6,98
92180,12180,4,0,25.3,4.8,-4
92181,12181,2,0,9.8,9.0,100
92182,12182,4,2,13.8,6.0,45
92183,12183,0,0,7.1,9.0,68
92184,12184,5,1,31.7,6.6,18
92185,12185,3,0,49.1,6.9,41
92186,12186,5,2,17.0,6.1,30
92187,12187,2,0,2.0,7.4,43
92188,12188,0,0,37.1,8.9,69
92189,12189,1,0,11.6,7.9,58
92190,12190,3,1,6.5,7.8,59
92191,12191,4,0,13.2,7.0,16
92192,12192,3,0,25.6,7.1,39
92193,12193,1,0,52.3,7.2,42
92194,12194,1,0,27.3,9.3,90
92195,12195,2,0,42.6,6.4,12
92196,12196,2,0,16.1,8.3,54
92197,12197,5,1,26.0,6.6,48
92198,12198,3,2,57.7,7.6,33
92199,12199,2,2,36.5,7.1,59
92200,12200,3,0,22.2,5.4,14
92201,12201,3,1,32.9,7.1,34
92202,12202,3,1,9.7,5.6,6
92203,12203,3,0,9.8,8.8,53
92204,12204,5,1,30.7,6.9,41
92205,12205,1,1,12.0,6.9,55
92206,12206,2,0,30.8,7.2,50
92207,12207,1,0,15.3,6.7,45
92208,12208,4,1,36.9,7.0,55
92209,12209,5,1,16.6,6.2,10
92210,12210,3,0,22.8,7.4,34
92211,12211,0,0,28.3,8.3,59
92212,12212,3,1,49.6,6.4,39
92213,12213,6,0,27.1,5.4,17
92214,12214,2,0,20.2,6.4,37
92215,12215,5,3,24.6,6.8,21
92216,12216,3,1,34.2,5.8,5
92217,12217,3,2,41.5,7.1,35
92218,12218,5,0,34.4,6.4,27
92219,12219,5,1,55.4,7.3,36
92220,12220,2,0,36.9,6.1,30
92221,12221,2,0,23.6,8.0,59
92222,12222,5,1,19.4,5.8,15
92223,12223,3,0,17.8,5.7,6
92224,12224,3,2,12.4,7.6,49
92225,12225,2,0,45.0,7.0,26
92226,12226,1,1,52.3,7.2,51
92227,12227,4,0,29.4,7.1,70
92228,12228,1,0,15.3,8.1,47
92229,12229,1,0,20.0,8.8,89
92230,12230,3,2,35.9,5.9,29
92231,12231,1,1,23.6,6.3,13
92232,12232,4,0,28.0,6.7,35
92233,12233,5,1,2.0,6.1,10
92234,12234,1,0,4.6,8.5,72
92235,12235,3,0,24.6,6.2,37
92236,12236,6,2,40.2,2.9,-9
92237,12237,2,0,26.5,7.2,47
92238,12238,5,2,26.2,5.9,28
92239,12239,4,1,35.3,4.8,7
92240,12240,3,0,25.0,6.9,20
92241,12241,2,1,10.9,8.4,95
92242,12242,3,2,31.0,5.0,26
92243,12243,1,0,2.0,8.3,53
92244,12244,3,1,13.3,6.2,28
92245,12245,1,0,19.3,7.9,34
92246,12246,0,0,36.9,8.8,82
92247,12247,1,0,28.6,8.3,63
92248,12248,2,0,73.5,9.1,65
92249,12249,4,2,20.9,6.0,5
92250,12250,1,1,45.3,8.3,82
92251,12251,2,0,3.5,7.5,63
92252,12252,2,0,21.5,8.8,79
92253,12253,1,0,29.5,7.4,45
92254,12254,2,1,41.1,6.7,18
92255,12255,2,0,14.7,7.9,54
92256,12256,3,0,15.6,6.1,28
92257,12257,5,1,30.2,6.4,15
92258,12258,2,0,51.8,6.0,10
92259,12259,2,0,23.1,7.2,46
92260,12260,2,0,28.4,8.2,58
92261,12261,0,0,4.7,8.3,70
92262,12262,3,1,10.2,5.5,15
92263,12263,6,3,18.2,4.1,-24
92264,12264,3,0,17.2,6.8,30
92265,12265,1,0,2.0,7.5,34
92266,12266,2,2,30.7,5.4,11
92267,12267,3,0,16.1,6.2,20
92268,12268,2,1,20.6,4.6,-22
92269,12269,1,0,9.4,7.8,72
92270,12270,1,0,38.7,7.3,45
92271,12271,3,0,5.5,6.0,-12
92272,12272,4,0,48.9,7.0,31
92273,12273,1,0,18.1,9.0,81
92274,12274,2,1,2.0,8.8,70
92275,12275,2,0,18.8,6.8,36
92276,12276,2,0,28.2,6.0,32
92277,12277,3,2,45.1,6.4,42
92278,12278,4,0,28.6,7.6,40
92279,12279,5,1,3.8,5.4,-1
92280,12280,2,1,48.0,9.3,57
92281,12281,3,0,18.7,7.0,34
92282,12282,2,0,32.8,7.3,58
92283,12283,2,1,4.1,6.9,30
92284,12284,4,0,24.9,6.1,23
92285,12285,3,1,17.0,7.4,28
92286,12286,1,0,2.6,7.9,45
92287,12287,3,1,38.1,6.9,14
92288,12288,2,0,27.8,8.4,55
92289,12289,1,1,22.9,7.4,46
92290,12290,1,0,27.8,7.9,61
92291,12291,3,1,39.1,7.2,53
92292,12292,2,0,34.6,4.8,-5
92293,12293,2,1,2.0,6.3,9
92294,12294,3,2,9.4,6.0,16
92295,12295,2,0,38.6,9.1,72
92296,12296,5,1,62.5,7.1,45
92297,12297,3,1,50.5,6.8,32
92298,12298,1,0,4.0,8.8,66
92299,12299,2,1,34.5,7.1,32
92300,12300,2,0,15.2,8.4,61
92301,12301,3,0,30.5,5.9,2
92302,12302,4,1,23.1,6.0,17
92303,12303,2,0,17.6,7.5,30
92304,12304,3,2,7.3,7.9,42
92305,12305,1,0,45.7,8.2,56
92306,12306,2,1,28.1,6.5,48
92307,12307,7,1,35.1,5.9,21
92308,12308,1,0,46.4,8.9,84
92309,12309,1,0,35.0,7.4,34
92310,12310,3,1,42.3,8.2,69
92311,12311,0,0,6.4,9.0,76
92312,12312,5,1,7.9,6.8,26
92313,12313,2,1,18.0,7.7,49
92314,12314,4,0,8.9,7.1,26
92315,12315,4,0,2.0,5.1,0
92316,12316,2,1,14.1,7.4,47
92317,12317,3,2,25.6,7.0,42
92318,12318,2,0,5.6,8.3,67
92319,12319,3,0,2.3,6.8,52
92320,12320,2,1,19.2,7.8,47
92321,12321,2,0,54.2,8.4,68
92322,12322,2,0,31.3,6.3,24
92323,12323,5,2,47.6,5.6,24
92324,12324,0,0,24.5,10.0,100
92325,12325,5,0,14.5,5.6,8
92326,12326,0,0,12.9,9.4,81
92327,12327,5,0,37.2,6.0,26
92328,12328,4,1,11.8,6.3,19
92329,12329,3,1,29.0,7.1,30
92330,12330,2,1,38.4,6.5,41
92331,12331,1,1,20.5,8.3,63
92332,12332,3,1,56.8,7.7,39
92333,12333,0,0,11.1,9.3,74
92334,12334,5,1,30.4,3.6,-9
92335,12335,6,1,44.8,5.4,29
92336,12336,1,0,25.9,7.7,66
92337,12337,3,1,12.2,8.0,56
92338,12338,3,0,31.7,8.2,51
92339,12339,2,0,53.4,7.5,44
92340,12340,0,0,23.7,8.3,40
92341,12341,9,2,25.4,6.3,18
92342,12342,2,1,21.7,6.2,24
92343,12343,3,0,24.9,4.9,-5
92344,12344,1,0,36.1,6.9,28
92345,12345,2,0,37.9,7.0,28
92346,12346,2,0,44.1,8.0,55
92347,12347,3,0,4.4,6.6,21
92348,12348,1,1,49.9,6.7,64
92349,12349,6,0,16.2,6.3,47
92350,12350,0,0,21.1,9.6,52
92351,12351,2,1,18.9,6.8,29
92352,12352,3,1,15.8,6.5,26
92353,12353,1,0,34.6,9.6,84
92354,12354,4,1,34.3,6.2,3
92355,12355,3,1,47.8,6.5,40
92356,12356,2,1,11.5,7.6,53
92357,12357,2,1,6.4,5.6,4
92358,12358,3,2,37.2,5.6,12
92359,12359,5,2,18.7,5.0,-15
92360,12360,5,0,18.7,6.6,23
92361,12361,1,0,7.4,8.2,59
92362,12362,1,0,27.1,8.9,75
92363,12363,6,3,2.0,4.4,16
92364,12364,4,0,16.1,7.0,43
92365,12365,0,0,23.8,7.9,42
92366,12366,5,0,49.4,7.8,18
92367,12367,2,0,47.2,6.4,21
92368,12368,0,0,5.3,8.4,69
92369,12369,1,0,10.0,6.6,37
92370,12370,2,1,15.3,8.2,64
92371,12371,2,2,46.2,7.4,50
92372,12372,2,0,7.7,8.4,57
92373,12373,6,2,20.0,5.3,-17
92374,12374,4,1,17.9,5.3,-9
92375,12375,3,1,17.5,9.0,93
92376,12376,2,0,46.4,9.3,64
92377,12377,2,0,8.5,7.9,36
92378,12378,1,0,34.5,6.8,34
92379,12379,2,2,24.6,6.4,45
92380,12380,4,1,32.1,6.3,18
92381,12381,3,1,14.6,7.3,21
92382,12382,4,1,15.4,7.0,30
92383,12383,3,0,46.0,6.8,24
92384,12384,5,0,8.1,6.7,22
92385,12385,5,1,37.1,5.5,-2
92386,12386,2,0,2.0,8.5,61
92387,12387,1,0,21.5,7.5,38
92388,12388,2,0,59.5,7.5,42
92389,12389,4,0,2.0,6.7,38
92390,12390,0,0,30.2,8.8,69
92391,12391,1,0,34.0,8.3,63
92392,12392,3,2,29.0,7.1,7
92393,12393,2,1,21.0,7.6,39
92394,12394,2,1,2.0,7.6,50
92395,12395,2,1,21.4,7.6,56
92396,12396,0,0,9.2,7.2,76
92397,12397,0,0,26.7,7.3,51
92398,12398,2,1,11.7,6.1,30
92399,12399,2,1,17.4,6.2,21
92400,12400,2,2,5.9,6.9,26
92401,12401,4,2,5.7,5.7,28
92402,12402,0,0,47.7,6.9,24
92403,12403,2,0,34.9,7.4,27
92404,12404,4,0,50.5,5.4,1
92405,12405,2,1,24.1,8.2,55
92406,12406,2,0,12.4,8.6,52
92407,12407,1,0,6.0,7.3,32
92408,12408,3,2,46.3,6.9,33
92409,12409,2,1,16.9,7.5,36
92410,12410,4,0,25.1,6.9,31
92411,12411,1,1,2.0,7.1,35
92412,12412,5,1,30.9,5.5,0
92413,12413,0,0,23.1,8.1,73
92414,12414,3,1,37.5,7.8,82
92415,12415,0,0,25.7,7.4,50
92416,12416,6,3,38.0,5.9,17
92417,12417,1,0,19.3,7.1,21
92418,12418,1,0,42.8,7.7,46
92419,12419,2,0,25.1,7.9,56
92420,12420,2,1,8.9,7.7,48
92421,12421,1,0,29.8,6.0,19
92422,12422,2,0,47.4,7.6,32
92423,12423,0,0,34.3,8.7,79
92424,12424,3,0,31.2,7.6,46
92425,12425,1,0,26.4,9.0,75
92426,12426,1,0,47.2,6.6,34
92427,12427,2,1,37.7,8.3,56
92428,12428,1,0,17.2,7.8,52
92429,12429,3,2,14.0,5.7,17
92430,12430,0,0,21.8,6.8,34
92431,12431,4,2,16.7,7.0,45
92432,12432,5,0,41.9,6.6,28
92433,12433,1,1,36.1,6.3,24
92434,12434,3,1,60.2,5.6,12
92435,12435,5,2,19.7,6.0,1
92436,12436,4,1,21.4,5.4,12
92437,12437,3,2,8.3,7.3,54
92438,12438,1,0,31.8,7.4,38
92439,12439,3,1,27.9,7.5,56
92440,12440,6,1,26.1,6.5,21
92441,12441,1,0,41.4,7.7,60
92442,12442,4,0,33.7,7.1,47
92443,12443,5,1,46.3,4.3,-14
92444,12444,3,1,18.4,6.0,16
92445,12445,5,3,29.9,6.7,37
92446,12446,4,2,30.0,7.8,24
92447,12447,1,0,41.5,6.5,28
92448,12448,2,0,35.8,8.6,60
92449,12449,2,0,41.2,6.7,29
92450,12450,1,0,26.0,7.5,40
92451,12451,3,1,31.3,5.2,-9
92452,12452,2,0,41.1,7.3,42
92453,12453,3,1,25.6,4.7,-14
92454,12454,0,0,23.0,7.5,49
92455,12455,3,0,2.0,6.1,6
92456,12456,2,1,27.6,8.4,69
92457,12457,6,2,8.2,4.5,-3
92458,12458,1,0,10.6,7.5,50
92459,12459,0,0,15.4,8.3,61
92460,12460,0,0,5.9,8.6,55
92461,12461,1,0,32.3,6.6,23
92462,12462,1,0,7.5,8.0,34
92463,12463,1,1,27.4,6.5,39
92464,12464,0,0,38.5,9.4,74
92465,12465,3,0,38.1,8.1,43
92466,12466,2,1,29.7,7.6,58
92467,12467,4,3,62.0,3.5,-27
92468,12468,3,2,25.4,5.6,3
92469,12469,2,0,2.0,8.3,47
92470,12470,3,2,23.9,5.9,7
92471,12471,0,0,2.0,8.3,47
92472,12472,3,1,14.6,7.5,61
92473,12473,3,0,17.7,8.1,50
92474,12474,2,0,28.6,7.2,45
92475,12475,4,1,2.0,6.3,39
92476,12476,1,0,29.4,8.5,82
92477,12477,5,1,8.5,4.2,-36
92478,12478,5,1,22.0,6.7,41
92479,12479,3,1,39.8,6.1,35
92480,12480,1,0,33.4,6.3,19
92481,12481,3,0,30.2,7.4,29
92482,12482,2,1,18.2,7.8,43
92483,12483,1,1,46.0,7.1,43
92484,12484,0,0,38.7,7.7,58
92485,12485,0,0,12.9,7.6,53
92486,12486,1,1,64.2,5.8,21
92487,12487,4,0,42.6,5.5,24
92488,12488,1,0,2.0,7.8,65
92489,12489,1,0,8.5,8.0,52
92490,12490,3,0,15.3,9.2,76
92491,12491,2,0,26.1,7.8,37
92492,12492,2,0,17.3,9.0,88
92493,12493,5,2,38.5,5.2,0
92494,12494,0,0,30.3,9.0,100
92495,12495,5,1,33.5,5.9,13
92496,12496,4,1,44.0,6.1,11
92497,12497,2,1,23.0,8.0,43
92498,12498,2,0,28.1,6.6,22
92499,12499,3,0,39.5,7.9,63
92500,12500,4,3,19.4,6.8,39
92501,12501,1,0,51.9,6.9,10
92502,12502,1,0,37.0,7.8,33
92503,12503,3,0,38.2,7.9,60
92504,12504,2,0,2.0,7.5,48
92505,12505,4,2,17.1,6.0,25
92506,12506,3,0,15.5,8.4,71
92507,12507,2,0,11.0,6.1,23
92508,12508,1,0,34.8,6.4,28
92509,12509,3,0,37.7,7.3,37
92510,12510,3,0,27.5,6.4,17
92511,12511,3,1,35.8,6.2,27
92512,12512,3,0,29.6,5.0,-16
92513,12513,1,0,2.0,10.0,100
92514,12514,3,0,4.7,6.3,15
92515,12515,2,0,37.3,5.4,1
92516,12516,2,1,5.2,8.1,70
92517,12517,2,0,32.9,7.6,58
92518,12518,2,0,30.0,8.5,53
92519,12519,2,2,2.0,6.6,32
92520,12520,0,0,20.8,6.8,54
92521,12521,4,1,41.3,6.6,26
92522,12522,2,0,14.7,8.1,53
92523,12523,1,0,34.8,7.4,46
92524,12524,3,0,29.8,8.8,82
92525,12525,1,0,29.1,7.6,41
92526,12526,3,0,2.0,7.3,49
92527,12527,1,0,17.6,9.6,74
92528,12528,3,0,2.0,8.4,64
92529,12529,2,0,49.9,8.1,56
92530,12530,4,1,33.1,8.3,45
92531,12531,3,1,21.2,5.9,17
92532,12532,1,0,11.5,8.0,58
92533,12533,6,1,29.2,4.4,7
92534,12534,4,2,2.0,6.8,19
92535,12535,3,1,2.0,7.1,30
92536,12536,1,0,22.2,7.6,52
92537,12537,0,0,28.6,7.3,44
92538,12538,0,0,22.3,8.7,59
92539,12539,3,0,23.5,7.4,52
92540,12540,3,2,32.6,6.9,40
92541,12541,0,0,9.1,6.6,23
92542,12542,0,0,45.1,7.2,41
92543,12543,1,0,7.8,7.7,51
92544,12544,1,1,2.0,7.2,44
92545,12545,3,0,50.7,8.2,40
92546,12546,3,2,36.9,7.3,43
92547,12547,2,0,24.7,7.6,58
92548,12548,1,0,56.9,8.6,55
92549,12549,2,0,2.0,7.5,42
92550,12550,3,1,2.0,8.3,59
92551,12551,4,2,26.3,6.0,7
92552,12552,2,1,15.9,6.6,27
92553,12553,0,0,2.0,10.0,86
92554,12554,3,0,2.0,6.5,25
92555,12555,1,0,23.8,7.1,34
92556,12556,2,1,26.7,7.2,24
92557,12557,1,0,75.2,9.9,89
92558,12558,1,0,7.0,8.8,72
92559,12559,3,0,4.5,7.1,40
92560,12560,5,1,19.5,7.1,65
92561,12561,4,2,14.6,5.8,16
92562,12562,4,0,23.6,6.2,19
92563,12563,4,1,59.7,6.6,32
92564,12564,3,0,24.7,7.4,24
92565,12565,4,1,14.9,4.5,-17
92566,12566,1,0,14.1,7.2,45
92567,12567,2,1,8.5,6.6,34
92568,12568,3,0,22.7,6.1,16
92569,12569,2,0,36.2,6.8,36
92570,12570,2,0,37.4,7.3,54
92571,12571,2,1,28.9,6.5,32
92572,12572,5,0,42.2,5.3,-1
92573,12573,5,2,18.8,3.7,-31
92574,12574,4,2,37.3,6.6,29
92575,12575,3,0,21.7,6.0,21
92576,12576,1,0,30.1,7.3,32
92577,12577,3,2,2.0,7.3,23
92578,12578,4,0,37.9,6.2,-5
92579,12579,1,1,28.7,6.6,33
92580,12580,1,0,42.9,8.7,59
92581,12581,1,0,28.9,8.1,82
92582,12582,5,1,33.9,6.2,20
92583,12583,1,0,26.6,8.3,57
92584,12584,3,2,2.0,7.4,53
92585,12585,1,0,12.2,5.7,25
92586,12586,2,0,24.3,7.2,48
92587,12587,3,3,30.3,6.7,16
92588,12588,2,0,29.5,7.5,51
92589,12589,1,0,2.0,7.3,26
92590,12590,1,0,56.4,9.6,85
92591,12591,3,0,6.3,7.5,53
92592,12592,3,2,25.7,6.0,3
92593,12593,3,0,8.0,6.8,9
92594,12594,2,0,25.7,8.1,42
92595,12595,0,0,49.9,9.3,82
92596,12596,0,0,41.9,8.0,61
92597,12597,2,1,18.2,8.7,63
92598,12598,3,1,36.3,5.9,29
92599,12599,2,1,13.5,7.9,54
92600,12600,0,0,22.8,8.3,55
92601,12601,3,0,2.0,6.9,35
92602,12602,3,1,38.8,6.5,23
92603,12603,0,0,31.8,7.8,56
92604,12604,1,0,10.4,7.8,33
92605,12605,3,0,49.0,8.4,68
92606,12606,5,1,16.3,6.8,20
92607,12607,1,0,35.9,7.8,54
92608,12608,1,0,9.8,7.7,67
92609,12609,4,0,17.8,7.1,56
92610,12610,3,1,43.9,6.7,28
92611,12611,2,1,22.5,7.0,50
92612,12612,2,0,9.2,7.1,37
92613,12613,2,1,34.8,7.7,44
92614,12614,4,1,7.2,5.6,-2
92615,12615,1,0,44.5,7.6,55
92616,12616,0,0,31.0,9.2,70
92617,12617,2,0,5.3,6.8,47
92618,12618,2,0,4.4,9.5,83
92619,12619,0,0,58.6,8.5,70
92620,12620,2,0,2.9,6.9,49
92621,12621,1,1,47.1,8.1,38
92622,12622,3,0,16.2,7.5,28
92623,12623,1,0,39.2,8.7,75
92624,12624,1,1,12.4,7.1,42
92625,12625,3,0,52.5,8.9,60
92626,12626,3,1,7.5,4.7,-17
92627,12627,2,0,2.0,8.4,64
92628,12628,1,0,8.7,8.3,66
92629,12629,3,0,35.6,8.3,66
92630,12630,3,1,28.4,6.9,49
92631,12631,4,1,17.9,6.2,35
92632,12632,2,1,6.2,7.2,53
92633,12633,5,1,14.5,5.8,14
92634,12634,0,0,9.5,8.6,76
92635,12635,4,1,12.3,6.0,-8
92636,12636,5,0,24.5,4.8,5
92637,12637,2,0,24.9,7.7,57
92638,12638,2,2,34.0,5.3,7
92639,12639,3,1,40.1,5.1,-4
92640,12640,1,0,2.0,8.0,35
92641,12641,3,3,20.6,5.5,-2
92642,12642,1,1,29.8,7.8,26
92643,12643,3,0,10.7,6.4,32
92644,12644,2,0,11.9,8.0,83
92645,12645,3,1,25.1,6.0,2
92646,12646,1,1,23.2,6.9,34
92647,12647,1,0,8.8,10.0,88
92648,12648,3,0,10.9,6.9,57
92649,12649,2,1,26.9,8.8,67
92650,12650,5,0,4.1,7.8,48
92651,12651,2,1,21.7,6.8,41
92652,12652,5,2,40.6,3.6,-40
92653,12653,1,0,2.0,8.8,79
92654,12654,4,0,13.5,6.1,29
92655,12655,2,0,18.2,7.7,61
92656,12656,1,1,51.2,7.4,37
92657,12657,1,0,18.0,8.7,51
92658,12658,2,1,29.6,5.4,4
92659,12659,3,0,34.9,6.6,25
92660,12660,9,2,25.0,2.9,-51
92661,12661,4,3,14.2,5.4,9
92662,12662,0,0,33.7,7.3,37
92663,12663,5,5,42.3,4.0,-15
92664,12664,1,0,2.0,8.3,82
92665,12665,2,0,49.9,7.6,49
92666,12666,3,1,48.7,6.0,4
92667,12667,2,1,23.6,7.6,37
92668,12668,1,0,37.1,8.1,42
92669,12669,2,0,35.8,8.2,47
92670,12670,2,1,38.4,8.1,58
92671,12671,2,0,48.5,7.6,48
92672,12672,1,0,2.0,7.5,43
92673,12673,2,1,30.7,7.1,33
92674,12674,4,1,53.8,6.1,5
92675,12675,3,2,36.1,7.8,51
92676,12676,1,1,33.5,6.2,19
92677,12677,3,0,29.5,7.1,46
92678,12678,1,0,39.8,7.7,13
92679,12679,1,1,37.0,6.3,28
92680,12680,2,0,17.6,7.8,65
92681,12681,5,2,2.0,4.4,-28
92682,12682,3,1,21.9,6.0,11
92683,12683,4,1,16.3,8.1,61
92684,12684,2,0,21.8,10.0,90
92685,12685,3,0,36.7,7.1,54
92686,12686,1,0,15.0,7.0,39
92687,12687,3,0,8.8,5.5,-7
92688,12688,2,0,56.1,8.0,40
92689,12689,1,1,6.2,8.4,52
92690,12690,2,1,49.0,6.2,25
92691,12691,1,0,44.9,8.4,85
92692,12692,1,0,32.1,7.4,38
92693,12693,3,1,2.0,6.4,21
92694,12694,2,0,25.2,7.2,42
92695,12695,2,0,6.8,7.4,10
92696,12696,3,3,28.8,6.1,14
92697,12697,1,0,9.6,7.2,16
92698,12698,1,0,43.1,8.6,78
92699,12699,3,0,33.8,5.6,15
92700,12700,3,0,29.6,7.5,45
92701,12701,2,1,29.0,7.9,53
92702,12702,2,1,8.8,6.9,40
92703,12703,1,1,33.7,6.8,12
92704,12704,2,1,25.2,7.3,34
92705,12705,2,0,32.0,8.4,79
92706,12706,3,0,22.3,7.2,35
92707,12707,6,1,16.2,6.5,29
92708,12708,1,0,24.1,7.2,41
92709,12709,2,0,5.2,8.4,45
92710,12710,5,1,31.7,4.3,-22
92711,12711,2,1,38.0,8.5,74
92712,12712,0,0,43.9,8.9,79
92713,12713,2,0,50.7,8.4,66
92714,12714,3,2,3.3,6.0,49
92715,12715,4,2,27.0,4.9,-2
92716,12716,4,1,12.4,5.5,-17
92717,12717,3,2,17.2,7.6,50
92718,12718,4,1,53.8,5.8,5
92719,12719,3,2,41.9,7.0,40
92720,12720,2,0,25.8,6.9,33
92721,12721,1,1,19.0,6.9,36
92722,12722,0,0,33.1,7.1,29
92723,12723,1,0,45.8,9.8,85
92724,12724,3,2,61.8,6.4,34
92725,12725,1,0,2.0,7.7,80
92726,12726,4,0,32.8,7.5,33
92727,12727,1,0,23.0,8.5,55
92728,12728,1,0,32.8,8.7,69
92729,12729,3,1,31.9,6.3,24
92730,12730,2,0,4.2,7.1,49
92731,12731,1,1,17.9,5.7,38
92732,12732,1,0,34.9,5.9,5
92733,12733,4,0,44.9,7.8,36
92734,12734,2,0,20.7,7.6,31
92735,12735,2,0,17.9,7.4,49
92736,12736,4,0,12.5,5.8,15
92737,12737,4,0,24.8,6.6,47
92738,12738,1,1,36.0,7.7,44
92739,12739,1,1,24.9,6.7,40
92740,12740,3,1,24.6,7.4,42
92741,12741,3,0,9.7,7.2,26
92742,12742,2,2,24.5,6.0,33
92743,12743,2,1,45.0,6.1,10
92744,12744,5,1,32.6,7.3,47
92745,12745,1,1,52.9,7.3,39
92746,12746,6,3,40.3,2.8,-29
92747,12747,4,1,46.6,4.9,4
92748,12748,6,0,47.3,6.4,35
92749,12749,1,0,21.5,6.8,25
92750,12750,1,0,8.0,8.7,62
92751,12751,2,1,31.6,6.6,25
92752,12752,1,0,20.6,7.3,25
92753,12753,3,2,3.3,6.0,5
92754,12754,2,0,20.9,7.0,36
92755,12755,3,0,28.9,7.3,48
92756,12756,4,1,50.6,7.7,31
92757,12757,8,2,41.8,3.7,-17
92758,12758,3,0,39.9,8.9,65
92759,12759,2,1,18.4,5.9,14
92760,12760,2,1,24.0,6.8,30
92761,12761,4,1,28.1,6.5,38
92762,12762,2,0,38.3,8.0,52
92763,12763,2,0,31.9,8.3,56
92764,12764,1,0,41.4,7.3,29
92765,12765,1,0,22.4,9.1,97
92766,12766,5,0,59.2,7.2,55
92767,12767,2,0,45.9,9.2,64
92768,12768,1,1,32.4,7.0,50
92769,12769,2,1,20.3,6.5,-6
92770,12770,2,0,45.9,7.9,68
92771,12771,1,1,25.3,6.5,27
92772,12772,5,2,20.2,4.9,-31
92773,12773,3,2,43.4,5.9,20
92774,12774,3,0,23.4,7.8,55
92775,12775,3,0,34.7,5.8,13
92776,12776,6,1,13.4,6.2,32
92777,12777,1,0,36.2,8.8,78
92778,12778,4,1,38.5,6.6,27
92779,12779,2,1,2.0,7.3,32
92780,12780,2,0,54.9,8.6,73
92781,12781,1,0,10.4,7.7,53
92782,12782,2,0,16.9,5.1,8
92783,12783,4,1,31.4,5.9,5
92784,12784,3,1,12.2,5.0,-3
92785,12785,3,2,30.3,5.5,22
92786,12786,3,1,16.1,7.8,49
92787,12787,4,2,24.0,6.0,28
92788,12788,3,1,36.6,6.7,35
92789,12789,2,0,28.3,7.6,65
92790,12790,1,0,47.9,6.1,32
92791,12791,4,0,4.8,6.0,9
92792,12792,2,0,2.0,6.9,41
92793,12793,4,0,7.6,9.0,78
92794,12794,3,2,36.4,5.8,25
92795,12795,1,0,30.5,6.5,28
92796,12796,6,3,42.7,3.2,-41
92797,12797,3,2,12.6,6.2,5
92798,12798,4,1,11.5,6.8,28
92799,12799,4,2,18.8,6.5,26
92800,12800,1,0,55.3,9.7,99
92801,12801,0,0,28.9,8.3,37
92802,12802,3,3,20.5,4.2,-22
92803,12803,7,3,38.7,3.8,-32
92804,12804,5,3,14.2,5.2,-18
92805,12805,2,1,13.2,6.5,41
92806,12806,1,1,30.4,7.5,53
92807,12807,1,0,23.4,6.1,16
92808,12808,2,0,30.6,6.9,19
92809,12809,1,0,36.2,7.2,40
92810,12810,1,0,47.8,8.2,28
92811,12811,1,0,34.5,7.4,43
92812,12812,6,1,28.8,5.2,4
92813,12813,1,0,2.0,8.6,57
92814,12814,1,1,23.9,7.6,43
92815,12815,4,0,43.0,6.2,29
92816,12816,1,0,2.0,6.6,58
92817,12817,2,1,5.8,7.6,36
92818,12818,1,0,52.0,6.4,33
92819,12819,4,0,34.0,6.0,-7
92820,12820,4,2,28.0,5.7,21
92821,12821,2,0,15.8,8.4,52
92822,12822,2,1,2.0,6.9,43
92823,12823,2,1,12.3,6.5,43
92824,12824,3,1,25.0,7.4,64
92825,12825,8,2,40.0,4.7,-15
92826,12826,4,0,3.3,7.7,34
92827,12827,1,1,4.4,7.0,37
92828,12828,3,1,2.0,7.3,39
92829,12829,4,1,13.0,5.7,26
92830,12830,2,1,2.8,5.2,4
92831,12831,2,0,26.5,6.2,28
92832,12832,3,0,34.6,9.0,59
92833,12833,4,1,24.5,6.1,18
92834,12834,2,2,26.6,7.7,52
92835,12835,3,0,19.5,7.2,25
92836,12836,2,0,24.0,7.8,39
92837,12837,1,0,32.0,6.0,18
92838,12838,3,0,39.3,7.7,65
92839,12839,1,0,56.0,7.9,60
92840,12840,2,1,18.7,7.8,42
92841,12841,0,0,15.6,8.5,71
92842,12842,2,1,35.4,7.0,23
92843,12843,0,0,32.4,6.9,44
92844,12844,2,0,2.0,7.0,63
92845,12845,5,3,13.7,5.4,-10
92846,12846,4,2,40.6,7.3,52
92847,12847,1,0,31.7,8.2,53
92848,12848,5,1,2.0,5.5,4
92849,12849,6,4,37.2,4.6,21
92850,12850,2,1,5.7,7.0,36
92851,12851,1,0,35.5,6.7,27
92852,12852,0,0,9.5,8.7,72
92853,12853,2,1,2.0,5.8,6
92854,12854,3,1,2.0,6.6,6
92855,12855,1,0,2.0,8.1,63
92856,12856,1,0,33.1,6.1,-7
92857,12857,5,0,17.4,6.3,20
92858,12858,1,1,16.7,6.6,25
92859,12859,2,0,16.9,6.8,60
92860,12860,3,1,14.4,6.4,38
92861,12861,0,0,15.2,8.2,57
92862,12862,2,1,28.8,7.6,45
92863,12863,2,1,44.9,6.6,28
92864,12864,2,1,24.5,8.4,58
92865,12865,0,0,48.9,7.8,53
92866,12866,0,0,2.0,6.6,34
92867,12867,2,0,35.7,8.4,66
92868,12868,4,2,2.0,7.2,61
92869,12869,2,1,33.3,7.9,43
92870,12870,2,0,15.3,7.4,42
92871,12871,5,0,32.0,6.3,43
92872,12872,4,2,45.0,5.0,-10
92873,12873,3,2,31.0,5.5,-2
92874,12874,1,0,34.0,8.1,59
92875,12875,4,0,23.2,6.4,32
92876,12876,4,1,8.3,6.0,16
92877,12877,1,1,3.0,7.7,52
92878,12878,5,2,32.1,6.4,16
92879,12879,4,2,14.8,6.0,26
92880,12880,1,0,2.0,7.6,59
92881,12881,1,0,36.2,6.9,45
92882,12882,0,0,20.8,9.0,90
92883,12883,3,1,16.3,6.1,14
92884,12884,2,1,32.2,6.4,27
92885,12885,1,0,23.4,7.4,54
92886,12886,2,0,61.5,5.6,6
92887,12887,2,1,26.4,8.5,36
92888,12888,3,1,45.0,7.1,14
92889,12889,3,1,2.0,7.8,27
92890,12890,3,1,42.2,6.8,21
92891,12891,4,2,6.5,8.0,47
92892,12892,2,1,2.0,8.0,67
92893,12893,3,3,15.0,4.6,5
92894,12894,0,0,49.5,7.9,59
92895,12895,2,0,30.6,8.6,68
92896,12896,6,3,22.7,2.9,-47
92897,12897,1,0,2.0,7.9,44
92898,12898,1,1,18.4,5.1,1
92899,12899,5,0,24.2,5.6,-10
92900,12900,2,1,17.5,4.9,-9
92901,12901,7,1,2.0,4.9,-13
92902,12902,1,0,46.4,8.7,70
92903,12903,3,0,40.4,7.1,30
92904,12904,2,1,41.4,7.8,47
92905,12905,2,0,4.7,7.9,50
92906,12906,1,0,22.3,7.6,45
92907,12907,2,0,7.9,9.0,82
92908,12908,4,1,23.7,6.7,25
92909,12909,2,1,13.4,7.8,33
92910,12910,3,0,7.1,8.4,69
92911,12911,6,3,39.8,4.7,-1
92912,12912,2,1,16.7,6.9,34
92913,12913,2,0,9.4,7.6,32
92914,12914,2,1,24.5,7.5,60
92915,12915,5,1,38.5,6.3,16
92916,12916,4,2,31.4,6.6,18
92917,12917,2,0,31.4,6.7,50
92918,12918,4,1,18.9,5.8,24
92919,12919,1,1,15.5,7.8,55
92920,12920,3,1,14.8,8.4,30
92921,12921,4,0,11.6,6.2,23
92922,12922,6,0,2.0,7.1,32
92923,12923,1,0,15.6,8.2,55
92924,12924,1,0,31.5,9.5,86
92925,12925,2,0,44.1,8.5,68
92926,12926,2,0,17.5,6.0,10
92927,12927,1,0,36.3,6.9,37
92928,12928,1,1,21.0,7.2,38
92929,12929,3,1,18.4,6.5,43
92930,12930,3,1,26.2,7.0,48
92931,12931,2,0,11.8,8.2,58
92932,12932,3,2,2.0,7.8,44
92933,12933,3,2,14.6,6.1,27
92934,12934,4,0,32.2,7.4,20
92935,12935,1,0,27.9,6.3,51
92936,12936,1,0,8.2,7.1,38
92937,12937,3,0,41.6,6.8,35
92938,12938,1,1,24.0,7.7,50
92939,12939,2,1,43.6,7.8,43
92940,12940,2,0,28.5,7.6,70
92941,12941,0,0,31.3,7.9,53
92942,12942,1,0,25.5,8.5,63
92943,12943,2,1,28.6,6.8,31
92944,12944,1,0,19.1,7.4,50
92945,12945,1,0,17.3,7.0,38
92946,12946,3,1,36.1,7.7,64
92947,12947,1,0,28.8,7.5,35
92948,12948,6,2,2.0,7.0,55
92949,12949,2,1,42.2,6.9,22
92950,12950,1,0,38.7,7.6,24
92951,12951,1,0,38.4,9.2,62
92952,12952,3,0,10.1,7.7,51
92953,12953,3,1,16.1,6.3,12
92954,12954,2,1,13.5,8.2,90
92955,12955,1,1,33.7,7.9,40
92956,12956,7,1,23.6,6.0,27
92957,12957,2,0,29.1,8.6,60
92958,12958,3,1,21.2,8.0,51
92959,12959,3,0,2.0,6.5,43
92960,12960,3,2,28.2,7.5,52
92961,12961,7,2,29.0,6.0,26
92962,12962,2,1,38.3,7.0,45
92963,12963,2,0,48.5,8.8,55
92964,12964,1,0,10.7,7.1,31
92965,12965,1,0,39.7,9.3,31
92966,12966,3,1,2.0,4.8,-10
92967,12967,3,0,39.6,5.0,-17
92968,12968,3,2,39.9,7.2,54
92969,12969,2,0,14.9,6.9,32
92970,12970,3,0,20.6,8.4,50
92971,12971,4,1,40.5,5.9,21
92972,12972,4,1,42.4,5.0,-13
92973,12973,2,0,25.5,8.2,56
92974,12974,1,1,43.7,8.3,62
92975,12975,0,0,2.0,5.4,14
92976,12976,2,1,29.6,7.3,40
92977,12977,3,2,11.4,5.9,9
92978,12978,5,1,19.1,6.2,37
92979,12979,3,2,24.2,4.9,21
92980,12980,4,2,19.3,5.7,38
92981,12981,1,0,2.2,7.9,61
92982,12982,3,2,11.2,5.5,8
92983,12983,3,2,18.4,6.3,31
92984,12984,1,1,62.2,5.7,20
92985,12985,4,0,48.0,6.1,27
92986,12986,0,0,39.8,6.2,14
92987,12987,1,1,36.3,7.3,54
92988,12988,5,0,7.7,4.3,-28
92989,12989,1,0,7.5,9.2,88
92990,12990,1,0,33.6,9.2,61
92991,12991,3,1,2.0,8.2,62
92992,12992,2,0,19.2,5.5,23
92993,12993,1,0,14.3,7.6,56
92994,12994,6,1,34.4,5.6,9
92995,12995,3,0,5.0,6.4,37
92996,12996,1,0,26.3,7.3,55
92997,12997,0,0,17.3,6.8,32
92998,12998,0,0,15.6,8.5,70
92999,12999,3,1,29.7,8.4,56
93000,13000,3,0,60.5,8.3,68
93001,13001,1,0,17.1,7.3,26
93002,13002,0,0,3.6,9.3,76
93003,13003,4,0,10.7,6.8,42
93004,13004,2,2,2.0,5.0,-23
93005,13005,4,1,27.8,4.9,28
93006,13006,2,1,2.9,6.5,40
93007,13007,4,1,24.6,8.1,58
93008,13008,4,0,17.2,5.5,5
93009,13009,1,0,18.9,8.4,59
93010,13010,5,2,2.0,6.8,28
93011,13011,5,4,27.6,5.6,5
93012,13012,3,2,6.6,4.2,-10
93013,13013,0,0,24.2,6.0,11
93014,13014,4,0,33.9,6.7,30
93015,13015,4,0,35.1,7.7,48
93016,13016,3,0,43.4,6.5,61
93017,13017,2,0,2.0,6.9,22
93018,13018,1,1,6.1,7.3,44
93019,13019,1,0,2.0,8.3,61
93020,13020,2,0,39.7,7.5,21
93021,13021,5,1,2.0,5.7,24
93022,13022,3,2,48.3,6.8,28
93023,13023,2,1,2.0,6.4,11
93024,13024,4,1,41.4,7.4,53
93025,13025,3,0,24.4,7.7,43
93026,13026,3,0,42.2,6.9,24
93027,13027,3,1,22.2,7.1,43
93028,13028,6,0,22.6,5.3,3
93029,13029,0,0,15.5,7.3,50
93030,13030,3,1,9.6,8.5,92
93031,13031,1,0,27.3,10.0,100
93032,13032,0,0,5.4,9.1,79
93033,13033,3,0,11.6,8.7,50
93034,13034,1,1,16.0,6.0,28
93035,13035,5,2,22.4,4.2,0
93036,13036,4,1,24.6,6.8,14
93037,13037,3,0,2.0,7.3,45
93038,13038,2,0,26.3,7.9,54
93039,13039,1,0,38.5,8.4,41
93040,13040,3,1,33.3,7.3,28
93041,13041,1,0,48.3,7.4,36
93042,13042,2,1,12.8,8.8,79
93043,13043,0,0,17.0,6.6,6
93044,13044,4,2,30.6,4.6,-2
93045,13045,1,1,36.6,6.7,39
93046,13046,2,1,12.7,5.6,14
93047,13047,4,2,46.2,5.7,25
93048,13048,2,1,2.0,8.5,75
93049,13049,5,3,8.3,4.9,0
93050,13050,2,2,62.4,5.1,11
93051,13051,1,1,38.1,6.5,24
93052,13052,3,3,2.0,4.0,-10
93053,13053,1,0,33.1,8.8,77
93054,13054,2,0,29.4,8.0,51
93055,13055,0,0,13.4,8.9,59
93056,13056,1,1,17.2,7.4,43
93057,13057,1,1,32.1,9.0,76
93058,13058,2,0,31.2,7.6,57
93059,13059,3,0,9.1,6.0,20
93060,13060,1,0,14.0,7.9,23
93061,13061,5,1,30.2,7.8,39
93062,13062,2,1,11.4,7.3,38
93063,13063,1,0,2.0,8.7,63
93064,13064,2,1,17.1,7.6,35
93065,13065,5,2,19.3,6.2,11
93066,13066,4,1,40.4,6.4,26
93067,13067,1,0,16.1,7.2,46
93068,13068,2,0,2.0,7.7,56
93069,13069,0,0,2.0,8.0,43
93070,13070,5,2,6.8,5.6,13
93071,13071,3,1,42.8,6.1,29
93072,13072,0,0,21.3,9.2,78
93073,13073,2,0,28.3,8.1,32
93074,13074,2,0,34.7,6.8,26
93075,13075,2,1,33.6,7.1,45
93076,13076,2,0,37.5,8.6,59
93077,13077,1,0,21.5,7.0,37
93078,13078,6,0,44.7,5.7,14
93079,13079,3,1,30.4,4.8,-1
93080,13080,5,3,2.0,4.9,4
93081,13081,3,1,25.9,7.4,41
93082,13082,1,0,15.5,8.6,89
93083,13083,4,1,47.0,6.2,25
93084,13084,2,0,9.0,6.4,26
93085,13085,3,0,22.0,6.6,30
93086,13086,3,1,27.8,8.4,64
93087,13087,2,1,57.2,9.6,62
93088,13088,1,0,13.2,7.8,36
93089,13089,1,0,14.4,7.9,42
93090,13090,3,2,27.6,6.0,17
93091,13091,3,1,5.0,4.8,-19
93092,13092,3,0,20.3,8.4,59
93093,13093,4,0,35.3,6.9,25
93094,13094,1,0,31.5,9.7,100
93095,13095,2,0,21.0,9.1,74
93096,13096,1,0,41.2,7.3,49
93097,13097,0,0,13.4,8.5,76
93098,13098,1,1,27.7,8.2,60
93099,13099,5,0,2.0,3.6,-33
93100,13100,4,3,22.5,5.8,0
93101,13101,2,2,24.7,7.1,66
93102,13102,2,2,35.8,5.8,19
93103,13103,4,0,21.7,6.3,34
93104,13104,2,1,19.6,7.0,31
93105,13105,2,1,44.9,7.3,32
93106,13106,0,0,42.5,8.8,58
93107,13107,2,0,23.1,8.3,48
93108,13108,5,1,10.9,6.2,15
93109,13109,2,0,28.4,9.3,79
93110,13110,1,0,28.4,7.0,25
93111,13111,2,0,29.7,6.0,29
93112,13112,2,0,14.0,7.8,73
93113,13113,6,0,31.2,5.5,3
93114,13114,2,0,31.6,6.2,29
93115,13115,8,1,39.4,4.9,-16
93116,13116,2,0,31.2,7.7,59
93117,13117,2,0,27.6,7.9,45
93118,13118,1,0,31.6,8.5,63
93119,13119,6,2,42.4,4.4,-6
93120,13120,2,1,2.0,4.5,-9
93121,13121,2,1,2.0,6.8,43
93122,13122,4,1,35.3,6.5,45
93123,13123,1,1,24.1,5.9,44
93124,13124,3,0,42.8,6.6,38
93125,13125,3,1,21.9,6.5,38
93126,13126,1,1,12.4,7.6,42
93127,13127,3,0,31.8,7.2,15
93128,13128,6,2,46.8,6.7,24
93129,13129,6,0,34.8,6.4,9
93130,13130,4,3,12.6,7.2,35
93131,13131,0,0,29.1,8.4,64
93132,13132,1,0,36.4,8.8,62
93133,13133,4,0,26.9,7.1,35
93134,13134,2,0,44.6,8.8,79
93135,13135,2,0,15.7,8.8,68
93136,13136,4,0,32.9,8.6,41
93137,13137,1,0,36.3,7.0,54
93138,13138,2,0,8.7,5.9,30
93139,13139,4,1,11.7,5.4,18
93140,13140,4,3,25.0,6.4,41
93141,13141,1,0,10.4,7.3,50
93142,13142,4,0,23.2,7.1,35
93143,13143,1,0,2.0,5.5,-12
93144,13144,2,2,16.1,5.0,8
93145,13145,3,1,35.6,4.5,-19
93146,13146,4,0,14.3,9.4,69
93147,13147,1,0,40.7,6.7,27
93148,13148,0,0,16.0,8.8,82
93149,13149,2,1,19.9,7.5,42
93150,13150,2,1,34.3,6.8,22
93151,13151,0,0,41.6,8.7,69
93152,13152,2,1,23.4,7.1,12
93153,13153,1,1,42.1,8.3,57
93154,13154,2,0,17.7,8.2,74
93155,13155,1,0,24.1,8.0,34
93156,13156,0,0,2.0,7.6,41
93157,13157,1,0,2.0,7.7,47
93158,13158,1,0,36.1,8.0,40
93159,13159,6,1,44.0,4.4,-19
93160,13160,0,0,17.7,6.1,13
93161,13161,1,0,27.2,8.0,64
93162,13162,2,0,36.1,7.7,56
93163,13163,3,1,2.0,5.5,12
93164,13164,1,0,19.3,7.1,39
93165,13165,2,1,51.5,6.0,13
93166,13166,2,1,10.1,7.6,59
93167,13167,4,3,40.4,5.2,23
93168,13168,5,2,29.7,5.7,23
93169,13169,2,2,32.0,6.5,16
93170,13170,3,2,2.0,6.0,11
93171,13171,1,0,22.3,8.6,70
93172,13172,0,0,51.4,7.7,62
93173,13173,2,1,23.5,6.4,31
93174,13174,3,0,48.0,6.0,-5
93175,13175,3,0,48.5,7.1,42
93176,13176,7,1,20.1,4.7,13
93177,13177,2,0,19.7,8.4,62
93178,13178,0,0,43.6,6.7,46
93179,13179,1,0,28.7,8.0,54
93180,13180,2,0,46.4,9.0,59
93181,13181,2,0,36.5,7.0,30
93182,13182,2,0,37.6,6.7,20
93183,13183,0,0,25.6,6.9,41
93184,13184,1,0,26.3,7.6,62
93185,13185,6,0,15.0,7.0,56
93186,13186,0,0,29.9,8.0,31
93187,13187,3,1,20.4,6.3,34
93188,13188,0,0,3.8,7.7,49
93189,13189,2,0,11.3,7.3,27
93190,13190,2,1,41.2,6.8,31
93191,13191,2,0,29.5,7.1,58
93192,13192,2,0,15.7,7.1,29
93193,13193,4,1,29.2,8.0,53
93194,13194,1,1,48.4,8.5,71
93195,13195,0,0,37.3,7.9,50
93196,13196,1,1,9.7,7.0,35
93197,13197,3,1,32.2,7.2,45
93198,13198,3,0,23.6,7.3,47
93199,13199,1,0,16.8,7.7,43
93200,13200,5,0,2.0,6.9,32
93201,13201,3,1,32.9,6.2,23
93202,13202,1,0,35.0,6.9,6
93203,13203,4,1,25.6,7.3,11
93204,13204,0,0,28.5,7.8,35
93205,13205,2,1,39.5,6.7,22
93206,13206,2,0,33.1,5.8,3
93207,13207,0,0,2.0,7.8,43
93208,13208,4,0,52.0,7.6,31
93209,13209,3,1,25.5,6.6,23
93210,13210,1,1,25.0,6.2,22
93211,13211,1,1,31.6,6.6,45
93212,13212,3,0,17.9,7.7,63
93213,13213,3,0,26.1,6.6,34
93214,13214,2,0,44.0,7.1,56
93215,13215,1,0,26.2,9.1,85
93216,13216,3,1,2.4,7.3,32
93217,13217,3,1,15.6,6.0,7
93218,13218,4,1,13.5,4.9,-11
93219,13219,2,0,21.3,8.1,73
93220,13220,5,2,48.2,3.4,-32
93221,13221,4,2,34.8,6.4,6
93222,13222,0,0,17.5,9.3,81
93223,13223,2,0,14.6,6.3,6
93224,13224,1,0,2.0,8.9,74
93225,13225,3,1,13.8,6.8,29
93226,13226,0,0,20.7,9.5,59
93227,13227,6,1,51.2,6.4,19
93228,13228,2,0,18.8,7.6,22
93229,13229,1,1,11.6,7.3,60
93230,13230,4,1,2.0,6.3,50
93231,13231,3,0,17.1,8.0,64
93232,13232,4,1,10.3,7.5,33
93233,13233,3,0,19.9,9.3,64
93234,13234,1,0,17.9,6.2,29
93235,13235,5,1,15.3,5.5,21
93236,13236,4,1,37.3,6.5,28
93237,13237,2,1,36.5,7.7,49
93238,13238,3,1,51.7,5.7,-1
93239,13239,5,2,33.9,6.7,34
93240,13240,5,2,17.8,4.4,-14
93241,13241,2,0,42.1,6.9,70
93242,13242,0,0,2.0,7.9,32
93243,13243,3,0,61.5,5.7,20
93244,13244,1,1,2.0,7.2,38
93245,13245,1,0,4.2,10.0,100
93246,13246,4,1,2.0,5.3,11
93247,13247,2,0,32.7,8.2,68
93248,13248,2,0,51.6,7.2,17
93249,13249,2,1,54.6,6.8,29
93250,13250,4,0,26.8,9.1,63
93251,13251,5,1,35.6,6.5,20
93252,13252,1,0,34.5,7.1,32
93253,13253,4,1,12.4,7.2,37
93254,13254,2,0,45.0,7.9,30
93255,13255,3,0,25.9,6.9,31
93256,13256,1,0,2.4,7.0,41
93257,13257,1,0,12.3,7.9,44
93258,13258,5,1,37.7,5.8,-16
93259,13259,3,0,34.5,6.3,18
93260,13260,1,1,25.3,5.6,21
93261,13261,3,0,10.0,8.2,45
93262,13262,1,1,20.9,7.0,18
93263,13263,1,0,11.0,7.2,40
93264,13264,1,0,29.9,8.3,53
93265,13265,3,0,36.2,6.6,46
93266,13266,0,0,16.4,8.9,74
93267,13267,1,0,2.0,5.9,11
93268,13268,2,0,3.4,7.6,31
93269,13269,2,0,35.7,6.8,24
93270,13270,3,2,10.1,8.1,52
93271,13271,3,1,42.4,7.0,29
93272,13272,2,0,11.4,8.6,85
93273,13273,3,2,2.0,4.1,-4
93274,13274,2,0,33.5,9.6,86
93275,13275,1,0,48.3,9.0,77
93276,13276,3,2,12.3,5.5,-7
93277,13277,1,0,7.3,9.8,87
93278,13278,3,2,39.2,6.7,25
93279,13279,3,0,7.0,5.6,12
93280,13280,0,0,44.1,6.4,11
93281,13281,1,0,34.2,6.7,35
93282,13282,3,1,14.2,5.0,1
93283,13283,1,0,15.4,9.0,73
93284,13284,2,1,3.3,8.0,45
93285,13285,2,0,45.7,7.5,43
93286,13286,3,1,43.8,5.8,11
93287,13287,4,0,13.7,6.6,31
93288,13288,3,0,40.0,7.2,25
93289,13289,2,0,20.1,7.3,64
93290,13290,0,0,6.0,7.3,41
93291,13291,2,0,24.1,7.1,31
93292,13292,2,1,33.5,7.5,39
93293,13293,4,1,25.0,6.2,32
93294,13294,2,0,24.5,8.5,53
93295,13295,0,0,2.0,7.5,31
93296,13296,3,0,34.9,7.2,42
93297,13297,1,0,12.9,8.1,65
93298,13298,1,0,2.0,7.9,54
93299,13299,4,1,31.2,6.3,-4
93300,13300,2,0,25.4,8.3,55
93301,13301,3,0,11.7,7.6,44
93302,13302,2,2,20.5,4.5,-19
93303,13303,3,1,27.7,5.3,4
93304,13304,3,0,17.1,7.4,48
93305,13305,4,3,2.6,5.8,27
93306,13306,5,1,42.5,2.1,-76
93307,13307,3,0,13.7,7.1,28
93308,13308,1,0,25.1,9.1,73
93309,13309,3,0,40.3,4.8,27
93310,13310,2,0,27.4,10.0,84
93311,13311,6,1,3.9,7.5,56
93312,13312,3,0,29.7,7.3,30
93313,13313,2,2,2.0,4.9,-16
93314,13314,1,0,41.8,6.3,28
93315,13315,1,0,21.2,8.3,70
93316,13316,2,0,45.6,7.8,24
93317,13317,2,0,43.9,7.5,43
93318,13318,2,1,37.3,9.7,83
93319,13319,1,0,33.7,6.7,40
93320,13320,6,2,28.6,4.9,7
93321,13321,1,0,37.3,8.9,83
93322,13322,3,1,25.6,8.6,76
93323,13323,4,2,34.3,5.5,22
93324,13324,2,1,58.2,7.4,54
93325,13325,2,0,15.8,9.1,76
93326,13326,4,3,9.1,5.8,3
93327,13327,4,0,54.6,6.2,23
93328,13328,2,1,44.8,7.0,30
93329,13329,2,0,21.0,8.6,41
93330,13330,4,1,42.5,5.4,21
93331,13331,0,0,25.4,7.7,34
93332,13332,2,1,4.7,7.7,22
93333,13333,1,1,21.4,7.5,38
93334,13334,1,0,8.6,7.4,39
93335,13335,2,0,2.0,7.8,66
93336,13336,4,1,22.4,7.1,61
93337,13337,0,0,24.4,7.5,30
93338,13338,2,1,20.1,7.5,55
93339,13339,1,0,31.6,7.1,56
93340,13340,3,1,24.8,4.0,-28
93341,13341,3,0,13.3,7.3,44
93342,13342,0,0,12.4,7.4,61
93343,13343,1,0,8.6,7.7,23
93344,13344,3,0,20.4,6.7,22
93345,13345,2,0,14.4,8.6,70
93346,13346,2,0,27.4,8.9,66
93347,13347,2,1,16.6,5.3,14
93348,13348,3,1,40.7,7.8,59
93349,13349,2,1,28.5,6.5,11
93350,13350,0,0,26.8,8.0,49
93351,13351,0,0,15.9,9.6,87
93352,13352,1,1,35.9,7.5,23
93353,13353,3,2,14.4,5.7,26
93354,13354,3,2,2.0,5.8,25
93355,13355,1,0,39.6,7.6,35
93356,13356,2,0,2.0,8.6,60
93357,13357,2,0,25.3,6.7,26
93358,13358,2,1,31.5,6.5,26
93359,13359,4,1,24.3,5.5,5
93360,13360,2,1,27.4,5.8,0
93361,13361,3,0,22.4,7.2,40
93362,13362,2,1,24.5,7.8,38
93363,13363,1,1,37.5,8.0,63
93364,13364,2,0,2.0,8.6,62
93365,13365,0,0,13.3,7.4,43
93366,13366,0,0,19.1,8.0,62
93367,13367,2,0,27.5,9.4,85
93368,13368,2,0,79.3,6.5,53
93369,13369,1,0,56.2,7.5,44
93370,13370,3,1,68.7,5.2,0
93371,13371,1,0,43.4,8.2,75
93372,13372,2,1,31.6,7.4,49
93373,13373,1,1,38.3,6.7,42
93374,13374,4,3,41.0,6.9,48
93375,13375,3,0,34.0,6.8,9
93376,13376,2,0,39.7,9.7,68
93377,13377,5,1,30.8,6.5,35
93378,13378,3,1,27.9,8.4,66
93379,13379,2,1,2.0,7.2,55
93380,13380,5,0,18.4,4.9,4
93381,13381,2,0,5.5,7.2,42
93382,13382,2,0,13.6,9.3,78
93383,13383,4,1,2.0,5.5,-13
93384,13384,3,0,18.9,7.6,70
93385,13385,3,0,29.0,6.9,44
93386,13386,1,0,2.0,9.2,96
93387,13387,1,0,18.5,7.8,48
93388,13388,5,1,24.5,6.1,17
93389,13389,2,1,31.8,7.5,60
93390,13390,4,2,21.7,5.0,4
93391,13391,1,0,10.2,8.1,33
93392,13392,0,0,25.1,8.4,67
93393,13393,2,1,68.1,6.0,33
93394,13394,2,0,46.8,5.0,21
93395,13395,1,0,27.5,7.7,36
93396,13396,5,3,6.9,6.0,33
93397,13397,2,0,50.7,7.1,31
93398,13398,3,1,3.5,8.8,60
93399,13399,4,2,36.2,6.1,56
93400,13400,0,0,38.8,8.9,81
93401,13401,2,0,23.9,7.1,25
93402,13402,6,1,29.6,6.7,23
93403,13403,3,1,19.8,6.5,44
93404,13404,2,1,27.1,5.4,14
93405,13405,0,0,8.5,7.0,44
93406,13406,5,1,51.6,6.0,34
93407,13407,2,2,6.6,6.1,14
93408,13408,1,0,16.8,6.9,41
93409,13409,3,1,43.0,6.4,27
93410,13410,1,1,33.6,6.0,15
93411,13411,4,1,49.5,6.1,30
93412,13412,3,2,36.7,7.3,29
93413,13413,2,0,13.2,9.3,71
93414,13414,3,0,8.5,7.6,48
93415,13415,3,1,29.0,6.3,34
93416,13416,4,0,24.3,6.2,28
93417,13417,2,0,28.8,7.6,69
93418,13418,4,1,37.4,6.3,34
93419,13419,2,0,16.1,5.7,10
93420,13420,3,2,44.4,6.5,39
93421,13421,2,1,38.6,7.3,55
93422,13422,5,1,12.3,8.2,68
93423,13423,3,0,52.9,6.6,29
93424,13424,2,1,2.8,8.0,53
93425,13425,3,0,8.7,8.8,67
93426,13426,1,0,32.9,7.5,19
93427,13427,4,0,43.8,7.1,34
93428,13428,2,0,2.0,6.9,27
93429,13429,4,2,21.8,6.9,16
93430,13430,2,0,39.5,8.2,56
93431,13431,0,0,41.3,7.8,46
93432,13432,4,0,36.3,7.6,36
93433,13433,2,0,17.1,7.1,37
93434,13434,2,0,31.5,7.7,65
93435,13435,6,2,10.0,3.9,-23
93436,13436,5,3,23.9,5.7,10
93437,13437,2,2,11.5,6.5,32
93438,13438,2,0,5.7,8.0,63
93439,13439,2,1,10.1,6.1,40
93440,13440,0,0,43.4,8.0,57
93441,13441,1,0,33.8,7.7,42
93442,13442,0,0,31.8,9.3,82
93443,13443,2,0,25.3,8.8,65
93444,13444,2,0,26.1,7.7,50
93445,13445,1,0,44.8,9.9,80
93446,13446,0,0,46.6,7.3,39
93447,13447,3,0,42.8,6.7,36
93448,13448,4,2,14.6,4.4,-14
93449,13449,3,0,2.0,6.6,3
93450,13450,0,0,31.4,7.7,49
93451,13451,6,2,25.7,3.7,-19
93452,13452,0,0,24.5,7.9,70
93453,13453,1,0,21.9,7.2,55
93454,13454,3,0,22.4,6.4,-13
93455,13455,5,1,2.3,6.4,27
93456,13456,3,0,34.2,7.4,42
93457,13457,2,1,13.0,7.3,47
93458,13458,4,1,27.8,6.5,40
93459,13459,2,1,36.1,6.4,13
93460,13460,4,0,18.6,7.9,45
93461,13461,4,0,14.0,5.9,19
93462,13462,2,0,15.2,8.0,62
93463,13463,4,2,42.1,4.3,-13
93464,13464,2,0,14.0,5.4,19
93465,13465,4,1,14.8,5.2,-14
93466,13466,2,1,41.7,6.7,24
93467,13467,2,1,3.6,9.8,62
93468,13468,3,1,14.1,7.7,37
93469,13469,4,1,37.9,7.2,36
93470,13470,1,0,18.9,7.4,44
93471,13471,2,1,36.5,5.8,6
93472,13472,1,0,24.6,8.1,49
93473,13473,2,0,39.2,8.9,91
93474,13474,7,2,42.2,4.2,1
93475,13475,2,1,19.4,8.2,70
93476,13476,1,0,18.5,7.4,43
93477,13477,1,0,7.3,8.2,52
93478,13478,4,2,55.0,7.6,39
93479,13479,1,0,40.7,6.5,29
93480,13480,3,1,29.6,7.4,44
93481,13481,0,0,22.7,8.3,56
93482,13482,3,1,34.9,6.3,14
93483,13483,2,1,32.4,6.5,40
93484,13484,4,0,20.5,7.5,59
93485,13485,1,1,22.8,6.6,33
93486,13486,5,0,52.3,6.7,30
93487,13487,2,0,38.4,7.4,31
93488,13488,4,2,26.9,5.9,8
93489,13489,5,2,29.0,6.5,35
93490,13490,2,0,11.5,7.8,49
93491,13491,5,2,22.1,4.4,-9
93492,13492,1,0,44.1,7.7,63
93493,13493,1,0,25.9,8.2,37
93494,13494,3,1,45.9,7.1,40
93495,13495,2,0,2.0,6.9,57
93496,13496,3,1,21.1,7.5,16
93497,13497,2,1,22.8,7.3,25
93498,13498,1,0,10.8,7.3,29
93499,13499,4,1,2.0,5.7,3
93500,13500,2,1,15.8,6.4,32
93501,13501,3,1,66.6,6.8,54
93502,13502,4,2,46.3,5.8,16
93503,13503,0,0,48.7,8.1,53
93504,13504,5,2,2.0,5.4,16
93505,13505,2,1,2.0,6.3,29
93506,13506,3,1,34.2,6.3,31
93507,13507,5,0,2.7,5.1,14
93508,13508,4,1,23.4,6.6,29
93509,13509,1,0,10.6,7.8,48
93510,13510,2,0,20.3,6.1,39
93511,13511,2,2,18.6,8.2,73
93512,13512,3,0,35.3,6.3,32
93513,13513,1,0,44.0,7.1,45
93514,13514,2,1,25.5,6.8,35
93515,13515,4,1,32.0,6.3,33
93516,13516,1,0,15.7,7.5,53
93517,13517,2,0,33.3,8.6,48
93518,13518,2,1,33.0,6.5,28
93519,13519,2,0,19.0,8.7,62
93520,13520,4,0,22.5,5.0,-3
93521,13521,2,0,16.4,8.1,54
93522,13522,2,2,51.7,7.6,58
93523,13523,4,1,5.6,6.6,29
93524,13524,2,0,14.6,8.4,66
93525,13525,1,1,46.4,6.4,33
93526,13526,6,0,39.0,6.4,16
93527,13527,8,1,56.3,4.1,-8
93528,13528,3,1,31.5,5.4,0
93529,13529,4,0,2.0,6.5,36
93530,13530,2,0,9.3,7.5,35
93531,13531,3,0,31.7,8.3,61
93532,13532,3,0,34.2,7.9,56
93533,13533,7,5,23.4,3.7,-21
93534,13534,3,0,7.3,8.1,52
93535,13535,0,0,32.8,8.2,51
93536,13536,1,1,40.4,7.3,51
93537,13537,2,1,2.0,6.2,39
93538,13538,5,2,4.8,4.5,1
93539,13539,1,0,30.2,6.9,26
93540,13540,7,0,2.0,5.5,23
93541,13541,2,1,32.4,7.6,24
93542,13542,4,0,13.4,5.9,24
93543,13543,2,0,7.9,9.7,72
93544,13544,2,2,2.0,6.9,44
93545,13545,3,1,2.0,6.2,13
93546,13546,4,2,34.2,6.3,20
93547,13547,2,0,22.3,4.9,21
93548,13548,2,0,6.9,6.3,28
93549,13549,2,0,36.3,8.5,80
93550,13550,2,0,27.0,6.6,23
93551,13551,4,0,31.1,6.8,44
93552,13552,1,0,40.5,7.7,41
93553,13553,1,0,30.0,7.7,54
93554,13554,0,0,8.3,7.4,36
93555,13555,2,1,5.4,8.0,44
93556,13556,4,2,2.0,5.9,-1
93557,13557,5,3,56.1,5.6,4
93558,13558,3,1,18.9,7.0,27
93559,13559,4,0,39.3,7.1,34
93560,13560,1,0,21.7,7.4,55
93561,13561,3,1,22.5,7.8,57
93562,13562,3,0,8.9,7.6,58
93563,13563,1,0,23.9,8.9,61
93564,13564,2,0,56.3,7.2,31
93565,13565,1,0,50.5,8.1,61
93566,13566,3,0,11.0,7.6,44
93567,13567,4,1,2.0,5.5,18
93568,13568,2,0,21.4,7.8,53
93569,13569,3,3,2.0,5.4,6
93570,13570,5,1,40.2,5.3,9
93571,13571,3,1,8.5,6.1,40
93572,13572,2,2,24.0,6.6,26
93573,13573,0,0,27.0,7.7,62
93574,13574,4,0,4.2,7.2,40
93575,13575,3,1,28.4,6.1,11
93576,13576,5,2,17.3,4.9,-20
93577,13577,2,0,33.8,6.4,3
93578,13578,5,1,25.2,7.3,26
93579,13579,4,0,36.5,9.0,77
93580,13580,3,1,23.4,6.1,9
93581,13581,1,0,17.0,8.1,32
93582,13582,0,0,26.6,7.2,32
93583,13583,4,2,24.8,6.4,5
93584,13584,5,1,23.3,5.1,-4
93585,13585,1,0,22.5,8.8,88
93586,13586,1,0,25.9,7.2,50
93587,13587,1,0,2.0,7.4,46
93588,13588,2,2,25.2,5.8,0
93589,13589,5,1,52.5,7.5,25
93590,13590,4,0,32.3,4.9,-20
93591,13591,2,0,8.9,5.6,11
93592,13592,2,1,7.2,8.4,56
93593,13593,1,0,59.7,8.6,57
93594,13594,2,1,44.2,5.9,13
93595,13595,1,0,39.2,6.7,15
93596,13596,2,0,9.8,7.2,32
93597,13597,2,0,11.9,8.8,90
93598,13598,1,1,16.7,8.2,64
93599,13599,1,0,52.6,8.4,71
93600,13600,4,2,4.6,5.4,4
93601,13601,3,1,57.8,6.5,21
93602,13602,0,0,5.9,7.4,23
93603,13603,1,1,17.4,6.6,48
93604,13604,2,0,32.9,6.9,44
93605,13605,2,1,40.9,8.3,50
93606,13606,1,0,9.3,8.4,63
93607,13607,3,1,7.3,4.5,-6
93608,13608,6,1,6.3,4.7,-19
93609,13609,5,0,2.0,4.8,12
93610,13610,3,0,36.1,7.5,28
93611,13611,3,3,21.9,4.4,13
93612,13612,4,1,7.5,6.1,28
93613,13613,2,0,2.0,6.2,38
93614,13614,3,1,29.0,5.8,11
93615,13615,1,1,16.6,6.1,22
93616,13616,3,0,61.4,7.2,15
93617,13617,3,1,57.3,4.9,-4
93618,13618,4,1,17.4,7.2,44
93619,13619,5,1,21.5,8.6,53
93620,13620,6,2,23.0,5.4,8
93621,13621,2,1,14.7,8.0,51
93622,13622,2,1,14.3,7.5,46
93623,13623,3,0,21.3,6.2,11
93624,13624,4,0,25.5,8.0,63
93625,13625,3,0,41.4,7.4,57
93626,13626,3,1,31.4,8.3,48
93627,13627,3,0,16.2,5.4,-11
93628,13628,1,1,31.8,7.0,34
93629,13629,4,1,38.9,6.8,38
93630,13630,1,0,12.7,7.1,35
93631,13631,2,1,28.0,6.1,5
93632,13632,1,0,28.0,8.2,45
93633,13633,4,0,74.7,7.8,70
93634,13634,2,0,6.4,8.4,72
93635,13635,1,0,23.2,6.5,32
93636,13636,3,1,27.8,4.4,-2
93637,13637,1,1,3.9,6.8,11
93638,13638,1,0,43.0,7.3,32
93639,13639,2,0,33.6,7.2,35
93640,13640,3,2,20.4,7.5,44
93641,13641,2,0,3.3,6.6,25
93642,13642,1,1,34.3,6.6,13
93643,13643,1,1,51.6,7.4,48
93644,13644,5,2,11.9,6.5,21
93645,13645,2,1,33.4,5.8,21
93646,13646,5,0,37.2,4.1,-14
93647,13647,5,1,28.4,6.6,41
93648,13648,2,0,2.0,7.0,32
93649,13649,4,0,3.1,8.0,64
93650,13650,0,0,5.8,10.0,98
93651,13651,0,0,42.6,6.8,17
93652,13652,6,1,25.2,4.0,-21
93653,13653,2,1,49.6,6.2,27
93654,13654,5,2,9.0,5.8,14
93655,13655,6,2,15.9,4.0,-9
93656,13656,3,0,25.3,8.4,53
93657,13657,3,0,13.8,6.0,19
93658,13658,4,0,8.5,8.0,79
93659,13659,1,1,24.7,8.0,57
93660,13660,3,0,33.2,7.7,55
93661,13661,3,2,16.5,5.9,25
93662,13662,1,0,51.8,6.6,25
93663,13663,2,0,24.2,7.8,40
93664,13664,3,2,24.9,6.4,14
93665,13665,0,0,35.0,9.2,73
93666,13666,3,1,10.7,6.4,10
93667,13667,4,1,38.0,6.4,54
93668,13668,1,0,6.2,6.6,20
93669,13669,2,1,55.6,6.2,17
93670,13670,3,1,37.4,7.4,50
93671,13671,2,1,4.2,6.3,32
93672,13672,3,1,2.0,6.9,48
93673,13673,1,1,21.6,8.0,60
93674,13674,2,1,4.2,6.2,26
93675,13675,4,0,25.4,6.4,23
93676,13676,1,0,37.3,6.7,6
93677,13677,1,1,24.6,7.3,46
93678,13678,2,2,12.2,6.8,41
93679,13679,6,0,19.2,5.2,9
93680,13680,4,1,14.3,6.2,14
93681,13681,2,0,6.5,7.4,48
93682,13682,0,0,22.0,7.3,33
93683,13683,3,2,45.4,6.6,19
93684,13684,1,0,29.6,9.6,62
93685,13685,5,2,52.0,5.0,13
93686,13686,6,2,6.1,4.8,-24
93687,13687,4,2,2.0,6.2,23
93688,13688,1,0,57.8,7.8,48
93689,13689,4,2,19.7,8.1,23
93690,13690,1,0,6.1,10.0,97
93691,13691,4,1,23.6,6.0,20
93692,13692,1,0,14.9,8.6,31
93693,13693,0,0,2.0,8.7,80
93694,13694,3,0,33.2,7.7,47
93695,13695,3,1,2.0,7.7,52
93696,13696,4,1,8.9,5.7,9
93697,13697,0,0,19.5,8.6,63
93698,13698,4,2,47.1,5.8,13
93699,13699,2,0,29.7,7.6,44
93700,13700,3,0,33.3,6.7,29
93701,13701,2,0,22.5,6.8,42
93702,13702,6,3,31.9,4.2,-11
93703,13703,3,0,37.4,6.5,34
93704,13704,4,0,2.0,8.0,52
93705,13705,5,3,2.0,5.8,29
93706,13706,2,0,31.8,8.9,82
93707,13707,6,0,35.8,7.1,43
93708,13708,4,1,17.3,7.7,69
93709,13709,3,2,27.7,6.5,29
93710,13710,2,1,21.6,8.2,68
93711,13711,3,1,24.4,6.9,13
93712,13712,2,1,25.1,6.9,40
93713,13713,6,1,34.8,5.7,-4
93714,13714,2,0,35.0,7.5,54
93715,13715,1,1,29.6,6.3,42
93716,13716,2,0,40.6,7.5,46
93717,13717,3,0,23.2,6.1,8
93718,13718,7,2,33.1,5.1,3
93719,13719,2,1,4.5,7.8,53
93720,13720,1,0,2.8,7.6,31
93721,13721,3,0,35.0,7.3,43
93722,13722,1,0,23.5,7.2,48
93723,13723,2,0,40.3,7.0,29
93724,13724,1,0,11.5,6.0,30
93725,13725,5,0,25.4,8.3,51
93726,13726,0,0,2.0,7.1,26
93727,13727,3,0,24.8,6.8,41
93728,13728,2,1,40.3,8.4,78
93729,13729,3,0,19.1,8.3,61
93730,13730,2,1,27.1,7.7,51
93731,13731,2,0,11.9,7.3,40
93732,13732,0,0,29.4,7.5,47
93733,13733,3,0,35.0,7.7,40
93734,13734,1,0,2.0,7.1,44
93735,13735,4,1,21.5,5.5,9
93736,13736,0,0,31.5,8.8,57
93737,13737,1,0,45.2,9.1,68
93738,13738,3,0,61.0,5.6,5
93739,13739,5,1,40.5,5.0,7
93740,13740,4,2,5.9,6.8,45
93741,13741,3,1,31.2,6.7,30
93742,13742,5,0,19.7,5.8,32
93743,13743,4,0,45.7,7.4,41
93744,13744,2,1,56.7,7.0,51
93745,13745,0,0,10.8,8.9,75
93746,13746,3,0,36.9,6.5,16
93747,13747,2,1,36.3,6.6,29
93748,13748,3,1,38.3,6.4,32
93749,13749,2,2,29.0,5.6,28
93750,13750,6,1,4.2,5.8,4
93751,13751,3,1,23.2,6.4,42
93752,13752,4,1,20.3,7.0,28
93753,13753,4,0,38.3,7.8,51
93754,13754,2,1,31.0,6.9,56
93755,13755,4,1,34.3,7.7,35
93756,13756,3,1,30.5,7.1,41
93757,13757,5,0,2.0,5.0,11
93758,13758,1,0,39.8,8.2,77
93759,13759,2,1,16.6,7.3,46
93760,13760,2,1,19.6,6.9,38
93761,13761,4,1,42.8,6.0,-4
93762,13762,2,0,6.2,7.5,21
93763,13763,4,2,2.0,7.1,32
93764,13764,0,0,2.0,8.2,70
93765,13765,3,1,28.3,6.6,27
93766,13766,3,1,2.0,7.1,48
93767,13767,3,0,2.0,5.5,2
93768,13768,2,1,10.5,6.1,5
93769,13769,1,0,12.5,6.8,35
93770,13770,3,1,6.9,4.2,-3
93771,13771,3,1,19.0,7.0,24
93772,13772,6,2,32.4,5.5,17
93773,13773,3,0,11.3,9.5,62
93774,13774,1,0,11.7,7.8,60
93775,13775,1,1,18.4,8.0,36
93776,13776,3,0,36.6,7.1,43
93777,13777,2,0,14.8,9.1,77
93778,13778,1,0,30.8,9.5,76
93779,13779,3,0,21.3,8.3,88
93780,13780,3,2,32.9,6.6,31
93781,13781,3,1,20.9,8.0,30
93782,13782,1,0,16.3,7.6,68
93783,13783,5,1,47.0,5.5,18
93784,13784,1,0,25.4,7.8,52
93785,13785,3,2,18.3,6.2,38
93786,13786,4,1,7.7,8.1,48
93787,13787,2,1,9.5,7.7,49
93788,13788,2,1,25.0,7.2,32
93789,13789,2,0,52.6,6.3,27
93790,13790,2,0,52.0,7.4,37
93791,13791,3,2,19.4,7.2,46
93792,13792,2,0,44.0,6.3,43
93793,13793,4,0,35.0,8.5,42
93794,13794,3,1,2.0,7.6,23
93795,13795,1,0,22.5,7.4,40
93796,13796,2,0,24.4,8.1,62
93797,13797,2,1,30.2,7.2,32
93798,13798,2,0,48.0,6.9,40
93799,13799,3,0,19.3,8.0,66
93800,13800,2,1,26.9,7.6,61
93801,13801,4,1,7.3,6.7,43
93802,13802,2,0,53.5,7.2,49
93803,13803,3,1,45.4,6.6,47
93804,13804,3,0,22.2,8.2,75
93805,13805,3,0,30.6,5.7,-9
93806,13806,1,0,35.2,6.6,16
93807,13807,0,0,15.5,8.7,100
93808,13808,3,2,6.2,7.7,51
93809,13809,2,1,23.7,7.1,49
93810,13810,2,0,31.4,8.8,61
93811,13811,0,0,45.4,8.9,82
93812,13812,2,0,36.7,7.5,57
93813,13813,3,1,6.1,6.4,26
93814,13814,2,1,5.9,6.1,-5
93815,13815,4,1,9.1,7.0,39
93816,13816,4,2,19.1,5.8,12
93817,13817,8,2,34.3,5.1,-7
93818,13818,3,1,40.5,6.7,50
93819,13819,3,2,29.1,6.3,44
93820,13820,5,0,54.6,5.0,18
93821,13821,3,1,51.6,7.1,54
93822,13822,1,1,22.1,5.3,13
93823,13823,3,0,2.0,8.2,57
93824,13824,1,0,28.5,8.6,79
93825,13825,1,0,24.9,7.4,37
93826,13826,5,1,21.4,5.4,21
93827,13827,4,1,5.7,6.8,10
93828,13828,2,2,5.7,5.9,7
93829,13829,6,2,29.0,6.0,35
93830,13830,5,2,2.0,7.4,39
93831,13831,1,0,19.8,8.5,75
93832,13832,1,0,43.5,8.1,76
93833,13833,2,1,65.3,7.7,43
93834,13834,3,1,42.5,5.5,-3
93835,13835,1,0,15.5,7.7,48
93836,13836,1,1,2.2,8.6,39
93837,13837,3,1,40.3,4.7,6
93838,13838,1,0,48.6,9.1,95
93839,13839,2,0,2.0,7.8,44
93840,13840,4,3,25.0,4.1,-24
93841,13841,4,1,26.4,7.0,48
93842,13842,2,0,26.5,6.2,27
93843,13843,1,0,25.8,7.5,53
93844,13844,1,0,17.1,9.1,83
93845,13845,2,0,41.5,5.8,13
93846,13846,3,0,16.7,7.1,22
93847,13847,2,0,21.3,8.3,54
93848,13848,3,0,36.1,6.7,29
93849,13849,1,0,17.6,7.7,39
93850,13850,0,0,37.0,7.8,56
93851,13851,1,0,24.7,7.2,42
93852,13852,0,0,17.8,9.6,64
93853,13853,3,0,3.4,7.7,50
93854,13854,1,1,56.7,7.2,68
93855,13855,0,0,11.8,8.8,54
93856,13856,2,1,14.8,7.1,35
93857,13857,4,2,37.3,5.1,8
93858,13858,4,0,11.0,6.8,44
93859,13859,2,0,22.8,7.2,59
93860,13860,5,1,2.0,7.3,57
93861,13861,1,0,28.5,7.0,46
93862,13862,1,0,2.0,6.6,47
93863,13863,3,1,29.9,8.2,43
93864,13864,2,0,45.9,6.1,54
93865,13865,2,0,32.5,7.0,32
93866,13866,4,1,42.2,7.7,61
93867,13867,5,1,13.1,5.6,-1
93868,13868,4,1,2.0,6.1,10
93869,13869,2,0,2.0,5.6,13
93870,13870,2,0,25.7,8.0,57
93871,13871,1,0,15.3,8.5,53
93872,13872,0,0,41.3,9.0,65
93873,13873,6,1,40.1,5.2,-9
93874,13874,2,2,36.4,7.4,58
93875,13875,2,0,8.0,6.4,36
93876,13876,2,0,16.7,8.7,62
93877,13877,2,0,18.2,6.7,29
93878,13878,3,1,59.6,6.2,6
93879,13879,2,0,31.3,6.7,32
93880,13880,2,1,53.6,7.2,69
93881,13881,2,0,6.2,7.8,52
93882,13882,5,2,33.0,7.6,36
93883,13883,0,0,10.5,7.3,44
93884,13884,1,0,30.3,7.1,24
93885,13885,2,0,29.9,6.6,42
93886,13886,1,0,47.9,8.2,59
93887,13887,2,1,2.0,8.3,52
93888,13888,3,1,23.7,5.6,12
93889,13889,4,1,42.6,5.7,5
93890,13890,2,0,7.0,7.9,34
93891,13891,3,1,51.5,6.8,39
93892,13892,3,0,2.0,6.8,21
93893,13893,2,0,31.3,6.7,18
93894,13894,3,0,8.8,7.2,60
93895,13895,2,0,6.4,7.4,29
93896,13896,2,1,59.1,6.2,24
93897,13897,0,0,23.7,5.9,16
93898,13898,0,0,16.4,7.7,57
93899,13899,2,0,39.8,7.4,42
93900,13900,6,3,29.4,4.7,-5
93901,13901,4,1,37.2,5.6,1
93902,13902,3,1,46.0,7.6,59
93903,13903,7,2,23.9,4.3,-11
93904,13904,1,0,37.3,7.1,45
93905,13905,0,0,25.0,9.2,71
93906,13906,5,0,69.4,6.2,29
93907,13907,4,2,19.0,6.2,31
93908,13908,3,0,23.2,5.2,13
93909,13909,5,0,54.0,6.5,25
93910,13910,3,1,25.9,5.6,-2
93911,13911,2,0,42.9,7.4,44
93912,13912,2,0,16.0,7.1,31
93913,13913,3,2,40.0,6.4,14
93914,13914,1,0,24.5,8.4,65
93915,13915,5,1,35.1,5.5,17
93916,13916,4,1,32.1,6.7,36
93917,13917,3,2,34.1,5.7,20
93918,13918,2,0,34.7,7.6,53
93919,13919,3,1,15.4,6.6,34
93920,13920,0,0,17.4,8.1,45
93921,13921,3,1,44.4,7.2,30
93922,13922,2,0,11.3,7.4,43
93923,13923,0,0,30.8,10.0,76
93924,13924,3,1,30.8,7.9,48
93925,13925,5,1,4.0,4.3,-12
93926,13926,1,0,22.5,7.0,13
93927,13927,2,0,24.8,7.0,30
93928,13928,2,1,33.8,5.7,15
93929,13929,5,0,36.3,7.4,59
93930,13930,3,0,21.8,6.2,35
93931,13931,6,0,15.6,5.7,22
93932,13932,3,0,9.5,7.0,35
93933,13933,5,1,2.0,4.0,-22
93934,13934,2,1,10.0,7.0,27
93935,13935,1,1,40.8,8.7,67
93936,13936,4,1,11.2,5.2,6
93937,13937,1,1,18.8,7.1,40
93938,13938,2,1,2.0,6.8,42
93939,13939,2,0,17.9,6.0,23
93940,13940,4,1,56.4,6.8,28
93941,13941,1,0,2.0,8.4,68
93942,13942,2,1,4.4,7.5,46
93943,13943,5,3,32.3,6.6,27
93944,13944,3,0,35.2,7.2,41
93945,13945,3,0,42.0,6.3,41
93946,13946,1,0,18.1,8.4,56
93947,13947,3,3,25.0,6.5,36
93948,13948,1,0,2.0,6.5,22
93949,13949,2,1,36.5,7.1,41
93950,13950,2,0,31.7,6.7,23
93951,13951,1,0,12.8,7.7,65
93952,13952,5,1,12.1,4.5,-18
93953,13953,2,0,36.3,6.7,30
93954,13954,2,0,42.1,8.2,45
93955,13955,3,0,23.9,7.5,31
93956,13956,2,0,18.8,6.3,30
93957,13957,3,1,15.2,6.3,29
93958,13958,3,2,23.3,3.9,-22
93959,13959,2,0,59.0,7.6,23
93960,13960,3,0,15.0,5.7,5
93961,13961,8,2,12.8,3.6,-30
93962,13962,3,0,20.4,7.5,43
93963,13963,6,2,38.7,3.7,-19
93964,13964,2,0,4.9,7.2,39
93965,13965,3,0,2.0,6.4,29
93966,13966,5,1,57.3,6.3,28
93967,13967,4,1,37.2,5.7,-18
93968,13968,5,1,41.0,6.6,13
93969,13969,2,1,46.8,6.4,38
93970,13970,3,0,31.9,6.5,40
93971,13971,4,2,20.7,5.0,25
93972,13972,1,0,2.0,7.9,42
93973,13973,3,2,65.4,5.1,0
93974,13974,6,1,3.9,5.0,5
93975,13975,3,1,23.6,8.4,45
93976,13976,0,0,2.0,8.9,68
93977,13977,4,1,10.0,4.9,-16
93978,13978,3,0,34.5,8.2,58
93979,13979,0,0,35.0,9.0,64
93980,13980,4,0,31.0,6.4,4
93981,13981,2,1,9.4,5.7,26
93982,13982,4,2,28.3,4.9,-5
93983,13983,2,0,36.9,5.7,40
93984,13984,1,0,4.4,6.2,22
93985,13985,2,1,26.7,9.2,75
93986,13986,5,1,36.8,6.5,10
93987,13987,4,2,22.6,5.7,1
93988,13988,5,1,16.8,6.7,11
93989,13989,1,0,2.0,9.2,63
93990,13990,2,1,48.3,5.7,23
93991,13991,3,0,11.6,7.2,28
93992,13992,3,0,32.5,7.9,64
93993,13993,2,0,66.7,7.3,46
93994,13994,4,2,53.4,6.5,18
93995,13995,3,1,24.9,6.0,-2
93996,13996,1,0,12.7,8.2,63
93997,13997,3,1,53.0,7.3,48
93998,13998,2,0,46.8,7.8,50
93999,13999,4,1,23.7,6.5,27
94000,14000,2,0,12.2,7.1,53
94001,14001,4,2,52.1,5.9,-6
94002,14002,4,0,58.6,7.8,65
94003,14003,2,0,54.4,7.8,49
94004,14004,1,0,40.4,7.8,67
94005,14005,4,3,15.0,4.4,-5
94006,14006,1,1,41.2,7.9,60
94007,14007,1,0,38.1,7.1,37
94008,14008,2,1,31.8,9.0,76
94009,14009,4,2,2.0,5.6,-1
94010,14010,2,0,24.6,7.3,50
94011,14011,5,1,31.5,8.1,59
94012,14012,1,0,36.5,9.1,77
94013,14013,4,2,26.3,6.1,12
94014,14014,1,0,35.0,7.0,35
94015,14015,3,0,10.2,6.7,24
94016,14016,2,0,55.8,8.7,67
94017,14017,5,1,14.2,7.0,58
94018,14018,2,0,11.1,8.6,79
94019,14019,4,1,56.4,5.8,22
94020,14020,2,1,45.1,7.2,39
94021,14021,3,0,52.3,8.4,49
94022,14022,3,2,17.5,6.3,24
94023,14023,3,0,2.0,8.3,49
94024,14024,4,0,38.0,6.5,8
94025,14025,2,0,5.7,6.5,42
94026,14026,3,0,49.2,7.6,31
94027,14027,3,2,21.9,5.8,21
94028,14028,5,3,44.0,5.0,19
94029,14029,4,0,25.8,4.5,-22
94030,14030,0,0,41.2,7.8,60
94031,14031,1,0,10.8,7.5,40
94032,14032,3,1,42.5,5.1,3
94033,14033,3,1,24.7,4.3,2
94034,14034,2,1,16.5,8.7,51
94035,14035,2,0,17.8,4.2,-50
94036,14036,2,0,69.0,6.7,21
94037,14037,5,1,27.5,6.1,32
94038,14038,2,1,36.6,7.5,57
94039,14039,3,0,25.9,8.1,43
94040,14040,2,1,11.2,8.2,58
94041,14041,1,0,18.2,8.3,50
94042,14042,1,0,2.0,5.4,21
94043,14043,1,0,50.0,6.6,37
94044,14044,2,0,41.2,7.1,29
94045,14045,1,0,24.5,5.6,1
94046,14046,2,2,43.2,7.1,9
94047,14047,1,0,13.3,8.5,58
94048,14048,1,0,11.8,8.6,100
94049,14049,2,1,16.7,7.6,46
94050,14050,3,2,22.7,5.1,34
94051,14051,1,0,2.0,5.9,23
94052,14052,1,0,29.0,7.0,48
94053,14053,2,0,23.3,6.1,11
94054,14054,5,1,53.9,4.7,-4
94055,14055,3,2,19.6,7.6,55
94056,14056,1,0,13.7,8.1,65
94057,14057,4,0,45.9,7.2,35
94058,14058,2,0,27.6,8.5,64
94059,14059,1,0,15.2,9.4,100
94060,14060,0,0,19.4,6.4,31
94061,14061,2,1,41.5,8.5,56
94062,14062,6,1,6.4,6.7,37
94063,14063,8,1,49.2,4.0,-5
94064,14064,2,1,36.5,7.6,53
94065,14065,5,2,40.8,6.5,32
94066,14066,1,0,27.1,9.7,93
94067,14067,1,0,31.5,8.4,49
94068,14068,2,0,29.5,8.6,55
94069,14069,2,0,2.0,8.2,61
94070,14070,2,0,29.4,8.1,40
94071,14071,3,1,2.0,7.3,49
94072,14072,0,0,25.3,6.3,29
94073,14073,1,0,8.3,8.6,61
94074,14074,1,1,13.6,7.5,61
94075,14075,5,1,23.8,4.3,-6
94076,14076,6,1,32.9,7.4,61
94077,14077,3,1,2.0,6.7,27
94078,14078,2,1,2.0,7.5,41
94079,14079,2,1,13.3,5.9,19
94080,14080,2,0,31.8,7.3,36
94081,14081,4,1,50.0,4.0,-22
94082,14082,0,0,2.0,7.6,31
94083,14083,5,1,15.6,5.6,23
94084,14084,0,0,33.8,8.6,53
94085,14085,1,0,15.5,9.3,80
94086,14086,3,2,54.0,4.4,3
94087,14087,3,0,34.3,6.6,2
94088,14088,4,0,6.1,7.7,32
94089,14089,3,0,41.6,8.2,56
94090,14090,2,0,20.1,6.3,33
94091,14091,2,1,9.4,7.2,64
94092,14092,0,0,33.3,7.1,41
94093,14093,2,1,26.1,5.3,13
94094,14094,4,0,19.7,6.0,22
94095,14095,5,3,76.6,3.9,7
94096,14096,1,0,38.2,7.2,43
94097,14097,3,0,31.7,6.7,29
94098,14098,7,3,36.6,4.8,-11
94099,14099,6,1,36.4,7.4,34
94100,14100,2,0,21.8,7.8,66
94101,14101,3,0,31.6,7.1,35
94102,14102,0,0,57.0,8.1,60
94103,14103,2,1,24.9,9.4,72
94104,14104,2,1,25.6,8.0,63
94105,14105,1,0,12.7,7.9,62
94106,14106,4,1,9.6,7.2,55
94107,14107,2,0,19.9,6.5,40
94108,14108,4,1,24.0,6.1,-3
94109,14109,3,1,25.4,7.7,40
94110,14110,3,0,29.8,8.8,81
94111,14111,3,2,10.2,4.5,-22
94112,14112,0,0,10.8,7.8,46
94113,14113,4,1,6.7,4.2,-17
94114,14114,1,0,26.0,7.1,65
94115,14115,2,1,28.2,7.0,36
94116,14116,4,1,37.2,6.3,20
94117,14117,4,1,10.5,5.5,13
94118,14118,2,0,24.3,7.5,48
94119,14119,1,1,2.0,7.2,24
94120,14120,3,1,2.7,6.2,1
94121,14121,0,0,11.7,8.6,68
94122,14122,2,0,38.5,7.0,37
94123,14123,5,1,29.7,4.7,25
94124,14124,5,1,34.9,6.0,28
94125,14125,0,0,18.5,6.9,27
94126,14126,5,3,2.0,3.5,-38
94127,14127,2,0,8.3,8.6,72
94128,14128,2,1,59.5,7.2,30
94129,14129,4,4,38.7,5.3,25
94130,14130,1,0,2.0,8.5,68
94131,14131,2,2,24.7,7.8,60
94132,14132,6,2,31.8,4.8,1
94133,14133,2,1,39.8,6.5,29
94134,14134,0,0,18.3,8.3,50
94135,14135,1,0,40.9,7.6,60
94136,14136,2,2,31.6,6.1,10
94137,14137,5,1,38.1,6.7,33
94138,14138,1,0,16.7,7.9,67
94139,14139,2,2,4.3,6.3,51
94140,14140,3,0,21.0,7.4,36
94141,14141,1,0,16.2,6.4,18
94142,14142,6,1,22.5,5.5,13
94143,14143,4,0,21.4,8.7,65
94144,14144,2,0,14.6,7.5,66
94145,14145,3,1,11.3,6.5,5
94146,14146,5,1,28.8,6.9,19
94147,14147,3,2,50.0,6.8,30
94148,14148,0,0,30.0,7.9,68
94149,14149,4,1,33.8,6.9,28
94150,14150,2,2,24.4,5.3,16
94151,14151,0,0,23.4,8.7,83
94152,14152,2,0,26.3,7.3,43
94153,14153,2,1,38.3,6.4,11
94154,14154,0,0,7.3,8.3,46
94155,14155,2,0,31.6,6.0,24
94156,14156,4,2,12.7,6.8,37
94157,14157,3,0,53.2,7.7,41
94158,14158,4,2,18.4,5.7,20
94159,14159,3,2,6.6,6.5,55
94160,14160,4,1,21.8,6.9,10
94161,14161,3,1,22.4,6.6,43
94162,14162,4,1,2.0,7.4,33
94163,14163,1,0,37.2,8.5,58
94164,14164,1,1,41.2,5.7,25
94165,14165,3,2,9.1,5.6,22
94166,14166,3,1,19.5,6.0,21
94167,14167,3,0,20.5,6.3,26
94168,14168,3,2,7.5,7.3,40
94169,14169,3,2,21.3,5.8,4
94170,14170,1,0,19.7,6.5,29
94171,14171,2,2,14.8,6.6,47
94172,14172,4,2,28.7,5.7,-5
94173,14173,5,0,46.0,7.1,32
94174,14174,4,2,16.7,5.9,20
94175,14175,8,2,25.1,6.9,22
94176,14176,1,0,15.9,7.8,32
94177,14177,3,1,45.1,6.5,15
94178,14178,3,1,2.0,5.2,5
94179,14179,1,1,16.7,7.1,30
94180,14180,3,0,30.8,8.1,45
94181,14181,5,1,22.9,5.3,0
94182,14182,3,1,44.5,6.3,13
94183,14183,4,1,54.8,7.6,63
94184,14184,3,0,31.1,8.2,40
94185,14185,5,1,40.3,6.6,33
94186,14186,1,1,48.1,8.6,70
94187,14187,2,0,25.7,7.4,61
94188,14188,3,0,46.0,7.3,60
94189,14189,6,4,11.9,4.3,-13
94190,14190,1,0,10.4,7.6,60
94191,14191,5,1,13.5,4.7,-15
94192,14192,4,2,18.0,5.7,23
94193,14193,2,0,26.9,9.9,84
94194,14194,1,1,13.2,7.4,56
94195,14195,3,2,15.3,6.0,20
94196,14196,2,2,35.6,6.6,35
94197,14197,2,0,11.1,8.5,62
94198,14198,3,2,2.0,5.0,-14
94199,14199,4,0,39.9,6.1,19
94200,14200,5,2,15.1,5.3,17
94201,14201,2,0,23.2,6.6,28
94202,14202,0,0,30.0,7.7,56
94203,14203,4,1,22.7,5.8,14
94204,14204,1,0,51.0,7.7,54
94205,14205,4,1,26.2,5.7,23
94206,14206,1,1,6.0,8.6,70
94207,14207,2,0,56.2,8.1,70
94208,14208,3,0,32.2,6.4,27
94209,14209,0,0,25.0,7.6,44
94210,14210,3,0,52.3,6.3,40
94211,14211,0,0,41.5,7.5,47
94212,14212,3,1,28.8,6.6,30
94213,14213,4,2,36.3,4.6,-13
94214,14214,2,0,9.6,8.9,58
94215,14215,2,1,49.9,7.5,51
94216,14216,3,1,14.8,6.3,25
94217,14217,3,0,27.3,7.6,41
94218,14218,0,0,5.4,8.6,67
94219,14219,2,1,10.4,8.9,81
94220,14220,1,1,12.0,8.7,63
94221,14221,6,2,11.1,5.8,7
94222,14222,2,1,30.4,8.4,51
94223,14223,2,0,36.6,7.4,49
94224,14224,2,0,46.7,6.7,27
94225,14225,2,1,45.4,6.7,46
94226,14226,5,2,22.3,6.2,15
94227,14227,1,0,31.7,8.8,54
94228,14228,4,2,15.1,6.0,20
94229,14229,4,3,14.4,3.9,-43
94230,14230,5,1,17.0,6.6,32
94231,14231,2,1,14.3,6.5,31
94232,14232,2,0,2.0,7.8,50
94233,14233,3,0,33.8,7.1,22
94234,14234,1,0,35.7,8.9,61
94235,14235,3,1,35.0,8.0,26
94236,14236,4,1,11.9,6.1,6
94237,14237,2,0,37.8,7.2,37
94238,14238,3,3,2.0,4.7,-22
94239,14239,4,1,10.3,6.5,18
94240,14240,2,0,27.6,7.1,37
94241,14241,2,0,48.8,7.4,32
94242,14242,1,0,13.3,8.1,46
94243,14243,2,0,31.2,7.2,38
94244,14244,3,2,33.2,5.0,3
94245,14245,1,0,23.9,8.5,53
94246,14246,0,0,37.0,6.9,41
94247,14247,4,1,2.0,4.8,0
94248,14248,1,0,2.0,9.2,72
94249,14249,1,1,60.1,5.7,10
94250,14250,1,0,33.0,8.2,48
94251,14251,1,0,25.8,9.2,72
94252,14252,3,0,33.9,6.1,18
94253,14253,4,1,2.2,7.0,31
94254,14254,1,1,2.0,8.5,64
94255,14255,1,0,43.8,6.4,2
94256,14256,1,0,22.2,7.7,54
94257,14257,3,0,20.7,5.3,20
94258,14258,4,1,27.8,5.8,-1
94259,14259,3,0,14.9,7.9,43
94260,14260,4,1,9.7,7.0,46
94261,14261,1,1,2.0,7.9,41
94262,14262,5,0,28.6,5.7,19
94263,14263,1,1,6.7,7.9,48
94264,14264,0,0,53.1,8.6,64
94265,14265,3,0,20.9,6.8,51
94266,14266,2,0,43.9,5.8,30
94267,14267,1,0,15.6,5.6,-1
94268,14268,4,2,24.4,5.5,17
94269,14269,2,0,18.6,7.4,47
94270,14270,2,0,2.0,7.2,30
94271,14271,3,2,10.8,6.7,50
94272,14272,4,2,2.0,5.0,-19
94273,14273,6,2,43.1,4.5,-8
94274,14274,0,0,27.5,7.8,43
94275,14275,1,0,28.4,8.5,88
94276,14276,3,1,9.5,5.8,3
94277,14277,2,1,32.4,7.5,36
94278,14278,3,0,28.9,9.2,83
94279,14279,3,0,46.2,8.4,73
94280,14280,2,1,30.0,7.6,57
94281,14281,1,0,26.4,7.5,52
94282,14282,3,2,30.9,3.1,-15
94283,14283,4,2,2.0,6.2,12
94284,14284,3,0,62.7,7.8,45
94285,14285,1,1,30.3,6.4,1
94286,14286,2,0,11.4,7.6,52
94287,14287,5,1,2.0,6.2,17
94288,14288,1,0,19.7,7.4,44
94289,14289,0,0,40.7,10.0,100
94290,14290,3,0,65.8,6.1,29
94291,14291,1,0,41.5,8.4,56
94292,14292,1,1,38.7,8.2,53
94293,14293,3,1,33.7,6.6,27
94294,14294,1,0,2.0,8.7,59
94295,14295,3,0,29.5,7.5,36
94296,14296,2,1,26.3,8.6,62
94297,14297,4,1,46.0,7.5,25
94298,14298,1,0,7.3,7.3,39
94299,14299,4,2,8.3,6.4,42
94300,14300,2,2,23.6,5.8,20
94301,14301,2,1,20.7,6.1,43
94302,14302,1,0,47.0,8.7,72
94303,14303,3,0,34.5,6.0,25
94304,14304,8,2,36.8,3.3,-39
94305,14305,3,0,37.3,5.4,23
94306,14306,4,0,4.8,6.0,25
94307,14307,2,0,15.9,6.8,20
94308,14308,6,0,37.4,6.8,25
94309,14309,4,2,20.6,6.1,2
94310,14310,4,1,14.4,7.0,16
94311,14311,1,1,67.9,6.1,44
94312,14312,0,0,25.6,10.0,90
94313,14313,0,0,24.9,9.2,68
94314,14314,2,0,35.1,8.8,65
94315,14315,2,0,51.4,6.1,0
94316,14316,3,1,19.8,6.7,20
94317,14317,2,1,3.6,8.2,54
94318,14318,3,2,4.4,6.2,16
94319,14319,3,0,44.4,7.3,36
94320,14320,0,0,43.4,9.4,74
94321,14321,4,2,26.1,5.2,-4
94322,14322,2,1,35.4,8.4,58
94323,14323,1,1,26.9,7.3,36
94324,14324,1,1,28.6,7.3,60
94325,14325,1,0,9.6,7.2,57
94326,14326,5,1,8.5,8.0,62
94327,14327,5,1,32.4,6.2,17
94328,14328,4,1,24.0,5.3,-19
94329,14329,3,0,20.6,6.8,26
94330,14330,1,1,2.0,9.3,79
94331,14331,2,0,29.6,9.4,82
94332,14332,2,1,40.9,6.8,31
94333,14333,0,0,7.1,8.2,62
94334,14334,3,0,34.5,5.4,19
94335,14335,0,0,10.5,10.0,100
94336,14336,3,2,11.1,6.8,16
94337,14337,2,1,2.0,5.3,17
94338,14338,2,1,2.0,6.5,3
94339,14339,3,0,2.0,4.5,-29
94340,14340,3,0,22.7,6.0,6
94341,14341,2,0,26.9,7.6,26
94342,14342,2,0,43.9,7.1,33
94343,14343,2,1,23.8,7.6,67
94344,14344,2,1,2.0,7.6,41
94345,14345,3,0,20.1,7.9,46
94346,14346,2,0,12.8,9.7,78
94347,14347,0,0,32.0,8.5,70
94348,14348,2,1,2.3,8.0,47
94349,14349,1,0,18.5,6.9,68
94350,14350,3,2,16.0,6.2,12
94351,14351,7,2,2.0,5.3,12
94352,14352,4,2,19.1,5.4,19
94353,14353,2,1,21.8,6.5,14
94354,14354,6,1,68.8,6.4,24
94355,14355,2,1,13.0,7.9,47
94356,14356,4,1,52.3,5.0,-9
94357,14357,1,0,2.0,8.2,76
94358,14358,3,2,2.0,6.5,19
94359,14359,6,3,22.4,5.1,-9
94360,14360,9,1,40.3,5.4,24
94361,14361,2,0,25.6,7.2,40
94362,14362,1,0,2.0,7.3,40
94363,14363,2,1,26.5,7.1,33
94364,14364,2,1,7.3,5.7,-7
94365,14365,0,0,27.3,9.3,69
94366,14366,3,0,18.5,6.9,30
94367,14367,5,0,26.1,7.9,58
94368,14368,1,0,29.0,9.4,80
94369,14369,6,0,18.1,4.0,-28
94370,14370,2,1,23.0,7.1,36
94371,14371,2,0,13.4,8.0,51
94372,14372,6,0,30.6,5.9,2
94373,14373,3,0,28.1,6.8,27
94374,14374,3,2,23.2,8.3,34
94375,14375,3,1,44.0,7.4,34
94376,14376,5,1,5.5,6.3,15
94377,14377,3,1,2.0,7.3,72
94378,14378,8,1,25.0,6.3,20
94379,14379,1,1,2.0,6.7,37
94380,14380,3,1,49.9,7.8,70
94381,14381,0,0,2.0,8.7,76
94382,14382,2,0,40.3,7.3,32
94383,14383,2,0,21.0,8.0,47
94384,14384,3,1,34.0,8.0,60
94385,14385,1,0,8.4,8.0,42
94386,14386,4,3,4.0,6.0,37
94387,14387,4,1,30.4,8.1,68
94388,14388,1,0,27.8,7.1,26
94389,14389,2,0,2.0,7.0,46
94390,14390,4,0,10.1,7.0,42
94391,14391,3,1,21.0,6.9,8
94392,14392,3,0,35.6,8.7,81
94393,14393,1,0,22.4,9.2,63
94394,14394,3,1,13.7,5.2,-5
94395,14395,0,0,12.3,8.7,77
94396,14396,2,0,5.1,6.8,20
94397,14397,2,0,48.7,9.6,85
94398,14398,3,0,25.5,7.9,48
94399,14399,0,0,21.0,8.6,74
94400,14400,3,0,2.1,7.2,40
94401,14401,1,0,44.2,7.8,36
94402,14402,2,0,54.8,4.8,-5
94403,14403,4,2,11.7,6.5,28
94404,14404,5,2,31.8,5.9,14
94405,14405,5,1,27.4,6.1,-12
94406,14406,0,0,23.3,8.1,25
94407,14407,6,2,26.8,4.7,-25
94408,14408,4,2,21.9,6.6,35
94409,14409,4,1,22.2,6.5,43
94410,14410,2,1,2.0,6.1,22
94411,14411,7,3,6.2,6.0,12
94412,14412,1,0,14.4,6.3,13
94413,14413,4,2,30.6,6.3,24
94414,14414,2,0,6.5,7.9,55
94415,14415,2,1,28.4,7.5,54
94416,14416,3,2,29.1,7.4,65
94417,14417,3,0,46.7,5.9,28
94418,14418,2,0,14.1,6.7,17
94419,14419,2,1,28.4,5.5,26
94420,14420,2,0,43.4,7.8,59
94421,14421,1,0,26.9,8.0,38
94422,14422,2,2,28.0,7.2,27
94423,14423,4,0,42.7,8.4,78
94424,14424,6,2,2.0,4.4,-17
94425,14425,3,0,14.9,7.7,67
94426,14426,2,0,21.8,5.9,38
94427,14427,1,1,12.5,6.7,27
94428,14428,4,3,8.6,6.0,0
94429,14429,1,0,11.2,8.5,62
94430,14430,2,1,17.7,6.9,39
94431,14431,1,1,24.0,7.7,24
94432,14432,2,0,44.7,7.2,67
94433,14433,0,0,42.8,7.3,33
94434,14434,2,0,22.1,7.8,71
94435,14435,2,0,17.3,7.9,51
94436,14436,2,0,38.6,7.4,20
94437,14437,1,1,17.5,8.0,78
94438,14438,2,0,25.6,8.9,61
94439,14439,3,0,19.3,7.4,44
94440,14440,5,4,2.0,4.6,-3
94441,14441,2,1,31.7,8.3,50
94442,14442,2,0,20.7,8.1,62
94443,14443,3,1,4.1,7.8,24
94444,14444,4,0,2.0,7.2,39
94445,14445,1,0,32.6,7.3,49
94446,14446,3,1,3.6,6.8,16
94447,14447,5,1,12.7,7.6,31
94448,14448,4,1,5.5,7.0,26
94449,14449,2,0,46.5,8.6,56
94450,14450,0,0,11.7,8.5,76
94451,14451,1,0,21.0,9.5,66
94452,14452,5,0,53.3,6.8,10
94453,14453,0,0,37.0,6.4,16
94454,14454,1,0,6.4,8.1,53
94455,14455,2,0,19.2,9.3,72
94456,14456,4,0,31.2,8.6,70
94457,14457,2,0,32.2,9.1,66
94458,14458,2,2,44.8,6.4,31
94459,14459,2,0,30.4,7.5,18
94460,14460,1,0,50.0,8.3,85
94461,14461,3,1,37.2,6.6,16
94462,14462,1,0,34.5,9.4,50
94463,14463,6,2,43.2,5.9,3
94464,14464,3,0,15.9,6.8,50
94465,14465,1,1,37.3,8.7,75
94466,14466,3,1,33.0,6.7,49
94467,14467,3,0,14.0,8.5,69
94468,14468,3,0,15.4,6.8,18
94469,14469,1,1,9.3,8.9,80
94470,14470,1,1,43.4,6.4,24
94471,14471,1,0,4.7,6.6,34
94472,14472,1,0,40.2,7.3,31
94473,14473,3,0,21.1,7.2,64
94474,14474,3,3,18.3,6.5,41
94475,14475,2,0,39.1,6.4,17
94476,14476,2,0,27.1,6.7,48
94477,14477,3,0,2.0,6.6,36
94478,14478,1,0,32.3,8.2,53
94479,14479,0,0,29.4,7.4,54
94480,14480,2,0,4.1,8.3,58
94481,14481,3,1,2.2,7.6,54
94482,14482,3,2,39.1,5.0,0
94483,14483,1,0,17.4,10.0,82
94484,14484,1,0,23.1,9.0,66
94485,14485,0,0,10.4,8.6,58
94486,14486,2,0,15.2,8.6,69
94487,14487,3,0,17.1,8.4,61
94488,14488,2,0,47.8,7.9,66
94489,14489,3,0,34.5,5.0,-26
94490,14490,3,0,2.0,6.0,21
94491,14491,2,0,32.3,7.4,33
94492,14492,2,0,52.3,9.3,55
94493,14493,2,0,39.5,7.3,48
94494,14494,2,1,5.8,5.0,5
94495,14495,3,0,26.8,6.8,26
94496,14496,0,0,47.6,7.9,51
94497,14497,2,0,35.9,6.4,44
94498,14498,1,1,43.9,8.7,74
94499,14499,3,1,2.3,7.3,32
94500,14500,1,0,13.3,6.4,33
94501,14501,0,0,9.0,9.3,70
94502,14502,4,1,7.6,6.8,15
94503,14503,5,1,50.0,7.8,35
94504,14504,4,1,37.7,7.4,34
94505,14505,5,3,34.5,4.5,-23
94506,14506,1,0,35.3,8.5,69
94507,14507,1,0,39.1,7.2,65
94508,14508,1,0,3.5,8.3,55
94509,14509,1,0,2.0,8.0,64
94510,14510,4,1,56.0,8.3,70
94511,14511,2,1,11.5,6.7,44
94512,14512,4,2,9.5,4.3,9
94513,14513,2,1,16.2,6.8,59
94514,14514,1,0,30.0,7.5,42
94515,14515,2,0,21.4,8.5,50
94516,14516,1,1,38.9,6.7,17
94517,14517,3,2,28.2,6.7,29
94518,14518,2,1,3.8,8.6,99
94519,14519,2,0,19.4,6.8,36
94520,14520,4,2,5.9,6.0,21
94521,14521,2,0,10.9,9.2,78
94522,14522,3,2,28.1,5.7,8
94523,14523,0,0,3.2,7.7,59
94524,14524,1,0,50.1,5.7,7
94525,14525,2,0,20.9,9.0,100
94526,14526,0,0,29.4,9.1,78
94527,14527,1,0,12.9,8.7,67
94528,14528,3,2,27.8,5.6,6
94529,14529,2,0,52.2,8.7,60
94530,14530,4,1,32.2,6.8,15
94531,14531,2,0,2.0,6.8,10
94532,14532,1,0,16.1,8.0,57
94533,14533,0,0,14.9,8.4,72
94534,14534,2,1,13.0,7.2,51
94535,14535,3,0,16.6,7.8,56
94536,14536,2,1,22.3,7.0,6
94537,14537,2,1,15.3,8.3,78
94538,14538,1,0,2.0,8.8,68
94539,14539,3,2,23.0,6.2,10
94540,14540,0,0,2.0,7.4,60
94541,14541,3,1,18.3,6.1,17
94542,14542,2,2,18.1,7.0,35
94543,14543,3,2,13.5,4.9,4
94544,14544,3,0,14.1,6.7,21
94545,14545,3,0,36.6,7.8,51
94546,14546,2,2,10.6,6.0,3
94547,14547,3,2,23.4,7.0,23
94548,14548,1,0,10.5,9.1,76
94549,14549,2,0,44.3,7.1,55
94550,14550,5,0,10.7,6.3,29
94551,14551,4,0,17.1,6.8,41
94552,14552,4,1,14.1,6.4,38
94553,14553,4,0,44.4,7.2,15
94554,14554,5,2,18.1,3.2,-33
94555,14555,3,0,31.1,8.2,81
94556,14556,1,1,23.4,7.3,23
94557,14557,2,1,57.9,8.2,65
94558,14558,0,0,22.7,8.4,57
94559,14559,4,1,7.1,5.7,9
94560,14560,3,1,34.8,7.7,42
94561,14561,4,1,17.2,5.2,20
94562,14562,1,0,20.2,6.5,53
94563,14563,0,0,36.2,8.4,60
94564,14564,1,0,37.7,7.9,53
94565,14565,0,0,29.4,8.9,38
94566,14566,1,0,16.6,9.7,85
94567,14567,2,0,2.0,6.7,38
94568,14568,2,1,31.7,7.8,58
94569,14569,1,0,33.5,7.7,68
94570,14570,1,1,20.3,5.8,21
94571,14571,3,1,12.9,7.7,53
94572,14572,1,0,31.8,8.6,69
94573,14573,2,0,21.0,7.4,44
94574,14574,4,0,24.3,9.2,78
94575,14575,2,1,9.4,6.3,19
94576,14576,1,1,25.5,8.4,55
94577,14577,4,1,2.0,6.8,33
94578,14578,1,0,18.2,7.2,37
94579,14579,3,1,25.4,8.3,56
94580,14580,3,2,18.2,7.4,44
94581,14581,5,1,17.9,5.3,4
94582,14582,2,1,16.9,7.0,37
94583,14583,4,0,57.5,7.0,39
94584,14584,4,1,41.3,6.0,19
94585,14585,1,0,28.4,6.6,37
94586,14586,2,1,38.2,6.0,15
94587,14587,3,0,36.2,5.0,-31
94588,14588,3,0,7.6,6.6,40
94589,14589,5,2,15.6,5.0,-19
94590,14590,2,0,46.4,7.7,66
94591,14591,1,1,22.0,5.5,24
94592,14592,4,0,23.0,7.9,37
94593,14593,1,0,32.8,6.8,49
94594,14594,1,0,8.1,8.1,80
94595,14595,1,0,28.8,7.4,50
94596,14596,1,0,9.3,8.2,67
94597,14597,2,1,14.5,6.1,25
94598,14598,2,1,37.5,8.3,66
94599,14599,3,0,22.0,7.3,27
94600,14600,5,2,37.3,4.5,-12
94601,14601,2,0,37.7,8.1,78
94602,14602,1,0,4.8,9.3,91
94603,14603,6,2,45.5,5.7,25
94604,14604,4,0,30.4,5.7,24
94605,14605,6,3,4.7,3.7,-33
94606,14606,1,0,44.8,7.9,31
94607,14607,4,0,29.6,7.2,44
94608,14608,7,2,19.4,4.9,7
94609,14609,4,1,11.2,7.8,24
94610,14610,0,0,69.7,7.3,45
94611,14611,4,0,2.0,6.9,49
94612,14612,2,0,12.1,7.0,46
94613,14613,5,1,6.1,6.1,19
94614,14614,2,1,2.0,6.9,19
94615,14615,4,0,32.1,6.1,8
94616,14616,2,0,49.3,8.9,83
94617,14617,0,0,2.0,6.9,10
94618,14618,2,1,29.8,6.1,22
94619,14619,1,0,17.1,8.2,52
94620,14620,2,0,14.4,6.7,18
94621,14621,2,0,20.8,8.2,49
94622,14622,2,0,19.3,6.9,46
94623,14623,2,1,2.5,8.9,70
94624,14624,1,0,30.1,7.9,71
94625,14625,0,0,4.7,7.5,31
94626,14626,2,0,71.3,7.8,68
94627,14627,2,1,2.0,8.0,42
94628,14628,1,0,2.0,7.0,58
94629,14629,1,0,4.8,7.5,23
94630,14630,5,3,24.5,4.4,-42
94631,14631,6,3,42.3,6.2,18
94632,14632,2,1,22.1,8.2,59
94633,14633,2,0,45.0,4.9,0
94634,14634,2,0,41.3,6.6,16
94635,14635,2,1,18.4,7.2,44
94636,14636,3,0,16.1,7.3,57
94637,14637,2,0,21.8,8.6,73
94638,14638,1,0,11.4,8.6,69
94639,14639,2,0,54.3,9.1,62
94640,14640,2,0,34.4,7.7,56
94641,14641,1,0,26.9,7.7,53
94642,14642,5,2,47.4,3.8,-21
94643,14643,1,0,8.3,9.4,94
94644,14644,5,1,16.4,6.7,28
94645,14645,4,0,19.8,7.9,37
94646,14646,6,1,46.4,4.8,5
94647,14647,3,0,42.2,7.0,60
94648,14648,4,1,35.6,3.8,-44
94649,14649,3,0,34.2,8.2,64
94650,14650,2,0,26.1,8.2,67
94651,14651,3,0,19.2,8.2,53
94652,14652,3,0,18.9,6.0,2
94653,14653,1,0,2.0,7.2,34
94654,14654,3,0,60.3,7.8,37
94655,14655,3,0,55.6,5.2,20
94656,14656,3,1,15.3,6.7,31
94657,14657,5,2,45.1,5.7,28
94658,14658,2,0,36.9,8.2,61
94659,14659,2,0,21.1,7.7,48
94660,14660,0,0,2.0,8.7,67
94661,14661,3,1,32.7,8.0,48
94662,14662,2,1,22.8,6.1,14
94663,14663,3,1,20.4,6.8,38
94664,14664,1,1,11.7,6.8,17
94665,14665,1,0,2.0,7.2,50
94666,14666,4,1,17.8,5.9,3
94667,14667,1,1,16.5,7.4,43
94668,14668,3,2,36.5,7.0,26
94669,14669,3,0,51.0,7.3,35
94670,14670,3,0,65.9,7.5,66
94671,14671,1,1,16.8,6.7,36
94672,14672,3,0,12.0,7.2,35
94673,14673,3,1,49.7,7.3,38
94674,14674,2,0,53.9,9.7,61
94675,14675,3,1,22.7,6.9,39
94676,14676,1,1,18.1,7.4,38
94677,14677,1,0,34.8,8.3,52
94678,14678,2,0,26.4,8.8,79
94679,14679,4,0,22.4,7.9,21
94680,14680,0,0,17.5,9.4,80
94681,14681,1,0,10.5,8.9,69
94682,14682,1,1,19.3,8.1,33
94683,14683,4,1,16.4,5.8,11
94684,14684,1,0,31.9,7.4,49
94685,14685,3,0,25.8,6.8,17
94686,14686,4,1,39.5,7.8,41
94687,14687,3,0,17.1,6.5,36
94688,14688,0,0,24.3,8.5,55
94689,14689,2,1,37.7,7.4,51
94690,14690,0,0,30.4,8.6,45
94691,14691,1,0,39.5,6.2,30
94692,14692,3,0,37.6,6.6,16
94693,14693,3,1,2.0,6.5,21
94694,14694,0,0,17.4,8.6,52
94695,14695,0,0,4.6,8.0,46
94696,14696,3,1,39.4,4.9,-5
94697,14697,2,0,14.0,8.4,63
94698,14698,2,0,27.0,7.3,53
94699,14699,2,1,2.0,8.1,43
94700,14700,4,1,57.9,6.3,30
94701,14701,4,4,22.8,3.1,-20
94702,14702,4,1,49.1,6.1,28
94703,14703,2,0,29.9,7.1,25
94704,14704,3,1,24.4,5.5,-6
94705,14705,1,1,14.6,8.4,52
94706,14706,3,1,2.0,6.9,25
94707,14707,6,2,31.7,6.9,54
94708,14708,3,0,35.0,6.4,23
94709,14709,2,2,17.6,6.1,7
94710,14710,4,1,23.6,6.3,27
94711,14711,3,1,20.3,6.9,47
94712,14712,1,0,30.6,7.6,36
94713,14713,2,0,2.0,6.9,16
94714,14714,2,1,27.9,6.8,44
94715,14715,2,1,17.9,7.2,38
94716,14716,3,1,29.6,7.7,65
94717,14717,2,0,2.0,6.1,20
94718,14718,1,1,13.6,7.0,34
94719,14719,4,1,13.8,5.8,-18
94720,14720,1,0,56.0,8.0,51
94721,14721,0,0,15.0,7.1,17
94722,14722,3,2,21.4,4.9,2
94723,14723,1,0,30.6,8.9,54
94724,14724,3,0,21.1,8.2,59
94725,14725,2,0,16.9,8.2,64
94726,14726,1,0,35.7,7.5,58
94727,14727,0,0,55.9,8.3,51
94728,14728,5,1,24.2,6.7,24
94729,14729,3,1,23.4,6.6,31
94730,14730,2,0,11.8,7.5,38
94731,14731,1,1,5.1,5.9,10
94732,14732,6,1,35.3,4.9,-3
94733,14733,3,1,12.5,6.5,26
94734,14734,3,1,25.9,8.4,58
94735,14735,2,0,19.7,7.6,56
94736,14736,3,1,36.7,7.6,49
94737,14737,3,0,32.6,7.2,35
94738,14738,1,1,2.0,7.3,63
94739,14739,3,0,36.4,6.8,26
94740,14740,2,0,51.0,8.0,52
94741,14741,0,0,16.1,6.4,6
94742,14742,6,3,21.4,5.6,5
94743,14743,0,0,2.0,8.0,64
94744,14744,2,1,29.5,6.2,16
94745,14745,5,2,9.7,5.1,-2
94746,14746,2,0,19.6,9.5,73
94747,14747,1,0,17.3,5.9,15
94748,14748,3,2,20.3,7.7,52
94749,14749,2,1,9.6,7.7,59
94750,14750,2,0,21.6,8.8,76
94751,14751,2,1,22.3,8.1,34
94752,14752,4,1,32.1,6.9,40
94753,14753,2,0,30.1,6.8,37
94754,14754,0,0,23.1,10.0,76
94755,14755,4,0,20.0,6.1,19
94756,14756,2,0,23.7,5.4,6
94757,14757,6,3,48.5,6.2,41
94758,14758,2,0,20.5,8.7,56
94759,14759,0,0,30.9,8.2,69
94760,14760,2,1,5.4,8.0,44
94761,14761,2,0,39.9,7.7,64
94762,14762,4,3,17.8,4.1,5
94763,14763,1,0,2.4,8.6,75
94764,14764,3,0,32.6,6.8,27
94765,14765,5,2,38.3,4.4,-16
94766,14766,1,0,11.6,8.7,73
94767,14767,1,0,25.5,8.3,46
94768,14768,2,0,5.8,7.2,45
94769,14769,1,0,49.1,7.6,40
94770,14770,0,0,8.6,9.8,93
94771,14771,3,0,25.2,8.2,64
94772,14772,3,1,2.0,6.7,20
94773,14773,1,0,16.0,9.0,65
94774,14774,3,1,12.5,7.3,44
94775,14775,3,1,14.7,5.5,2
94776,14776,2,0,39.1,9.4,67
94777,14777,4,0,28.1,7.6,51
94778,14778,3,0,10.9,7.5,27
94779,14779,1,0,30.3,7.0,25
94780,14780,2,0,36.3,9.9,87
94781,14781,3,1,23.3,7.4,45
94782,14782,3,2,2.0,5.3,-3
94783,14783,3,0,17.8,6.3,14
94784,14784,2,1,15.8,10.0,79
94785,14785,3,0,16.4,6.4,31
94786,14786,2,1,3.6,6.8,49
94787,14787,0,0,23.3,9.7,89
94788,14788,2,0,25.3,9.0,68
94789,14789,3,1,6.3,6.2,35
94790,14790,7,1,50.0,3.9,-4
94791,14791,4,1,19.6,6.8,42
94792,14792,2,1,6.7,7.4,52
94793,14793,0,0,31.0,9.2,72
94794,14794,4,0,28.2,6.6,39
94795,14795,4,1,52.0,7.2,45
94796,14796,4,1,58.9,5.7,38
94797,14797,1,0,38.1,7.2,29
94798,14798,0,0,24.3,6.3,23
94799,14799,4,2,27.0,4.4,-10
94800,14800,2,0,2.0,7.9,76
94801,14801,2,0,19.7,7.4,36
94802,14802,2,1,31.2,7.5,40
94803,14803,0,0,51.8,8.3,54
94804,14804,3,0,68.2,6.8,52
94805,14805,2,1,2.6,6.2,43
94806,14806,1,1,2.0,6.4,40
94807,14807,2,2,5.7,7.7,35
94808,14808,5,2,4.2,5.1,13
94809,14809,1,1,9.7,7.2,26
94810,14810,1,0,25.6,9.4,69
94811,14811,1,1,56.1,7.5,47
94812,14812,0,0,2.2,8.3,70
94813,14813,0,0,5.4,8.2,53
94814,14814,1,1,37.9,7.4,31
94815,14815,2,0,12.2,8.4,61
94816,14816,2,0,34.4,7.3,45
94817,14817,2,0,46.6,6.3,32
94818,14818,3,2,27.8,5.2,-21
94819,14819,0,0,2.0,9.3,78
94820,14820,1,0,9.2,6.1,13
94821,14821,5,3,36.6,5.2,-5
94822,14822,1,1,2.0,8.0,69
94823,14823,0,0,29.4,7.7,61
94824,14824,1,0,2.0,6.4,17
94825,14825,0,0,50.8,7.9,56
94826,14826,2,2,39.1,7.2,45
94827,14827,1,0,15.8,7.2,33
94828,14828,0,0,23.1,7.4,13
94829,14829,3,2,20.5,5.8,6
94830,14830,3,1,29.4,6.1,12
94831,14831,1,0,33.1,7.1,24
94832,14832,3,1,54.3,7.8,62
94833,14833,2,2,4.8,5.5,-7
94834,14834,2,1,34.5,6.6,32
94835,14835,5,3,26.1,4.4,-24
94836,14836,4,0,2.0,7.5,42
94837,14837,1,0,31.2,6.9,38
94838,14838,0,0,32.6,8.4,59
94839,14839,1,1,5.7,8.4,49
94840,14840,2,1,40.0,7.1,34
94841,14841,3,0,9.6,6.9,44
94842,14842,1,0,17.8,6.6,21
94843,14843,4,2,3.7,6.0,13
94844,14844,0,0,20.6,9.6,94
94845,14845,0,0,33.4,8.5,48
94846,14846,5,1,44.8,5.5,19
94847,14847,3,0,23.0,6.9,26
94848,14848,4,2,36.0,5.7,16
94849,14849,3,1,24.9,6.6,39
94850,14850,2,2,9.9,5.7,-10
94851,14851,3,2,24.8,6.8,37
94852,14852,1,1,30.5,6.9,16
94853,14853,3,1,2.0,5.8,29
94854,14854,3,1,31.0,7.9,69
94855,14855,4,0,30.8,6.9,28
94856,14856,6,2,6.0,4.8,-15
94857,14857,1,0,21.5,9.0,54
94858,14858,1,0,15.5,8.1,56
94859,14859,1,0,5.6,7.2,38
94860,14860,1,0,57.1,8.1,53
94861,14861,2,1,47.9,7.5,42
94862,14862,3,1,21.8,6.7,20
94863,14863,0,0,11.4,7.1,44
94864,14864,5,1,2.0,6.2,21
94865,14865,2,1,14.7,6.9,31
94866,14866,1,1,17.0,8.7,60
94867,14867,4,1,11.3,7.7,69
94868,14868,2,1,26.8,8.5,68
94869,14869,3,1,33.1,5.5,-5
94870,14870,1,0,37.8,5.0,16
94871,14871,2,1,22.8,7.2,44
94872,14872,2,0,18.7,8.1,44
94873,14873,3,0,33.2,7.9,50
94874,14874,2,1,2.0,4.3,-26
94875,14875,3,1,15.9,6.0,3
94876,14876,2,1,45.3,7.1,41
94877,14877,3,1,31.6,6.7,30
94878,14878,5,2,17.4,6.5,40
94879,14879,2,2,31.7,6.7,9
94880,14880,3,2,29.8,5.4,16
94881,14881,3,2,53.4,5.8,31
94882,14882,3,1,53.0,6.9,22
94883,14883,3,0,26.2,6.2,17
94884,14884,5,3,33.6,5.1,-21
94885,14885,1,0,23.9,8.6,74
94886,14886,2,1,12.5,7.1,33
94887,14887,3,0,23.9,8.8,79
94888,14888,3,0,18.8,6.2,37
94889,14889,0,0,35.0,8.0,39
94890,14890,0,0,8.9,7.7,69
94891,14891,8,1,13.5,3.5,-20
94892,14892,1,0,25.6,10.0,98
94893,14893,0,0,17.0,9.4,100
94894,14894,0,0,7.1,6.0,-3
94895,14895,2,0,50.2,7.3,28
94896,14896,5,1,50.5,4.0,-30
94897,14897,1,0,34.3,10.0,92
94898,14898,6,2,5.5,6.9,42
94899,14899,1,0,52.0,9.4,79
94900,14900,3,0,30.4,8.5,70
94901,14901,3,1,9.8,6.2,8
94902,14902,1,0,33.5,9.3,87
94903,14903,2,0,46.2,7.8,53
94904,14904,2,1,28.7,7.4,49
94905,14905,0,0,7.0,8.5,52
94906,14906,3,0,44.7,6.6,36
94907,14907,2,1,19.4,5.1,9
94908,14908,5,2,20.2,5.8,18
94909,14909,2,0,35.1,6.8,27
94910,14910,5,0,61.9,8.0,50
94911,14911,3,0,17.6,7.4,38
94912,14912,3,0,54.1,7.9,52
94913,14913,3,1,31.8,6.1,27
94914,14914,2,0,17.1,8.2,43
94915,14915,2,0,21.3,7.4,57
94916,14916,1,1,32.5,7.5,53
94917,14917,0,0,39.0,7.4,53
94918,14918,2,0,40.9,8.0,33
94919,14919,3,1,29.2,6.3,3
94920,14920,0,0,24.3,7.3,50
94921,14921,2,0,17.0,8.6,74
94922,14922,6,0,36.9,7.0,18
94923,14923,0,0,29.4,9.0,67
94924,14924,4,0,46.0,6.1,22
94925,14925,3,0,2.0,7.0,38
94926,14926,4,0,2.0,7.0,57
94927,14927,4,2,12.1,6.6,29
94928,14928,2,1,27.3,7.5,54
94929,14929,4,2,45.3,6.0,14
94930,14930,1,0,5.7,8.1,41
94931,14931,1,1,8.7,5.5,17
94932,14932,1,1,2.0,7.4,44
94933,14933,2,1,39.8,6.8,27
94934,14934,2,1,5.6,8.4,53
94935,14935,1,0,34.9,6.8,8
94936,14936,2,0,40.3,6.7,24
94937,14937,2,0,24.6,7.4,31
94938,14938,3,0,29.2,6.6,38
94939,14939,2,1,49.4,8.0,40
94940,14940,2,0,2.0,8.8,65
94941,14941,5,0,14.0,7.4,40
94942,14942,1,0,32.0,8.4,58
94943,14943,2,0,39.6,8.0,44
94944,14944,2,1,38.1,6.3,21
94945,14945,4,0,24.0,4.9,-18
94946,14946,2,0,5.9,7.9,75
94947,14947,2,1,28.6,6.1,28
94948,14948,3,0,15.0,6.8,15
94949,14949,1,0,15.9,7.7,57
94950,14950,3,0,2.0,6.3,26
94951,14951,2,1,18.8,5.2,-15
94952,14952,2,0,9.2,8.7,59
94953,14953,1,0,19.1,7.4,51
94954,14954,6,0,13.2,6.9,28
94955,14955,3,0,25.4,8.6,57
94956,14956,4,0,43.4,7.5,42
94957,14957,0,0,25.6,7.6,79
94958,14958,0,0,23.0,7.9,46
94959,14959,1,0,17.9,10.0,93
94960,14960,5,2,33.5,6.9,26
94961,14961,1,1,26.6,7.4,45
94962,14962,2,0,20.1,7.5,30
94963,14963,3,0,39.4,8.0,55
94964,14964,3,0,37.1,8.7,41
94965,14965,2,0,4.1,7.8,43
94966,14966,1,0,31.7,6.8,9
94967,14967,2,1,30.4,8.1,65
94968,14968,2,1,28.6,7.3,33
94969,14969,0,0,24.4,8.6,67
94970,14970,3,1,19.8,7.5,57
94971,14971,4,1,2.0,6.7,24
94972,14972,4,2,17.8,7.2,43
94973,14973,3,2,38.9,7.3,13
94974,14974,3,0,17.4,6.6,38
94975,14975,3,1,26.4,6.2,3
94976,14976,1,0,10.0,7.7,47
94977,14977,1,0,62.7,7.8,78
94978,14978,4,0,50.1,5.8,22
94979,14979,2,2,11.0,7.0,40
94980,14980,1,0,10.4,7.3,30
94981,14981,4,2,34.1,6.1,25
94982,14982,2,0,24.8,7.8,50
94983,14983,3,1,18.6,7.5,36
94984,14984,3,1,26.8,6.8,38
94985,14985,3,2,39.4,7.6,51
94986,14986,1,0,43.0,8.5,71
94987,14987,2,2,17.8,5.4,-7
94988,14988,6,4,41.9,4.2,-21
94989,14989,2,0,42.5,5.4,0
94990,14990,3,0,58.0,5.6,20
94991,14991,0,0,30.2,6.7,37
94992,14992,2,0,21.5,5.1,5
94993,14993,1,0,38.1,7.5,28
94994,14994,2,1,37.2,7.3,39
94995,14995,6,3,22.6,4.5,2
94996,14996,6,0,26.4,7.9,58
94997,14997,6,1,44.9,4.9,-7
94998,14998,2,0,2.0,8.3,61
94999,14999,3,1,41.1,7.6,31
95000,15000,0,0,9.3,7.7,52
95001,15001,0,0,18.9,8.0,54
95002,15002,4,1,22.7,7.0,37
95003,15003,1,1,26.9,7.5,51
95004,15004,2,1,40.8,7.1,40
95005,15005,3,0,42.6,7.2,56
95006,15006,3,0,32.6,8.6,57
95007,15007,3,1,3.6,6.9,52
95008,15008,4,2,31.8,7.1,20
95009,15009,5,1,23.0,6.1,40
95010,15010,3,1,20.8,5.5,14
95011,15011,2,1,5.8,5.5,16
95012,15012,2,1,25.5,8.1,39
95013,15013,4,0,2.0,6.9,44
95014,15014,2,1,2.0,7.8,35
95015,15015,3,0,12.5,6.9,12
95016,15016,3,1,40.8,8.0,45
95017,15017,2,0,30.1,7.2,43
95018,15018,4,2,20.3,6.9,40
95019,15019,5,1,28.9,6.6,39
95020,15020,3,0,23.0,7.1,30
95021,15021,3,2,31.1,6.9,49
95022,15022,0,0,12.3,7.3,52
95023,15023,2,0,39.0,6.9,47
95024,15024,5,2,9.7,5.0,4
95025,15025,3,0,31.0,7.2,51
95026,15026,1,0,20.7,7.3,34
95027,15027,1,0,10.6,7.4,38
95028,15028,1,0,7.2,7.1,44
95029,15029,2,0,30.1,8.3,41
95030,15030,0,0,19.3,9.1,76
95031,15031,1,1,32.5,7.8,51
95032,15032,1,1,15.9,6.8,25
95033,15033,5,1,25.5,6.0,35
95034,15034,3,1,26.5,6.6,28
95035,15035,1,0,32.9,8.8,82
95036,15036,4,3,11.3,5.5,17
95037,15037,5,1,2.0,6.1,8
95038,15038,4,1,56.8,5.9,15
95039,15039,2,1,30.6,7.0,51
95040,15040,0,0,20.0,5.9,22
95041,15041,0,0,10.8,9.7,96
95042,15042,2,0,34.9,8.2,58
95043,15043,2,0,2.0,6.7,14
95044,15044,1,0,22.8,7.6,44
95045,15045,1,0,3.8,7.6,63
95046,15046,3,1,26.4,7.3,26
95047,15047,6,1,2.0,6.5,17
95048,15048,1,1,10.9,6.6,27
95049,15049,4,1,31.7,5.9,13
95050,15050,4,1,18.3,6.1,8
95051,15051,5,2,31.2,5.2,-8
95052,15052,2,0,2.0,7.7,38
95053,15053,3,0,27.6,7.3,43
95054,15054,3,1,33.6,7.6,58
95055,15055,0,0,13.0,7.1,41
95056,15056,3,0,45.6,5.4,20
95057,15057,1,0,9.9,6.7,36
95058,15058,3,1,3.2,8.2,54
95059,15059,4,1,2.0,6.3,-2
95060,15060,1,0,34.5,8.9,74
95061,15061,2,2,48.1,5.8,22
95062,15062,5,0,45.5,7.6,45
95063,15063,2,0,2.5,7.9,64
95064,15064,2,0,28.9,7.1,42
95065,15065,1,0,18.1,7.8,63
95066,15066,4,2,25.9,5.7,12
95067,15067,3,1,37.3,6.8,45
95068,15068,2,1,2.0,5.5,-2
95069,15069,5,3,33.4,5.1,-14
95070,15070,4,2,29.1,5.5,4
95071,15071,2,0,23.1,6.1,9
95072,15072,0,0,33.6,6.5,19
95073,15073,3,1,47.4,6.3,31
95074,15074,2,0,29.0,9.1,68
95075,15075,5,0,16.4,7.6,35
95076,15076,5,0,28.8,6.3,14
95077,15077,4,3,11.3,4.8,-10
95078,15078,1,0,26.7,7.1,52
95079,15079,6,2,41.8,4.2,-28
95080,15080,2,0,36.4,9.3,87
95081,15081,1,0,10.6,7.8,45
95082,15082,3,1,34.8,7.2,47
95083,15083,0,0,27.5,7.7,46
95084,15084,2,0,35.8,7.0,33
95085,15085,4,0,32.9,7.4,50
95086,15086,3,0,31.6,8.5,48
95087,15087,2,0,25.9,7.5,39
95088,15088,3,0,19.5,8.0,42
95089,15089,1,0,18.7,7.7,61
95090,15090,5,2,12.7,6.7,23
95091,15091,3,1,25.2,7.0,44
95092,15092,3,0,30.4,7.3,48
95093,15093,0,0,31.5,8.4,70
95094,15094,3,0,16.2,6.7,31
95095,15095,3,2,31.9,5.3,1
95096,15096,1,0,30.0,8.1,46
95097,15097,2,2,31.5,6.7,34
95098,15098,4,0,34.4,6.7,35
95099,15099,1,0,20.0,6.3,30
95100,15100,3,0,31.3,7.9,57
95101,15101,0,0,14.7,8.8,93
95102,15102,8,1,2.0,4.3,0
95103,15103,1,0,2.0,6.6,26
95104,15104,1,0,18.2,8.5,80
95105,15105,5,1,2.0,5.6,-10
95106,15106,0,0,15.3,7.7,56
95107,15107,3,0,24.6,8.0,43
95108,15108,2,0,26.9,8.6,67
95109,15109,2,0,51.9,7.5,35
95110,15110,3,2,43.1,7.0,52
95111,15111,2,0,14.6,9.9,88
95112,15112,5,0,43.1,7.3,24
95113,15113,4,0,10.1,7.3,39
95114,15114,2,0,37.6,8.4,55
95115,15115,3,0,12.8,6.4,36
95116,15116,4,1,41.3,5.4,19
95117,15117,2,1,23.5,6.8,19
95118,15118,3,0,13.3,7.2,39
95119,15119,4,0,21.8,5.7,18
95120,15120,4,1,24.7,7.3,32
95121,15121,1,1,26.8,7.1,40
95122,15122,2,1,26.4,6.8,18
95123,15123,2,0,2.0,7.8,42
95124,15124,3,0,45.2,7.6,49
95125,15125,2,1,9.7,8.5,84
95126,15126,4,2,36.4,5.7,3
95127,15127,4,1,15.8,6.4,25
95128,15128,1,0,31.7,8.1,56
95129,15129,5,2,19.0,7.2,35
95130,15130,3,1,21.5,7.5,24
95131,15131,2,1,41.6,7.4,60
95132,15132,1,0,11.8,7.8,50
95133,15133,1,0,33.8,7.4,37
95134,15134,1,0,31.1,7.8,44
95135,15135,1,1,24.4,8.5,42
95136,15136,2,1,30.4,7.2,27
95137,15137,0,0,51.3,7.2,39
95138,15138,4,1,2.0,6.8,36
95139,15139,2,0,15.3,6.2,25
95140,15140,4,1,23.2,5.4,10
95141,15141,3,1,21.4,6.8,35
95142,15142,7,4,15.5,3.5,-15
95143,15143,2,1,34.5,4.8,-6
95144,15144,0,0,2.0,5.6,17
95145,15145,1,0,42.9,7.6,51
95146,15146,0,0,41.1,7.0,38
95147,15147,1,0,37.0,7.3,36
95148,15148,2,0,24.5,6.8,19
95149,15149,2,0,42.0,6.7,47
95150,15150,3,0,24.6,5.2,2
95151,15151,3,3,30.6,5.4,7
95152,15152,3,1,41.9,6.9,50
95153,15153,0,0,25.4,6.1,13
95154,15154,4,2,46.5,6.2,26
95155,15155,1,0,36.6,7.0,34
95156,15156,8,2,31.8,5.4,2
95157,15157,2,0,17.8,7.6,49
95158,15158,2,0,31.5,8.4,47
95159,15159,2,1,24.3,6.9,54
95160,15160,2,0,39.6,6.4,22
95161,15161,4,0,15.5,6.2,22
95162,15162,3,0,42.5,7.8,50
95163,15163,3,1,34.0,5.7,15
95164,15164,3,0,39.8,6.8,42
95165,15165,3,2,12.2,4.4,-24
95166,15166,0,0,13.1,9.9,74
95167,15167,3,2,7.4,5.9,33
95168,15168,6,1,49.7,6.1,3
95169,15169,5,1,27.2,6.6,10
95170,15170,4,1,41.2,6.3,26
95171,15171,2,1,6.5,7.4,57
95172,15172,4,1,30.8,5.4,20
95173,15173,3,0,10.8,7.3,59
95174,15174,3,0,16.9,6.6,9
95175,15175,5,3,22.6,3.9,-27
95176,15176,3,1,21.1,5.9,30
95177,15177,0,0,33.9,7.1,32
95178,15178,5,0,17.7,6.1,-18
95179,15179,0,0,30.6,9.6,67
95180,15180,3,2,31.4,7.0,43
95181,15181,3,0,21.6,7.3,43
95182,15182,2,1,46.3,7.1,35
95183,15183,1,1,7.7,8.8,87
95184,15184,3,0,50.0,7.8,59
95185,15185,3,1,10.0,7.5,32
95186,15186,3,1,12.4,6.3,29
95187,15187,2,0,28.5,7.3,53
95188,15188,5,1,37.3,6.3,38
95189,15189,4,2,19.3,6.2,35
95190,15190,1,1,28.8,8.7,59
95191,15191,3,1,5.0,5.3,9
95192,15192,3,1,37.1,6.8,23
95193,15193,6,1,72.9,6.3,25
95194,15194,3,0,17.7,7.0,45
95195,15195,3,1,20.3,5.8,19
95196,15196,3,1,20.6,6.6,36
95197,15197,3,2,38.3,5.1,20
95198,15198,6,0,2.0,5.7,4
95199,15199,1,0,39.3,8.5,43
95200,15200,1,0,19.0,8.8,89
95201,15201,4,1,42.8,4.5,-11
95202,15202,4,2,38.4,4.9,10
95203,15203,1,0,34.5,9.0,77
95204,15204,2,1,42.4,6.7,10
95205,15205,1,0,31.7,5.5,8
95206,15206,1,0,13.9,8.3,35
95207,15207,2,0,25.5,6.9,33
95208,15208,2,0,2.0,6.7,27
95209,15209,3,0,23.3,7.9,47
95210,15210,1,0,31.4,7.5,35
95211,15211,1,0,63.8,8.6,75
95212,15212,2,1,23.6,4.4,8
95213,15213,1,1,18.3,7.2,41
95214,15214,0,0,11.9,6.8,26
95215,15215,1,1,23.1,6.2,3
95216,15216,3,1,27.0,6.7,29
95217,15217,3,0,34.8,7.2,45
95218,15218,2,0,2.0,6.6,24
95219,15219,2,1,2.0,7.0,50
95220,15220,4,3,24.0,4.1,-8
95221,15221,4,2,20.1,6.5,43
95222,15222,4,2,2.0,6.4,36
95223,15223,2,0,30.4,7.4,56
95224,15224,4,1,9.2,7.4,31
95225,15225,2,1,46.8,7.9,39
95226,15226,3,1,14.6,7.1,51
95227,15227,2,0,13.4,8.2,74
95228,15228,0,0,25.5,8.4,67
95229,15229,3,0,42.5,7.2,56
95230,15230,4,1,8.5,6.9,41
95231,15231,1,1,19.4,7.5,46
95232,15232,6,3,21.3,3.3,-37
95233,15233,2,2,51.2,6.7,3
95234,15234,2,0,33.0,8.1,68
95235,15235,2,0,9.5,7.6,51
95236,15236,3,0,2.0,7.0,30
95237,15237,1,1,2.7,9.7,75
95238,15238,3,1,48.4,6.8,15
95239,15239,1,1,10.9,8.4,76
95240,15240,1,1,33.7,6.6,20
95241,15241,2,1,24.9,9.1,72
95242,15242,3,1,12.7,4.9,5
95243,15243,3,1,38.7,8.0,53
95244,15244,1,1,28.4,7.2,41
95245,15245,4,2,31.4,6.0,9
95246,15246,5,4,27.9,4.4,-18
95247,15247,2,0,21.4,6.9,39
95248,15248,3,0,22.3,8.0,50
95249,15249,4,2,37.8,6.0,20
95250,15250,2,0,14.9,6.5,33
95251,15251,2,2,43.3,3.9,-48
95252,15252,2,0,2.0,6.4,6
95253,15253,1,0,42.3,6.9,44
95254,15254,1,0,35.6,9.2,86
95255,15255,4,1,21.5,6.6,20
95256,15256,1,0,2.0,9.2,94
95257,15257,1,0,24.8,7.2,56
95258,15258,2,0,16.5,8.0,43
95259,15259,0,0,46.3,6.8,26
95260,15260,4,1,12.1,7.4,25
95261,15261,2,1,30.3,8.3,49
95262,15262,1,0,39.7,8.2,54
95263,15263,3,1,33.4,8.4,71
95264,15264,3,0,41.3,6.5,27
95265,15265,3,2,6.6,5.8,13
95266,15266,3,1,38.1,5.5,6
95267,15267,1,0,13.0,8.1,48
95268,15268,1,0,36.5,7.6,57
95269,15269,2,1,46.9,8.8,74
95270,15270,3,2,25.9,4.0,2
95271,15271,2,1,24.2,8.3,75
95272,15272,4,0,36.1,5.9,19
95273,15273,2,1,32.3,8.4,62
95274,15274,5,1,36.7,4.5,-6
95275,15275,1,0,22.9,8.4,54
95276,15276,0,0,2.0,8.1,51
95277,15277,1,1,30.9,8.3,47
95278,15278,3,1,42.8,7.8,68
95279,15279,3,1,27.2,8.1,52
95280,15280,0,0,44.0,6.1,32
95281,15281,3,1,32.0,4.6,-15
95282,15282,3,1,40.2,7.7,58
95283,15283,1,0,25.1,7.2,41
95284,15284,3,1,48.4,6.1,24
95285,15285,4,1,14.5,6.8,34
95286,15286,3,1,31.6,6.6,24
95287,15287,3,1,23.4,5.8,42
95288,15288,3,1,26.1,7.6,49
95289,15289,6,2,19.4,4.6,4
95290,15290,0,0,31.2,7.9,55
95291,15291,1,0,24.4,6.9,43
95292,15292,0,0,13.5,7.6,35
95293,15293,3,1,22.5,6.8,36
95294,15294,0,0,10.7,9.1,51
95295,15295,0,0,34.9,7.9,42
95296,15296,1,0,11.9,5.9,23
95297,15297,0,0,2.0,9.0,78
95298,15298,1,0,26.4,8.2,54
95299,15299,1,0,4.2,9.2,74
95300,15300,0,0,64.4,8.1,46
95301,15301,1,1,14.3,8.5,50
95302,15302,2,0,13.0,6.6,6
95303,15303,4,1,29.9,5.7,28
95304,15304,0,0,2.0,9.8,91
95305,15305,2,1,30.8,7.6,37
95306,15306,2,1,42.2,7.5,33
95307,15307,3,2,24.3,4.8,2
95308,15308,1,1,53.5,7.2,6
95309,15309,1,0,19.6,7.2,69
95310,15310,4,0,17.4,7.0,35
95311,15311,2,0,2.0,7.1,34
95312,15312,0,0,30.8,9.1,66
95313,15313,4,1,25.4,4.7,-6
95314,15314,1,0,36.3,7.1,34
95315,15315,1,0,18.0,7.0,27
95316,15316,4,0,31.7,5.5,10
95317,15317,3,1,19.4,7.3,35
95318,15318,4,1,33.8,7.3,50
95319,15319,2,2,12.5,7.2,33
95320,15320,2,2,21.9,6.4,27
95321,15321,1,1,17.1,7.9,51
95322,15322,2,1,39.2,5.9,30
95323,15323,1,0,23.8,8.6,72
95324,15324,2,0,23.2,6.3,31
95325,15325,5,2,2.0,5.7,-8
95326,15326,1,0,32.1,10.0,100
95327,15327,2,1,22.2,6.4,16
95328,15328,3,1,33.9,6.9,26
95329,15329,3,2,29.8,6.8,19
95330,15330,5,0,2.0,3.9,-29
95331,15331,1,0,7.0,6.8,50
95332,15332,4,1,2.0,6.2,13
95333,15333,1,1,35.7,6.3,42
95334,15334,3,0,18.7,6.7,11
95335,15335,6,1,30.2,5.1,-16
95336,15336,4,2,2.0,5.9,16
95337,15337,2,1,36.3,6.4,12
95338,15338,3,2,22.9,5.3,10
95339,15339,1,0,28.6,7.5,79
95340,15340,3,2,46.1,6.5,22
95341,15341,3,0,42.3,6.6,38
95342,15342,2,1,21.8,8.3,56
95343,15343,2,0,34.3,7.0,11
95344,15344,4,2,19.0,5.3,-10
95345,15345,1,1,26.3,7.5,31
95346,15346,1,0,22.2,8.6,74
95347,15347,3,0,48.2,7.5,26
95348,15348,3,1,12.2,6.9,46
95349,15349,3,1,35.6,6.5,4
95350,15350,2,0,4.7,7.7,45
95351,15351,3,1,23.5,6.5,3
95352,15352,1,0,24.2,6.8,17
95353,15353,4,0,6.9,7.0,34
95354,15354,1,0,10.5,7.3,34
95355,15355,2,0,3.1,6.6,39
95356,15356,4,1,23.7,5.9,0
95357,15357,8,1,13.7,6.1,17
95358,15358,3,1,5.5,7.1,54
95359,15359,4,1,44.3,6.0,25
95360,15360,2,1,34.2,6.2,26
95361,15361,2,0,58.9,8.2,85
95362,15362,3,0,32.7,6.7,13
95363,15363,3,1,27.5,6.7,12
95364,15364,4,0,7.9,6.9,41
95365,15365,3,1,35.1,6.3,6
95366,15366,2,0,27.7,8.1,51
95367,15367,3,0,35.1,6.0,35
95368,15368,0,0,31.3,9.7,91
95369,15369,3,0,37.4,7.9,55
95370,15370,3,0,2.0,9.1,68
95371,15371,2,1,12.8,6.6,36
95372,15372,3,0,12.6,6.5,42
95373,15373,2,2,19.0,8.6,61
95374,15374,3,0,10.2,6.0,3
95375,15375,0,0,28.0,8.6,74
95376,15376,3,0,31.8,8.6,50
95377,15377,3,0,27.0,6.2,24
95378,15378,1,0,13.9,7.2,35
95379,15379,3,0,49.7,5.1,17
95380,15380,5,0,3.0,6.2,38
95381,15381,0,0,33.2,7.8,34
95382,15382,1,0,40.0,8.3,62
95383,15383,1,0,46.5,6.7,28
95384,15384,3,1,31.2,8.0,59
95385,15385,2,0,8.4,6.0,14
95386,15386,3,1,4.6,5.0,-7
95387,15387,2,1,30.3,7.8,57
95388,15388,2,0,10.4,6.4,32
95389,15389,3,1,40.8,5.6,30
95390,15390,1,0,22.7,7.9,49
95391,15391,3,2,19.5,6.8,28
95392,15392,1,1,16.8,6.9,35
95393,15393,2,0,26.5,7.5,53
95394,15394,0,0,40.7,8.3,83
95395,15395,4,0,30.1,6.3,-6
95396,15396,1,1,22.9,7.7,48
95397,15397,7,2,22.3,5.5,12
95398,15398,4,1,2.0,6.9,34
95399,15399,3,2,15.1,6.5,27
95400,15400,3,1,16.9,8.5,90
95401,15401,5,2,23.6,5.5,14
95402,15402,0,0,25.0,7.8,28
95403,15403,0,0,18.2,8.0,57
95404,15404,2,1,20.1,6.2,9
95405,15405,4,0,18.4,7.6,57
95406,15406,2,1,17.2,6.3,36
95407,15407,3,1,33.6,5.9,28
95408,15408,1,1,15.5,9.0,76
95409,15409,0,0,11.0,7.5,37
95410,15410,1,1,23.9,6.5,35
95411,15411,0,0,28.2,7.8,42
95412,15412,0,0,45.4,7.5,34
95413,15413,3,1,12.3,8.2,53
95414,15414,5,2,54.4,5.4,22
95415,15415,4,1,18.4,5.9,19
95416,15416,2,0,33.9,6.3,10
95417,15417,3,2,2.0,5.7,14
95418,15418,1,1,38.8,7.2,44
95419,15419,1,0,33.9,7.9,41
95420,15420,2,0,48.2,7.4,46
95421,15421,2,0,32.4,7.6,31
95422,15422,4,0,27.4,7.8,65
95423,15423,4,0,28.9,7.4,49
95424,15424,4,1,13.3,7.0,27
95425,15425,1,0,21.8,7.5,50
95426,15426,2,0,43.0,8.2,60
95427,15427,2,1,42.6,8.4,47
95428,15428,3,1,22.5,6.3,18
95429,15429,5,1,34.7,5.1,-12
95430,15430,5,1,33.5,5.5,14
95431,15431,3,1,14.8,7.4,42
95432,15432,2,0,31.5,9.2,74
95433,15433,4,1,26.2,4.8,9
95434,15434,3,1,9.8,7.2,42
95435,15435,2,0,36.1,8.7,43
95436,15436,2,0,22.5,9.1,49
95437,15437,1,0,38.7,8.3,49
95438,15438,2,0,12.7,7.8,57
95439,15439,3,1,12.4,6.5,30
95440,15440,3,0,30.1,7.8,40
95441,15441,4,1,29.6,6.1,24
95442,15442,2,1,17.4,6.7,26
95443,15443,2,0,11.3,6.3,16
95444,15444,3,0,10.0,7.5,14
95445,15445,2,1,35.2,6.7,18
95446,15446,1,0,2.0,7.4,48
95447,15447,2,0,35.3,8.7,81
95448,15448,2,2,25.3,4.8,-3
95449,15449,2,0,20.8,5.9,19
95450,15450,2,0,14.7,7.8,69
95451,15451,2,1,6.9,7.6,46
95452,15452,6,1,45.9,5.0,4
95453,15453,3,1,44.3,7.8,61
95454,15454,0,0,30.2,9.8,88
95455,15455,3,1,4.8,6.6,32
95456,15456,2,0,51.0,7.2,41
95457,15457,3,0,40.6,8.4,72
95458,15458,5,0,51.6,4.4,-30
95459,15459,2,1,45.3,5.9,19
95460,15460,2,1,24.5,6.6,31
95461,15461,3,0,24.7,7.8,36
95462,15462,0,0,2.0,9.1,84
95463,15463,2,0,42.4,7.1,45
95464,15464,1,0,13.3,7.6,38
95465,15465,2,0,15.8,7.2,29
95466,15466,2,0,38.3,9.2,87
95467,15467,0,0,39.0,9.1,83
95468,15468,4,1,60.0,7.6,44
95469,15469,2,1,16.1,6.7,20
95470,15470,1,0,24.3,7.5,77
95471,15471,4,0,30.7,6.8,43
95472,15472,3,1,69.5,8.9,45
95473,15473,2,1,12.4,8.1,24
95474,15474,5,0,6.4,8.2,55
95475,15475,6,1,28.4,4.8,-4
95476,15476,6,2,22.1,6.9,-3
95477,15477,4,0,45.0,7.6,50
95478,15478,1,0,30.0,9.1,79
95479,15479,2,1,23.1,5.8,41
95480,15480,2,1,18.7,7.8,23
95481,15481,4,3,30.6,5.2,-1
95482,15482,0,0,21.6,7.0,25
95483,15483,3,1,22.4,8.0,47
95484,15484,0,0,6.0,7.4,35
95485,15485,1,1,22.7,6.2,37
95486,15486,5,0,32.8,4.9,19
95487,15487,7,3,4.1,3.5,-30
95488,15488,1,0,29.8,7.3,44
95489,15489,2,1,25.4,5.5,9
95490,15490,3,0,5.6,7.8,62
95491,15491,1,1,39.6,4.5,-12
95492,15492,2,0,2.0,7.9,65
95493,15493,2,0,15.3,5.5,17
95494,15494,4,0,14.8,7.7,24
95495,15495,3,0,25.0,6.7,15
95496,15496,0,0,14.5,7.9,33
95497,15497,1,0,30.2,7.6,44
95498,15498,3,1,31.1,7.2,53
95499,15499,3,0,53.2,7.8,80
95500,15500,1,1,14.0,7.8,54
95501,15501,0,0,20.2,8.0,58
95502,15502,3,2,15.3,6.2,14
95503,15503,3,1,19.6,7.2,32
95504,15504,3,1,24.0,5.6,-3
95505,15505,2,1,21.8,7.8,81
95506,15506,1,0,3.9,8.4,70
95507,15507,0,0,17.6,7.1,54
95508,15508,1,1,2.0,6.7,28
95509,15509,3,2,27.7,6.1,30
95510,15510,2,0,37.5,6.4,43
95511,15511,6,1,29.9,5.3,2
95512,15512,1,0,35.0,6.0,-3
95513,15513,3,0,23.3,7.9,61
95514,15514,0,0,30.6,8.6,64
95515,15515,5,2,31.2,6.5,23
95516,15516,3,0,37.5,6.4,11
95517,15517,7,0,2.0,7.4,40
95518,15518,3,1,27.9,6.2,3
95519,15519,1,0,34.8,6.2,46
95520,15520,2,1,28.1,6.7,11
95521,15521,4,1,4.3,7.2,11
95522,15522,1,0,28.2,7.0,28
95523,15523,1,0,21.5,8.6,69
95524,15524,2,1,2.0,5.7,32
95525,15525,1,0,23.0,7.1,42
95526,15526,1,1,2.0,7.0,37
95527,15527,4,0,35.5,5.8,25
95528,15528,3,0,27.9,7.5,49
95529,15529,4,1,2.4,5.2,5
95530,15530,2,1,27.7,6.1,14
95531,15531,0,0,40.9,8.0,53
95532,15532,2,0,2.0,7.9,49
95533,15533,3,0,16.3,7.4,50
95534,15534,6,1,10.2,5.8,2
95535,15535,1,0,48.4,8.2,47
95536,15536,2,1,2.0,6.8,38
95537,15537,3,2,6.7,6.1,36
95538,15538,5,1,27.7,5.4,0
95539,15539,3,1,21.2,5.7,16
95540,15540,2,0,27.5,6.8,39
95541,15541,2,1,9.7,7.7,50
95542,15542,4,0,50.5,4.5,-25
95543,15543,4,1,35.9,5.8,20
95544,15544,2,0,57.9,7.0,36
95545,15545,2,0,25.4,6.5,34
95546,15546,4,1,47.1,6.0,16
95547,15547,0,0,19.8,9.2,70
95548,15548,5,1,43.7,5.8,18
95549,15549,3,0,45.5,6.6,48
95550,15550,1,1,38.5,7.7,18
95551,15551,3,1,48.1,6.6,31
95552,15552,0,0,7.4,8.0,66
95553,15553,7,2,2.0,3.8,-21
95554,15554,0,0,2.0,8.2,67
95555,15555,0,0,2.0,7.3,48
95556,15556,6,2,9.6,5.8,-2
95557,15557,2,0,21.6,8.9,62
95558,15558,3,1,7.5,7.0,40
95559,15559,3,1,2.0,8.5,78
95560,15560,5,1,54.0,6.3,25
95561,15561,2,0,22.5,7.1,54
95562,15562,2,1,51.9,6.7,10
95563,15563,1,0,35.7,9.3,82
95564,15564,4,1,2.0,5.9,10
95565,15565,0,0,37.1,9.3,64
95566,15566,5,2,40.2,6.3,24
95567,15567,1,0,16.5,6.2,-7
95568,15568,2,0,37.7,8.3,63
95569,15569,5,1,34.2,7.5,52
95570,15570,3,0,12.4,4.1,-4
95571,15571,2,0,27.3,8.2,50
95572,15572,3,2,4.8,5.2,18
95573,15573,2,1,31.0,7.0,26
95574,15574,2,1,44.4,4.8,-17
95575,15575,1,1,5.2,7.4,47
95576,15576,5,2,20.5,7.0,11
95577,15577,2,0,37.7,7.7,46
95578,15578,5,2,18.6,6.7,32
95579,15579,1,0,47.3,7.5,72
95580,15580,4,0,36.1,6.1,7
95581,15581,2,0,2.0,9.1,60
95582,15582,3,1,23.9,7.6,30
95583,15583,5,2,15.3,5.4,6
95584,15584,6,4,14.3,4.4,10
95585,15585,0,0,10.0,7.5,38
95586,15586,1,0,7.7,8.5,82
95587,15587,3,1,41.6,5.1,3
95588,15588,1,0,28.2,7.3,13
95589,15589,1,0,2.0,8.5,67
95590,15590,4,0,11.7,5.9,33
95591,15591,3,1,3.9,6.6,37
95592,15592,2,0,8.4,8.2,56
95593,15593,1,0,32.7,7.9,40
95594,15594,1,0,17.6,9.6,100
95595,15595,2,2,47.6,6.1,6
95596,15596,3,1,43.8,7.0,24
95597,15597,3,1,40.6,7.2,55
95598,15598,2,0,45.4,5.7,9
95599,15599,1,0,37.0,7.1,51
95600,15600,1,0,27.6,8.4,93
95601,15601,3,0,19.8,8.3,55
95602,15602,2,1,30.9,7.2,26
95603,15603,5,1,25.6,7.1,43
95604,15604,3,1,4.2,7.2,51
95605,15605,5,0,16.4,7.1,37
95606,15606,4,0,38.9,8.1,61
95607,15607,1,0,51.4,7.5,40
95608,15608,1,0,7.4,6.2,23
95609,15609,4,2,60.0,6.8,43
95610,15610,1,0,65.5,6.9,32
95611,15611,1,0,9.5,6.7,25
95612,15612,2,0,24.9,7.8,53
95613,15613,3,0,43.5,7.0,34
95614,15614,1,1,11.7,8.9,59
95615,15615,1,0,14.2,8.6,80
95616,15616,4,1,48.5,5.1,3
95617,15617,1,0,20.7,8.2,36
95618,15618,0,0,31.2,7.4,34
95619,15619,3,0,2.0,5.8,17
95620,15620,1,0,9.6,8.4,48
95621,15621,1,0,21.7,8.0,69
95622,15622,2,0,21.8,8.9,78
95623,15623,2,0,23.0,7.7,49
95624,15624,0,0,21.9,8.9,67
95625,15625,3,1,29.7,4.7,5
95626,15626,0,0,38.7,7.2,39
95627,15627,4,2,47.0,5.2,24
95628,15628,6,2,15.5,6.7,17
95629,15629,3,1,57.3,5.7,24
95630,15630,4,1,2.0,5.8,18
95631,15631,2,1,6.7,10.0,97
95632,15632,2,0,43.5,8.0,49
95633,15633,4,3,14.7,6.2,-9
95634,15634,2,1,12.0,6.7,50
95635,15635,1,0,19.3,5.8,0
95636,15636,0,0,19.0,7.0,31
95637,15637,3,0,12.9,8.1,72
95638,15638,5,1,19.3,6.1,30
95639,15639,1,0,13.4,7.8,66
95640,15640,2,0,12.2,7.4,39
95641,15641,2,0,41.2,8.0,57
95642,15642,1,0,26.5,9.8,98
95643,15643,3,2,39.4,5.4,-7
95644,15644,0,0,3.7,7.7,66
95645,15645,3,0,23.0,8.6,66
95646,15646,2,0,34.0,7.1,46
95647,15647,1,0,16.6,8.6,45
95648,15648,3,1,44.9,5.7,14
95649,15649,1,1,39.6,8.8,60
95650,15650,1,0,20.8,8.0,46
95651,15651,7,1,3.3,5.9,14
95652,15652,0,0,50.0,9.3,70
95653,15653,5,1,22.2,6.3,24
95654,15654,1,0,40.9,8.7,59
95655,15655,3,0,19.2,8.8,86
95656,15656,2,1,9.2,7.0,26
95657,15657,1,0,25.4,9.6,53
95658,15658,3,1,27.0,7.5,25
95659,15659,3,1,31.6,6.4,57
95660,15660,1,0,18.0,7.4,46
95661,15661,4,1,17.6,6.6,15
95662,15662,3,0,23.3,7.5,35
95663,15663,3,0,65.6,6.9,28
95664,15664,5,1,35.5,5.2,-2
95665,15665,6,4,16.0,3.1,-15
95666,15666,1,0,8.6,6.0,20
95667,15667,2,0,22.3,7.3,36
95668,15668,2,0,32.7,8.3,73
95669,15669,4,1,35.1,6.7,20
95670,15670,5,1,33.7,4.8,0
95671,15671,4,2,26.7,5.7,4
95672,15672,3,0,18.0,8.8,56
95673,15673,3,0,27.8,6.7,56
95674,15674,4,2,30.1,5.6,9
95675,15675,7,2,10.1,4.0,-23
95676,15676,1,0,12.1,6.9,41
95677,15677,3,1,42.6,6.2,36
95678,15678,4,1,6.1,5.1,-13
95679,15679,3,0,38.9,7.4,12
95680,15680,0,0,23.9,9.0,83
95681,15681,2,2,9.7,5.8,-13
95682,15682,3,0,21.8,6.0,21
95683,15683,1,0,40.5,7.2,42
95684,15684,3,0,36.8,6.6,33
95685,15685,3,0,24.4,6.6,35
95686,15686,0,0,32.9,7.8,60
95687,15687,3,1,22.6,6.1,9
95688,15688,3,0,63.4,8.6,57
95689,15689,4,3,2.0,5.6,11
95690,15690,5,2,33.4,6.2,31
95691,15691,2,0,45.3,7.4,47
95692,15692,3,1,10.2,7.7,56
95693,15693,1,0,57.0,6.8,23
95694,15694,4,2,64.0,6.4,21
95695,15695,1,1,24.0,7.2,49
95696,15696,6,3,7.8,2.8,-39
95697,15697,4,0,5.4,5.2,-14
95698,15698,1,0,23.6,7.0,6
95699,15699,3,2,34.5,6.6,31
95700,15700,1,0,2.0,9.3,60
95701,15701,4,0,12.3,7.6,24
95702,15702,1,0,26.3,8.8,69
95703,15703,4,1,31.2,5.8,15
95704,15704,2,1,20.6,5.6,21
95705,15705,4,0,12.6,6.4,17
95706,15706,1,0,36.5,8.3,40
95707,15707,1,0,2.0,7.6,64
95708,15708,3,1,41.7,6.2,6
95709,15709,4,0,40.0,6.8,35
95710,15710,3,0,18.7,7.1,18
95711,15711,2,1,22.3,5.5,18
95712,15712,1,0,7.7,8.2,62
95713,15713,7,3,34.5,3.5,-47
95714,15714,0,0,19.7,7.5,42
95715,15715,1,0,37.4,9.2,80
95716,15716,4,2,32.1,5.5,16
95717,15717,2,0,26.3,8.1,60
95718,15718,3,1,2.0,6.1,15
95719,15719,3,1,33.7,7.3,56
95720,15720,3,1,2.3,7.7,51
95721,15721,5,1,43.1,7.4,41
95722,15722,2,1,6.5,8.2,50
95723,15723,4,3,20.2,5.1,7
95724,15724,4,2,9.7,7.1,17
95725,15725,3,1,5.2,6.8,38
95726,15726,0,0,41.4,7.8,50
95727,15727,2,1,58.9,6.0,20
95728,15728,2,1,21.2,8.6,77
95729,15729,2,1,38.4,7.2,32
95730,15730,1,1,29.4,7.5,70
95731,15731,2,0,33.9,8.9,57
95732,15732,3,0,50.3,7.9,48
95733,15733,0,0,36.2,7.8,52
95734,15734,1,1,39.9,7.8,35
95735,15735,1,1,5.7,9.1,78
95736,15736,1,1,29.8,6.6,27
95737,15737,4,1,16.8,7.9,58
95738,15738,4,0,20.2,4.5,-12
95739,15739,1,0,27.3,8.7,65
95740,15740,0,0,45.5,8.8,67
95741,15741,5,1,20.6,4.0,-10
95742,15742,9,3,34.6,4.8,9
95743,15743,1,0,33.0,7.4,31
95744,15744,1,1,26.2,6.5,29
95745,15745,2,1,29.6,5.8,28
95746,15746,3,0,15.9,7.0,20
95747,15747,4,1,59.4,4.2,-13
95748,15748,2,0,44.0,9.1,86
95749,15749,2,1,37.6,6.3,35
95750,15750,3,1,14.6,8.0,40
95751,15751,3,0,24.3,6.7,36
95752,15752,2,1,18.5,6.9,28
95753,15753,2,0,26.0,7.1,27
95754,15754,1,0,5.8,6.3,12
95755,15755,2,1,42.0,5.7,17
95756,15756,1,1,4.9,8.4,69
95757,15757,3,2,15.5,4.3,-6
95758,15758,1,1,21.4,7.8,76
95759,15759,7,2,5.2,5.9,33
95760,15760,2,0,32.5,10.0,86
95761,15761,1,1,26.5,6.6,25
95762,15762,1,1,30.1,8.6,65
95763,15763,4,0,37.8,6.0,-12
95764,15764,1,1,5.9,7.3,29
95765,15765,1,0,23.8,9.0,79
95766,15766,6,2,34.1,5.2,7
95767,15767,1,0,34.0,8.7,69
95768,15768,3,0,8.1,7.8,24
95769,15769,3,1,30.1,7.6,49
95770,15770,3,1,19.1,6.1,9
95771,15771,2,0,25.3,8.1,63
95772,15772,1,0,6.1,8.2,56
95773,15773,5,1,9.9,7.0,48
95774,15774,6,0,19.1,6.0,19
95775,15775,5,2,13.1,5.9,0
95776,15776,7,1,24.2,6.3,22
95777,15777,3,0,25.6,7.7,35
95778,15778,0,0,49.5,9.7,87
95779,15779,2,0,38.7,6.1,16
95780,15780,2,1,25.6,8.4,62
95781,15781,3,1,2.0,5.4,-9
95782,15782,1,0,11.6,6.8,23
95783,15783,3,0,28.2,6.0,5
95784,15784,3,1,15.4,6.1,18
95785,15785,2,2,19.5,5.4,-7
95786,15786,2,0,29.7,6.2,26
95787,15787,1,0,26.3,8.2,82
95788,15788,6,1,44.8,5.9,14
95789,15789,2,0,29.5,7.9,34
95790,15790,4,0,21.8,7.3,16
95791,15791,1,1,50.9,6.0,15
95792,15792,5,2,22.3,6.0,4
95793,15793,2,0,26.3,6.3,21
95794,15794,3,0,40.3,6.5,22
95795,15795,4,0,40.1,6.0,18
95796,15796,5,0,43.2,6.6,34
95797,15797,0,0,47.1,8.1,66
95798,15798,4,0,51.6,5.0,-1
95799,15799,3,0,25.0,6.6,35
95800,15800,3,2,38.7,5.4,4
95801,15801,0,0,25.6,9.0,84
95802,15802,3,0,3.4,6.5,17
95803,15803,0,0,67.9,7.1,31
95804,15804,2,1,43.3,6.5,38
95805,15805,4,1,50.4,6.6,30
95806,15806,2,1,35.7,8.6,75
95807,15807,1,1,16.6,6.0,7
95808,15808,2,0,26.5,7.9,50
95809,15809,0,0,5.8,8.2,36
95810,15810,3,1,41.7,7.2,36
95811,15811,2,1,42.1,7.4,44
95812,15812,4,3,31.4,5.4,20
95813,15813,1,0,57.7,8.9,55
95814,15814,4,0,45.7,7.0,40
95815,15815,2,0,35.2,6.7,38
95816,15816,0,0,61.6,8.0,49
95817,15817,1,0,23.6,7.7,50
95818,15818,3,1,24.7,7.2,25
95819,15819,3,0,34.7,5.0,1
95820,15820,6,4,34.7,4.5,-7
95821,15821,1,0,39.4,8.7,84
95822,15822,1,0,2.0,8.2,72
95823,15823,5,1,2.0,5.6,21
95824,15824,0,0,29.8,8.1,48
95825,15825,4,1,16.2,6.2,-6
95826,15826,0,0,43.5,5.5,5
95827,15827,1,0,2.0,8.0,50
95828,15828,1,1,13.1,7.5,47
95829,15829,1,0,42.5,7.2,38
95830,15830,2,0,18.0,6.2,8
95831,15831,1,0,18.8,6.5,14
95832,15832,3,1,17.8,6.4,19
95833,15833,2,1,15.6,8.1,64
95834,15834,2,1,43.8,8.0,63
95835,15835,1,0,17.0,6.2,35
95836,15836,3,1,37.5,4.9,-24
95837,15837,1,1,6.2,6.6,12
95838,15838,5,0,7.0,7.3,49
95839,15839,2,1,59.5,5.0,-16
95840,15840,1,1,27.2,8.1,50
95841,15841,1,0,16.2,9.3,62
95842,15842,2,0,40.2,8.3,49
95843,15843,4,1,37.0,7.0,26
95844,15844,2,1,18.2,7.9,53
95845,15845,1,0,13.8,7.4,31
95846,15846,3,0,25.5,8.5,45
95847,15847,3,2,11.3,4.4,-5
95848,15848,0,0,19.4,7.5,51
95849,15849,2,0,38.7,8.1,63
95850,15850,4,0,2.0,8.1,65
95851,15851,1,1,32.6,6.7,34
95852,15852,3,0,22.4,8.3,52
95853,15853,5,2,34.7,5.0,12
95854,15854,0,0,31.8,8.2,61
95855,15855,3,2,2.8,6.1,7
95856,15856,4,1,19.8,8.6,67
95857,15857,4,1,36.3,5.5,3
95858,15858,0,0,42.9,8.6,70
95859,15859,3,1,2.0,6.3,35
95860,15860,0,0,12.5,10.0,98
95861,15861,3,0,5.9,6.6,58
95862,15862,6,3,18.4,4.9,7
95863,15863,2,0,37.5,7.2,61
95864,15864,3,2,35.7,6.7,20
95865,15865,5,1,39.7,5.2,0
95866,15866,2,0,11.5,9.5,72
95867,15867,3,0,7.0,6.2,29
95868,15868,3,0,39.2,5.7,11
95869,15869,0,0,30.2,8.7,68
95870,15870,2,0,11.2,6.1,22
95871,15871,1,0,30.7,7.9,52
95872,15872,1,0,20.7,7.5,41
95873,15873,2,0,2.2,7.6,58
95874,15874,3,1,20.3,5.1,2
95875,15875,2,0,17.3,6.5,20
95876,15876,1,1,32.7,8.2,65
95877,15877,1,1,27.7,6.6,50
95878,15878,3,0,12.1,7.1,57
95879,15879,6,2,24.8,5.6,19
95880,15880,5,1,9.7,5.3,6
95881,15881,0,0,4.5,8.2,57
95882,15882,3,2,38.4,7.1,26
95883,15883,3,2,9.4,6.0,9
95884,15884,3,0,40.7,5.8,4
95885,15885,1,1,27.6,7.7,55
95886,15886,1,0,23.6,8.2,65
95887,15887,6,1,19.5,6.3,17
95888,15888,1,0,26.0,8.3,70
95889,15889,3,1,24.3,6.3,19
95890,15890,2,2,2.0,6.6,23
95891,15891,6,1,36.2,7.7,36
95892,15892,4,1,5.0,6.6,33
95893,15893,2,0,37.9,8.9,71
95894,15894,1,0,12.3,7.1,29
95895,15895,3,1,44.7,6.3,35
95896,15896,1,1,10.3,7.3,41
95897,15897,0,0,23.3,9.1,72
95898,15898,6,0,2.0,5.9,1
95899,15899,1,0,2.0,7.3,70
95900,15900,6,3,47.6,6.1,23
95901,15901,2,1,22.9,8.2,57
95902,15902,3,1,10.0,8.3,61
95903,15903,4,0,22.2,6.0,17
95904,15904,1,0,14.6,8.8,62
95905,15905,1,0,19.9,6.1,15
95906,15906,2,0,20.7,7.8,46
95907,15907,4,2,35.1,7.0,45
95908,15908,4,2,20.0,4.2,-6
95909,15909,3,0,32.6,9.1,87
95910,15910,0,0,39.2,9.7,72
95911,15911,3,1,18.7,6.3,18
95912,15912,4,0,31.1,5.9,4
95913,15913,1,0,44.4,7.2,28
95914,15914,2,0,36.3,7.8,51
95915,15915,2,2,14.6,7.0,36
95916,15916,4,0,2.0,6.7,28
95917,15917,1,0,16.1,6.9,42
95918,15918,3,0,2.0,7.2,59
95919,15919,1,1,18.5,7.7,53
95920,15920,1,0,23.5,7.8,61
95921,15921,5,1,36.0,5.4,10
95922,15922,1,0,2.0,6.4,20
95923,15923,1,0,25.9,7.9,71
95924,15924,3,1,2.0,6.3,48
95925,15925,2,1,38.1,6.7,-9
95926,15926,2,0,34.6,7.4,39
95927,15927,1,0,33.2,5.8,33
95928,15928,0,0,10.4,8.8,63
95929,15929,2,0,51.4,6.7,29
95930,15930,2,1,2.0,7.8,62
95931,15931,5,3,13.4,4.7,-2
95932,15932,3,2,2.0,6.9,29
95933,15933,2,0,20.6,6.1,45
95934,15934,3,1,12.3,8.8,67
95935,15935,2,0,17.5,5.6,31
95936,15936,2,0,31.6,6.9,22
95937,15937,2,1,22.4,5.7,21
95938,15938,2,1,18.0,8.3,50
95939,15939,4,1,42.8,7.2,42
95940,15940,4,1,37.2,5.3,-14
95941,15941,3,1,27.8,6.6,15
95942,15942,2,1,25.9,6.5,31
95943,15943,1,1,12.1,8.0,43
95944,15944,1,0,31.3,8.4,63
95945,15945,6,1,2.0,6.6,23
95946,15946,0,0,16.9,10.0,100
95947,15947,3,2,19.6,7.7,55
95948,15948,1,1,25.1,8.3,75
95949,15949,2,0,19.5,7.4,47
95950,15950,1,0,19.2,8.2,33
95951,15951,4,0,22.0,6.4,33
95952,15952,2,1,13.0,6.5,49
95953,15953,1,1,20.5,6.7,41
95954,15954,2,1,12.8,7.6,51
95955,15955,2,0,22.8,7.5,34
95956,15956,3,1,30.7,5.6,12
95957,15957,3,2,53.1,6.9,-2
95958,15958,1,0,10.5,8.5,42
95959,15959,3,0,46.3,7.2,41
95960,15960,2,0,47.9,8.1,58
95961,15961,0,0,4.1,8.0,61
95962,15962,2,0,38.6,7.1,36
95963,15963,4,2,26.9,5.8,20
95964,15964,2,0,37.7,7.3,46
95965,15965,4,1,5.9,6.5,19
95966,15966,3,1,2.0,6.8,36
95967,15967,5,0,49.4,5.6,11
95968,15968,2,0,25.0,8.2,56
95969,15969,1,0,31.5,9.6,84
95970,15970,6,1,15.7,5.3,3
95971,15971,0,0,12.1,8.4,63
95972,15972,6,3,20.9,3.9,2
95973,15973,1,0,13.6,8.5,68
95974,15974,3,1,43.2,5.8,14
95975,15975,1,1,32.8,8.5,51
95976,15976,0,0,26.0,8.5,60
95977,15977,0,0,36.8,8.5,58
95978,15978,1,0,10.1,8.4,73
95979,15979,0,0,28.0,9.2,65
95980,15980,1,0,30.8,7.8,43
95981,15981,2,0,2.0,5.8,0
95982,15982,3,0,21.4,7.1,38
95983,15983,4,1,2.0,6.7,30
95984,15984,5,2,11.6,5.8,8
95985,15985,5,2,5.2,3.7,-12
95986,15986,3,0,6.3,6.9,34
95987,15987,3,2,2.0,6.0,19
95988,15988,3,0,39.5,6.1,36
95989,15989,1,0,18.9,7.6,26
95990,15990,1,0,2.0,6.8,26
95991,15991,1,0,47.4,9.0,69
95992,15992,2,0,48.7,7.7,62
95993,15993,1,0,17.4,9.6,72
95994,15994,3,1,2.0,5.9,10
95995,15995,5,1,11.7,7.4,50
95996,15996,3,1,2.0,5.3,4
95997,15997,2,1,26.1,7.2,52
95998,15998,2,1,2.0,8.5,61
95999,15999,4,2,23.7,7.6,50
96000,16000,1,0,21.5,7.0,3
96001,16001,0,0,54.8,6.6,32
96002,16002,5,2,14.8,5.5,8
96003,16003,2,0,22.8,7.3,33
96004,16004,2,1,29.5,6.6,23
96005,16005,4,1,34.9,6.3,38
96006,16006,3,0,26.2,7.7,50
96007,16007,3,2,20.0,7.5,57
96008,16008,1,0,35.0,7.3,32
96009,16009,0,0,15.6,8.0,44
96010,16010,1,0,22.3,8.5,87
96011,16011,1,0,20.6,7.6,57
96012,16012,3,1,17.6,6.9,29
96013,16013,3,1,28.0,7.5,59
96014,16014,5,4,26.9,4.5,0
96015,16015,4,1,27.9,5.7,21
96016,16016,5,2,8.4,6.2,22
96017,16017,4,1,17.8,6.1,4
96018,16018,2,0,20.9,7.1,29
96019,16019,3,1,12.7,7.1,22
96020,16020,0,0,7.1,7.9,31
96021,16021,4,1,23.4,7.0,31
96022,16022,4,1,29.4,5.0,-1
96023,16023,0,0,28.7,7.7,48
96024,16024,3,0,40.5,6.9,20
96025,16025,1,0,56.7,7.5,44
96026,16026,1,1,33.3,6.5,27
96027,16027,0,0,3.1,8.5,47
96028,16028,0,0,20.3,9.5,78
96029,16029,2,0,2.0,7.6,65
96030,16030,2,0,21.3,9.0,80
96031,16031,3,0,2.0,5.6,11
96032,16032,4,1,40.2,6.3,10
96033,16033,1,1,11.3,9.3,81
96034,16034,4,1,26.3,5.1,11
96035,16035,1,0,2.0,8.6,76
96036,16036,3,0,4.6,8.2,75
96037,16037,2,0,15.1,7.6,63
96038,16038,4,0,19.3,8.4,61
96039,16039,2,1,19.9,5.8,10
96040,16040,4,1,2.0,7.3,49
96041,16041,6,0,38.3,6.1,28
96042,16042,0,0,23.6,8.3,55
96043,16043,2,1,14.6,6.3,9
96044,16044,1,0,34.9,8.4,54
96045,16045,4,1,25.8,5.8,-1
96046,16046,2,1,3.8,8.1,50
96047,16047,4,2,45.8,6.8,15
96048,16048,3,1,39.4,6.6,42
96049,16049,2,0,3.5,7.1,12
96050,16050,1,1,68.4,6.8,34
96051,16051,5,1,50.5,6.0,-2
96052,16052,3,1,16.7,6.2,15
96053,16053,1,0,2.0,7.2,52
96054,16054,5,0,2.4,6.4,32
96055,16055,1,0,33.7,9.1,68
96056,16056,2,0,34.0,7.1,43
96057,16057,3,1,9.0,7.5,53
96058,16058,3,1,18.6,7.0,21
96059,16059,1,0,26.8,9.1,49
96060,16060,1,1,27.3,6.7,29
96061,16061,3,2,9.8,6.9,32
96062,16062,2,0,22.7,9.0,71
96063,16063,4,1,32.7,6.4,16
96064,16064,2,1,30.6,7.8,49
96065,16065,2,1,36.2,5.3,-2
96066,16066,2,2,38.9,9.0,76
96067,16067,1,0,15.0,8.5,60
96068,16068,3,1,3.3,6.2,26
96069,16069,2,0,18.5,6.6,0
96070,16070,3,0,12.6,6.7,44
96071,16071,1,0,25.0,7.5,64
96072,16072,4,3,32.3,3.8,-31
96073,16073,1,0,39.2,5.8,18
96074,16074,1,0,18.7,7.4,63
96075,16075,3,0,30.5,7.6,27
96076,16076,1,0,16.8,6.6,33
96077,16077,3,1,47.3,6.5,36
96078,16078,1,0,17.2,8.0,56
96079,16079,2,1,37.8,6.0,-11
96080,16080,1,1,31.6,7.9,58
96081,16081,7,0,33.0,5.6,17
96082,16082,4,2,8.2,4.9,10
96083,16083,1,0,35.3,8.7,68
96084,16084,5,2,12.0,8.1,64
96085,16085,2,0,42.6,6.1,22
96086,16086,2,0,2.0,7.5,56
96087,16087,3,1,3.6,6.5,12
96088,16088,1,0,35.6,9.1,67
96089,16089,3,1,16.2,6.6,26
96090,16090,1,0,10.2,7.4,37
96091,16091,2,0,10.2,9.9,100
96092,16092,3,0,16.2,6.6,23
96093,16093,3,2,27.0,7.0,-4
96094,16094,0,0,42.9,9.5,94
96095,16095,3,1,32.7,5.6,17
96096,16096,2,0,10.2,7.3,61
96097,16097,1,0,24.9,7.0,24
96098,16098,2,0,24.1,7.0,28
96099,16099,3,1,31.5,7.9,42
96100,16100,1,0,43.5,7.6,55
96101,16101,0,0,24.9,8.6,25
96102,16102,4,2,13.3,6.1,39
96103,16103,5,1,4.0,5.2,12
96104,16104,2,0,29.7,9.2,76
96105,16105,2,1,19.6,5.9,13
96106,16106,3,1,40.6,6.8,43
96107,16107,1,0,12.2,6.0,20
96108,16108,1,1,15.4,7.9,50
96109,16109,1,0,8.2,7.9,48
96110,16110,5,0,31.7,5.2,10
96111,16111,3,0,22.6,6.5,23
96112,16112,4,1,27.7,6.0,29
96113,16113,0,0,59.9,8.3,51
96114,16114,2,1,52.1,7.1,23
96115,16115,0,0,25.4,8.1,58
96116,16116,3,0,24.7,7.5,39
96117,16117,3,0,18.5,7.9,50
96118,16118,3,0,2.0,6.8,21
96119,16119,1,1,8.8,4.9,8
96120,16120,2,0,24.9,7.7,32
96121,16121,4,2,3.0,3.3,-50
96122,16122,2,0,2.0,7.6,36
96123,16123,2,0,51.2,6.6,31
96124,16124,3,2,36.6,7.2,60
96125,16125,1,0,9.9,9.0,84
96126,16126,0,0,8.0,9.3,68
96127,16127,2,0,2.0,7.9,52
96128,16128,3,1,15.9,6.4,28
96129,16129,5,1,2.0,6.0,23
96130,16130,2,1,68.2,9.8,98
96131,16131,2,1,27.8,8.5,82
96132,16132,1,1,32.5,7.5,61
96133,16133,2,1,2.0,5.9,42
96134,16134,1,0,40.9,9.2,84
96135,16135,1,0,23.3,7.6,53
96136,16136,0,0,48.3,7.9,64
96137,16137,0,0,7.5,10.0,100
96138,16138,2,2,13.7,5.9,23
96139,16139,2,0,24.3,7.3,54
96140,16140,2,0,18.9,7.6,41
96141,16141,5,2,6.5,6.1,27
96142,16142,2,2,17.9,6.6,39
96143,16143,2,0,32.1,7.1,33
96144,16144,1,1,6.8,7.8,36
96145,16145,3,1,33.1,7.7,49
96146,16146,2,0,12.5,8.8,63
96147,16147,1,0,63.9,7.1,36
96148,16148,4,0,39.2,7.3,42
96149,16149,1,0,39.0,8.0,28
96150,16150,4,1,16.4,6.1,31
96151,16151,3,1,26.6,5.9,28
96152,16152,3,1,2.0,5.0,6
96153,16153,1,0,52.7,9.0,79
96154,16154,3,0,31.8,7.9,33
96155,16155,9,3,15.7,3.6,-14
96156,16156,4,0,2.1,6.9,29
96157,16157,2,0,5.7,7.0,22
96158,16158,3,0,9.2,8.3,64
96159,16159,5,1,12.7,5.5,7
96160,16160,2,0,25.9,9.2,82
96161,16161,3,2,46.4,5.9,35
96162,16162,3,0,53.9,6.1,12
96163,16163,1,1,46.2,7.9,50
96164,16164,5,0,29.8,7.0,42
96165,16165,1,0,34.2,7.6,41
96166,16166,4,0,7.2,5.5,6
96167,16167,1,0,5.8,7.9,73
96168,16168,0,0,34.4,7.7,40
96169,16169,1,0,20.6,7.8,42
96170,16170,5,3,32.9,3.7,-18
96171,16171,3,0,32.3,7.0,61
96172,16172,1,0,28.3,7.1,9
96173,16173,0,0,27.8,7.6,60
96174,16174,3,0,2.0,6.8,9
96175,16175,2,1,26.3,6.8,29
96176,16176,6,1,18.9,5.6,5
96177,16177,1,1,22.9,9.1,64
96178,16178,4,0,2.0,6.4,36
96179,16179,2,0,7.3,7.1,55
96180,16180,4,1,4.8,7.0,27
96181,16181,5,2,54.5,6.4,28
96182,16182,2,0,33.3,8.3,73
96183,16183,3,2,35.4,7.2,38
96184,16184,3,0,33.6,5.9,14
96185,16185,2,0,44.5,6.3,27
96186,16186,4,1,37.2,5.3,7
96187,16187,5,1,3.1,6.3,21
96188,16188,3,1,27.1,7.9,53
96189,16189,3,0,32.2,7.7,45
96190,16190,4,1,2.0,5.4,12
96191,16191,1,1,54.2,8.2,66
96192,16192,3,1,2.0,6.0,2
96193,16193,2,0,37.1,6.3,8
96194,16194,2,0,18.2,6.4,26
96195,16195,0,0,23.4,8.2,56
96196,16196,2,1,7.3,6.9,49
96197,16197,1,0,29.5,8.4,72
96198,16198,4,0,37.9,7.2,44
96199,16199,2,0,7.5,7.2,40
96200,16200,2,1,18.3,7.6,45
96201,16201,1,0,19.6,7.6,31
96202,16202,3,2,26.5,4.7,-25
96203,16203,5,2,8.4,4.3,-10
96204,16204,2,0,13.3,9.1,56
96205,16205,4,0,26.2,7.3,48
96206,16206,4,0,2.0,6.2,44
96207,16207,0,0,17.5,7.4,57
96208,16208,1,0,2.0,6.7,17
96209,16209,0,0,2.0,7.6,54
96210,16210,4,1,4.9,5.8,23
96211,16211,1,0,47.9,9.6,77
96212,16212,2,1,25.6,7.2,73
96213,16213,1,0,9.7,8.7,72
96214,16214,2,0,35.6,7.3,29
96215,16215,2,0,16.7,8.2,58
96216,16216,1,0,4.3,9.3,73
96217,16217,2,1,43.5,7.9,55
96218,16218,4,1,3.7,6.5,29
96219,16219,0,0,34.5,7.5,32
96220,16220,3,2,18.5,7.7,47
96221,16221,2,1,2.0,6.5,33
96222,16222,4,1,38.3,5.9,10
96223,16223,2,1,33.2,8.2,63
96224,16224,3,0,6.2,6.8,22
96225,16225,1,0,32.5,7.5,42
96226,16226,3,1,17.8,9.3,69
96227,16227,1,0,54.6,8.0,54
96228,16228,1,0,20.3,8.1,65
96229,16229,2,1,26.1,5.7,23
96230,16230,1,0,23.4,7.4,40
96231,16231,4,1,24.9,6.0,14
96232,16232,0,0,27.7,7.6,54
96233,16233,2,0,31.3,5.4,-4
96234,16234,3,0,40.1,8.3,62
96235,16235,5,1,29.4,7.2,41
96236,16236,2,1,20.6,7.2,36
96237,16237,0,0,13.1,9.6,83
96238,16238,0,0,3.7,6.7,30
96239,16239,5,0,11.7,7.3,38
96240,16240,5,1,2.0,6.5,21
96241,16241,0,0,76.2,10.0,100
96242,16242,4,2,6.2,5.7,32
96243,16243,3,0,28.8,7.3,34
96244,16244,2,1,52.7,6.9,23
96245,16245,4,0,10.4,6.8,29
96246,16246,1,0,36.5,8.2,51
96247,16247,4,3,25.1,6.9,24
96248,16248,1,0,19.5,6.6,21
96249,16249,2,1,48.0,7.4,52
96250,16250,5,3,27.6,4.8,-4
96251,16251,2,1,22.2,8.4,40
96252,16252,7,2,36.2,5.1,-3
96253,16253,1,0,31.4,8.1,43
96254,16254,4,2,16.7,6.0,19
96255,16255,3,0,2.0,7.8,45
96256,16256,1,0,18.3,8.9,76
96257,16257,1,1,13.0,6.8,22
96258,16258,2,1,9.4,5.9,15
96259,16259,4,0,3.6,6.3,34
96260,16260,0,0,2.0,7.2,53
96261,16261,4,1,9.0,5.6,15
96262,16262,1,1,31.0,6.9,34
96263,16263,3,0,18.4,7.4,58
96264,16264,2,2,35.5,7.2,60
96265,16265,3,2,14.3,5.5,29
96266,16266,1,0,46.3,8.7,53
96267,16267,1,0,15.7,9.0,61
96268,16268,1,1,2.0,8.0,55
96269,16269,4,1,28.4,6.2,17
96270,16270,4,0,28.2,7.9,43
96271,16271,4,0,50.9,6.0,8
96272,16272,1,0,27.0,7.4,42
96273,16273,3,0,31.8,7.6,56
96274,16274,4,1,21.4,7.4,26
96275,16275,6,2,13.8,6.8,20
96276,16276,3,0,10.1,6.9,30
96277,16277,2,0,12.0,6.7,25
96278,16278,2,0,22.5,8.1,66
96279,16279,5,2,35.2,5.6,1
96280,16280,3,2,14.1,7.7,53
96281,16281,2,1,2.0,6.7,35
96282,16282,3,3,22.5,6.3,34
96283,16283,3,0,16.1,6.2,22
96284,16284,2,1,19.3,7.2,57
96285,16285,1,0,21.4,7.3,59
96286,16286,3,2,13.2,7.1,45
96287,16287,2,1,9.1,8.9,80
96288,16288,5,1,5.5,6.9,21
96289,16289,2,0,4.2,8.6,73
96290,16290,2,1,19.9,8.8,65
96291,16291,2,1,51.9,7.4,61
96292,16292,1,0,15.5,8.3,55
96293,16293,1,1,24.9,6.1,12
96294,16294,2,1,39.3,7.7,37
96295,16295,3,1,45.8,6.6,24
96296,16296,2,0,49.6,8.2,65
96297,16297,0,0,23.5,8.1,59
96298,16298,0,0,31.4,7.7,55
96299,16299,4,0,42.6,6.9,33
96300,16300,1,0,5.7,6.3,23
96301,16301,3,1,9.5,6.3,20
96302,16302,1,0,12.1,8.8,55
96303,16303,2,0,2.0,8.4,59
96304,16304,1,0,25.0,9.0,57
96305,16305,3,0,8.1,5.9,22
96306,16306,3,0,16.9,7.8,35
96307,16307,1,0,14.7,7.7,48
96308,16308,2,1,33.9,7.1,35
96309,16309,0,0,11.2,9.1,76
96310,16310,5,2,36.2,6.0,46
96311,16311,3,0,29.5,6.5,29
96312,16312,3,1,10.9,5.8,9
96313,16313,3,1,36.5,6.9,28
96314,16314,0,0,38.1,8.3,60
96315,16315,2,0,30.4,7.8,39
96316,16316,0,0,16.7,7.6,27
96317,16317,3,1,4.6,5.9,5
96318,16318,4,2,9.6,6.9,42
96319,16319,1,0,33.3,7.9,60
96320,16320,1,0,48.9,8.3,57
96321,16321,7,3,9.5,5.3,15
96322,16322,4,0,29.4,6.8,37
96323,16323,1,0,36.2,7.3,29
96324,16324,1,0,4.1,7.3,61
96325,16325,0,0,19.6,8.8,81
96326,16326,1,0,14.5,7.0,27
96327,16327,0,0,34.9,7.5,49
96328,16328,1,0,52.0,6.9,41
96329,16329,2,0,24.7,6.7,37
96330,16330,4,2,35.3,6.8,29
96331,16331,2,0,5.7,8.2,51
96332,16332,2,0,12.6,9.4,80
96333,16333,3,1,59.1,8.0,42
96334,16334,1,0,45.2,7.9,47
96335,16335,2,0,2.0,8.2,46
96336,16336,2,1,39.6,6.5,24
96337,16337,2,0,26.9,5.9,44
96338,16338,3,0,7.4,6.4,-7
96339,16339,2,2,48.6,5.3,-1
96340,16340,2,0,3.1,6.9,9
96341,16341,0,0,54.7,6.9,45
96342,16342,3,0,23.1,8.7,91
96343,16343,0,0,11.4,9.1,94
96344,16344,2,0,27.8,7.4,51
96345,16345,2,0,20.3,7.3,46
96346,16346,2,2,22.3,7.8,51
96347,16347,1,0,2.0,7.4,30
96348,16348,3,1,39.6,5.9,50
96349,16349,0,0,23.3,7.6,49
96350,16350,4,2,13.1,7.3,55
96351,16351,3,2,35.9,7.3,41
96352,16352,3,1,13.2,6.9,57
96353,16353,0,0,27.3,8.0,53
96354,16354,4,0,33.9,6.8,23
96355,16355,3,2,34.6,7.6,43
96356,16356,1,0,17.5,6.2,38
96357,16357,2,2,23.4,6.5,29
96358,16358,4,0,43.0,6.0,9
96359,16359,1,0,60.2,8.9,56
96360,16360,2,0,15.1,9.5,100
96361,16361,2,1,21.1,7.1,44
96362,16362,4,1,14.2,7.0,38
96363,16363,2,1,9.6,7.2,39
96364,16364,1,0,27.2,7.8,58
96365,16365,1,1,11.7,8.1,71
96366,16366,0,0,26.1,9.3,76
96367,16367,1,1,34.6,8.8,63
96368,16368,3,0,45.7,7.7,58
96369,16369,0,0,39.5,8.6,79
96370,16370,6,2,63.8,4.8,-5
96371,16371,3,1,46.4,8.0,55
96372,16372,2,0,36.3,6.8,54
96373,16373,1,0,12.7,6.4,16
96374,16374,0,0,29.0,9.9,79
96375,16375,3,0,39.9,8.0,74
96376,16376,2,0,26.8,6.9,52
96377,16377,5,1,2.0,6.1,21
96378,16378,0,0,5.3,7.9,57
96379,16379,0,0,2.4,6.3,27
96380,16380,2,1,37.0,6.8,34
96381,16381,5,0,41.6,7.7,26
96382,16382,4,0,20.7,6.0,28
96383,16383,3,2,20.3,5.2,-5
96384,16384,2,0,15.7,7.7,37
96385,16385,6,1,10.0,5.0,6
96386,16386,5,1,14.2,7.7,63
96387,16387,1,0,16.1,8.3,54
96388,16388,3,0,33.4,8.3,40
96389,16389,2,1,28.9,5.5,40
96390,16390,4,2,15.0,5.9,17
96391,16391,3,0,25.2,6.4,27
96392,16392,3,0,2.0,5.6,38
96393,16393,2,0,27.0,8.4,47
96394,16394,1,0,2.5,9.2,77
96395,16395,4,1,5.0,6.7,17
96396,16396,1,0,68.9,7.7,47
96397,16397,0,0,21.0,7.6,43
96398,16398,5,0,45.1,6.3,27
96399,16399,2,1,22.5,8.0,63
96400,16400,3,2,23.0,6.3,22
96401,16401,3,0,23.9,8.3,56
96402,16402,3,0,17.1,7.3,13
96403,16403,2,0,47.9,8.3,46
96404,16404,3,1,24.5,7.3,46
96405,16405,4,0,38.3,8.2,68
96406,16406,8,0,2.0,3.6,-9
96407,16407,2,0,28.9,7.7,51
96408,16408,2,1,13.9,6.6,18
96409,16409,1,1,22.6,6.6,17
96410,16410,6,1,30.3,4.6,-15
96411,16411,3,0,2.0,8.5,54
96412,16412,1,0,22.1,6.8,12
96413,16413,5,1,42.0,5.2,-17
96414,16414,1,1,21.9,8.9,57
96415,16415,2,0,11.5,8.9,59
96416,16416,5,0,8.5,6.6,62
96417,16417,1,1,15.6,8.4,45
96418,16418,1,1,2.0,8.2,58
96419,16419,1,1,2.0,8.7,44
96420,16420,1,1,44.8,6.5,-4
96421,16421,1,0,40.1,8.0,53
96422,16422,4,0,2.0,4.8,-13
96423,16423,1,0,16.6,9.3,74
96424,16424,2,1,2.0,4.8,-22
96425,16425,3,0,53.6,5.9,16
96426,16426,3,2,46.4,5.9,25
96427,16427,2,1,42.6,6.3,31
96428,16428,2,0,12.4,6.4,14
96429,16429,1,0,7.5,9.5,65
96430,16430,2,1,8.4,7.6,44
96431,16431,2,1,52.5,7.2,45
96432,16432,2,1,13.6,5.8,-12
96433,16433,4,0,38.4,9.1,72
96434,16434,3,1,20.5,6.1,13
96435,16435,1,0,55.1,8.6,69
96436,16436,3,2,29.4,6.8,14
96437,16437,2,0,5.5,7.1,53
96438,16438,1,0,41.6,8.0,53
96439,16439,4,2,5.1,4.6,-20
96440,16440,1,0,32.3,8.1,49
96441,16441,1,0,13.6,5.4,1
96442,16442,2,1,18.1,6.7,48
96443,16443,1,0,33.8,7.8,43
96444,16444,3,0,19.7,7.8,43
96445,16445,1,0,20.9,7.2,48
96446,16446,1,0,50.1,5.7,1
96447,16447,0,0,17.7,7.2,31
96448,16448,3,1,55.2,7.4,56
96449,16449,2,1,14.4,6.1,25
96450,16450,1,1,33.4,6.6,29
96451,16451,2,1,27.7,6.7,30
96452,16452,3,0,35.2,8.3,70
96453,16453,5,1,6.6,5.1,-3
96454,16454,1,0,34.3,7.8,59
96455,16455,6,4,34.5,5.6,-1
96456,16456,3,2,41.2,6.9,33
96457,16457,4,0,30.4,7.8,48
96458,16458,2,0,57.1,8.3,64
96459,16459,2,0,17.1,5.9,17
96460,16460,1,0,6.6,9.5,71
96461,16461,2,1,2.5,5.8,34
96462,16462,4,0,34.6,7.0,18
96463,16463,4,3,12.8,6.3,16
96464,16464,4,2,45.2,5.5,-17
96465,16465,0,0,27.1,8.4,53
96466,16466,4,1,64.5,6.0,11
96467,16467,2,0,22.7,8.1,38
96468,16468,3,0,2.0,9.0,76
96469,16469,1,0,14.2,8.0,50
96470,16470,0,0,2.0,7.4,49
96471,16471,1,0,26.2,6.3,11
96472,16472,2,0,31.2,7.4,31
96473,16473,4,1,2.0,7.1,43
96474,16474,1,0,61.0,6.6,17
96475,16475,2,1,6.6,5.1,-1
96476,16476,4,1,33.6,3.8,-32
96477,16477,2,1,22.5,6.4,11
96478,16478,1,0,45.9,7.6,39
96479,16479,2,0,26.7,8.8,68
96480,16480,3,0,14.2,5.1,12
96481,16481,4,0,7.4,8.6,78
96482,16482,3,0,2.0,6.3,-8
96483,16483,3,1,36.8,7.2,45
96484,16484,4,1,6.9,7.4,40
96485,16485,0,0,49.6,6.9,38
96486,16486,0,0,34.0,7.9,50
96487,16487,2,0,16.4,7.5,38
96488,16488,4,0,50.7,7.0,25
96489,16489,3,1,22.8,8.0,44
96490,16490,2,1,2.0,8.3,65
96491,16491,3,1,2.0,7.6,37
96492,16492,1,1,12.7,7.1,53
96493,16493,2,0,29.1,7.9,42
96494,16494,3,1,25.6,6.6,21
96495,16495,2,0,3.6,5.2,-15
96496,16496,1,1,11.1,7.3,46
96497,16497,1,0,2.0,6.7,25
96498,16498,4,0,20.8,9.3,90
96499,16499,5,0,2.0,6.3,4
96500,16500,3,1,2.6,4.6,-23
96501,16501,1,1,23.0,7.3,62
96502,16502,2,1,20.5,6.5,27
96503,16503,2,1,20.2,8.0,67
96504,16504,4,1,29.7,7.1,47
96505,16505,3,0,16.4,7.1,32
96506,16506,3,0,30.2,6.3,7
96507,16507,4,1,24.9,6.8,33
96508,16508,2,0,34.5,6.6,38
96509,16509,2,0,2.0,6.6,10
96510,16510,1,0,36.8,8.0,43
96511,16511,1,0,50.5,5.4,-7
96512,16512,4,1,2.1,6.1,26
96513,16513,2,1,26.2,5.6,7
96514,16514,1,0,31.5,9.7,69
96515,16515,4,1,13.2,6.4,33
96516,16516,3,0,25.4,7.9,63
96517,16517,3,0,22.9,6.9,22
96518,16518,0,0,23.2,9.5,100
96519,16519,5,1,9.6,5.2,-4
96520,16520,6,1,7.5,4.7,11
96521,16521,3,1,8.6,5.3,-15
96522,16522,3,3,49.5,6.3,24
96523,16523,1,0,30.0,7.9,62
96524,16524,4,4,23.6,5.4,12
96525,16525,3,0,20.1,8.6,57
96526,16526,1,0,34.6,8.3,57
96527,16527,0,0,38.8,7.9,52
96528,16528,0,0,49.5,8.7,85
96529,16529,4,0,2.0,7.1,42
96530,16530,4,1,51.4,7.0,18
96531,16531,4,0,2.0,7.3,47
96532,16532,1,0,22.4,7.8,57
96533,16533,4,1,31.2,7.6,47
96534,16534,2,1,18.2,6.4,-8
96535,16535,1,1,20.7,7.9,62
96536,16536,1,0,30.9,8.4,59
96537,16537,3,1,25.9,6.2,9
96538,16538,0,0,2.0,8.4,55
96539,16539,2,0,22.6,7.8,48
96540,16540,2,1,29.7,8.2,63
96541,16541,2,2,41.0,6.5,33
96542,16542,0,0,27.9,7.0,40
96543,16543,0,0,33.1,6.0,13
96544,16544,4,0,16.4,7.0,30
96545,16545,2,0,31.7,6.7,17
96546,16546,0,0,13.9,6.7,32
96547,16547,2,1,24.9,6.0,24
96548,16548,3,0,42.1,7.0,25
96549,16549,2,0,17.5,6.1,28
96550,16550,1,0,5.4,8.4,60
96551,16551,1,0,18.3,7.9,45
96552,16552,5,3,27.7,3.7,-5
96553,16553,7,3,54.8,2.8,-49
96554,16554,4,1,47.4,7.0,38
96555,16555,0,0,31.5,7.9,50
96556,16556,3,0,20.2,7.4,53
96557,16557,1,0,19.9,8.2,57
96558,16558,2,1,23.4,8.3,66
96559,16559,2,0,26.7,5.4,-14
96560,16560,1,1,23.5,6.0,7
96561,16561,6,3,52.9,5.1,-8
96562,16562,0,0,34.9,7.5,50
96563,16563,0,0,2.0,9.0,60
96564,16564,0,0,23.3,8.1,43
96565,16565,1,0,5.2,8.5,64
96566,16566,3,2,24.4,7.1,24
96567,16567,1,1,49.9,7.7,64
96568,16568,2,0,36.6,6.9,44
96569,16569,2,1,7.0,7.2,38
96570,16570,6,2,20.4,3.7,-21
96571,16571,1,0,44.0,8.9,61
96572,16572,3,1,29.9,5.3,1
96573,16573,2,1,8.9,8.3,45
96574,16574,1,0,17.2,7.3,29
96575,16575,5,0,39.7,6.0,38
96576,16576,2,0,34.5,9.6,71
96577,16577,3,0,2.0,6.3,-5
96578,16578,3,1,28.3,8.8,67
96579,16579,3,0,32.8,5.7,13
96580,16580,1,1,45.1,7.2,31
96581,16581,4,0,41.4,5.5,-8
96582,16582,5,3,48.1,5.4,-8
96583,16583,1,0,2.0,7.6,62
96584,16584,3,0,36.9,8.1,62
96585,16585,5,2,74.0,4.6,-17
96586,16586,1,0,31.8,9.5,90
96587,16587,4,1,25.4,6.6,44
96588,16588,0,0,20.8,7.9,39
96589,16589,0,0,42.9,7.8,63
96590,16590,4,1,33.6,6.3,37
96591,16591,1,0,46.7,7.5,25
96592,16592,2,0,57.1,7.0,30
96593,16593,3,1,27.4,8.4,63
96594,16594,6,2,32.1,4.7,23
96595,16595,4,1,21.2,4.6,2
96596,16596,3,0,32.6,7.8,49
96597,16597,4,1,41.4,6.5,39
96598,16598,1,0,20.5,8.4,50
96599,16599,3,0,40.6,9.2,82
96600,16600,2,1,15.7,6.7,43
96601,16601,3,0,24.0,6.2,29
96602,16602,2,1,24.2,6.0,12
96603,16603,5,2,34.6,6.0,33
96604,16604,4,2,28.3,6.6,44
96605,16605,0,0,19.7,8.2,70
96606,16606,3,2,12.1,8.0,52
96607,16607,3,1,8.4,6.7,20
96608,16608,5,0,15.4,5.2,7
96609,16609,5,0,27.5,6.5,30
96610,16610,3,0,19.7,5.5,-3
96611,16611,3,1,5.4,5.8,23
96612,16612,2,0,14.1,6.1,26
96613,16613,1,0,24.3,6.5,17
96614,16614,2,1,2.0,5.5,26
96615,16615,3,1,15.8,8.1,69
96616,16616,0,0,36.7,9.5,95
96617,16617,3,0,20.1,7.2,29
96618,16618,4,1,48.4,7.2,28
96619,16619,7,1,2.6,6.6,34
96620,16620,3,0,37.7,9.3,87
96621,16621,4,1,36.3,6.2,-1
96622,16622,3,0,26.6,6.7,28
96623,16623,3,1,2.2,6.4,17
96624,16624,4,1,19.6,7.2,41
96625,16625,4,1,10.1,5.7,14
96626,16626,1,0,31.9,7.1,27
96627,16627,1,0,22.8,7.0,41
96628,16628,2,0,24.4,7.9,52
96629,16629,3,0,34.3,7.3,48
96630,16630,2,0,14.9,7.4,47
96631,16631,4,3,15.1,5.3,14
96632,16632,2,0,23.1,7.3,25
96633,16633,1,0,26.3,6.4,30
96634,16634,2,0,22.0,8.0,69
96635,16635,4,0,3.9,6.3,38
96636,16636,2,1,11.4,6.1,22
96637,16637,2,0,24.6,7.3,54
96638,16638,6,1,30.5,6.1,29
96639,16639,2,0,26.2,8.1,69
96640,16640,4,1,23.4,6.3,28
96641,16641,4,0,2.5,7.1,40
96642,16642,4,1,31.8,6.2,40
96643,16643,2,0,27.8,8.4,55
96644,16644,5,2,3.2,4.5,-37
96645,16645,1,0,29.9,7.5,35
96646,16646,1,1,19.5,6.2,18
96647,16647,2,0,2.0,6.6,32
96648,16648,2,1,44.4,6.6,34
96649,16649,3,0,37.9,8.2,60
96650,16650,8,3,9.0,5.6,15
96651,16651,5,1,37.0,5.4,9
96652,16652,6,1,44.1,3.7,-19
96653,16653,4,3,25.5,5.9,15
96654,16654,5,2,21.8,6.2,3
96655,16655,2,0,74.7,8.3,70
96656,16656,4,2,35.4,6.7,40
96657,16657,3,1,23.8,5.2,13
96658,16658,0,0,27.0,7.8,48
96659,16659,2,1,10.9,7.0,39
96660,16660,3,0,20.3,7.7,61
96661,16661,1,1,4.4,8.4,58
96662,16662,4,0,37.2,7.2,38
96663,16663,1,0,21.4,8.8,55
96664,16664,1,0,37.3,6.9,53
96665,16665,4,1,20.4,6.6,36
96666,16666,0,0,11.4,9.4,89
96667,16667,0,0,33.9,8.3,50
96668,16668,5,0,2.0,7.7,29
96669,16669,4,1,4.9,6.1,18
96670,16670,2,2,28.4,4.8,7
96671,16671,4,1,2.0,4.1,-15
96672,16672,4,1,41.9,7.2,33
96673,16673,0,0,42.3,8.2,54
96674,16674,1,0,28.2,6.7,29
96675,16675,4,0,21.6,5.6,26
96676,16676,3,1,33.3,7.1,45
96677,16677,3,0,33.9,6.0,8
96678,16678,1,0,2.0,7.7,45
96679,16679,1,0,34.1,9.5,98
96680,16680,1,1,12.2,7.7,53
96681,16681,3,1,20.5,8.1,38
96682,16682,2,0,21.0,6.6,15
96683,16683,2,1,49.7,6.7,44
96684,16684,1,1,20.8,7.3,34
96685,16685,2,0,24.6,8.2,64
96686,16686,5,1,7.8,5.9,22
96687,16687,3,2,13.2,5.9,19
96688,16688,1,0,5.3,9.6,75
96689,16689,4,1,9.9,4.2,-2
96690,16690,1,1,2.0,4.0,-15
96691,16691,4,3,26.0,4.8,-2
96692,16692,1,0,26.5,8.0,68
96693,16693,6,1,47.7,4.8,22
96694,16694,2,0,2.0,8.4,65
96695,16695,5,0,8.3,7.5,49
96696,16696,4,2,22.5,4.8,-2
96697,16697,1,0,13.5,8.7,82
96698,16698,2,0,19.4,5.6,28
96699,16699,1,0,34.8,7.0,56
96700,16700,2,0,31.4,8.4,58
96701,16701,0,0,9.5,8.1,70
96702,16702,6,1,36.7,5.6,4
96703,16703,2,1,16.2,7.8,45
96704,16704,3,2,44.4,7.3,26
96705,16705,3,2,17.0,5.0,-2
96706,16706,6,0,38.0,6.3,36
96707,16707,2,1,57.2,4.8,-4
96708,16708,4,0,2.0,8.4,61
96709,16709,2,0,28.3,8.1,53
96710,16710,5,0,28.7,5.6,-7
96711,16711,2,1,30.0,6.9,44
96712,16712,4,0,24.8,8.4,77
96713,16713,1,0,41.1,7.1,30
96714,16714,3,1,31.1,5.4,15
96715,16715,2,0,30.7,7.9,51
96716,16716,4,1,8.6,6.0,26
96717,16717,4,2,43.9,5.5,9
96718,16718,2,1,31.4,6.8,36
96719,16719,3,1,20.4,7.5,40
96720,16720,5,2,35.3,4.8,-14
96721,16721,1,0,50.1,8.8,70
96722,16722,1,0,36.2,7.3,30
96723,16723,5,0,19.9,8.0,56
96724,16724,3,0,8.6,7.6,50
96725,16725,5,0,17.8,5.7,4
96726,16726,0,0,32.4,9.7,92
96727,16727,4,0,9.0,8.5,61
96728,16728,4,0,28.7,6.9,52
96729,16729,3,1,37.2,5.7,27
96730,16730,3,0,32.3,6.3,27
96731,16731,0,0,21.0,7.4,45
96732,16732,2,0,38.1,8.2,53
96733,16733,2,0,29.0,7.5,54
96734,16734,3,1,20.9,7.5,59
96735,16735,3,1,6.0,7.9,67
96736,16736,4,2,32.1,5.3,-17
96737,16737,2,0,62.3,8.3,60
96738,16738,2,0,15.3,7.4,38
96739,16739,1,0,9.9,8.7,72
96740,16740,2,2,7.8,6.8,52
96741,16741,2,0,9.1,6.7,15
96742,16742,2,0,34.1,6.5,14
96743,16743,5,2,16.3,5.1,-7
96744,16744,0,0,2.0,8.7,59
96745,16745,1,0,40.5,8.3,65
96746,16746,3,0,19.8,5.9,9
96747,16747,2,1,8.5,5.9,24
96748,16748,2,0,12.1,7.6,21
96749,16749,0,0,17.4,7.7,66
96750,16750,2,2,29.6,4.9,-20
96751,16751,3,0,39.3,6.1,9
96752,16752,1,0,57.5,7.9,52
96753,16753,1,0,5.6,10.0,61
96754,16754,2,0,25.5,8.0,79
96755,16755,3,1,2.7,7.5,43
96756,16756,3,0,43.2,8.0,53
96757,16757,1,0,7.8,8.5,47
96758,16758,0,0,31.4,8.0,60
96759,16759,1,0,9.0,8.9,66
96760,16760,3,0,36.4,7.5,42
96761,16761,4,0,14.4,7.1,48
96762,16762,2,0,19.3,7.7,48
96763,16763,2,0,22.1,6.0,4
96764,16764,0,0,16.2,10.0,72
96765,16765,0,0,5.4,7.8,66
96766,16766,0,0,23.2,9.2,72
96767,16767,2,0,27.3,8.0,63
96768,16768,4,0,45.6,5.8,17
96769,16769,1,1,32.4,6.2,18
96770,16770,3,0,30.7,7.2,34
96771,16771,2,0,52.7,8.3,65
96772,16772,2,0,34.3,7.0,30
96773,16773,2,1,8.2,6.7,44
96774,16774,2,0,7.0,6.7,26
96775,16775,1,0,31.1,6.9,32
96776,16776,3,0,33.1,7.4,46
96777,16777,3,0,55.9,8.2,57
96778,16778,1,0,23.5,5.2,-23
96779,16779,4,1,62.3,7.2,38
96780,16780,3,0,2.0,8.6,63
96781,16781,5,0,26.2,6.8,29
96782,16782,2,1,16.8,6.4,39
96783,16783,3,1,56.9,3.9,-18
96784,16784,1,0,29.8,8.1,68
96785,16785,2,1,28.4,7.7,60
96786,16786,1,0,61.7,7.1,33
96787,16787,0,0,29.0,7.9,61
96788,16788,4,0,42.5,8.3,35
96789,16789,2,0,29.7,7.4,56
96790,16790,3,0,2.0,7.0,52
96791,16791,3,0,40.2,8.9,67
96792,16792,2,1,37.7,6.9,38
96793,16793,4,2,2.0,5.3,-12
96794,16794,2,0,2.0,7.6,59
96795,16795,0,0,39.3,8.6,45
96796,16796,2,0,21.4,7.6,52
96797,16797,5,2,46.6,5.2,24
96798,16798,2,1,2.0,7.9,57
96799,16799,3,1,44.0,6.4,25
96800,16800,3,0,29.1,7.5,38
96801,16801,2,0,20.1,5.8,8
96802,16802,1,0,52.1,7.2,38
96803,16803,1,1,37.5,7.1,36
96804,16804,2,0,2.0,7.5,31
96805,16805,5,1,27.6,6.5,25
96806,16806,0,0,23.7,7.9,61
96807,16807,0,0,29.9,8.8,46
96808,16808,6,2,43.2,5.2,-11
96809,16809,1,0,9.7,8.0,56
96810,16810,0,0,17.1,7.0,5
96811,16811,7,0,16.7,6.7,14
96812,16812,1,1,28.1,6.8,48
96813,16813,1,0,6.1,9.3,77
96814,16814,2,0,11.2,8.8,85
96815,16815,3,0,35.4,6.2,8
96816,16816,1,0,36.5,7.6,33
96817,16817,2,0,2.0,8.1,58
96818,16818,2,1,5.0,5.1,-28
96819,16819,1,1,5.1,6.7,22
96820,16820,1,0,17.9,8.1,61
96821,16821,4,0,33.2,6.7,16
96822,16822,3,1,41.9,4.6,-16
96823,16823,1,0,49.6,9.1,77
96824,16824,3,0,44.6,5.1,-7
96825,16825,1,0,2.0,7.0,53
96826,16826,1,1,7.4,7.8,60
96827,16827,2,0,67.8,7.5,37
96828,16828,3,2,5.6,6.5,39
96829,16829,2,0,31.0,7.6,49
96830,16830,1,0,2.0,6.5,8
96831,16831,3,1,24.4,5.8,30
96832,16832,2,0,9.4,8.3,71
96833,16833,3,1,2.0,6.2,14
96834,16834,4,1,36.5,7.1,53
96835,16835,2,1,2.0,7.5,30
96836,16836,2,0,21.2,9.0,68
96837,16837,3,1,8.4,6.5,31
96838,16838,5,1,20.0,5.8,6
96839,16839,4,1,2.8,3.6,-30
96840,16840,2,0,19.5,5.8,-12
96841,16841,2,0,29.1,8.0,33
96842,16842,3,1,19.5,5.9,3
96843,16843,2,0,39.0,7.6,9
96844,16844,2,1,43.9,8.7,67
96845,16845,6,1,36.0,5.9,11
96846,16846,4,0,11.4,6.4,35
96847,16847,0,0,32.1,8.9,69
96848,16848,2,1,12.5,8.2,67
96849,16849,0,0,7.2,10.0,84
96850,16850,2,0,10.1,8.6,53
96851,16851,2,1,27.3,7.1,26
96852,16852,2,1,54.0,8.0,25
96853,16853,1,0,12.5,8.4,39
96854,16854,2,0,2.0,8.8,56
96855,16855,2,2,4.7,6.6,18
96856,16856,1,0,9.3,7.9,56
96857,16857,2,0,23.5,7.7,67
96858,16858,2,1,18.3,5.4,25
96859,16859,6,1,2.0,7.0,55
96860,16860,2,1,29.2,4.8,-2
96861,16861,0,0,32.3,7.1,13
96862,16862,5,0,26.5,5.5,-19
96863,16863,2,0,30.7,9.4,79
96864,16864,4,1,41.5,6.6,31
96865,16865,5,1,24.3,5.8,25
96866,16866,1,0,3.5,7.1,50
96867,16867,5,1,2.0,6.3,13
96868,16868,2,0,31.0,8.7,76
96869,16869,1,0,27.4,9.5,100
96870,16870,5,2,27.8,4.7,-19
96871,16871,1,1,19.3,5.8,31
96872,16872,3,1,19.7,6.0,11
96873,16873,3,1,58.7,8.0,51
96874,16874,3,0,2.0,7.6,47
96875,16875,2,0,16.7,7.2,26
96876,16876,3,0,2.0,6.8,42
96877,16877,6,3,31.5,5.2,-7
96878,16878,5,1,18.8,6.2,48
96879,16879,2,0,23.9,8.2,34
96880,16880,3,2,38.2,5.1,-17
96881,16881,2,2,42.3,5.9,13
96882,16882,2,0,2.0,6.1,-12
96883,16883,2,1,2.0,8.0,36
96884,16884,4,1,16.0,5.8,8
96885,16885,3,0,27.1,7.3,36
96886,16886,3,2,28.7,7.0,59
96887,16887,2,1,23.6,5.8,37
96888,16888,5,0,16.4,7.1,35
96889,16889,1,0,4.1,7.6,56
96890,16890,2,1,33.6,8.5,85
96891,16891,0,0,68.8,7.9,81
96892,16892,2,0,26.4,8.2,76
96893,16893,2,1,17.2,6.8,35
96894,16894,3,1,20.9,5.6,5
96895,16895,1,0,10.2,6.9,49
96896,16896,0,0,49.7,7.6,24
96897,16897,0,0,50.1,7.4,58
96898,16898,3,1,35.7,7.0,44
96899,16899,3,0,44.9,10.0,100
96900,16900,4,0,2.0,5.6,-1
96901,16901,2,0,32.9,5.9,7
96902,16902,1,1,27.3,6.6,3
96903,16903,2,1,21.9,7.6,42
96904,16904,2,0,27.8,6.6,44
96905,16905,3,0,60.9,8.5,49
96906,16906,3,1,39.3,7.8,56
96907,16907,2,0,11.9,8.0,62
96908,16908,3,0,19.0,4.6,-3
96909,16909,4,1,15.6,6.8,49
96910,16910,1,0,24.8,8.3,58
96911,16911,0,0,17.2,7.3,60
96912,16912,2,0,19.5,8.1,55
96913,16913,1,0,21.7,7.6,43
96914,16914,3,1,23.5,5.9,5
96915,16915,1,0,2.0,9.0,85
96916,16916,6,2,12.3,4.2,-3
96917,16917,2,2,43.0,6.3,24
96918,16918,2,1,29.1,8.0,61
96919,16919,6,3,31.0,4.1,-25
96920,16920,1,1,8.5,7.4,31
96921,16921,1,0,42.6,5.9,5
96922,16922,5,2,51.0,3.6,-30
96923,16923,4,0,32.2,8.5,65
96924,16924,7,4,19.6,4.7,1
96925,16925,4,0,36.6,6.1,27
96926,16926,2,0,6.2,6.6,28
96927,16927,3,2,36.8,4.4,-26
96928,16928,4,1,20.9,6.0,-1
96929,16929,1,1,19.4,5.2,-23
96930,16930,4,2,30.9,5.7,19
96931,16931,2,0,8.8,6.3,14
96932,16932,0,0,21.1,7.9,49
96933,16933,2,0,11.4,7.1,21
96934,16934,2,1,22.7,5.4,12
96935,16935,3,2,31.7,7.0,41
96936,16936,2,1,30.6,6.5,27
96937,16937,3,0,37.0,6.5,30
96938,16938,1,0,45.1,8.3,50
96939,16939,6,1,2.0,5.7,18
96940,16940,5,1,47.8,5.8,26
96941,16941,3,1,29.6,5.6,42
96942,16942,2,0,27.4,8.9,59
96943,16943,0,0,31.4,7.2,45
96944,16944,3,1,22.2,5.6,-5
96945,16945,1,0,33.1,7.4,61
96946,16946,3,1,18.8,6.5,22
96947,16947,1,1,19.6,7.1,32
96948,16948,0,0,7.2,7.2,35
96949,16949,4,1,48.8,6.2,26
96950,16950,1,0,26.1,6.9,32
96951,16951,1,1,29.6,6.7,42
96952,16952,3,2,48.9,7.1,41
96953,16953,4,1,2.0,6.0,16
96954,16954,2,1,41.8,7.3,41
96955,16955,0,0,28.4,7.6,20
96956,16956,5,2,48.1,6.6,37
96957,16957,3,0,2.0,7.8,57
96958,16958,3,2,2.0,8.5,67
96959,16959,1,0,29.1,7.7,45
96960,16960,3,2,37.4,6.1,8
96961,16961,3,0,7.3,6.9,34
96962,16962,2,1,2.0,6.9,35
96963,16963,2,0,19.1,7.4,25
96964,16964,2,0,26.9,7.3,43
96965,16965,1,0,21.1,6.4,33
96966,16966,3,1,36.8,4.5,4
96967,16967,4,0,22.3,6.2,18
96968,16968,0,0,42.3,10.0,100
96969,16969,1,1,26.3,6.6,33
96970,16970,0,0,34.4,8.2,61
96971,16971,4,1,20.3,7.1,26
96972,16972,6,3,2.0,5.5,25
96973,16973,4,0,36.8,7.7,34
96974,16974,3,0,19.5,8.6,54
96975,16975,5,1,42.6,5.1,28
96976,16976,0,0,2.0,8.2,58
96977,16977,1,0,26.5,9.1,61
96978,16978,1,0,8.5,8.7,67
96979,16979,4,0,8.5,4.9,-25
96980,16980,2,1,31.7,8.3,51
96981,16981,1,0,25.5,8.2,51
96982,16982,3,0,40.2,7.4,54
96983,16983,5,2,42.5,5.9,14
96984,16984,1,0,4.7,5.4,12
96985,16985,1,0,7.0,10.0,88
96986,16986,2,1,15.8,5.9,13
96987,16987,2,1,2.0,7.0,26
96988,16988,4,2,20.2,5.9,-9
96989,16989,0,0,21.4,7.3,35
96990,16990,2,0,32.8,6.9,41
96991,16991,0,0,14.4,6.9,35
96992,16992,2,0,32.1,8.8,61
96993,16993,2,2,7.7,7.4,41
96994,16994,3,1,2.0,7.8,67
96995,16995,1,0,11.0,7.3,62
96996,16996,2,1,15.0,4.2,-44
96997,16997,4,2,28.0,3.6,-40
96998,16998,2,1,22.2,7.1,56
96999,16999,2,0,51.7,6.1,9
97000,17000,5,1,2.0,7.5,40
97001,17001,1,0,17.1,7.7,43
97002,17002,2,0,33.6,8.9,78
97003,17003,5,3,24.3,6.3,17
97004,17004,1,0,22.4,8.3,40
97005,17005,2,1,34.9,5.8,4
97006,17006,0,0,9.0,7.0,46
97007,17007,4,1,39.0,5.6,-1
97008,17008,0,0,28.3,7.3,36
97009,17009,1,1,22.0,7.4,25
97010,17010,5,3,52.3,2.7,-55
97011,17011,3,0,15.0,8.7,72
97012,17012,1,0,4.0,9.3,83
97013,17013,1,0,24.1,8.6,64
97014,17014,2,0,53.5,8.3,66
97015,17015,1,0,13.8,8.5,48
97016,17016,6,3,40.5,5.8,33
97017,17017,0,0,24.2,7.1,62
97018,17018,4,1,2.0,7.4,24
97019,17019,3,2,2.0,6.3,21
97020,17020,6,2,13.8,6.1,17
97021,17021,3,0,19.8,7.4,58
97022,17022,2,0,6.2,7.5,40
97023,17023,1,0,35.4,8.2,40
97024,17024,8,1,2.0,4.0,-14
97025,17025,6,2,17.1,4.4,-12
97026,17026,1,0,21.7,8.6,87
97027,17027,0,0,13.9,7.7,56
97028,17028,5,1,48.8,7.3,34
97029,17029,4,1,2.0,6.1,13
97030,17030,6,1,30.6,4.5,-7
97031,17031,2,0,25.5,6.6,28
97032,17032,4,3,16.9,6.2,23
97033,17033,2,0,2.0,8.4,70
97034,17034,2,1,6.4,6.2,-1
97035,17035,2,1,26.7,6.9,34
97036,17036,3,2,36.2,4.8,20
97037,17037,4,1,15.9,8.5,66
97038,17038,5,1,25.7,6.4,28
97039,17039,1,0,28.9,8.0,74
97040,17040,4,2,42.6,7.7,44
97041,17041,2,0,30.5,6.9,52
97042,17042,3,1,4.3,7.8,60
97043,17043,1,1,27.5,6.8,42
97044,17044,0,0,23.3,6.6,13
97045,17045,0,0,26.0,8.4,62
97046,17046,3,2,31.3,5.9,29
97047,17047,6,2,9.5,6.1,21
97048,17048,2,1,43.4,8.2,53
97049,17049,6,0,28.6,6.7,44
97050,17050,4,4,28.8,6.4,25
97051,17051,2,2,24.1,6.3,19
97052,17052,2,1,25.0,6.9,28
97053,17053,3,0,11.5,7.8,49
97054,17054,1,0,2.2,9.7,74
97055,17055,3,0,43.9,7.3,45
97056,17056,3,1,15.3,5.1,-15
97057,17057,6,1,18.5,6.1,19
97058,17058,1,0,24.7,7.2,32
97059,17059,2,1,36.2,8.4,40
97060,17060,4,2,3.1,5.1,-6
97061,17061,5,1,7.0,6.9,43
97062,17062,2,1,2.0,7.5,44
97063,17063,5,1,16.6,5.0,-6
97064,17064,2,1,2.0,7.8,48
97065,17065,3,0,2.3,7.5,44
97066,17066,5,3,37.4,4.4,-23
97067,17067,1,0,51.0,7.9,34
97068,17068,2,0,28.7,6.3,11
97069,17069,3,2,2.0,5.4,-19
97070,17070,1,0,36.1,8.9,75
97071,17071,2,0,40.3,6.5,14
97072,17072,5,2,22.7,4.7,4
97073,17073,2,0,30.7,9.6,81
97074,17074,3,2,29.8,7.5,38
97075,17075,3,1,23.1,7.6,45
97076,17076,6,2,40.3,4.9,-11
97077,17077,2,0,33.6,6.5,20
97078,17078,5,2,22.5,5.6,9
97079,17079,2,0,5.6,6.5,38
97080,17080,0,0,41.0,7.9,68
97081,17081,2,0,20.4,8.0,43
97082,17082,1,0,22.2,8.2,84
97083,17083,3,1,16.4,5.6,15
97084,17084,2,1,42.8,8.4,69
97085,17085,0,0,66.5,8.0,66
97086,17086,3,0,11.6,8.0,56
97087,17087,5,2,6.2,5.9,1
97088,17088,1,1,39.4,7.4,42
97089,17089,3,0,24.0,8.4,45
97090,17090,0,0,5.3,6.4,32
97091,17091,0,0,18.7,9.2,50
97092,17092,6,0,36.7,5.3,-3
97093,17093,1,0,46.4,8.4,61
97094,17094,3,0,42.9,8.2,56
97095,17095,3,1,20.8,6.1,13
97096,17096,3,0,35.2,7.9,57
97097,17097,4,2,15.8,5.9,9
97098,17098,1,0,51.4,7.6,29
97099,17099,4,1,27.8,6.6,20
97100,17100,2,1,13.2,8.7,85
97101,17101,2,0,39.4,6.4,28
97102,17102,2,2,7.4,6.2,12
97103,17103,2,0,24.6,7.2,35
97104,17104,5,2,9.9,5.4,30
97105,17105,2,0,50.8,7.2,47
97106,17106,2,0,2.0,7.4,51
97107,17107,1,1,27.5,7.5,41
97108,17108,2,0,11.5,5.8,26
97109,17109,2,0,26.3,8.3,73
97110,17110,3,0,7.0,8.3,59
97111,17111,6,1,3.0,5.0,-13
97112,17112,3,2,31.6,6.4,33
97113,17113,1,1,13.9,6.6,50
97114,17114,2,0,8.1,6.9,20
97115,17115,1,1,22.0,6.1,10
97116,17116,4,2,2.0,6.0,-6
97117,17117,3,0,2.0,8.2,49
97118,17118,4,2,28.5,6.4,23
97119,17119,3,2,2.0,5.8,13
97120,17120,1,0,18.2,8.8,67
97121,17121,2,0,34.7,8.0,62
97122,17122,3,0,31.0,8.1,56
97123,17123,1,1,33.4,7.6,37
97124,17124,2,1,20.0,6.1,10
97125,17125,2,1,6.7,6.2,14
97126,17126,4,1,20.0,7.6,42
97127,17127,5,2,2.0,5.6,22
97128,17128,1,0,38.0,9.0,68
97129,17129,4,1,26.6,5.9,14
97130,17130,4,0,37.6,7.0,45
97131,17131,3,2,10.2,5.6,13
97132,17132,3,1,15.9,5.6,11
97133,17133,0,0,44.4,8.7,75
97134,17134,4,2,50.0,6.8,36
97135,17135,3,1,2.0,6.8,6
97136,17136,4,1,18.9,5.1,20
97137,17137,2,0,14.7,4.8,-6
97138,17138,2,0,31.4,8.3,50
97139,17139,3,2,39.1,5.5,5
97140,17140,2,0,39.3,5.5,5
97141,17141,5,1,22.5,5.2,6
97142,17142,3,1,33.4,7.0,23
97143,17143,4,2,13.2,5.8,12
97144,17144,1,1,39.0,7.9,37
97145,17145,4,0,17.4,7.6,45
97146,17146,1,0,39.7,8.8,58
97147,17147,4,0,9.4,6.6,39
97148,17148,0,0,14.6,8.2,41
97149,17149,2,0,19.2,7.7,35
97150,17150,3,0,23.9,8.0,58
97151,17151,2,1,29.9,6.6,29
97152,17152,6,2,40.3,3.5,-39
97153,17153,6,1,28.5,6.7,44
97154,17154,2,0,5.5,7.5,35
97155,17155,0,0,32.9,7.8,57
97156,17156,2,0,2.0,9.1,98
97157,17157,3,1,41.5,5.9,7
97158,17158,1,0,4.1,8.5,77
97159,17159,2,0,26.3,6.4,9
97160,17160,1,0,31.2,7.1,40
97161,17161,1,1,2.0,7.1,37
97162,17162,0,0,24.6,6.6,18
97163,17163,1,0,42.6,7.7,37
97164,17164,1,1,39.9,7.7,49
97165,17165,7,1,31.8,6.6,17
97166,17166,3,0,46.8,7.3,35
97167,17167,4,0,36.7,7.7,35
97168,17168,2,0,31.2,6.5,17
97169,17169,5,0,30.1,7.5,32
97170,17170,2,0,26.8,7.4,41
97171,17171,2,1,49.5,7.6,51
97172,17172,2,0,20.1,7.3,39
97173,17173,2,1,12.8,7.6,43
97174,17174,4,1,13.1,6.6,14
97175,17175,0,0,9.4,8.1,83
97176,17176,0,0,19.8,10.0,100
97177,17177,7,3,40.7,4.3,12
97178,17178,6,0,22.0,7.6,36
97179,17179,1,0,18.7,9.1,89
97180,17180,2,1,20.1,5.7,33
97181,17181,4,1,16.3,7.7,38
97182,17182,2,1,2.0,6.1,30
97183,17183,0,0,39.4,7.5,57
97184,17184,2,0,6.4,6.9,46
97185,17185,1,0,36.1,8.1,63
97186,17186,0,0,40.9,9.4,53
97187,17187,4,0,19.9,7.1,38
97188,17188,6,2,65.3,5.5,17
97189,17189,6,1,30.4,5.6,5
97190,17190,1,1,25.9,7.1,31
97191,17191,3,1,27.7,6.8,12
97192,17192,1,0,17.9,6.3,20
97193,17193,3,0,24.7,7.2,67
97194,17194,3,0,2.0,6.1,32
97195,17195,1,0,44.7,7.7,44
97196,17196,4,0,12.8,6.0,1
97197,17197,0,0,2.0,8.3,53
97198,17198,2,1,42.4,7.4,42
97199,17199,5,0,24.2,8.7,65
97200,17200,0,0,33.2,9.4,65
97201,17201,6,1,43.9,5.5,29
97202,17202,2,1,37.4,6.6,31
97203,17203,1,1,23.3,7.4,49
97204,17204,2,1,12.5,7.4,49
97205,17205,2,0,29.1,6.1,14
97206,17206,3,0,9.3,7.6,30
97207,17207,4,2,24.8,5.4,14
97208,17208,5,0,29.7,6.9,19
97209,17209,6,2,2.0,5.7,39
97210,17210,1,0,39.5,7.6,31
97211,17211,4,2,30.3,6.4,30
97212,17212,4,1,21.0,7.4,50
97213,17213,2,0,22.9,7.5,59
97214,17214,5,1,21.8,5.2,-5
97215,17215,2,1,35.2,6.4,20
97216,17216,1,0,25.3,7.7,66
97217,17217,6,2,33.3,4.4,-14
97218,17218,1,0,17.1,8.1,39
97219,17219,3,2,14.1,5.4,-3
97220,17220,3,1,32.2,8.0,53
97221,17221,1,0,19.8,8.4,66
97222,17222,4,2,4.6,5.6,7
97223,17223,4,1,39.3,6.3,24
97224,17224,3,1,2.0,6.4,27
97225,17225,4,1,17.7,8.5,59
97226,17226,2,0,2.0,6.0,20
97227,17227,1,0,44.1,6.6,35
97228,17228,4,0,13.1,8.7,71
97229,17229,3,0,9.0,7.1,35
97230,17230,3,1,19.9,6.9,32
97231,17231,0,0,40.5,7.8,60
97232,17232,7,2,12.3,4.2,-36
97233,17233,2,0,18.7,6.1,21
97234,17234,4,1,43.4,6.7,27
97235,17235,1,1,34.8,6.9,47
97236,17236,5,1,24.8,6.1,3
97237,17237,4,1,24.3,6.5,26
97238,17238,2,0,31.9,7.0,50
97239,17239,1,0,16.3,8.0,62
97240,17240,5,0,48.3,4.5,2
97241,17241,3,1,2.0,6.9,35
97242,17242,1,0,32.9,8.4,89
97243,17243,1,0,26.4,7.7,36
97244,17244,0,0,54.9,8.9,66
97245,17245,2,0,34.1,9.2,85
97246,17246,4,1,2.0,8.1,44
97247,17247,1,0,41.8,6.7,59
97248,17248,1,0,4.0,6.0,6
97249,17249,7,1,49.8,6.5,6
97250,17250,2,0,2.0,7.4,52
97251,17251,2,1,17.8,6.9,16
97252,17252,3,1,25.5,7.1,45
97253,17253,3,1,2.0,6.3,25
97254,17254,1,0,8.1,6.5,40
97255,17255,4,0,22.2,6.2,32
97256,17256,1,0,35.2,7.7,85
97257,17257,0,0,5.6,7.7,25
97258,17258,3,2,17.8,6.6,35
97259,17259,3,1,23.0,6.7,24
97260,17260,3,2,36.9,5.9,29
97261,17261,2,2,2.0,6.8,35
97262,17262,1,1,42.1,5.3,-6
97263,17263,3,2,29.3,6.3,45
97264,17264,2,0,18.6,6.7,10
97265,17265,3,2,2.1,6.1,18
97266,17266,2,0,7.8,8.0,64
97267,17267,1,1,2.0,8.3,63
97268,17268,1,0,70.5,7.6,25
97269,17269,0,0,35.3,8.4,46
97270,17270,0,0,9.9,6.4,21
97271,17271,3,1,31.2,7.2,41
97272,17272,1,0,15.0,8.4,72
97273,17273,0,0,18.9,8.0,47
97274,17274,1,0,41.8,9.0,59
97275,17275,2,1,22.7,7.6,35
97276,17276,1,1,2.0,9.0,78
97277,17277,2,1,36.5,7.2,39
97278,17278,2,0,18.8,9.0,85
97279,17279,3,1,27.0,5.7,-23
97280,17280,0,0,23.8,8.3,58
97281,17281,3,0,49.3,6.7,8
97282,17282,2,0,27.3,6.5,11
97283,17283,2,1,38.4,8.1,36
97284,17284,3,1,19.1,4.7,-5
97285,17285,2,1,16.6,6.9,49
97286,17286,1,0,28.5,6.9,44
97287,17287,2,0,31.5,6.1,17
97288,17288,1,0,21.4,8.0,71
97289,17289,6,2,24.0,4.9,0
97290,17290,1,1,20.5,7.6,60
97291,17291,3,1,2.0,6.7,34
97292,17292,0,0,4.5,8.0,63
97293,17293,3,1,3.6,7.3,38
97294,17294,1,0,28.8,7.1,47
97295,17295,0,0,17.9,9.2,84
97296,17296,0,0,31.9,8.7,76
97297,17297,5,0,36.2,7.8,42
97298,17298,3,1,18.1,5.6,16
97299,17299,1,0,28.2,8.6,69
97300,17300,2,0,6.1,9.0,45
97301,17301,2,0,2.0,6.8,38
97302,17302,3,0,54.6,7.9,58
97303,17303,1,1,5.8,7.2,49
97304,17304,5,1,25.9,5.2,8
97305,17305,5,1,5.2,8.2,67
97306,17306,2,1,7.9,7.1,18
97307,17307,2,0,32.2,9.7,90
97308,17308,4,0,42.4,5.4,14
97309,17309,4,2,23.5,5.0,6
97310,17310,2,0,23.0,7.7,63
97311,17311,0,0,5.3,8.4,69
97312,17312,5,2,3.2,5.8,12
97313,17313,4,2,31.6,6.1,25
97314,17314,3,1,15.7,6.7,52
97315,17315,2,0,62.9,6.3,45
97316,17316,1,0,23.9,6.8,24
97317,17317,3,1,28.8,6.3,25
97318,17318,2,0,7.7,8.3,52
97319,17319,1,1,27.2,8.2,76
97320,17320,2,1,19.9,6.1,1
97321,17321,3,1,23.3,6.8,30
97322,17322,0,0,20.0,8.2,71
97323,17323,1,0,32.5,7.0,33
97324,17324,7,1,11.8,6.0,34
97325,17325,3,1,9.1,6.5,16
97326,17326,2,0,32.7,8.1,85
97327,17327,1,1,23.1,7.9,62
97328,17328,2,0,2.0,7.1,49
97329,17329,3,1,26.5,7.8,67
97330,17330,2,0,32.7,7.7,76
97331,17331,1,0,37.2,7.7,50
97332,17332,6,1,22.6,6.5,14
97333,17333,2,0,27.4,6.5,16
97334,17334,3,0,57.3,6.3,26
97335,17335,0,0,20.2,8.4,89
97336,17336,3,0,35.6,6.2,23
97337,17337,4,2,45.2,5.5,18
97338,17338,6,0,30.5,4.5,-15
97339,17339,1,0,43.8,9.2,56
97340,17340,4,0,22.0,8.1,71
97341,17341,2,0,12.6,8.2,69
97342,17342,2,0,22.1,7.4,49
97343,17343,2,1,12.3,8.1,56
97344,17344,1,0,47.9,7.3,39
97345,17345,6,1,17.1,7.0,61
97346,17346,1,0,49.1,8.8,83
97347,17347,3,3,18.0,7.0,33
97348,17348,0,0,2.0,10.0,89
97349,17349,3,1,2.0,6.6,43
97350,17350,2,1,24.5,6.7,34
97351,17351,1,1,26.6,8.4,34
97352,17352,3,2,40.0,6.9,40
97353,17353,4,3,18.6,4.2,-27
97354,17354,4,1,31.2,6.1,11
97355,17355,1,0,2.0,8.5,59
97356,17356,2,1,41.2,6.9,30
97357,17357,4,2,2.0,6.5,21
97358,17358,3,0,3.2,6.7,-5
97359,17359,2,0,7.4,7.5,25
97360,17360,2,0,21.5,7.3,30
97361,17361,3,1,2.0,6.0,35
97362,17362,0,0,17.8,9.3,93
97363,17363,3,1,16.6,7.8,50
97364,17364,0,0,16.7,7.1,37
97365,17365,1,1,20.9,6.7,46
97366,17366,9,3,31.0,4.4,-7
97367,17367,5,1,8.6,5.2,5
97368,17368,2,0,17.9,7.2,43
97369,17369,1,0,14.5,7.4,36
97370,17370,2,0,29.2,7.6,17
97371,17371,4,0,46.9,6.3,9
97372,17372,1,1,28.5,8.9,59
97373,17373,1,1,29.1,8.1,34
97374,17374,3,0,34.1,6.5,36
97375,17375,3,0,7.0,8.7,65
97376,17376,4,1,3.4,5.3,-3
97377,17377,1,0,25.5,7.2,44
97378,17378,2,1,15.4,6.6,28
97379,17379,0,0,30.1,8.1,84
97380,17380,2,1,47.6,6.4,26
97381,17381,2,0,13.9,8.5,57
97382,17382,1,0,10.3,9.3,74
97383,17383,2,0,29.0,7.4,30
97384,17384,1,0,46.2,5.9,20
97385,17385,1,1,3.8,8.0,60
97386,17386,4,0,15.3,5.5,-1
97387,17387,3,0,40.0,6.7,22
97388,17388,3,2,48.0,6.7,30
97389,17389,0,0,2.0,6.4,40
97390,17390,2,0,24.0,10.0,94
97391,17391,3,0,24.4,9.3,78
97392,17392,3,0,21.6,7.0,43
97393,17393,2,0,2.0,7.6,50
97394,17394,1,0,24.4,8.2,39
97395,17395,2,1,58.3,6.9,23
97396,17396,2,1,33.6,7.1,33
97397,17397,5,3,21.1,6.8,35
97398,17398,4,0,51.5,7.1,35
97399,17399,3,3,35.8,3.7,-13
97400,17400,2,0,12.6,7.8,52
97401,17401,4,2,13.1,7.3,38
97402,17402,3,0,33.4,6.9,15
97403,17403,1,0,18.3,8.7,81
97404,17404,0,0,5.1,8.0,50
97405,17405,1,0,16.9,8.9,61
97406,17406,8,2,55.9,4.4,-21
97407,17407,3,0,25.2,5.8,-16
97408,17408,2,1,8.5,6.8,39
97409,17409,5,1,41.0,6.0,17
97410,17410,2,1,24.3,7.1,25
97411,17411,3,0,4.2,5.5,13
97412,17412,6,0,34.2,6.5,36
97413,17413,4,1,20.4,8.8,77
97414,17414,3,1,2.0,6.5,31
97415,17415,3,0,39.4,7.2,37
97416,17416,2,0,39.1,6.5,22
97417,17417,1,0,45.4,8.7,52
97418,17418,1,0,11.1,7.9,49
97419,17419,5,2,29.8,6.5,28
97420,17420,2,1,44.3,6.9,35
97421,17421,0,0,6.2,7.6,43
97422,17422,0,0,39.2,7.9,41
97423,17423,1,0,30.4,5.6,10
97424,17424,2,1,5.1,5.7,30
97425,17425,4,0,14.2,8.8,54
97426,17426,3,0,17.0,7.6,56
97427,17427,3,0,18.4,7.4,58
97428,17428,4,1,4.6,6.7,56
97429,17429,2,1,34.6,7.1,44
97430,17430,3,0,21.1,7.7,25
97431,17431,3,1,53.9,5.6,-6
97432,17432,0,0,27.7,8.4,58
97433,17433,2,0,2.0,7.3,54
97434,17434,1,1,2.0,7.6,45
97435,17435,2,0,23.1,8.1,38
97436,17436,2,0,19.8,6.2,30
97437,17437,1,0,25.4,7.1,51
97438,17438,2,0,13.8,7.8,56
97439,17439,2,1,34.2,8.6,70
97440,17440,2,1,33.0,6.7,24
97441,17441,2,0,24.6,7.5,48
97442,17442,1,0,2.0,7.9,57
97443,17443,4,1,45.1,6.7,30
97444,17444,3,0,8.8,8.0,56
97445,17445,3,1,29.2,6.3,23
97446,17446,3,1,37.8,6.7,26
97447,17447,1,0,35.2,8.0,69
97448,17448,2,0,37.8,8.4,65
97449,17449,7,1,11.8,5.3,-3
97450,17450,1,0,18.1,7.6,54
97451,17451,1,0,26.7,6.4,25
97452,17452,1,0,29.6,8.9,77
97453,17453,2,0,47.0,8.0,58
97454,17454,2,0,32.4,7.9,49
97455,17455,4,2,14.7,4.8,11
97456,17456,5,0,41.6,7.3,47
97457,17457,3,0,56.7,6.0,46
97458,17458,2,1,13.2,6.9,29
97459,17459,2,0,12.9,7.3,54
97460,17460,2,1,48.0,8.9,80
97461,17461,1,0,25.8,6.9,22
97462,17462,1,1,13.2,7.7,58
97463,17463,4,0,37.1,7.0,24
97464,17464,1,0,30.1,6.5,27
97465,17465,1,1,36.5,6.8,46
97466,17466,2,0,36.5,8.1,61
97467,17467,3,1,28.2,5.8,36
97468,17468,3,1,25.8,5.7,21
97469,17469,1,1,26.2,7.7,48
97470,17470,1,0,60.1,7.8,36
97471,17471,1,0,25.2,7.9,64
97472,17472,4,0,2.0,5.3,-6
97473,17473,3,0,22.3,7.5,22
97474,17474,4,2,11.2,5.7,12
97475,17475,3,1,18.3,4.5,-18
97476,17476,4,2,43.7,5.4,26
97477,17477,3,0,30.3,5.5,-4
97478,17478,5,1,27.5,6.4,19
97479,17479,3,1,3.3,5.4,-1
97480,17480,0,0,13.7,7.5,49
97481,17481,0,0,22.0,8.4,59
97482,17482,5,2,12.1,5.6,2
97483,17483,2,0,19.9,7.3,25
97484,17484,2,1,27.0,7.1,61
97485,17485,3,0,12.3,6.0,39
97486,17486,2,0,47.4,6.3,10
97487,17487,4,3,39.6,4.9,-1
97488,17488,2,0,26.1,9.0,44
97489,17489,2,0,43.7,8.1,71
97490,17490,5,3,6.6,5.1,17
97491,17491,2,1,39.8,7.5,21
97492,17492,5,3,29.4,4.8,16
97493,17493,6,2,26.6,5.8,14
97494,17494,7,1,17.3,4.3,-3
97495,17495,1,0,9.0,7.7,57
97496,17496,3,2,17.2,6.8,45
97497,17497,3,0,26.4,6.6,36
97498,17498,3,2,29.8,6.8,49
97499,17499,3,1,18.4,7.6,36
97500,17500,1,0,21.9,8.7,34
97501,17501,2,0,28.5,8.3,44
97502,17502,1,0,33.8,7.1,23
97503,17503,3,0,2.0,6.7,32
97504,17504,3,1,45.3,5.9,16
97505,17505,2,1,26.1,5.6,7
97506,17506,2,0,6.3,8.9,52
97507,17507,2,0,18.7,6.8,24
97508,17508,5,1,9.0,4.9,-4
97509,17509,0,0,55.5,9.4,75
97510,17510,3,1,5.1,7.6,65
97511,17511,4,2,26.4,5.7,8
97512,17512,2,0,11.2,8.2,76
97513,17513,2,0,26.2,6.2,-4
97514,17514,2,2,16.6,6.9,37
97515,17515,3,1,28.3,6.2,32
97516,17516,1,0,59.4,8.0,45
97517,17517,4,0,24.6,6.9,31
97518,17518,4,0,24.9,7.3,37
97519,17519,5,2,26.6,5.7,-13
97520,17520,5,0,46.9,5.5,26
97521,17521,2,0,20.7,8.5,88
97522,17522,0,0,17.7,8.5,81
97523,17523,0,0,31.4,8.2,73
97524,17524,4,2,10.4,7.2,30
97525,17525,2,0,16.3,6.3,42
97526,17526,5,2,47.0,6.6,34
97527,17527,2,2,17.8,5.9,26
97528,17528,3,0,56.2,8.9,81
97529,17529,2,0,34.3,9.3,57
97530,17530,2,1,6.9,7.1,44
97531,17531,1,0,43.0,8.7,86
97532,17532,3,2,18.6,7.1,50
97533,17533,4,0,41.3,7.3,36
97534,17534,3,1,26.3,7.9,62
97535,17535,4,3,19.4,5.6,10
97536,17536,5,1,17.0,7.1,42
97537,17537,1,0,8.3,6.8,36
97538,17538,0,0,13.5,9.2,72
97539,17539,0,0,2.0,7.3,48
97540,17540,2,0,6.1,7.0,57
97541,17541,3,0,50.0,7.8,43
97542,17542,2,0,38.7,7.1,49
97543,17543,2,1,25.1,6.9,35
97544,17544,2,1,38.1,7.7,67
97545,17545,0,0,3.0,9.2,86
97546,17546,0,0,7.9,8.9,87
97547,17547,2,0,28.4,6.8,26
97548,17548,4,1,23.0,6.1,23
97549,17549,1,1,22.7,6.9,27
97550,17550,4,0,25.1,7.5,49
97551,17551,1,0,26.2,7.1,34
97552,17552,1,1,21.8,6.7,22
97553,17553,5,0,29.4,7.0,42
97554,17554,2,0,43.2,8.1,52
97555,17555,3,1,27.0,5.5,-1
97556,17556,1,1,19.6,7.0,36
97557,17557,2,0,36.9,8.7,68
97558,17558,1,0,52.1,6.4,37
97559,17559,3,1,13.8,6.9,24
97560,17560,3,1,8.4,6.9,18
97561,17561,4,2,26.6,9.1,70
97562,17562,0,0,18.9,8.4,51
97563,17563,2,0,39.8,8.8,52
97564,17564,1,0,10.7,7.1,44
97565,17565,1,0,2.0,8.7,60
97566,17566,1,1,29.3,8.0,49
97567,17567,5,0,44.6,8.3,74
97568,17568,1,0,13.3,6.4,36
97569,17569,1,0,39.1,9.1,71
97570,17570,1,1,19.4,7.9,37
97571,17571,2,0,17.7,7.4,37
97572,17572,0,0,41.3,7.7,39
97573,17573,3,1,21.4,6.2,13
97574,17574,3,1,2.0,6.8,23
97575,17575,2,0,30.9,7.2,46
97576,17576,1,0,12.6,7.9,48
97577,17577,3,0,21.7,7.6,43
97578,17578,1,0,36.0,7.6,43
97579,17579,1,0,26.4,5.8,38
97580,17580,1,0,18.5,8.7,80
97581,17581,3,1,5.1,7.8,41
97582,17582,2,0,14.4,7.4,46
97583,17583,2,0,11.0,7.0,42
97584,17584,1,1,39.9,6.5,25
97585,17585,2,0,32.7,5.2,-4
97586,17586,5,2,32.2,6.9,31
97587,17587,2,1,34.1,5.6,5
97588,17588,1,0,63.2,7.7,44
97589,17589,5,3,2.0,5.8,15
97590,17590,2,0,39.2,8.5,59
97591,17591,7,1,39.6,5.6,7
97592,17592,4,0,18.1,5.9,-1
97593,17593,3,1,42.0,7.6,50
97594,17594,2,0,34.2,7.9,37
97595,17595,3,1,38.8,8.4,81
97596,17596,3,0,20.2,6.9,34
97597,17597,1,0,37.4,7.6,58
97598,17598,2,1,7.6,4.6,3
97599,17599,2,0,23.4,9.2,71
97600,17600,5,1,36.1,6.9,38
97601,17601,3,1,20.0,5.9,22
97602,17602,3,1,45.2,6.0,27
97603,17603,6,2,24.4,4.6,-10
97604,17604,3,2,37.2,6.3,34
97605,17605,4,2,18.0,6.5,35
97606,17606,3,1,31.6,6.6,17
97607,17607,1,0,2.0,7.2,44
97608,17608,1,1,4.6,7.4,23
97609,17609,4,0,12.5,6.0,25
97610,17610,2,1,36.8,5.6,29
97611,17611,4,1,8.4,8.6,77
97612,17612,3,1,16.4,5.4,24
97613,17613,2,0,35.9,6.8,38
97614,17614,2,0,30.2,5.4,-3
97615,17615,5,1,36.7,6.7,29
97616,17616,1,0,20.2,6.8,38
97617,17617,7,3,2.0,6.2,31
97618,17618,3,0,50.1,7.3,18
97619,17619,1,0,19.6,7.6,41
97620,17620,5,3,21.6,5.1,-3
97621,17621,2,0,24.5,8.6,59
97622,17622,1,0,27.7,8.4,77
97623,17623,5,1,2.0,6.4,14
97624,17624,1,1,27.9,6.8,33
97625,17625,2,0,23.5,7.8,62
97626,17626,3,0,40.5,7.2,34
97627,17627,0,0,21.1,8.6,81
97628,17628,3,1,11.6,7.5,33
97629,17629,5,1,5.4,6.1,18
97630,17630,1,1,2.0,8.3,63
97631,17631,3,1,2.0,5.6,2
97632,17632,3,0,13.9,5.8,15
97633,17633,3,1,12.5,7.6,42
97634,17634,1,0,28.0,7.4,45
97635,17635,2,1,14.6,7.3,48
97636,17636,1,1,40.7,7.6,39
97637,17637,3,0,21.6,6.1,-14
97638,17638,5,0,2.0,6.9,18
97639,17639,2,2,23.0,6.1,11
97640,17640,1,1,13.8,6.8,19
97641,17641,4,1,25.3,6.8,31
97642,17642,1,0,29.5,8.5,70
97643,17643,2,1,7.0,7.7,43
97644,17644,3,1,22.1,8.6,84
97645,17645,3,1,13.6,6.7,30
97646,17646,0,0,38.5,7.3,38
97647,17647,1,1,56.1,6.4,17
97648,17648,4,3,12.3,5.2,3
97649,17649,0,0,22.0,8.1,74
97650,17650,5,0,30.1,6.3,22
97651,17651,5,1,43.2,5.0,13
97652,17652,3,2,8.6,5.8,20
97653,17653,2,0,33.0,6.2,31
97654,17654,2,0,60.8,5.9,2
97655,17655,3,0,43.4,7.0,34
97656,17656,1,0,2.0,9.0,97
97657,17657,3,1,38.5,7.4,25
97658,17658,2,0,25.3,7.7,44
97659,17659,4,0,31.2,5.6,14
97660,17660,4,0,21.7,7.8,9
97661,17661,3,2,21.5,6.2,15
97662,17662,3,0,52.7,9.6,93
97663,17663,4,2,36.9,5.7,35
97664,17664,1,0,33.5,7.6,54
97665,17665,1,0,2.0,6.5,25
97666,17666,5,2,30.6,2.7,-56
97667,17667,2,1,4.3,5.8,24
97668,17668,3,1,25.8,4.6,3
97669,17669,2,0,23.3,7.5,47
97670,17670,1,0,30.5,6.7,36
97671,17671,1,0,2.0,8.0,66
97672,17672,5,1,25.2,6.8,42
97673,17673,2,1,2.0,7.2,45
97674,17674,6,1,16.6,4.4,-17
97675,17675,4,2,21.3,4.1,-19
97676,17676,3,3,23.3,5.5,22
97677,17677,4,2,12.0,5.6,4
97678,17678,2,0,8.6,8.1,48
97679,17679,7,3,19.2,4.6,-13
97680,17680,2,0,12.8,8.1,62
97681,17681,1,0,9.7,7.9,38
97682,17682,7,0,39.6,5.5,-13
97683,17683,3,1,40.6,4.4,-27
97684,17684,1,1,54.3,6.1,20
97685,17685,0,0,23.8,8.5,91
97686,17686,3,1,19.3,5.5,4
97687,17687,0,0,2.0,8.9,64
97688,17688,1,0,42.3,8.3,82
97689,17689,1,1,18.4,7.0,20
97690,17690,4,2,5.7,5.5,11
97691,17691,2,0,41.5,7.5,66
97692,17692,2,2,28.8,5.9,7
97693,17693,3,2,22.0,5.8,18
97694,17694,4,0,16.1,7.5,20
97695,17695,2,1,2.3,7.4,33
97696,17696,2,1,8.2,7.6,39
97697,17697,2,0,28.7,6.6,20
97698,17698,3,0,49.0,7.6,46
97699,17699,4,1,50.5,6.7,29
97700,17700,0,0,30.7,8.1,75
97701,17701,3,2,2.0,7.4,40
97702,17702,1,1,46.9,7.9,39
97703,17703,6,0,18.1,6.9,29
97704,17704,4,1,34.0,6.1,24
97705,17705,2,1,6.0,8.4,60
97706,17706,2,0,52.2,8.4,68
97707,17707,0,0,12.4,8.7,76
97708,17708,4,0,18.2,7.5,48
97709,17709,5,1,28.3,6.7,28
97710,17710,3,1,2.0,6.2,25
97711,17711,3,1,30.0,8.2,59
97712,17712,4,1,24.1,6.4,19
97713,17713,1,0,30.9,9.1,48
97714,17714,1,0,36.6,8.9,61
97715,17715,3,1,53.4,7.5,32
97716,17716,2,1,2.0,5.1,-3
97717,17717,0,0,26.3,10.0,89
97718,17718,4,0,8.6,6.0,10
97719,17719,2,0,28.5,7.8,42
97720,17720,3,2,59.2,5.0,-2
97721,17721,1,0,25.0,6.0,19
97722,17722,2,0,24.4,8.1,55
97723,17723,3,1,54.5,8.5,59
97724,17724,1,0,41.4,6.5,40
97725,17725,3,1,23.9,6.8,20
97726,17726,4,2,14.2,6.9,32
97727,17727,4,0,23.9,6.9,13
97728,17728,3,1,12.4,6.0,9
97729,17729,4,1,41.6,6.4,23
97730,17730,0,0,31.6,7.5,52
97731,17731,1,0,22.8,8.2,60
97732,17732,1,1,38.8,7.1,52
97733,17733,1,0,53.5,8.9,65
97734,17734,2,0,41.9,8.8,57
97735,17735,2,0,25.6,7.4,57
97736,17736,3,0,35.3,8.0,59
97737,17737,3,0,34.8,8.4,62
97738,17738,5,2,49.6,5.5,-7
97739,17739,8,0,6.9,3.9,-31
97740,17740,3,1,25.2,5.8,32
97741,17741,2,0,19.3,7.1,45
97742,17742,1,1,26.5,7.0,49
97743,17743,3,0,22.8,7.0,36
97744,17744,1,0,26.1,8.8,75
97745,17745,1,0,28.3,9.5,81
97746,17746,4,2,2.0,4.0,-3
97747,17747,3,0,2.0,6.0,33
97748,17748,2,0,64.7,8.0,54
97749,17749,0,0,21.7,9.3,91
97750,17750,2,1,21.9,6.8,46
97751,17751,2,1,18.8,7.4,49
97752,17752,4,0,20.1,6.0,26
97753,17753,0,0,48.4,6.8,43
97754,17754,0,0,21.3,7.9,41
97755,17755,0,0,31.8,8.1,54
97756,17756,0,0,10.6,6.7,28
97757,17757,4,2,56.8,6.4,19
97758,17758,3,0,22.5,8.7,70
97759,17759,5,2,35.3,6.6,28
97760,17760,7,0,55.7,5.7,26
97761,17761,4,0,36.6,8.8,60
97762,17762,3,1,41.5,9.1,71
97763,17763,2,0,38.9,7.1,26
97764,17764,5,0,35.3,7.4,59
97765,17765,4,1,31.6,5.1,-3
97766,17766,2,0,20.0,6.0,8
97767,17767,0,0,14.5,8.0,57
97768,17768,2,2,18.2,6.8,33
97769,17769,2,0,26.5,6.7,24
97770,17770,3,0,24.1,7.7,30
97771,17771,3,0,18.5,7.4,53
97772,17772,1,1,22.2,6.9,17
97773,17773,1,0,37.6,6.5,11
97774,17774,3,1,33.1,6.2,30
97775,17775,2,1,20.8,4.9,-7
97776,17776,1,0,13.1,8.0,61
97777,17777,1,1,38.7,7.3,69
97778,17778,0,0,42.5,7.7,44
97779,17779,3,2,16.9,7.1,51
97780,17780,1,1,13.3,7.2,47
97781,17781,2,1,42.2,6.4,25
97782,17782,1,0,75.9,7.1,45
97783,17783,1,0,37.8,6.8,58
97784,17784,5,2,23.9,5.7,23
97785,17785,3,0,14.6,6.1,25
97786,17786,2,0,18.6,6.7,41
97787,17787,1,0,17.3,8.4,54
97788,17788,4,0,34.0,6.9,44
97789,17789,2,1,25.2,7.3,52
97790,17790,2,0,11.3,6.6,39
97791,17791,1,0,45.6,8.0,72
97792,17792,3,1,42.9,7.4,11
97793,17793,5,1,2.0,5.0,33
97794,17794,4,1,18.8,6.3,34
97795,17795,4,1,3.7,6.8,27
97796,17796,2,0,19.1,5.6,12
97797,17797,5,2,27.2,5.5,28
97798,17798,6,4,43.4,5.1,-4
97799,17799,3,1,28.2,8.3,66
97800,17800,2,0,15.4,6.4,29
97801,17801,3,2,20.3,6.4,16
97802,17802,2,0,13.5,8.8,71
97803,17803,0,0,30.7,7.7,52
97804,17804,1,0,28.0,7.3,50
97805,17805,3,1,53.3,7.2,44
97806,17806,1,0,28.8,6.9,41
97807,17807,0,0,13.2,7.6,60
97808,17808,1,1,42.7,6.3,22
97809,17809,4,1,38.2,6.8,19
97810,17810,5,2,50.7,5.9,11
97811,17811,2,0,47.1,8.2,52
97812,17812,5,1,50.7,8.3,52
97813,17813,0,0,35.7,8.4,71
97814,17814,3,1,40.2,5.4,7
97815,17815,2,1,2.0,6.0,25
97816,17816,1,0,5.5,6.8,37
97817,17817,1,0,30.2,8.6,67
97818,17818,1,0,19.4,6.3,27
97819,17819,1,0,36.8,7.3,30
97820,17820,3,1,25.7,8.3,51
97821,17821,1,1,25.3,7.3,35
97822,17822,2,0,33.3,7.9,67
97823,17823,2,1,5.1,6.5,29
97824,17824,1,1,26.7,6.7,45
97825,17825,1,0,34.1,9.0,68
97826,17826,3,2,20.4,6.2,30
97827,17827,6,1,43.9,6.6,5
97828,17828,1,0,49.2,8.3,61
97829,17829,1,0,13.2,7.0,43
97830,17830,3,0,37.9,7.4,50
97831,17831,0,0,28.1,8.8,55
97832,17832,3,0,2.0,7.6,25
97833,17833,2,0,17.4,8.6,72
97834,17834,7,3,12.4,3.4,-37
97835,17835,1,0,32.7,8.4,48
97836,17836,4,1,39.5,5.7,14
97837,17837,3,1,25.2,6.6,38
97838,17838,2,1,14.6,5.7,15
97839,17839,2,0,30.4,8.8,79
97840,17840,2,1,2.0,7.4,57
97841,17841,1,0,6.9,7.1,29
97842,17842,1,1,18.9,7.5,49
97843,17843,6,3,2.0,5.3,10
97844,17844,3,2,33.5,6.0,32
97845,17845,2,0,35.6,8.1,73
97846,17846,2,2,7.9,6.1,14
97847,17847,3,0,2.0,8.8,92
97848,17848,5,2,12.6,7.6,41
97849,17849,3,1,27.6,5.9,17
97850,17850,0,0,25.7,9.4,93
97851,17851,6,3,10.9,5.5,17
97852,17852,3,1,17.3,6.3,24
97853,17853,2,0,2.0,6.8,38
97854,17854,2,1,26.5,6.3,20
97855,17855,3,0,20.2,7.1,17
97856,17856,3,0,9.5,7.1,32
97857,17857,3,2,36.9,6.5,52
97858,17858,2,0,2.0,7.5,39
97859,17859,6,3,4.6,4.0,3
97860,17860,3,1,5.2,6.5,42
97861,17861,4,1,36.1,5.4,-3
97862,17862,4,1,13.6,5.6,10
97863,17863,4,1,47.6,7.2,39
97864,17864,2,1,52.4,6.8,36
97865,17865,2,0,44.8,8.2,57
97866,17866,1,0,2.0,8.6,71
97867,17867,3,3,33.7,7.0,6
97868,17868,2,0,2.0,6.2,5
97869,17869,2,0,14.9,10.0,84
97870,17870,1,0,48.2,7.5,35
97871,17871,1,1,43.2,8.8,75
97872,17872,4,1,6.3,5.2,32
97873,17873,3,0,25.2,7.9,48
97874,17874,0,0,41.4,7.5,44
97875,17875,2,0,53.6,7.3,36
97876,17876,1,0,24.0,8.6,56
97877,17877,2,2,20.1,9.2,69
97878,17878,3,0,2.0,8.3,47
97879,17879,1,0,48.2,7.3,48
97880,17880,0,0,42.8,8.1,54
97881,17881,0,0,52.5,7.7,51
97882,17882,2,0,17.6,7.5,28
97883,17883,3,1,9.5,7.4,36
97884,17884,4,2,3.5,8.1,54
97885,17885,4,0,22.2,7.4,45
97886,17886,3,1,55.2,7.2,35
97887,17887,2,0,58.6,9.2,85
97888,17888,5,1,2.0,7.0,38
97889,17889,1,0,18.9,8.1,64
97890,17890,5,2,53.5,4.6,7
97891,17891,4,1,39.4,7.9,69
97892,17892,2,1,2.5,6.0,0
97893,17893,3,0,25.1,6.8,38
97894,17894,3,0,15.8,6.8,19
97895,17895,3,0,24.5,8.6,63
97896,17896,3,1,12.2,5.6,-5
97897,17897,4,2,31.7,5.7,4
97898,17898,0,0,18.3,8.6,57
97899,17899,0,0,42.0,7.3,57
97900,17900,3,2,7.9,6.5,27
97901,17901,3,0,11.8,6.9,22
97902,17902,4,1,13.6,5.9,20
97903,17903,2,1,61.1,8.3,57
97904,17904,0,0,56.8,6.9,38
97905,17905,4,1,22.7,6.3,19
97906,17906,2,1,33.3,7.9,72
97907,17907,1,0,28.3,6.2,7
97908,17908,5,2,12.6,4.9,-2
97909,17909,2,0,28.1,7.7,48
97910,17910,3,0,6.4,8.2,61
97911,17911,5,1,22.0,6.1,20
97912,17912,1,0,21.8,7.8,68
97913,17913,2,1,17.9,5.6,13
97914,17914,1,0,14.6,5.8,18
97915,17915,2,1,26.3,8.2,62
97916,17916,3,2,2.0,3.7,-37
97917,17917,2,0,26.0,8.1,59
97918,17918,3,1,53.5,6.9,48
97919,17919,4,1,21.2,6.6,50
97920,17920,0,0,7.2,8.2,66
97921,17921,2,1,11.9,6.0,51
97922,17922,4,0,22.1,6.7,34
97923,17923,1,1,46.1,7.6,41
97924,17924,2,0,44.0,6.3,26
97925,17925,2,0,54.8,6.8,41
97926,17926,3,0,29.6,6.9,52
97927,17927,3,0,42.7,8.6,71
97928,17928,6,4,37.7,3.8,4
97929,17929,2,2,29.7,7.4,42
97930,17930,4,0,13.0,6.3,34
97931,17931,6,2,5.3,4.6,-12
97932,17932,3,1,38.7,5.4,6
97933,17933,2,0,25.6,8.7,78
97934,17934,1,1,2.0,5.2,10
97935,17935,1,0,26.4,8.8,52
97936,17936,2,0,5.2,6.3,17
97937,17937,2,1,2.0,6.5,50
97938,17938,2,0,27.7,7.2,42
97939,17939,4,1,12.5,5.9,12
97940,17940,4,0,17.7,7.6,67
97941,17941,0,0,30.8,9.0,48
97942,17942,5,0,37.1,6.5,23
97943,17943,1,0,35.1,7.7,69
97944,17944,6,1,6.3,4.3,6
97945,17945,2,0,2.3,6.8,60
97946,17946,4,0,26.7,5.9,11
97947,17947,2,1,11.1,7.5,44
97948,17948,5,3,30.3,6.7,19
97949,17949,0,0,24.2,8.9,57
97950,17950,3,1,9.9,5.1,13
97951,17951,1,0,22.4,7.4,53
97952,17952,2,2,32.1,7.4,45
97953,17953,2,0,16.8,10.0,83
97954,17954,2,1,44.7,7.2,69
97955,17955,1,0,48.0,8.0,51
97956,17956,3,1,10.5,5.8,6
97957,17957,0,0,2.0,6.7,29
97958,17958,2,0,24.5,6.9,44
97959,17959,1,0,27.2,9.6,92
97960,17960,3,1,11.3,6.8,22
97961,17961,2,0,12.3,7.0,30
97962,17962,2,0,54.8,6.8,33
97963,17963,2,0,17.1,7.4,63
97964,17964,2,1,2.4,8.4,36
97965,17965,5,3,12.5,4.8,10
97966,17966,3,2,13.3,6.1,40
97967,17967,1,0,11.1,5.8,1
97968,17968,4,0,27.1,7.8,64
97969,17969,2,2,15.6,6.2,29
97970,17970,1,0,2.0,7.8,58
97971,17971,1,0,24.9,7.2,28
97972,17972,10,3,29.2,6.3,26
97973,17973,5,2,2.0,6.7,42
97974,17974,1,1,36.7,9.1,72
97975,17975,5,0,25.8,5.6,16
97976,17976,2,2,27.7,6.3,2
97977,17977,1,1,16.6,9.3,64
97978,17978,5,0,57.7,4.9,11
97979,17979,2,0,32.0,6.7,37
97980,17980,3,2,19.0,7.5,23
97981,17981,4,2,41.4,5.0,10
97982,17982,3,1,22.2,6.3,28
97983,17983,1,0,6.4,9.8,82
97984,17984,2,0,32.0,7.1,51
97985,17985,3,1,36.4,5.7,35
97986,17986,3,0,19.8,6.7,35
97987,17987,2,1,14.9,6.1,12
97988,17988,1,1,49.5,9.1,50
97989,17989,4,2,12.7,7.8,71
97990,17990,0,0,37.6,7.7,47
97991,17991,7,3,19.2,4.3,-13
97992,17992,6,3,28.8,4.4,-6
97993,17993,1,0,43.5,8.9,70
97994,17994,1,1,2.0,8.1,52
97995,17995,1,0,31.8,8.2,70
97996,17996,3,2,52.6,6.4,22
97997,17997,5,3,28.7,3.6,6
97998,17998,2,1,2.1,8.7,70
97999,17999,5,0,16.9,7.4,46
98000,18000,1,0,22.4,7.4,36
98001,18001,5,2,9.1,5.8,16
98002,18002,3,1,2.0,5.8,11
98003,18003,3,0,31.1,6.4,17
98004,18004,4,1,19.8,4.7,3
98005,18005,2,1,17.2,6.0,19
98006,18006,4,2,2.0,4.7,-2
98007,18007,2,0,12.7,9.0,56
98008,18008,2,1,5.4,7.2,58
98009,18009,1,1,2.0,7.5,31
98010,18010,1,0,26.3,8.4,70
98011,18011,4,2,30.3,5.0,-9
98012,18012,2,1,8.4,6.6,23
98013,18013,1,0,39.6,7.3,32
98014,18014,4,1,30.6,5.9,19
98015,18015,2,0,4.4,7.7,54
98016,18016,4,1,24.7,6.3,17
98017,18017,4,0,40.5,6.3,14
98018,18018,3,1,23.4,7.4,30
98019,18019,2,0,29.1,7.2,55
98020,18020,2,0,19.6,9.0,55
98021,18021,3,0,9.8,7.0,34
98022,18022,1,0,41.1,7.4,11
98023,18023,3,1,44.3,6.0,37
98024,18024,0,0,25.8,10.0,60
98025,18025,3,1,2.0,6.1,21
98026,18026,2,1,35.3,6.4,32
98027,18027,0,0,42.2,6.8,26
98028,18028,0,0,18.4,7.2,46
98029,18029,4,0,10.2,5.9,30
98030,18030,1,0,28.8,9.2,77
98031,18031,2,0,18.6,6.3,20
98032,18032,1,0,27.2,6.1,27
98033,18033,1,0,9.0,8.0,62
98034,18034,4,1,35.6,4.8,18
98035,18035,1,0,2.9,7.9,44
98036,18036,4,1,11.9,4.4,2
98037,18037,1,1,54.3,7.9,34
98038,18038,1,0,33.8,7.0,15
98039,18039,3,3,18.7,7.4,42
98040,18040,3,0,21.0,7.6,44
98041,18041,1,1,37.3,4.8,16
98042,18042,4,1,31.7,7.8,61
98043,18043,1,0,34.8,8.2,45
98044,18044,1,1,37.1,8.8,84
98045,18045,1,0,2.0,9.5,76
98046,18046,4,1,18.8,6.6,25
98047,18047,1,0,36.6,7.4,45
98048,18048,1,0,31.7,9.8,74
98049,18049,7,2,37.6,3.0,-32
98050,18050,1,0,33.5,9.5,96
98051,18051,4,1,35.9,6.7,38
98052,18052,4,1,34.1,8.4,92
98053,18053,2,1,23.8,7.5,45
98054,18054,3,0,40.6,5.6,16
98055,18055,3,0,2.0,6.7,35
98056,18056,1,1,24.9,7.6,44
98057,18057,0,0,34.5,8.9,74
98058,18058,4,0,33.5,6.7,45
98059,18059,4,0,13.6,7.4,50
98060,18060,2,0,2.0,8.1,47
98061,18061,0,0,37.1,7.7,31
98062,18062,1,0,3.5,8.4,50
98063,18063,3,0,30.3,7.7,50
98064,18064,4,1,7.1,7.2,41
98065,18065,2,0,16.8,7.1,29
98066,18066,2,1,39.9,6.2,31
98067,18067,2,1,12.8,6.2,54
98068,18068,4,0,6.4,8.3,63
98069,18069,5,1,46.8,6.3,21
98070,18070,0,0,32.7,7.0,71
98071,18071,1,0,19.6,6.6,29
98072,18072,1,1,22.2,7.6,65
98073,18073,2,0,22.0,6.9,51
98074,18074,3,1,29.8,8.1,43
98075,18075,1,0,3.7,7.7,59
98076,18076,2,0,44.0,8.0,36
98077,18077,0,0,16.4,6.6,19
98078,18078,2,1,23.3,9.4,69
98079,18079,5,1,10.5,6.1,28
98080,18080,1,0,35.1,8.5,48
98081,18081,2,1,22.3,6.6,23
98082,18082,2,1,49.7,5.7,24
98083,18083,2,1,28.4,6.8,48
98084,18084,3,0,35.2,7.6,35
98085,18085,1,0,30.0,7.1,36
98086,18086,5,0,63.5,6.0,28
98087,18087,7,1,17.9,5.7,11
98088,18088,5,1,25.5,4.3,-5
98089,18089,3,0,25.6,6.1,15
98090,18090,5,1,40.1,8.6,66
98091,18091,0,0,32.0,8.3,75
98092,18092,2,0,29.8,6.8,19
98093,18093,4,1,22.3,7.3,59
98094,18094,3,2,57.9,7.4,53
98095,18095,2,1,27.1,6.9,38
98096,18096,3,0,15.9,6.9,41
98097,18097,3,0,15.6,6.8,42
98098,18098,2,1,15.3,8.1,67
98099,18099,4,1,10.4,7.0,30
98100,18100,2,0,12.4,7.3,43
98101,18101,4,0,16.6,8.2,67
98102,18102,1,0,10.0,6.9,30
98103,18103,3,1,22.1,6.8,16
98104,18104,3,2,37.0,7.4,68
98105,18105,2,0,29.8,8.0,17
98106,18106,3,0,30.0,6.8,35
98107,18107,2,0,16.6,7.6,46
98108,18108,1,0,15.2,8.0,62
98109,18109,2,1,10.7,7.3,40
98110,18110,6,2,20.1,4.7,-13
98111,18111,0,0,21.0,8.3,48
98112,18112,1,1,9.3,6.3,32
98113,18113,6,1,5.9,5.1,-20
98114,18114,1,0,3.1,8.1,65
98115,18115,0,0,41.1,6.9,11
98116,18116,4,0,27.1,5.4,6
98117,18117,6,3,14.4,6.0,13
98118,18118,0,0,25.5,6.2,21
98119,18119,6,0,16.1,5.3,4
98120,18120,2,1,31.0,5.2,-4
98121,18121,2,0,19.2,6.9,32
98122,18122,3,0,13.4,7.7,64
98123,18123,4,2,22.9,5.4,-3
98124,18124,1,0,5.5,8.7,64
98125,18125,4,2,40.0,4.3,-25
98126,18126,2,0,2.0,7.9,53
98127,18127,2,0,37.9,8.1,51
98128,18128,5,0,13.3,7.5,55
98129,18129,2,1,40.3,7.4,46
98130,18130,5,2,13.7,5.6,0
98131,18131,2,1,2.0,5.7,1
98132,18132,5,3,23.4,5.7,6
98133,18133,5,2,60.9,6.1,2
98134,18134,4,1,46.5,5.7,33
98135,18135,6,3,45.7,6.2,39
98136,18136,3,0,41.7,6.5,42
98137,18137,2,0,2.0,9.0,66
98138,18138,1,0,18.3,7.4,46
98139,18139,1,0,30.2,8.8,78
98140,18140,4,0,7.7,8.2,64
98141,18141,3,1,39.4,5.3,-15
98142,18142,5,2,24.6,6.5,25
98143,18143,3,1,34.3,6.3,20
98144,18144,3,2,43.0,5.2,11
98145,18145,1,0,31.4,8.3,63
98146,18146,3,2,6.0,6.9,40
98147,18147,2,1,2.0,7.3,41
98148,18148,1,0,8.4,8.4,56
98149,18149,3,0,6.2,5.5,5
98150,18150,3,1,23.1,7.6,33
98151,18151,3,0,5.9,8.1,54
98152,18152,2,0,4.0,7.8,47
98153,18153,1,1,39.1,7.6,42
98154,18154,4,2,6.4,6.3,23
98155,18155,4,0,15.6,7.3,26
98156,18156,3,1,21.6,6.2,44
98157,18157,0,0,25.3,7.1,31
98158,18158,1,0,31.7,8.4,89
98159,18159,3,0,13.8,8.8,65
98160,18160,4,0,2.0,8.8,73
98161,18161,1,0,20.7,7.2,66
98162,18162,2,1,10.7,9.7,100
98163,18163,4,0,51.4,8.8,73
98164,18164,3,0,70.5,7.4,39
98165,18165,5,1,3.2,5.1,7
98166,18166,3,1,23.6,6.8,40
98167,18167,5,1,14.8,5.7,2
98168,18168,3,0,10.8,6.7,6
98169,18169,3,0,33.6,7.1,20
98170,18170,2,0,38.5,6.4,28
98171,18171,2,0,35.8,8.7,66
98172,18172,1,0,39.8,9.5,100
98173,18173,4,1,27.0,6.8,31
98174,18174,2,1,7.4,8.0,59
98175,18175,0,0,37.5,7.9,56
98176,18176,4,1,19.7,5.6,-2
98177,18177,3,2,24.1,6.0,6
98178,18178,1,1,41.5,6.3,40
98179,18179,3,1,3.1,6.9,19
98180,18180,4,1,38.9,6.2,14
98181,18181,0,0,16.5,9.5,68
98182,18182,4,1,49.8,5.8,-13
98183,18183,1,0,28.7,9.7,91
98184,18184,6,1,33.6,5.6,25
98185,18185,6,1,13.7,5.1,1
98186,18186,2,2,8.8,6.2,34
98187,18187,3,0,68.6,8.5,59
98188,18188,3,0,2.0,7.6,61
98189,18189,3,1,9.1,6.6,51
98190,18190,5,0,21.5,8.5,75
98191,18191,3,1,35.2,6.5,24
98192,18192,0,0,20.4,8.2,41
98193,18193,0,0,10.9,6.9,35
98194,18194,3,1,19.0,5.9,23
98195,18195,3,1,30.1,6.9,23
98196,18196,4,2,59.9,6.3,22
98197,18197,2,2,25.0,7.5,49
98198,18198,5,1,47.3,6.1,21
98199,18199,4,0,5.8,5.6,27
98200,18200,0,0,28.7,7.4,40
98201,18201,0,0,33.9,9.7,72
98202,18202,0,0,30.2,9.7,99
98203,18203,0,0,22.5,8.4,73
98204,18204,1,0,42.9,7.3,32
98205,18205,3,0,25.4,7.6,46
98206,18206,3,0,15.2,6.7,15
98207,18207,4,2,2.0,8.2,77
98208,18208,4,1,35.5,6.8,24
98209,18209,1,0,15.0,7.3,46
98210,18210,4,1,20.7,7.1,45
98211,18211,2,2,5.8,6.9,15
98212,18212,2,0,41.6,7.8,45
98213,18213,0,0,31.1,7.9,26
98214,18214,3,0,14.2,8.1,32
98215,18215,2,1,26.3,8.2,35
98216,18216,4,0,23.8,6.4,18
98217,18217,1,0,37.9,7.7,48
98218,18218,3,1,17.6,7.4,42
98219,18219,1,1,10.0,5.4,7
98220,18220,3,2,27.3,5.6,11
98221,18221,1,0,19.7,7.8,34
98222,18222,3,1,17.3,6.4,28
98223,18223,2,1,23.6,6.5,29
98224,18224,0,0,26.0,8.3,70
98225,18225,2,0,17.6,7.2,25
98226,18226,5,1,2.0,6.3,17
98227,18227,5,2,25.1,6.0,22
98228,18228,3,1,45.4,6.6,25
98229,18229,1,1,40.1,8.1,46
98230,18230,2,0,25.7,7.4,52
98231,18231,2,1,16.0,7.1,31
98232,18232,0,0,14.5,7.2,61
98233,18233,3,2,29.4,6.1,26
98234,18234,1,0,34.6,8.3,44
98235,18235,5,3,12.3,4.5,-2
98236,18236,7,3,33.6,5.2,9
98237,18237,1,0,43.1,7.5,65
98238,18238,3,0,39.6,8.7,58
98239,18239,1,0,24.7,6.7,29
98240,18240,1,0,2.0,8.9,91
98241,18241,4,1,16.9,5.5,26
98242,18242,3,0,2.0,8.1,63
98243,18243,2,0,19.6,6.9,31
98244,18244,4,1,3.1,7.0,38
98245,18245,3,1,23.0,7.3,25
98246,18246,2,1,2.0,6.1,28
98247,18247,2,1,26.0,7.0,11
98248,18248,2,0,22.3,6.8,25
98249,18249,5,2,46.2,5.7,27
98250,18250,2,1,16.6,6.9,27
98251,18251,3,0,2.0,7.3,38
98252,18252,6,2,29.2,6.5,13
98253,18253,2,2,21.7,5.9,9
98254,18254,4,1,34.6,7.2,41
98255,18255,4,0,4.8,5.7,8
98256,18256,3,0,28.6,7.2,48
98257,18257,4,2,21.9,4.3,7
98258,18258,2,1,24.1,7.2,42
98259,18259,0,0,32.4,7.1,65
98260,18260,4,1,62.6,6.8,32
98261,18261,1,0,32.3,8.4,57
98262,18262,4,0,35.7,6.6,16
98263,18263,5,0,20.5,7.4,32
98264,18264,4,1,46.7,6.9,17
98265,18265,4,1,2.0,5.7,17
98266,18266,1,1,4.8,8.7,80
98267,18267,3,1,2.0,7.6,28
98268,18268,2,1,26.0,6.1,9
98269,18269,3,1,49.0,8.0,67
98270,18270,5,1,30.3,7.9,43
98271,18271,1,0,29.1,8.6,77
98272,18272,3,0,38.8,7.6,51
98273,18273,4,2,15.7,5.1,-13
98274,18274,0,0,12.4,7.6,32
98275,18275,4,1,33.6,7.7,52
98276,18276,2,0,78.5,5.8,15
98277,18277,6,2,18.9,5.8,21
98278,18278,4,0,23.6,6.4,1
98279,18279,3,1,13.5,6.5,32
98280,18280,1,0,53.8,9.4,98
98281,18281,1,0,29.9,7.3,22
98282,18282,1,1,4.1,7.7,46
98283,18283,2,0,11.3,8.9,74
98284,18284,1,0,14.1,8.3,58
98285,18285,2,1,10.8,8.5,70
98286,18286,4,2,47.8,6.9,3
98287,18287,3,1,49.7,7.3,50
98288,18288,0,0,12.1,6.9,49
98289,18289,3,0,18.6,7.8,17
98290,18290,1,0,31.5,6.9,55
98291,18291,5,2,62.0,5.2,-8
98292,18292,4,1,23.4,6.2,17
98293,18293,5,0,20.9,7.1,35
98294,18294,2,1,49.2,7.0,56
98295,18295,3,3,10.9,4.7,-10
98296,18296,2,0,38.0,7.6,46
98297,18297,2,0,12.3,6.9,48
98298,18298,3,0,34.7,8.5,65
98299,18299,4,0,41.7,6.8,28
98300,18300,5,2,4.0,3.2,-30
98301,18301,3,0,29.9,7.0,38
98302,18302,6,2,18.9,5.6,7
98303,18303,4,1,45.5,6.2,35
98304,18304,2,0,4.1,5.9,26
98305,18305,5,0,2.7,5.6,5
98306,18306,4,1,31.1,4.5,-5
98307,18307,2,0,2.0,5.3,22
98308,18308,4,3,26.1,5.5,-17
98309,18309,3,0,18.8,5.9,22
98310,18310,2,1,6.9,4.9,-11
98311,18311,2,0,3.9,7.5,50
98312,18312,1,0,16.2,7.4,56
98313,18313,3,0,24.2,6.5,35
98314,18314,0,0,50.3,7.9,56
98315,18315,1,0,36.1,9.1,57
98316,18316,3,1,21.5,7.1,54
98317,18317,5,0,48.4,5.7,-4
98318,18318,0,0,46.1,9.4,66
98319,18319,1,0,13.0,9.0,60
98320,18320,2,0,28.9,7.7,53
98321,18321,0,0,34.4,7.7,52
98322,18322,3,0,12.9,7.7,33
98323,18323,1,0,45.9,8.5,51
98324,18324,1,0,25.4,9.7,100
98325,18325,1,0,23.2,7.7,61
98326,18326,3,1,54.1,5.0,12
98327,18327,2,0,17.3,7.4,39
98328,18328,1,0,31.4,7.6,28
98329,18329,3,2,14.5,5.5,11
98330,18330,2,1,7.0,8.1,59
98331,18331,2,0,18.7,6.2,25
98332,18332,5,2,56.9,4.9,-14
98333,18333,2,0,33.5,6.7,45
98334,18334,1,1,2.0,6.2,33
98335,18335,2,0,2.0,8.2,54
98336,18336,0,0,18.7,6.7,55
98337,18337,2,0,15.9,7.2,60
98338,18338,2,0,28.1,7.1,36
98339,18339,1,0,11.6,9.4,86
98340,18340,4,0,32.2,5.7,26
98341,18341,1,0,19.0,7.1,45
98342,18342,4,1,35.0,6.7,46
98343,18343,3,0,32.5,6.5,38
98344,18344,5,4,26.6,4.4,-32
98345,18345,2,0,11.0,8.6,58
98346,18346,5,3,39.1,3.4,-67
98347,18347,1,0,37.9,7.8,55
98348,18348,1,0,2.0,8.5,50
98349,18349,2,0,28.5,6.6,45
98350,18350,1,0,27.9,8.1,39
98351,18351,5,2,9.3,5.4,25
98352,18352,1,0,25.0,8.8,74
98353,18353,0,0,39.1,10.0,100
98354,18354,3,0,25.4,8.6,57
98355,18355,2,2,35.9,7.7,46
98356,18356,3,0,31.1,7.1,34
98357,18357,1,0,4.7,7.4,43
98358,18358,4,3,5.2,5.5,24
98359,18359,1,1,30.9,6.7,29
98360,18360,1,1,5.6,8.3,58
98361,18361,2,2,2.0,7.7,30
98362,18362,4,0,18.2,7.7,47
98363,18363,1,0,62.7,7.8,62
98364,18364,4,2,63.5,3.9,1
98365,18365,3,1,29.6,6.6,36
98366,18366,0,0,20.2,8.1,68
98367,18367,3,1,62.7,5.5,19
98368,18368,1,0,27.8,6.6,13
98369,18369,0,0,10.5,8.0,60
98370,18370,2,1,31.0,6.5,22
98371,18371,2,0,8.6,7.0,53
98372,18372,3,2,37.2,5.5,6
98373,18373,1,1,2.0,6.4,34
98374,18374,2,1,20.4,7.3,58
98375,18375,2,1,30.9,7.9,24
98376,18376,1,1,35.0,8.1,65
98377,18377,2,1,35.8,6.9,49
98378,18378,1,0,44.2,5.5,25
98379,18379,2,0,23.9,5.8,19
98380,18380,3,3,10.1,5.9,27
98381,18381,4,1,12.1,6.6,41
98382,18382,3,0,24.1,8.3,71
98383,18383,0,0,24.3,10.0,93
98384,18384,5,1,40.4,6.2,12
98385,18385,3,0,13.5,5.4,1
98386,18386,5,1,34.6,6.9,49
98387,18387,2,0,60.3,9.5,84
98388,18388,3,0,7.4,8.0,73
98389,18389,4,2,30.9,6.7,11
98390,18390,3,0,5.6,6.1,18
98391,18391,2,0,24.3,6.3,22
98392,18392,4,0,21.3,4.7,-16
98393,18393,1,0,2.0,7.4,43
98394,18394,1,0,7.1,7.9,42
98395,18395,0,0,30.5,7.9,61
98396,18396,4,1,47.7,7.3,66
98397,18397,2,0,19.4,7.8,41
98398,18398,2,0,39.9,6.8,47
98399,18399,4,2,2.0,5.2,11
98400,18400,3,1,22.9,6.5,49
98401,18401,1,0,42.9,8.8,61
98402,18402,4,0,46.1,6.1,10
98403,18403,2,2,11.1,6.4,29
98404,18404,0,0,13.9,7.8,61
98405,18405,3,1,14.9,6.1,23
98406,18406,0,0,7.8,7.7,47
98407,18407,2,1,23.9,6.2,19
98408,18408,5,2,18.8,4.3,-6
98409,18409,5,2,9.9,5.2,-1
98410,18410,3,0,26.1,7.3,43
98411,18411,3,1,33.6,7.3,51
98412,18412,1,0,10.5,7.6,50
98413,18413,2,0,35.6,8.5,90
98414,18414,1,0,34.4,7.9,53
98415,18415,5,1,17.1,4.2,-11
98416,18416,4,1,34.8,4.6,-9
98417,18417,2,1,40.6,7.4,45
98418,18418,4,1,26.7,5.8,19
98419,18419,3,0,25.1,8.7,63
98420,18420,3,0,19.7,7.3,28
98421,18421,3,1,2.0,6.2,13
98422,18422,2,0,7.2,7.9,47
98423,18423,5,1,22.7,4.6,-17
98424,18424,6,1,25.3,7.1,30
98425,18425,2,1,29.5,5.4,13
98426,18426,4,0,22.1,7.2,59
98427,18427,1,1,43.6,8.0,39
98428,18428,2,2,4.8,6.8,35
98429,18429,4,0,20.2,7.2,41
98430,18430,2,1,30.9,6.7,31
98431,18431,3,1,19.8,8.9,88
98432,18432,4,1,38.6,7.2,47
98433,18433,4,2,48.3,4.8,-10
98434,18434,1,0,19.4,7.5,40
98435,18435,5,1,33.5,4.6,-25
98436,18436,4,0,50.0,7.9,36
98437,18437,1,0,29.7,9.0,68
98438,18438,3,0,18.6,6.6,13
98439,18439,1,0,22.0,9.3,80
98440,18440,3,1,12.0,7.2,49
98441,18441,5,3,36.4,5.4,-2
98442,18442,3,2,32.6,4.6,-39
98443,18443,4,0,4.5,6.7,26
98444,18444,1,0,2.0,7.0,41
98445,18445,4,0,32.4,6.9,40
98446,18446,1,0,17.5,9.0,56
98447,18447,3,2,9.2,7.4,44
98448,18448,0,0,30.3,7.5,42
98449,18449,2,0,16.0,5.5,-12
98450,18450,3,1,19.4,6.6,36
98451,18451,0,0,49.5,7.5,46
98452,18452,2,0,18.0,9.3,100
98453,18453,3,1,17.1,7.9,34
98454,18454,3,0,2.0,6.8,22
98455,18455,3,0,2.0,6.9,31
98456,18456,4,3,23.0,4.6,-11
98457,18457,1,0,32.7,7.5,32
98458,18458,3,1,16.7,7.7,56
98459,18459,1,0,28.0,6.7,31
98460,18460,4,1,13.0,6.6,41
98461,18461,3,0,11.1,6.3,44
98462,18462,1,0,39.5,6.9,28
98463,18463,1,0,12.8,9.6,100
98464,18464,2,0,22.5,7.7,55
98465,18465,2,0,19.8,8.7,74
98466,18466,3,0,51.2,6.0,21
98467,18467,3,0,29.5,6.2,34
98468,18468,0,0,31.0,7.7,52
98469,18469,4,2,2.0,7.9,61
98470,18470,6,2,29.5,3.7,-18
98471,18471,2,1,49.3,6.4,43
98472,18472,1,1,12.6,9.1,89
98473,18473,2,0,5.9,6.8,49
98474,18474,5,0,21.2,7.1,62
98475,18475,4,1,34.2,5.5,1
98476,18476,0,0,10.9,7.9,61
98477,18477,3,1,44.5,6.8,9
98478,18478,2,1,25.1,7.3,32
98479,18479,0,0,41.4,8.4,66
98480,18480,4,2,35.7,6.0,2
98481,18481,2,0,17.7,5.2,19
98482,18482,3,0,51.0,7.4,48
98483,18483,0,0,23.1,6.7,28
98484,18484,2,0,20.1,7.6,40
98485,18485,3,1,36.3,7.2,41
98486,18486,2,1,26.0,7.4,41
98487,18487,4,2,5.2,6.3,26
98488,18488,2,0,2.0,8.6,52
98489,18489,3,1,4.0,7.0,9
98490,18490,0,0,48.7,7.4,29
98491,18491,3,1,5.4,5.2,18
98492,18492,4,1,29.9,7.2,45
98493,18493,1,0,10.8,8.7,83
98494,18494,1,0,12.1,7.9,45
98495,18495,4,0,30.6,6.6,47
98496,18496,5,1,2.0,6.1,15
98497,18497,1,0,38.3,6.2,23
98498,18498,4,1,31.2,6.1,26
98499,18499,4,2,18.9,5.6,35
98500,18500,2,1,27.4,6.7,45
98501,18501,2,1,13.1,7.0,41
98502,18502,6,1,27.5,6.0,12
98503,18503,2,1,32.6,8.0,36
98504,18504,3,1,7.7,5.5,-7
98505,18505,0,0,30.7,9.0,47
98506,18506,2,0,17.4,7.5,33
98507,18507,2,0,40.6,7.6,61
98508,18508,1,0,23.3,8.7,68
98509,18509,2,1,2.0,7.3,21
98510,18510,3,1,25.5,7.4,48
98511,18511,3,0,23.5,6.9,33
98512,18512,3,1,32.7,5.6,35
98513,18513,4,1,42.7,4.0,-15
98514,18514,3,1,36.8,6.2,14
98515,18515,3,1,42.8,5.1,-10
98516,18516,0,0,17.3,9.8,79
98517,18517,2,1,34.0,8.2,61
98518,18518,2,0,23.1,8.3,53
98519,18519,2,0,69.9,6.8,29
98520,18520,2,0,3.2,6.2,15
98521,18521,3,0,24.0,6.2,-2
98522,18522,2,1,24.0,8.4,80
98523,18523,2,1,35.1,8.6,64
98524,18524,1,0,22.2,9.1,91
98525,18525,4,0,46.4,5.1,-5
98526,18526,1,0,28.3,6.5,23
98527,18527,4,1,38.7,6.9,46
98528,18528,6,2,19.6,5.4,10
98529,18529,2,1,44.4,6.7,48
98530,18530,2,2,40.8,7.5,38
98531,18531,2,0,30.5,6.5,10
98532,18532,5,1,37.3,4.7,13
98533,18533,1,0,44.8,7.3,50
98534,18534,5,2,27.0,6.8,28
98535,18535,1,0,17.3,6.8,15
98536,18536,5,0,7.7,7.0,36
98537,18537,4,0,5.2,8.9,80
98538,18538,4,0,25.0,6.8,33
98539,18539,1,0,11.8,7.5,52
98540,18540,1,1,16.0,6.9,53
98541,18541,3,0,49.6,4.8,-1
98542,18542,1,1,57.9,6.6,20
98543,18543,2,0,33.4,7.7,54
98544,18544,3,2,37.7,6.6,31
98545,18545,2,0,3.8,9.9,90
98546,18546,6,1,23.5,6.5,35
98547,18547,2,0,25.2,6.8,29
98548,18548,3,1,31.4,6.0,20
98549,18549,1,0,21.1,4.8,-2
98550,18550,1,1,10.5,8.0,48
98551,18551,3,0,2.0,8.4,56
98552,18552,1,0,2.0,7.9,69
98553,18553,5,3,14.5,3.7,-12
98554,18554,4,1,6.5,6.6,45
98555,18555,3,0,8.5,8.0,15
98556,18556,6,3,47.4,4.6,3
98557,18557,4,0,20.8,7.4,27
98558,18558,4,0,33.8,6.2,17
98559,18559,3,1,2.0,6.8,29
98560,18560,3,2,50.7,5.1,-6
98561,18561,1,0,44.8,8.1,40
98562,18562,5,2,20.2,4.3,-12
98563,18563,3,1,4.0,6.7,27
98564,18564,2,1,37.1,6.6,29
98565,18565,1,0,21.2,7.6,44
98566,18566,1,1,43.3,8.0,37
98567,18567,3,1,26.8,8.4,67
98568,18568,3,2,17.1,6.2,30
98569,18569,1,1,31.7,6.4,20
98570,18570,4,0,21.7,7.0,35
98571,18571,0,0,20.2,8.7,74
98572,18572,1,0,19.8,7.5,37
98573,18573,0,0,48.0,8.8,52
98574,18574,2,1,18.1,7.0,43
98575,18575,4,1,2.0,7.0,48
98576,18576,0,0,16.7,10.0,85
98577,18577,2,1,2.0,6.1,-6
98578,18578,2,1,21.4,6.9,50
98579,18579,7,2,15.9,3.1,-32
98580,18580,2,0,34.1,7.3,53
98581,18581,3,2,16.1,6.9,24
98582,18582,2,1,6.4,7.9,69
98583,18583,2,0,40.8,7.4,50
98584,18584,1,0,16.6,6.7,32
98585,18585,3,0,24.6,6.5,11
98586,18586,2,0,13.4,6.3,26
98587,18587,2,2,20.8,7.3,56
98588,18588,4,0,20.2,6.3,29
98589,18589,3,1,51.9,7.0,50
98590,18590,2,0,21.1,6.4,21
98591,18591,3,0,26.2,5.2,17
98592,18592,2,0,25.2,7.2,31
98593,18593,2,1,2.0,6.2,12
98594,18594,5,1,11.2,7.6,43
98595,18595,4,2,3.8,5.0,-11
98596,18596,2,1,5.2,8.6,55
98597,18597,1,0,25.5,8.0,32
98598,18598,5,1,29.3,4.0,0
98599,18599,1,0,25.8,6.9,39
98600,18600,5,1,9.7,6.4,34
98601,18601,1,0,38.6,8.9,76
98602,18602,1,0,11.8,8.3,36
98603,18603,1,1,11.8,7.7,40
98604,18604,1,0,16.1,7.3,59
98605,18605,2,0,21.0,7.1,35
98606,18606,2,0,2.0,7.3,36
98607,18607,2,2,6.0,6.6,35
98608,18608,6,1,29.6,5.3,-6
98609,18609,2,0,35.2,5.6,24
98610,18610,3,0,15.7,6.4,0
98611,18611,8,1,39.5,6.1,36
98612,18612,6,1,28.5,7.3,45
98613,18613,4,1,52.9,5.7,25
98614,18614,2,0,26.7,7.8,51
98615,18615,1,0,39.8,8.8,65
98616,18616,4,1,2.0,7.0,28
98617,18617,2,1,34.0,6.8,28
98618,18618,2,1,7.7,5.2,1
98619,18619,2,0,48.3,7.7,50
98620,18620,5,2,20.1,5.9,19
98621,18621,3,2,36.2,8.0,39
98622,18622,2,0,10.4,7.4,59
98623,18623,2,1,27.9,6.8,47
98624,18624,0,0,50.0,8.0,63
98625,18625,6,0,2.0,6.4,13
98626,18626,0,0,19.1,10.0,82
98627,18627,1,1,2.0,8.3,67
98628,18628,4,2,22.2,5.4,4
98629,18629,4,1,15.1,6.6,19
98630,18630,5,0,42.3,6.4,34
98631,18631,1,0,19.6,8.4,69
98632,18632,1,0,20.9,7.1,28
98633,18633,2,1,10.4,6.7,28
98634,18634,4,0,31.3,8.0,58
98635,18635,3,1,51.8,6.8,18
98636,18636,0,0,43.1,8.9,79
98637,18637,3,0,6.3,7.4,44
98638,18638,2,1,11.7,6.9,22
98639,18639,1,0,24.5,8.0,28
98640,18640,0,0,16.4,7.7,44
98641,18641,2,0,14.6,7.7,56
98642,18642,2,0,22.3,6.7,56
98643,18643,4,3,7.6,4.0,-15
98644,18644,3,1,44.4,7.3,39
98645,18645,3,0,35.5,8.0,60
98646,18646,2,0,39.8,6.3,21
98647,18647,4,2,34.9,6.9,22
98648,18648,3,0,9.1,5.8,-11
98649,18649,0,0,16.0,7.5,36
98650,18650,1,0,38.9,8.4,67
98651,18651,3,1,38.5,8.3,38
98652,18652,3,2,7.0,7.4,27
98653,18653,5,1,30.3,6.2,33
98654,18654,5,1,29.8,5.6,-7
98655,18655,5,1,37.2,5.4,26
98656,18656,2,0,32.4,7.8,66
98657,18657,0,0,50.3,7.8,62
98658,18658,0,0,14.0,7.9,62
98659,18659,0,0,37.2,9.6,100
98660,18660,4,1,14.3,5.2,11
98661,18661,4,2,3.9,5.3,2
98662,18662,3,1,2.0,5.5,12
98663,18663,0,0,36.4,8.5,58
98664,18664,0,0,39.9,7.9,59
98665,18665,2,0,25.9,7.7,63
98666,18666,6,2,2.0,4.6,-19
98667,18667,1,0,9.7,7.7,58
98668,18668,3,0,23.7,5.5,-13
98669,18669,2,1,52.2,7.0,36
98670,18670,3,0,20.5,7.8,70
98671,18671,0,0,18.7,8.0,33
98672,18672,1,0,28.4,7.8,61
98673,18673,4,1,18.9,6.7,54
98674,18674,6,0,38.9,6.5,26
98675,18675,2,1,2.0,5.7,-14
98676,18676,1,0,24.9,8.1,50
98677,18677,0,0,41.6,9.2,89
98678,18678,5,1,47.9,6.2,44
98679,18679,3,0,31.0,6.9,24
98680,18680,3,0,24.6,9.1,62
98681,18681,3,0,5.4,6.4,29
98682,18682,2,0,47.8,6.4,43
98683,18683,3,0,30.6,7.1,51
98684,18684,1,0,2.0,8.0,63
98685,18685,1,1,35.9,7.1,67
98686,18686,4,1,11.5,7.3,51
98687,18687,3,0,28.3,7.1,27
98688,18688,7,2,4.2,2.6,-27
98689,18689,2,0,22.3,6.9,31
98690,18690,3,0,41.3,8.3,63
98691,18691,2,0,15.3,6.0,35
98692,18692,4,2,46.9,5.9,47
98693,18693,5,0,25.0,5.8,15
98694,18694,1,0,36.9,7.1,38
98695,18695,1,1,31.0,7.7,48
98696,18696,3,1,35.1,5.1,16
98697,18697,8,4,2.0,4.4,-4
98698,18698,2,1,10.5,6.8,37
98699,18699,4,1,39.2,5.3,-2
98700,18700,4,2,5.2,5.6,16
98701,18701,3,1,19.6,6.4,48
98702,18702,1,0,22.3,8.0,54
98703,18703,2,0,29.8,5.7,14
98704,18704,3,0,42.4,7.1,41
98705,18705,1,1,45.9,7.1,58
98706,18706,3,2,28.7,5.3,22
98707,18707,4,1,44.3,7.0,30
98708,18708,2,1,40.4,7.7,31
98709,18709,2,0,39.8,6.9,39
98710,18710,5,1,19.8,7.8,51
98711,18711,3,1,30.1,7.5,46
98712,18712,1,0,18.7,9.0,69
98713,18713,2,0,30.6,9.3,73
98714,18714,1,0,16.3,9.2,80
98715,18715,3,1,8.0,7.3,38
98716,18716,0,0,23.3,9.4,66
98717,18717,3,0,26.5,5.5,-3
98718,18718,1,1,2.0,7.3,33
98719,18719,0,0,16.8,8.5,66
98720,18720,1,0,26.0,8.6,62
98721,18721,3,0,30.9,7.2,36
98722,18722,0,0,31.2,7.3,38
98723,18723,1,0,29.8,8.2,56
98724,18724,2,1,5.0,8.8,68
98725,18725,3,2,20.7,5.0,-6
98726,18726,2,1,26.5,6.9,34
98727,18727,2,1,19.7,7.4,42
98728,18728,5,3,38.8,5.3,8
98729,18729,2,0,8.4,6.9,37
98730,18730,2,0,33.2,6.9,22
98731,18731,2,0,27.6,7.4,32
98732,18732,2,0,4.6,8.2,56
98733,18733,2,0,34.6,7.4,48
98734,18734,4,3,11.5,5.4,-2
98735,18735,5,1,2.0,6.0,28
98736,18736,0,0,32.7,9.1,85
98737,18737,3,2,2.0,5.8,13
98738,18738,1,0,40.4,7.4,29
98739,18739,3,1,9.7,6.7,27
98740,18740,4,0,8.3,4.8,16
98741,18741,3,3,3.4,6.9,55
98742,18742,2,1,27.4,6.2,34
98743,18743,1,0,21.3,7.3,49
98744,18744,1,0,50.7,7.4,47
98745,18745,2,0,51.9,8.0,74
98746,18746,5,1,3.8,7.0,42
98747,18747,1,0,23.1,6.4,26
98748,18748,1,1,37.1,7.9,49
98749,18749,4,1,40.6,8.1,60
98750,18750,4,2,2.9,6.5,32
98751,18751,2,1,34.6,7.6,58
98752,18752,1,0,19.6,7.8,64
98753,18753,6,4,57.5,4.8,-8
98754,18754,5,2,13.7,6.2,17
98755,18755,4,2,2.0,4.9,-14
98756,18756,2,2,2.0,8.6,68
98757,18757,3,0,46.4,8.4,73
98758,18758,2,0,25.0,7.1,43
98759,18759,1,0,40.8,9.1,75
98760,18760,3,0,28.6,6.3,27
98761,18761,1,1,13.6,7.2,26
98762,18762,3,0,26.9,7.0,18
98763,18763,2,0,31.5,8.3,72
98764,18764,0,0,41.9,7.9,30
98765,18765,5,0,28.0,7.3,21
98766,18766,5,1,13.1,7.4,40
98767,18767,0,0,11.7,8.4,69
98768,18768,4,1,42.2,4.8,0
98769,18769,0,0,20.9,8.0,52
98770,18770,1,0,2.0,8.1,46
98771,18771,3,1,47.1,3.6,-23
98772,18772,1,0,26.8,6.9,19
98773,18773,0,0,17.0,8.3,46
98774,18774,2,0,43.6,7.0,40
98775,18775,0,0,37.0,8.1,67
98776,18776,2,0,67.4,8.2,44
98777,18777,5,1,9.6,6.7,35
98778,18778,5,1,49.6,6.7,28
98779,18779,1,0,41.7,7.2,38
98780,18780,3,0,14.9,8.2,74
98781,18781,0,0,55.0,6.0,5
98782,18782,3,0,27.2,7.4,28
98783,18783,0,0,29.1,8.4,55
98784,18784,0,0,5.5,6.8,32
98785,18785,1,0,35.0,8.4,61
98786,18786,1,1,21.6,7.4,52
98787,18787,4,1,21.8,7.3,51
98788,18788,4,1,2.0,5.6,-12
98789,18789,5,1,29.7,5.9,22
98790,18790,3,1,29.8,7.1,44
98791,18791,4,2,29.3,6.3,34
98792,18792,4,0,2.0,6.7,50
98793,18793,2,0,46.1,8.2,65
98794,18794,1,1,31.8,6.7,42
98795,18795,2,0,32.4,5.7,28
98796,18796,2,0,23.9,7.4,34
98797,18797,1,0,2.0,7.9,62
98798,18798,2,1,16.8,5.7,1
98799,18799,3,2,19.1,6.0,8
98800,18800,1,0,18.7,8.7,61
98801,18801,2,1,6.0,7.9,52
98802,18802,2,1,50.0,5.9,13
98803,18803,3,1,37.2,6.6,43
98804,18804,1,0,46.5,9.2,75
98805,18805,3,1,39.0,6.9,17
98806,18806,0,0,25.7,8.9,73
98807,18807,1,0,44.0,6.4,30
98808,18808,2,0,4.2,8.5,58
98809,18809,4,0,35.9,5.5,14
98810,18810,2,0,5.4,6.7,46
98811,18811,0,0,18.5,8.1,46
98812,18812,3,0,8.5,7.4,24
98813,18813,2,1,55.2,7.1,54
98814,18814,2,0,15.2,8.9,61
98815,18815,3,0,37.6,7.0,32
98816,18816,3,0,2.0,6.8,28
98817,18817,2,1,20.0,6.0,7
98818,18818,0,0,23.9,7.6,39
98819,18819,4,2,35.1,4.1,-33
98820,18820,2,0,10.9,9.5,64
98821,18821,4,0,47.1,7.2,31
98822,18822,6,1,24.2,6.2,32
98823,18823,1,0,19.2,6.8,28
98824,18824,6,2,20.8,5.0,-5
98825,18825,2,1,57.3,6.0,20
98826,18826,1,0,32.7,8.3,64
98827,18827,3,1,39.8,7.5,50
98828,18828,1,0,33.6,8.5,80
98829,18829,2,1,18.4,7.0,29
98830,18830,1,0,39.5,9.1,75
98831,18831,3,0,48.0,5.9,11
98832,18832,3,0,26.4,7.5,60
98833,18833,2,0,42.4,6.8,18
98834,18834,0,0,43.8,7.8,61
98835,18835,2,0,10.2,7.4,29
98836,18836,1,1,20.3,6.3,-3
98837,18837,1,0,33.4,7.5,63
98838,18838,0,0,2.0,7.4,45
98839,18839,3,1,23.7,7.8,43
98840,18840,3,1,26.5,6.8,37
98841,18841,1,0,27.5,7.5,46
98842,18842,1,0,29.6,8.2,60
98843,18843,1,0,59.1,6.5,29
98844,18844,5,2,40.2,5.0,-8
98845,18845,3,0,27.5,7.0,31
98846,18846,1,0,19.7,6.9,23
98847,18847,3,1,40.9,8.3,55
98848,18848,2,0,38.2,5.3,16
98849,18849,1,0,24.9,7.4,54
98850,18850,1,0,15.2,7.5,41
98851,18851,1,0,18.1,7.6,37
98852,18852,3,1,19.9,6.9,57
98853,18853,2,0,43.4,7.8,46
98854,18854,4,3,29.6,4.1,-6
98855,18855,5,2,38.7,5.7,14
98856,18856,4,3,56.6,7.0,24
98857,18857,2,1,22.2,6.7,37
98858,18858,2,1,31.3,7.4,41
98859,18859,5,2,27.1,5.6,13
98860,18860,4,2,42.9,6.2,11
98861,18861,3,2,32.3,7.1,45
98862,18862,2,1,14.0,7.8,49
98863,18863,0,0,61.7,7.8,55
98864,18864,1,0,9.4,5.4,2
98865,18865,2,1,16.8,6.2,19
98866,18866,1,1,33.8,6.0,11
98867,18867,4,2,34.0,6.7,37
98868,18868,3,0,26.0,8.5,62
98869,18869,2,0,20.9,8.4,74
98870,18870,2,0,39.0,6.6,38
98871,18871,3,0,36.4,7.6,35
98872,18872,3,1,38.7,7.1,39
98873,18873,3,1,7.6,5.7,33
98874,18874,3,2,40.2,6.5,19
98875,18875,4,1,22.6,5.2,13
98876,18876,0,0,29.2,7.7,55
98877,18877,2,1,14.9,6.4,11
98878,18878,3,1,22.4,7.0,52
98879,18879,8,3,7.2,4.2,0
98880,18880,6,3,15.3,4.8,-4
98881,18881,0,0,46.1,9.3,94
98882,18882,3,1,31.0,6.1,5
98883,18883,2,0,37.5,8.1,62
98884,18884,2,0,19.7,8.1,54
98885,18885,1,0,46.9,8.0,44
98886,18886,0,0,17.0,8.2,58
98887,18887,4,1,33.3,7.2,35
98888,18888,5,1,2.0,6.5,19
98889,18889,4,1,20.3,8.0,53
98890,18890,2,1,30.0,7.3,43
98891,18891,2,0,34.4,8.3,48
98892,18892,3,1,12.3,6.4,17
98893,18893,2,0,22.8,6.4,25
98894,18894,0,0,7.9,9.2,60
98895,18895,3,1,31.6,6.6,53
98896,18896,3,0,17.4,7.8,50
98897,18897,2,1,42.7,8.3,56
98898,18898,0,0,32.8,7.9,42
98899,18899,1,0,37.2,8.4,68
98900,18900,2,0,13.3,8.7,74
98901,18901,3,0,19.2,4.9,-20
98902,18902,7,1,13.2,5.1,-8
98903,18903,2,1,37.6,7.8,62
98904,18904,0,0,14.0,7.6,72
98905,18905,4,1,21.8,7.2,49
98906,18906,3,0,2.0,7.1,28
98907,18907,2,0,12.3,8.1,41
98908,18908,3,0,19.0,6.8,41
98909,18909,2,1,22.4,8.1,75
98910,18910,2,1,42.3,7.7,68
98911,18911,2,1,29.6,5.1,-23
98912,18912,1,0,21.9,6.7,30
98913,18913,1,0,16.6,8.6,51
98914,18914,0,0,28.2,10.0,72
98915,18915,1,1,23.7,5.7,10
98916,18916,3,2,9.2,5.0,-9
98917,18917,1,0,27.3,8.5,97
98918,18918,3,1,16.6,5.7,14
98919,18919,0,0,39.8,9.5,90
98920,18920,2,0,20.6,8.7,64
98921,18921,0,0,20.0,8.0,51
98922,18922,2,1,43.2,6.3,4
98923,18923,5,1,34.5,4.8,17
98924,18924,3,1,33.3,7.2,51
98925,18925,4,2,15.1,4.7,-3
98926,18926,2,0,2.0,8.5,59
98927,18927,4,2,4.0,5.8,11
98928,18928,3,0,29.7,7.9,37
98929,18929,1,0,48.7,9.8,91
98930,18930,3,0,10.5,5.5,19
98931,18931,7,3,60.3,4.6,12
98932,18932,0,0,26.8,6.2,-7
98933,18933,1,1,36.7,6.6,23
98934,18934,2,0,2.0,8.4,83
98935,18935,4,0,42.7,5.7,7
98936,18936,2,0,31.1,6.6,11
98937,18937,1,0,36.1,6.8,18
98938,18938,3,1,2.0,7.8,49
98939,18939,2,1,38.1,7.5,35
98940,18940,3,0,38.5,7.2,32
98941,18941,3,2,9.9,5.6,22
98942,18942,2,0,14.8,6.2,9
98943,18943,3,0,21.8,8.3,55
98944,18944,2,1,33.7,8.4,72
98945,18945,0,0,39.8,9.4,78
98946,18946,0,0,11.6,7.8,31
98947,18947,3,0,45.8,6.2,15
98948,18948,5,0,28.7,6.4,43
98949,18949,1,0,28.3,6.6,17
98950,18950,3,0,43.2,6.4,9
98951,18951,3,1,37.8,6.0,28
98952,18952,1,0,20.8,8.8,53
98953,18953,2,0,9.3,7.8,61
98954,18954,1,1,13.4,7.8,46
98955,18955,1,1,3.9,7.3,49
98956,18956,3,1,23.8,6.6,30
98957,18957,2,1,28.2,7.2,46
98958,18958,4,2,19.1,5.1,10
98959,18959,3,0,4.4,8.3,72
98960,18960,4,2,23.3,6.2,23
98961,18961,0,0,2.0,6.9,42
98962,18962,4,1,41.2,6.1,27
98963,18963,2,0,27.5,7.1,38
98964,18964,1,0,32.0,7.3,45
98965,18965,1,0,13.7,7.0,40
98966,18966,1,0,11.1,4.8,12
98967,18967,0,0,2.0,8.5,73
98968,18968,1,0,22.8,9.0,59
98969,18969,1,1,26.5,7.8,32
98970,18970,1,0,2.0,8.4,66
98971,18971,3,1,2.3,7.6,33
98972,18972,1,0,7.1,6.4,35
98973,18973,0,0,21.7,8.2,60
98974,18974,3,1,48.6,5.3,-8
98975,18975,0,0,35.1,9.1,97
98976,18976,2,2,41.7,7.8,43
98977,18977,3,0,22.4,6.4,29
98978,18978,2,0,36.5,6.8,36
98979,18979,2,1,12.8,6.1,12
98980,18980,4,0,24.2,6.9,38
98981,18981,1,0,52.0,5.9,1
98982,18982,4,3,30.5,5.4,10
98983,18983,3,0,2.1,6.3,17
98984,18984,3,1,9.1,7.4,34
98985,18985,1,1,2.0,7.4,49
98986,18986,2,0,46.7,7.4,54
98987,18987,3,0,26.1,6.4,14
98988,18988,2,0,37.0,7.1,23
98989,18989,6,4,12.1,3.2,-19
98990,18990,2,1,32.5,8.3,40
98991,18991,1,0,25.2,7.7,40
98992,18992,3,1,49.3,8.5,56
98993,18993,2,0,51.1,8.7,63
98994,18994,4,2,27.4,5.4,14
98995,18995,1,0,18.3,7.7,47
98996,18996,3,1,21.9,6.4,43
98997,18997,1,0,2.0,7.3,52
98998,18998,0,0,18.1,8.3,74
98999,18999,6,3,2.0,5.4,14
99000,19000,2,1,38.5,6.9,37
99001,19001,2,0,12.1,7.7,47
99002,19002,4,0,34.3,6.8,25
99003,19003,4,0,34.9,7.4,52
99004,19004,0,0,7.9,9.9,94
99005,19005,0,0,48.3,7.3,36
99006,19006,1,0,17.9,8.9,75
99007,19007,2,0,28.2,8.7,67
99008,19008,2,1,33.3,7.7,30
99009,19009,3,0,31.8,7.3,38
99010,19010,1,0,40.3,9.4,74
99011,19011,1,0,38.1,7.5,41
99012,19012,0,0,23.6,7.4,29
99013,19013,3,1,24.5,7.0,20
99014,19014,3,0,22.8,7.8,43
99015,19015,7,3,66.2,6.1,12
99016,19016,4,0,16.3,6.7,32
99017,19017,2,2,22.6,6.2,18
99018,19018,2,1,39.0,6.5,21
99019,19019,2,1,10.9,7.2,59
99020,19020,3,0,11.0,8.2,58
99021,19021,1,0,24.8,9.1,63
99022,19022,1,0,2.0,7.8,50
99023,19023,1,0,2.4,7.5,50
99024,19024,2,1,22.9,5.8,14
99025,19025,2,1,7.1,5.3,-11
99026,19026,5,2,48.9,7.9,59
99027,19027,4,0,18.2,8.3,68
99028,19028,2,1,19.4,5.9,-9
99029,19029,2,0,6.9,7.7,51
99030,19030,1,0,2.0,7.0,30
99031,19031,3,0,2.0,7.2,26
99032,19032,2,1,11.0,6.3,53
99033,19033,3,1,12.5,9.5,100
99034,19034,1,1,22.5,7.0,38
99035,19035,1,0,34.1,7.9,43
99036,19036,4,0,30.9,7.4,48
99037,19037,1,1,15.8,8.5,77
99038,19038,3,0,26.5,7.3,48
99039,19039,1,0,27.9,6.0,27
99040,19040,2,0,36.1,6.1,8
99041,19041,1,0,19.9,6.3,31
99042,19042,3,0,21.1,6.8,45
99043,19043,1,0,2.0,9.3,83
99044,19044,4,1,26.6,5.7,22
99045,19045,3,1,16.2,7.9,46
99046,19046,3,0,35.7,7.3,27
99047,19047,2,0,28.7,6.9,24
99048,19048,2,0,9.2,7.8,49
99049,19049,5,0,18.6,5.5,16
99050,19050,1,1,63.9,8.4,58
99051,19051,1,0,2.0,7.9,67
99052,19052,3,0,19.5,8.3,71
99053,19053,1,0,9.2,7.9,67
99054,19054,2,2,49.9,8.4,82
99055,19055,1,0,26.5,8.5,82
99056,19056,0,0,55.6,7.7,69
99057,19057,2,1,9.0,10.0,100
99058,19058,0,0,2.9,7.5,60
99059,19059,3,0,40.5,8.5,62
99060,19060,4,0,22.7,7.3,43
99061,19061,4,1,20.7,8.1,59
99062,19062,1,1,23.2,5.8,15
99063,19063,6,1,4.4,5.9,-2
99064,19064,2,0,20.1,5.7,17
99065,19065,1,0,38.4,6.4,37
99066,19066,0,0,5.7,8.5,54
99067,19067,1,0,31.6,8.4,54
99068,19068,2,1,22.6,7.1,40
99069,19069,0,0,2.0,8.6,45
99070,19070,3,0,3.5,8.1,36
99071,19071,2,0,36.1,7.1,29
99072,19072,2,1,23.9,7.0,32
99073,19073,2,1,31.1,5.6,2
99074,19074,2,0,24.4,6.9,30
99075,19075,6,3,2.0,3.1,-42
99076,19076,5,1,26.2,7.2,44
99077,19077,2,0,13.4,6.6,4
99078,19078,2,2,26.8,6.2,6
99079,19079,3,1,19.2,7.1,52
99080,19080,6,2,38.7,4.0,-24
99081,19081,3,0,27.3,7.0,36
99082,19082,0,0,28.4,6.1,40
99083,19083,3,0,2.0,7.4,32
99084,19084,1,0,35.3,7.9,64
99085,19085,3,0,38.8,8.2,53
99086,19086,3,0,34.4,7.8,44
99087,19087,0,0,61.3,7.6,48
99088,19088,1,0,23.8,8.1,50
99089,19089,1,0,12.3,8.3,57
99090,19090,6,3,7.8,4.3,-1
99091,19091,2,1,24.5,7.3,54
99092,19092,2,0,20.7,7.2,16
99093,19093,4,1,7.6,7.3,42
99094,19094,2,0,20.1,6.6,26
99095,19095,4,1,27.3,5.3,-13
99096,19096,1,0,28.5,7.6,68
99097,19097,2,2,25.4,6.0,32
99098,19098,2,1,6.7,6.6,40
99099,19099,4,0,7.5,9.1,89
99100,19100,6,3,2.0,4.7,6
99101,19101,1,1,42.7,7.4,50
99102,19102,3,0,25.2,8.1,49
99103,19103,3,0,21.4,6.9,47
99104,19104,5,2,3.8,4.8,-4
99105,19105,7,1,49.7,5.7,18
99106,19106,4,2,40.1,7.8,70
99107,19107,2,0,36.6,6.8,54
99108,19108,5,0,31.4,8.8,59
99109,19109,1,1,38.6,8.8,71
99110,19110,2,1,16.6,9.2,57
99111,19111,0,0,26.9,8.0,54
99112,19112,1,0,11.6,6.9,36
99113,19113,1,1,22.7,8.5,69
99114,19114,3,1,18.6,6.9,35
99115,19115,2,0,2.0,8.0,44
99116,19116,3,1,41.8,6.1,16
99117,19117,0,0,19.1,8.3,63
99118,19118,5,2,7.3,6.5,25
99119,19119,1,0,25.5,9.2,86
99120,19120,4,2,2.0,4.1,-35
99121,19121,5,0,19.1,7.8,62
99122,19122,5,0,18.1,6.5,27
99123,19123,5,2,12.7,4.4,5
99124,19124,1,0,2.0,7.1,36
99125,19125,3,2,44.6,6.4,-3
99126,19126,7,2,24.8,5.3,-5
99127,19127,1,0,46.7,6.1,15
99128,19128,4,1,32.7,6.5,35
99129,19129,0,0,23.1,9.5,78
99130,19130,2,1,2.0,7.5,40
99131,19131,3,1,53.2,7.9,42
99132,19132,0,0,15.0,7.8,69
99133,19133,2,1,21.4,8.4,55
99134,19134,1,0,41.7,8.0,62
99135,19135,2,1,3.8,6.6,29
99136,19136,5,3,21.9,7.2,22
99137,19137,3,2,29.3,7.4,21
99138,19138,1,0,2.0,6.6,30
99139,19139,1,0,16.9,10.0,100
99140,19140,2,0,2.0,8.4,55
99141,19141,3,1,23.8,8.0,38
99142,19142,3,1,14.0,7.0,34
99143,19143,5,3,27.9,3.2,-32
99144,19144,2,0,15.3,6.4,16
99145,19145,1,1,30.9,8.0,69
99146,19146,2,0,2.0,6.8,25
99147,19147,1,0,2.1,7.5,39
99148,19148,3,0,29.7,6.6,37
99149,19149,0,0,28.1,8.0,52
99150,19150,4,2,20.5,5.3,13
99151,19151,2,0,11.0,7.2,27
99152,19152,5,1,31.6,5.9,18
99153,19153,1,0,7.3,8.9,57
99154,19154,0,0,5.6,8.4,85
99155,19155,4,3,2.0,5.4,10
99156,19156,4,1,28.2,6.1,17
99157,19157,3,1,2.0,6.2,5
99158,19158,2,0,22.4,8.6,68
99159,19159,2,0,14.1,8.7,51
99160,19160,1,0,2.0,6.3,24
99161,19161,3,1,2.0,6.8,18
99162,19162,2,0,22.9,7.3,37
99163,19163,5,1,7.6,4.1,-20
99164,19164,1,0,2.6,7.8,45
99165,19165,2,0,2.0,6.8,25
99166,19166,4,2,23.9,6.2,26
99167,19167,1,1,27.7,7.8,62
99168,19168,2,2,6.7,6.4,31
99169,19169,3,1,38.9,7.9,34
99170,19170,0,0,10.5,7.0,20
99171,19171,2,0,15.7,9.1,70
99172,19172,2,0,14.6,10.0,87
99173,19173,1,0,36.9,7.5,36
99174,19174,4,1,13.2,8.0,45
99175,19175,3,0,22.3,5.9,15
99176,19176,3,1,37.1,6.2,28
99177,19177,2,0,45.6,7.9,52
99178,19178,2,0,25.0,8.8,54
99179,19179,6,1,36.8,5.5,11
99180,19180,0,0,9.2,9.2,62
99181,19181,5,2,7.7,5.6,23
99182,19182,3,0,25.6,9.1,80
99183,19183,3,1,24.0,7.2,30
99184,19184,3,1,15.6,5.8,12
99185,19185,4,0,10.5,4.6,-11
99186,19186,3,0,11.0,7.9,78
99187,19187,1,1,2.0,6.7,42
99188,19188,3,2,44.2,7.6,30
99189,19189,4,1,25.5,7.3,52
99190,19190,2,1,25.1,7.2,36
99191,19191,1,0,28.4,7.2,23
99192,19192,4,1,23.5,5.7,18
99193,19193,3,1,16.3,6.9,33
99194,19194,3,1,42.4,7.3,27
99195,19195,4,1,30.4,7.1,31
99196,19196,0,0,2.8,7.7,49
99197,19197,2,0,14.3,6.5,14
99198,19198,1,0,32.6,7.7,48
99199,19199,3,1,5.0,6.1,13
99200,19200,3,1,21.2,7.2,18
99201,19201,3,2,22.5,6.0,25
99202,19202,4,2,2.0,7.3,46
99203,19203,2,1,2.0,6.3,24
99204,19204,1,0,35.1,5.9,10
99205,19205,0,0,13.6,8.6,41
99206,19206,3,1,37.4,8.1,63
99207,19207,1,0,4.2,7.4,51
99208,19208,4,0,2.0,5.8,10
99209,19209,4,2,10.5,6.1,10
99210,19210,5,2,18.4,7.3,27
99211,19211,4,1,16.5,5.5,16
99212,19212,1,0,28.9,7.2,51
99213,19213,2,1,2.0,7.0,46
99214,19214,1,0,28.0,8.1,48
99215,19215,4,2,6.5,6.7,12
99216,19216,3,1,61.5,5.6,-11
99217,19217,4,1,21.9,6.6,39
99218,19218,2,0,2.0,8.0,49
99219,19219,2,1,46.7,8.0,62
99220,19220,3,1,62.8,6.4,23
99221,19221,3,0,9.7,9.1,73
99222,19222,3,1,25.2,6.3,34
99223,19223,2,0,28.5,8.5,70
99224,19224,3,0,16.1,8.1,45
99225,19225,1,1,11.4,7.6,55
99226,19226,3,1,3.5,8.1,64
99227,19227,3,2,36.5,5.8,0
99228,19228,4,0,48.1,5.8,16
99229,19229,0,0,15.7,7.9,64
99230,19230,1,1,17.5,9.4,93
99231,19231,5,2,42.9,6.0,12
99232,19232,4,1,30.0,7.2,35
99233,19233,2,0,9.2,6.0,16
99234,19234,4,2,40.1,5.2,-18
99235,19235,1,0,48.8,6.9,35
99236,19236,1,0,40.9,7.1,30
99237,19237,0,0,30.9,5.9,14
99238,19238,4,2,23.2,5.5,12
99239,19239,4,1,37.3,7.9,38
99240,19240,2,2,35.1,6.1,35
99241,19241,2,0,17.0,7.7,29
99242,19242,1,0,2.0,6.8,27
99243,19243,2,0,21.2,9.3,68
99244,19244,3,2,32.2,5.2,7
99245,19245,4,1,9.8,8.2,71
99246,19246,3,0,27.4,7.8,53
99247,19247,2,0,55.1,6.4,12
99248,19248,4,3,44.0,4.8,2
99249,19249,4,2,22.1,8.0,48
99250,19250,5,0,18.7,6.9,35
99251,19251,2,0,33.5,7.2,20
99252,19252,4,0,19.7,6.7,6
99253,19253,5,1,17.5,5.8,3
99254,19254,2,0,11.7,6.9,13
99255,19255,2,1,39.9,8.4,89
99256,19256,1,1,2.0,8.0,56
99257,19257,1,0,2.0,8.2,61
99258,19258,1,0,14.1,8.5,78
99259,19259,5,2,3.9,6.0,31
99260,19260,2,0,28.1,9.4,89
99261,19261,2,0,7.1,6.1,24
99262,19262,3,0,8.9,7.5,70
99263,19263,5,3,21.1,4.8,5
99264,19264,1,1,2.0,8.9,55
99265,19265,3,1,44.2,7.3,42
99266,19266,2,0,13.2,8.7,76
99267,19267,4,2,40.3,4.4,-23
99268,19268,2,1,36.0,6.4,17
99269,19269,0,0,2.0,7.9,49
99270,19270,1,0,15.5,9.7,100
99271,19271,1,0,43.5,7.2,42
99272,19272,3,2,2.0,5.6,25
99273,19273,2,0,2.0,8.4,55
99274,19274,1,1,5.5,7.5,47
99275,19275,1,1,17.7,6.4,16
99276,19276,2,2,17.4,6.4,25
99277,19277,3,0,48.7,7.3,33
99278,19278,7,4,27.9,2.1,-64
99279,19279,4,0,17.2,8.9,30
99280,19280,4,1,18.2,6.2,10
99281,19281,2,1,32.9,5.9,9
99282,19282,2,1,23.8,4.9,-25
99283,19283,3,1,11.0,6.8,45
99284,19284,4,1,18.7,6.4,27
99285,19285,2,1,34.9,5.7,7
99286,19286,6,1,36.0,5.1,3
99287,19287,1,0,20.0,9.5,100
99288,19288,1,0,20.8,7.6,52
99289,19289,6,1,9.6,5.1,-16
99290,19290,2,1,8.1,8.2,57
99291,19291,2,1,10.4,9.0,69
99292,19292,3,0,25.1,7.0,7
99293,19293,3,0,2.0,9.1,72
99294,19294,3,0,2.0,8.6,63
99295,19295,4,2,51.8,5.5,-6
99296,19296,5,2,43.7,5.7,13
99297,19297,2,0,2.0,8.4,71
99298,19298,1,0,45.7,7.8,14
99299,19299,1,0,34.5,8.3,75
99300,19300,4,0,40.8,5.2,12
99301,19301,1,0,26.9,9.3,73
99302,19302,1,1,12.0,7.6,55
99303,19303,5,2,6.0,5.6,2
99304,19304,2,0,28.0,8.3,56
99305,19305,5,0,25.8,6.7,32
99306,19306,3,0,3.3,7.0,45
99307,19307,2,1,30.2,6.4,33
99308,19308,0,0,2.8,9.4,74
99309,19309,1,0,37.8,6.4,8
99310,19310,8,0,2.0,6.1,19
99311,19311,2,0,4.5,6.8,1
99312,19312,0,0,2.0,8.3,58
99313,19313,3,1,11.4,5.8,21
99314,19314,4,1,32.9,5.6,4
99315,19315,1,0,13.8,7.5,53
99316,19316,1,0,2.0,7.2,21
99317,19317,0,0,42.2,8.9,83
99318,19318,3,0,12.7,8.6,67
99319,19319,4,2,30.4,5.7,24
99320,19320,2,1,32.2,8.4,67
99321,19321,0,0,44.7,7.5,49
99322,19322,0,0,7.9,8.1,56
99323,19323,2,1,28.5,7.1,25
99324,19324,1,0,30.4,6.9,54
99325,19325,5,2,20.0,5.7,17
99326,19326,4,0,2.0,7.1,38
99327,19327,2,0,43.2,8.0,33
99328,19328,2,0,49.2,7.7,42
99329,19329,3,1,39.3,6.4,44
99330,19330,3,2,44.5,5.8,3
99331,19331,4,2,12.2,4.3,-13
99332,19332,2,1,15.6,5.4,9
99333,19333,1,0,34.5,8.1,51
99334,19334,3,1,16.5,7.5,52
99335,19335,0,0,21.8,8.9,100
99336,19336,2,0,13.8,7.8,38
99337,19337,2,0,37.7,8.5,92
99338,19338,3,0,2.0,7.0,25
99339,19339,2,0,38.3,8.5,62
99340,19340,1,0,24.0,7.0,44
99341,19341,3,0,9.1,7.6,49
99342,19342,6,2,26.5,5.4,9
99343,19343,2,0,24.7,4.9,9
99344,19344,2,0,40.9,7.9,44
99345,19345,5,0,14.2,5.2,5
99346,19346,6,1,34.5,5.6,11
99347,19347,0,0,31.0,8.1,58
99348,19348,3,1,43.9,5.7,8
99349,19349,4,0,10.0,5.5,-2
99350,19350,5,1,2.0,5.0,11
99351,19351,5,2,10.7,5.4,10
99352,19352,4,1,22.8,6.9,46
99353,19353,5,1,22.0,6.2,37
99354,19354,4,1,57.2,6.6,31
99355,19355,5,1,27.7,4.8,10
99356,19356,2,0,25.6,8.3,55
99357,19357,2,0,36.7,9.0,62
99358,19358,4,2,28.9,6.1,27
99359,19359,2,1,31.6,8.1,59
99360,19360,1,0,18.3,6.9,29
99361,19361,2,2,38.0,4.8,9
99362,19362,3,1,2.6,6.6,17
99363,19363,2,1,36.4,6.3,21
99364,19364,1,0,27.0,9.6,74
99365,19365,2,0,18.4,8.6,49
99366,19366,5,1,31.0,6.1,13
99367,19367,5,1,11.3,5.6,14
99368,19368,2,0,53.2,9.2,99
99369,19369,1,0,44.3,6.0,31
99370,19370,2,0,7.9,6.9,34
99371,19371,3,1,5.9,5.1,1
99372,19372,3,1,11.4,6.6,64
99373,19373,2,0,12.6,7.8,58
99374,19374,2,1,43.7,7.9,42
99375,19375,2,0,13.5,7.1,45
99376,19376,0,0,21.8,8.5,54
99377,19377,2,1,11.9,8.0,48
99378,19378,1,0,31.5,8.2,70
99379,19379,2,0,19.2,8.0,48
99380,19380,4,1,18.9,7.1,62
99381,19381,2,1,2.0,6.6,19
99382,19382,1,1,4.4,7.2,29
99383,19383,4,3,2.0,5.9,24
99384,19384,8,1,26.3,4.6,-5
99385,19385,6,0,2.0,6.4,28
99386,19386,0,0,16.5,5.2,14
99387,19387,3,1,17.9,7.6,60
99388,19388,1,1,45.0,6.7,32
99389,19389,3,1,11.0,5.5,12
99390,19390,3,0,29.3,6.9,43
99391,19391,2,1,47.7,8.4,64
99392,19392,2,1,22.5,7.8,58
99393,19393,3,0,40.7,7.8,58
99394,19394,3,1,12.2,6.9,39
99395,19395,2,0,27.1,7.4,24
99396,19396,2,1,39.0,3.0,-32
99397,19397,2,1,11.0,8.0,52
99398,19398,3,0,34.7,6.8,44
99399,19399,1,0,51.6,7.3,43
99400,19400,2,2,27.4,7.0,61
99401,19401,2,0,32.9,7.0,60
99402,19402,3,2,22.9,5.9,36
99403,19403,1,0,26.6,8.1,61
99404,19404,3,0,37.8,6.9,47
99405,19405,3,1,18.1,8.4,48
99406,19406,2,0,22.6,7.8,44
99407,19407,2,0,16.8,6.7,14
99408,19408,3,2,48.9,6.1,15
99409,19409,5,0,14.7,5.8,16
99410,19410,2,0,40.4,7.1,15
99411,19411,1,0,51.3,6.4,16
99412,19412,4,1,28.4,6.7,28
99413,19413,4,1,30.0,6.3,28
99414,19414,1,0,42.6,7.9,31
99415,19415,1,0,2.0,7.9,46
99416,19416,3,0,33.5,6.5,31
99417,19417,3,0,43.1,8.5,72
99418,19418,1,1,36.9,7.8,38
99419,19419,0,0,30.9,6.9,42
99420,19420,3,1,38.9,7.9,55
99421,19421,2,0,17.1,7.4,58
99422,19422,1,0,13.4,5.4,6
99423,19423,4,1,25.4,6.6,35
99424,19424,0,0,2.3,7.6,41
99425,19425,3,1,36.5,6.8,3
99426,19426,6,3,34.4,3.8,-36
99427,19427,1,0,14.6,7.3,27
99428,19428,3,0,23.8,6.2,36
99429,19429,4,2,52.7,4.6,13
99430,19430,1,1,7.1,5.8,11
99431,19431,2,0,25.5,7.2,49
99432,19432,4,2,28.0,6.3,14
99433,19433,2,1,25.6,7.2,54
99434,19434,2,0,2.0,6.6,29
99435,19435,5,1,16.5,5.0,-1
99436,19436,3,1,12.0,5.9,18
99437,19437,3,0,61.3,6.5,19
99438,19438,3,2,2.0,5.9,10
99439,19439,4,1,50.7,6.1,16
99440,19440,0,0,24.9,8.1,48
99441,19441,2,1,17.2,7.6,39
99442,19442,1,0,29.2,8.1,59
99443,19443,1,0,16.8,7.3,53
99444,19444,3,0,35.6,7.6,43
99445,19445,6,3,46.3,5.1,13
99446,19446,2,0,34.9,7.7,57
99447,19447,2,0,50.4,8.6,50
99448,19448,0,0,22.2,8.2,61
99449,19449,4,0,7.6,7.2,61
99450,19450,1,0,35.7,8.4,77
99451,19451,3,0,46.9,6.7,15
99452,19452,7,2,16.9,4.4,-3
99453,19453,2,1,24.3,5.4,28
99454,19454,2,0,2.0,7.9,49
99455,19455,4,0,28.3,5.5,-15
99456,19456,1,0,2.0,6.6,27
99457,19457,3,0,2.1,6.9,46
99458,19458,2,1,11.4,6.7,45
99459,19459,1,1,25.3,8.2,59
99460,19460,4,1,4.0,5.6,24
99461,19461,4,0,25.4,7.8,46
99462,19462,0,0,31.0,8.0,40
99463,19463,3,2,32.2,5.7,9
99464,19464,2,1,48.5,7.2,52
99465,19465,0,0,20.8,9.4,93
99466,19466,2,1,2.0,6.1,42
99467,19467,4,2,34.4,3.9,-41
99468,19468,1,0,32.7,8.8,57
99469,19469,3,2,27.8,4.2,-19
99470,19470,4,0,11.3,5.7,9
99471,19471,1,0,24.5,7.5,25
99472,19472,3,1,31.6,7.7,64
99473,19473,1,0,46.7,6.6,39
99474,19474,2,1,31.1,9.0,74
99475,19475,1,0,21.4,6.4,28
99476,19476,2,1,2.0,8.5,43
99477,19477,2,1,22.6,7.0,37
99478,19478,1,0,31.5,9.9,79
99479,19479,4,0,16.8,6.4,14
99480,19480,3,1,22.1,9.5,87
99481,19481,4,1,28.6,7.5,31
99482,19482,1,0,11.4,7.3,22
99483,19483,3,0,39.3,7.9,34
99484,19484,7,2,12.6,5.8,17
99485,19485,3,0,10.6,6.9,38
99486,19486,2,2,23.0,5.9,12
99487,19487,0,0,30.1,9.0,66
99488,19488,1,0,24.8,6.8,50
99489,19489,1,0,18.0,7.7,44
99490,19490,2,0,2.0,7.7,20
99491,19491,4,2,50.1,6.3,34
99492,19492,4,2,46.7,5.7,2
99493,19493,2,1,33.3,7.0,29
99494,19494,2,0,17.8,7.5,50
99495,19495,3,0,2.0,6.2,17
99496,19496,7,3,10.6,3.8,-20
99497,19497,4,1,38.7,5.5,19
99498,19498,1,0,53.3,6.2,38
99499,19499,3,1,40.2,6.1,11
99500,19500,1,0,33.8,7.9,45
99501,19501,4,1,2.0,6.8,47
99502,19502,6,1,35.7,6.8,35
99503,19503,3,2,6.8,7.1,33
99504,19504,1,0,15.7,7.5,37
99505,19505,6,0,4.5,4.7,11
99506,19506,1,1,40.8,7.5,26
99507,19507,1,1,21.4,8.6,76
99508,19508,2,2,30.4,5.5,25
99509,19509,4,1,12.6,5.5,18
99510,19510,0,0,21.3,8.1,64
99511,19511,3,0,32.9,5.9,4
99512,19512,0,0,34.1,7.2,34
99513,19513,1,0,16.2,7.1,43
99514,19514,3,2,9.9,6.4,31
99515,19515,2,1,22.2,8.0,70
99516,19516,4,1,54.4,8.6,66
99517,19517,3,0,3.6,7.9,51
99518,19518,3,0,38.9,7.3,34
99519,19519,1,0,17.5,9.7,82
99520,19520,1,0,10.6,7.6,67
99521,19521,3,0,40.5,10.0,91
99522,19522,5,1,42.2,4.8,-1
99523,19523,2,1,42.8,8.0,56
99524,19524,1,0,2.0,8.2,75
99525,19525,1,1,44.7,8.5,57
99526,19526,4,2,24.8,4.9,-18
99527,19527,2,0,28.5,6.8,17
99528,19528,2,0,20.0,5.9,16
99529,19529,2,1,29.7,7.3,30
99530,19530,2,0,43.9,7.8,44
99531,19531,3,2,24.9,6.7,30
99532,19532,2,0,11.2,6.7,29
99533,19533,0,0,28.3,7.4,51
99534,19534,5,0,44.2,7.5,57
99535,19535,3,1,42.4,6.7,23
99536,19536,0,0,28.9,8.5,59
99537,19537,3,1,39.0,6.9,20
99538,19538,3,1,9.0,5.8,29
99539,19539,6,1,54.6,6.2,40
99540,19540,2,1,26.0,6.0,23
99541,19541,3,1,57.1,7.1,47
99542,19542,3,0,15.6,6.2,31
99543,19543,7,3,23.7,5.7,27
99544,19544,1,0,20.7,8.1,41
99545,19545,2,0,39.5,6.4,34
99546,19546,1,0,17.8,7.1,40
99547,19547,4,1,7.4,7.0,43
99548,19548,5,2,38.9,6.1,35
99549,19549,4,1,42.6,5.3,-10
99550,19550,2,0,54.2,6.2,38
99551,19551,1,0,16.2,8.6,52
99552,19552,2,1,49.1,6.7,33
99553,19553,3,2,35.6,7.2,23
99554,19554,2,0,2.0,6.0,26
99555,19555,4,1,2.0,5.0,7
99556,19556,3,1,5.9,8.3,53
99557,19557,4,3,22.7,4.4,-28
99558,19558,3,0,35.3,7.4,43
99559,19559,1,0,21.6,5.8,12
99560,19560,1,1,28.4,7.1,25
99561,19561,1,0,30.7,7.5,42
99562,19562,2,0,21.2,6.7,48
99563,19563,1,0,15.8,9.3,60
99564,19564,1,1,40.0,4.5,-18
99565,19565,2,1,9.5,7.6,69
99566,19566,1,0,44.9,7.3,38
99567,19567,0,0,41.1,9.4,73
99568,19568,2,1,37.2,6.6,26
99569,19569,1,0,25.8,6.8,32
99570,19570,2,0,44.4,6.8,23
99571,19571,3,1,14.7,4.6,-26
99572,19572,5,2,8.3,4.9,0
99573,19573,2,1,16.4,8.9,82
99574,19574,3,1,30.2,6.6,24
99575,19575,3,3,27.9,5.8,36
99576,19576,2,0,24.2,6.0,45
99577,19577,2,1,8.9,5.4,28
99578,19578,3,0,22.2,5.7,14
99579,19579,2,2,6.5,6.4,23
99580,19580,3,1,39.4,5.8,1
99581,19581,3,1,30.1,7.2,23
99582,19582,2,0,24.4,9.3,73
99583,19583,1,0,42.2,8.0,60
99584,19584,4,2,28.0,5.5,1
99585,19585,5,0,22.3,6.6,40
99586,19586,1,1,18.8,8.7,58
99587,19587,0,0,52.8,7.8,54
99588,19588,3,0,35.6,7.4,34
99589,19589,2,0,46.7,7.5,48
99590,19590,3,0,48.6,8.3,70
99591,19591,6,0,22.9,7.7,46
99592,19592,4,0,15.6,7.1,30
99593,19593,2,1,27.5,6.6,35
99594,19594,3,0,2.0,5.4,13
99595,19595,5,2,46.2,6.9,37
99596,19596,1,1,24.7,7.6,78
99597,19597,3,0,28.9,7.0,39
99598,19598,3,1,19.8,7.9,58
99599,19599,4,1,42.0,6.4,29
99600,19600,4,1,33.0,8.0,39
99601,19601,3,2,2.8,5.9,32
99602,19602,1,0,26.5,8.5,62
99603,19603,3,2,11.3,5.6,6
99604,19604,0,0,5.4,7.3,30
99605,19605,5,1,2.3,5.2,17
99606,19606,5,1,36.0,7.4,70
99607,19607,3,2,21.3,4.3,-33
99608,19608,4,2,25.8,6.2,9
99609,19609,3,1,18.5,7.1,51
99610,19610,4,1,36.4,4.8,4
99611,19611,2,0,17.9,6.6,30
99612,19612,4,2,12.6,5.7,15
99613,19613,5,0,20.1,5.5,-7
99614,19614,2,0,26.5,7.0,43
99615,19615,2,0,24.6,7.1,39
99616,19616,6,2,17.5,4.6,-8
99617,19617,5,1,31.1,6.6,40
99618,19618,1,0,25.2,6.1,22
99619,19619,3,0,37.6,5.5,-17
99620,19620,1,1,40.8,7.0,41
99621,19621,2,0,15.0,5.5,-25
99622,19622,5,2,10.9,4.0,-7
99623,19623,2,0,45.6,6.2,7
99624,19624,1,1,44.4,8.1,63
99625,19625,1,0,23.7,7.9,67
99626,19626,4,2,24.1,5.5,-9
99627,19627,3,2,25.9,8.6,89
99628,19628,1,0,43.8,9.7,71
99629,19629,3,1,26.8,6.5,43
99630,19630,2,0,36.8,7.5,48
99631,19631,3,2,22.5,5.1,13
99632,19632,4,1,47.6,6.2,10
99633,19633,1,0,17.3,8.4,52
99634,19634,2,1,18.5,7.9,45
99635,19635,5,1,47.2,6.1,55
99636,19636,3,0,38.1,6.0,18
99637,19637,1,0,49.3,7.9,70
99638,19638,2,1,30.7,7.4,32
99639,19639,3,1,15.2,5.8,9
99640,19640,4,0,24.7,5.8,1
99641,19641,4,1,49.3,5.5,28
99642,19642,3,0,14.5,9.0,49
99643,19643,2,0,41.8,6.8,25
99644,19644,4,0,28.0,8.5,59
99645,19645,3,2,37.3,4.7,-8
99646,19646,4,0,26.4,5.7,7
99647,19647,3,1,20.5,7.8,82
99648,19648,1,1,36.0,7.5,45
99649,19649,2,1,9.5,8.5,61
99650,19650,2,0,45.1,8.7,76
99651,19651,3,1,10.1,7.3,52
99652,19652,1,0,47.0,8.0,75
99653,19653,3,3,25.0,4.2,-46
99654,19654,4,0,10.1,7.3,23
99655,19655,0,0,35.0,7.6,48
99656,19656,3,1,4.1,7.1,24
99657,19657,4,0,24.3,5.9,-1
99658,19658,2,0,21.7,8.5,76
99659,19659,1,0,9.9,9.2,60
99660,19660,0,0,12.6,9.6,98
99661,19661,0,0,14.9,7.4,28
99662,19662,4,0,34.0,8.0,54
99663,19663,0,0,21.3,8.8,76
99664,19664,0,0,73.6,8.8,71
99665,19665,2,0,7.0,7.4,35
99666,19666,1,0,14.8,5.3,14
99667,19667,5,2,35.8,4.8,-22
99668,19668,4,2,32.3,7.1,44
99669,19669,3,1,62.1,7.0,33
99670,19670,1,0,2.5,8.6,62
99671,19671,1,0,33.5,7.1,54
99672,19672,2,0,27.1,7.2,61
99673,19673,5,1,22.0,7.3,38
99674,19674,6,1,13.1,6.6,27
99675,19675,4,1,19.1,6.8,45
99676,19676,0,0,21.1,7.4,52
99677,19677,2,0,34.9,7.5,27
99678,19678,2,0,2.6,7.3,43
99679,19679,5,1,19.9,7.5,31
99680,19680,3,0,39.4,7.2,53
99681,19681,4,1,17.4,6.5,23
99682,19682,3,0,35.6,7.6,26
99683,19683,4,1,33.9,6.3,35
99684,19684,6,1,28.4,4.7,-1
99685,19685,2,0,39.2,6.5,20
99686,19686,5,2,2.0,4.9,-5
99687,19687,0,0,2.0,8.4,81
99688,19688,4,2,2.0,7.7,61
99689,19689,3,0,10.5,8.0,57
99690,19690,2,1,2.0,6.6,28
99691,19691,2,0,35.8,7.3,41
99692,19692,1,0,30.2,6.8,14
99693,19693,2,0,40.9,8.0,50
99694,19694,5,1,37.2,7.0,24
99695,19695,0,0,22.3,7.5,55
99696,19696,2,1,41.6,7.1,31
99697,19697,0,0,28.6,8.7,70
99698,19698,1,0,24.0,8.7,73
99699,19699,4,1,2.0,6.5,35
99700,19700,4,2,46.6,5.5,4
99701,19701,0,0,2.1,7.6,46
99702,19702,2,0,2.0,6.4,8
99703,19703,0,0,25.4,7.6,63
99704,19704,1,0,42.2,7.5,53
99705,19705,3,0,22.5,8.3,63
99706,19706,0,0,8.7,8.5,73
99707,19707,1,0,12.7,6.9,30
99708,19708,1,1,21.7,7.4,50
99709,19709,1,1,31.9,7.5,61
99710,19710,2,0,66.3,6.2,21
99711,19711,4,1,22.3,7.1,19
99712,19712,3,1,31.9,6.6,25
99713,19713,3,0,12.6,6.0,32
99714,19714,2,1,2.0,7.0,65
99715,19715,1,0,3.7,6.6,29
99716,19716,3,1,32.3,6.5,39
99717,19717,8,2,38.8,4.5,-14
99718,19718,4,3,25.8,5.9,25
99719,19719,4,1,2.0,5.9,10
99720,19720,1,0,38.1,8.8,55
99721,19721,3,2,8.0,6.5,33
99722,19722,1,0,17.1,7.0,20
99723,19723,4,2,30.8,3.9,-11
99724,19724,2,1,36.8,5.7,7
99725,19725,1,0,44.6,8.3,63
99726,19726,2,1,13.1,8.7,69
99727,19727,3,2,13.5,6.6,2
99728,19728,4,1,27.6,6.1,9
99729,19729,3,1,31.4,7.1,47
99730,19730,0,0,41.1,7.7,12
99731,19731,1,0,25.2,8.1,40
99732,19732,2,0,33.4,7.7,36
99733,19733,0,0,55.8,8.3,58
99734,19734,1,0,34.3,7.6,64
99735,19735,1,1,35.8,7.6,37
99736,19736,3,0,16.6,8.4,65
99737,19737,0,0,16.4,6.6,27
99738,19738,1,0,12.3,7.9,68
99739,19739,3,1,55.8,7.6,52
99740,19740,3,0,18.5,8.8,86
99741,19741,4,3,47.2,5.2,-5
99742,19742,1,0,9.4,7.3,45
99743,19743,3,2,41.8,6.5,26
99744,19744,2,0,14.2,6.3,28
99745,19745,0,0,23.2,9.1,89
99746,19746,3,0,29.3,8.1,46
99747,19747,4,2,7.5,5.8,10
99748,19748,4,0,17.6,6.4,30
99749,19749,2,0,10.8,6.3,15
99750,19750,4,1,10.6,7.4,49
99751,19751,4,0,2.0,8.5,62
99752,19752,3,0,33.1,6.0,35
99753,19753,5,3,37.7,4.9,10
99754,19754,2,0,26.2,9.2,100
99755,19755,2,1,2.0,6.6,21
99756,19756,1,0,15.1,7.9,47
99757,19757,1,1,27.8,8.4,56
99758,19758,2,1,7.7,8.0,57
99759,19759,2,0,25.0,7.8,57
99760,19760,4,2,36.9,6.8,59
99761,19761,5,1,25.7,4.3,2
99762,19762,2,0,14.2,8.2,61
99763,19763,3,0,36.4,8.7,88
99764,19764,1,0,31.1,8.7,66
99765,19765,3,2,32.4,6.8,20
99766,19766,9,2,35.7,5.5,17
99767,19767,4,1,35.4,4.8,-13
99768,19768,4,2,11.7,6.1,26
99769,19769,3,2,29.7,6.3,8
99770,19770,2,0,21.9,7.8,32
99771,19771,1,0,51.1,8.2,71
99772,19772,4,1,12.7,7.2,38
99773,19773,2,1,19.3,6.8,14
99774,19774,3,1,18.8,7.7,54
99775,19775,3,1,22.3,7.8,48
99776,19776,4,1,3.7,6.3,33
99777,19777,3,2,26.0,5.3,19
99778,19778,3,1,8.7,7.4,60
99779,19779,2,0,34.9,9.1,68
99780,19780,2,1,22.0,5.9,2
99781,19781,3,1,2.0,7.9,63
99782,19782,3,2,12.5,6.5,27
99783,19783,1,1,27.4,7.9,16
99784,19784,0,0,2.0,6.4,28
99785,19785,5,2,34.3,3.9,-37
99786,19786,2,1,39.4,6.8,25
99787,19787,5,1,25.1,7.1,31
99788,19788,3,0,39.9,7.2,44
99789,19789,4,2,31.3,6.4,42
99790,19790,2,0,49.6,7.3,53
99791,19791,2,2,26.8,6.2,21
99792,19792,5,2,11.6,5.1,5
99793,19793,0,0,11.1,8.3,58
99794,19794,2,0,2.0,8.2,56
99795,19795,1,0,45.7,8.1,50
99796,19796,2,1,15.1,7.5,35
99797,19797,1,0,33.8,5.9,10
99798,19798,1,0,2.0,8.1,46
99799,19799,4,3,20.9,4.2,-16
99800,19800,3,0,37.9,7.0,19
99801,19801,4,0,6.0,7.6,41
99802,19802,1,0,28.3,6.4,20
99803,19803,3,1,2.0,8.4,59
99804,19804,1,0,46.2,7.0,7
99805,19805,3,1,33.0,9.2,98
99806,19806,2,0,21.4,7.4,23
99807,19807,2,1,14.5,7.1,34
99808,19808,4,1,11.8,5.8,11
99809,19809,0,0,23.3,8.3,65
99810,19810,6,0,29.6,7.0,43
99811,19811,2,0,58.7,7.4,46
99812,19812,2,2,8.8,6.7,39
99813,19813,2,0,24.8,8.7,62
99814,19814,3,1,38.4,8.2,58
99815,19815,6,3,30.5,3.4,-35
99816,19816,0,0,33.7,9.5,65
99817,19817,1,0,12.6,6.2,47
99818,19818,4,2,36.0,5.3,9
99819,19819,1,0,33.8,7.7,37
99820,19820,1,0,21.4,7.4,35
99821,19821,4,0,2.0,6.9,26
99822,19822,3,1,28.6,7.3,42
99823,19823,6,0,47.5,6.4,18
99824,19824,4,1,8.2,7.7,49
99825,19825,0,0,41.2,10.0,94
99826,19826,1,0,16.4,7.9,40
99827,19827,3,1,29.8,6.5,36
99828,19828,0,0,13.5,8.7,91
99829,19829,1,0,29.5,8.1,54
99830,19830,1,1,44.7,6.9,36
99831,19831,3,0,38.8,7.8,31
99832,19832,5,1,22.9,3.5,-31
99833,19833,3,0,15.9,6.2,32
99834,19834,3,2,28.1,7.7,52
99835,19835,2,0,2.0,7.9,40
99836,19836,3,1,35.2,5.1,7
99837,19837,2,1,13.5,7.1,51
99838,19838,1,0,5.0,7.6,74
99839,19839,3,1,34.5,7.3,48
99840,19840,2,1,2.0,6.1,28
99841,19841,0,0,18.7,8.9,69
99842,19842,1,0,6.5,8.1,67
99843,19843,1,0,30.5,6.7,37
99844,19844,5,3,3.5,5.5,19
99845,19845,3,0,35.7,8.2,82
99846,19846,4,1,13.9,5.8,18
99847,19847,3,1,49.9,8.4,48
99848,19848,2,1,38.1,7.8,42
99849,19849,1,0,21.0,9.6,88
99850,19850,3,2,27.5,7.7,54
99851,19851,1,0,34.8,8.7,80
99852,19852,1,0,34.6,8.5,72
99853,19853,3,0,25.4,9.8,87
99854,19854,1,0,28.6,8.2,51
99855,19855,3,0,2.0,6.8,37
99856,19856,3,2,17.5,6.0,29
99857,19857,3,3,31.1,4.5,-10
99858,19858,1,0,41.9,8.5,63
99859,19859,4,2,35.8,4.1,-18
99860,19860,1,0,2.0,7.1,30
99861,19861,2,0,19.2,8.0,60
99862,19862,2,0,29.0,7.2,26
99863,19863,1,0,17.7,7.9,62
99864,19864,0,0,22.1,8.9,72
99865,19865,1,1,42.4,5.7,19
99866,19866,4,4,35.4,6.6,9
99867,19867,2,0,6.9,7.8,57
99868,19868,3,0,22.6,7.7,54
99869,19869,1,1,19.5,7.5,78
99870,19870,0,0,51.4,7.8,39
99871,19871,2,0,17.3,8.7,56
99872,19872,3,2,34.5,7.0,59
99873,19873,1,0,44.1,8.8,58
99874,19874,4,2,2.9,7.2,31
99875,19875,1,0,34.4,7.5,42
99876,19876,6,1,22.3,3.3,-20
99877,19877,0,0,32.0,9.4,65
99878,19878,2,0,24.5,7.6,33
99879,19879,2,0,35.7,6.7,13
99880,19880,3,0,32.0,6.5,24
99881,19881,4,2,66.3,4.3,-25
99882,19882,1,0,21.8,6.9,29
99883,19883,0,0,26.3,7.8,47
99884,19884,0,0,8.8,7.6,59
99885,19885,3,0,22.0,9.0,93
99886,19886,4,0,15.2,7.0,39
99887,19887,3,1,59.7,4.9,-19
99888,19888,5,0,42.0,8.6,75
99889,19889,3,0,41.8,9.9,83
99890,19890,2,1,16.0,5.8,3
99891,19891,4,0,9.0,6.9,58
99892,19892,4,0,25.4,8.5,61
99893,19893,3,1,2.0,6.7,26
99894,19894,2,0,14.4,7.5,60
99895,19895,4,2,21.0,6.2,50
99896,19896,3,0,25.4,8.7,52
99897,19897,1,1,48.4,8.2,86
99898,19898,4,2,24.2,5.2,10
99899,19899,0,0,30.0,7.7,56
99900,19900,3,0,11.3,7.8,57
99901,19901,1,0,21.3,7.6,56
99902,19902,3,2,2.9,6.8,28
99903,19903,4,1,36.4,5.3,18
99904,19904,4,1,13.1,6.1,18
99905,19905,3,1,49.3,8.4,68
99906,19906,2,0,47.1,8.0,56
99907,19907,1,0,61.7,6.8,49
99908,19908,3,0,4.7,7.0,34
99909,19909,3,3,17.0,5.2,1
99910,19910,4,2,15.8,5.6,-16
99911,19911,4,1,4.8,5.9,13
99912,19912,1,0,46.6,8.4,89
99913,19913,7,2,5.2,4.1,-17
99914,19914,6,3,26.4,4.8,-9
99915,19915,4,1,29.0,6.6,41
99916,19916,2,0,25.2,5.5,15
99917,19917,3,1,5.1,7.5,43
99918,19918,1,0,2.0,8.0,45
99919,19919,2,1,31.0,8.0,43
99920,19920,7,0,14.7,6.0,45
99921,19921,4,0,37.5,5.8,25
99922,19922,2,0,33.6,6.6,26
99923,19923,2,0,30.1,7.2,36
99924,19924,2,0,26.6,8.9,58
99925,19925,2,1,27.4,5.6,6
99926,19926,2,1,39.4,7.5,35
99927,19927,2,0,25.5,8.0,61
99928,19928,0,0,57.6,9.0,82
99929,19929,4,2,5.8,5.5,24
99930,19930,1,0,6.8,9.1,70
99931,19931,2,0,2.0,7.1,31
99932,19932,3,1,23.5,7.0,32
99933,19933,0,0,2.0,7.0,44
99934,19934,3,0,37.1,7.3,61
99935,19935,2,1,2.0,6.5,35
99936,19936,1,0,22.2,9.7,80
99937,19937,2,2,23.4,6.5,34
99938,19938,1,0,29.0,7.8,52
99939,19939,4,1,20.6,7.3,44
99940,19940,4,3,4.0,5.6,17
99941,19941,2,0,10.8,6.8,46
99942,19942,4,2,6.1,8.3,64
99943,19943,2,0,24.9,8.3,61
99944,19944,3,2,52.5,6.9,31
99945,19945,3,2,36.4,6.2,18
99946,19946,3,0,2.0,8.6,52
99947,19947,2,2,4.9,7.8,46
99948,19948,1,0,16.9,8.9,64
99949,19949,7,2,12.6,5.5,11
99950,19950,3,2,5.0,6.2,39
99951,19951,5,0,9.2,7.6,47
99952,19952,0,0,15.8,7.3,63
99953,19953,4,1,20.6,7.1,40
99954,19954,2,1,10.4,5.1,-15
99955,19955,4,2,45.4,5.0,-5
99956,19956,1,0,25.6,8.4,57
99957,19957,1,0,12.6,8.4,72
99958,19958,2,0,53.7,7.2,37
99959,19959,3,2,35.2,6.0,13
99960,19960,1,0,32.3,9.0,56
99961,19961,4,1,31.8,6.0,8
99962,19962,3,1,38.7,7.1,27
99963,19963,3,1,27.3,6.5,6
99964,19964,1,0,24.8,5.0,-20
99965,19965,2,0,44.8,9.2,66
99966,19966,4,1,2.0,6.2,7
99967,19967,4,3,48.5,5.1,4
99968,19968,1,0,4.6,7.9,69
99969,19969,4,1,12.6,7.4,35
99970,19970,4,0,19.2,8.2,74
99971,19971,1,0,2.0,8.4,65
99972,19972,2,0,28.2,7.1,52
99973,19973,2,1,40.5,6.4,35
99974,19974,0,0,17.2,8.6,48
99975,19975,1,1,32.2,8.3,51
99976,19976,3,2,45.6,3.8,-34
99977,19977,3,1,25.7,7.1,44
99978,19978,3,0,9.1,7.3,23
99979,19979,3,1,2.0,6.7,39
99980,19980,4,0,49.6,6.7,46
99981,19981,3,1,16.6,5.3,-1
99982,19982,5,0,2.0,5.6,7
99983,19983,0,0,2.0,7.9,75
99984,19984,3,0,16.2,6.4,18
99985,19985,2,0,34.0,8.6,77
99986,19986,0,0,20.0,7.4,49
99987,19987,1,0,27.1,9.5,66
99988,19988,4,0,25.8,7.2,40
99989,19989,6,1,6.9,6.4,38
99990,19990,1,0,37.0,7.2,22
99991,19991,0,0,27.6,6.8,41
99992,19992,3,0,33.9,7.7,57
99993,19993,5,2,61.6,6.4,12
99994,19994,3,1,21.8,5.5,7
99995,19995,3,2,28.9,6.1,15
99996,19996,3,0,7.5,7.2,46
99997,19997,6,1,20.0,6.3,9
99998,19998,6,0,5.6,4.9,-11
99999,19999,7,2,31.0,4.2,1
100000,20000,1,1,22.3,7.2,39
