usage_id,customer_id,monthly_logins,active_users,monthly_sessions,feature_adoption_rate,usage_change_pct,days_since_last_login,onboarding_completion,number_of_integrations
70001,10001,37,13,49,88.1,-38.5,0,87.6,1
70002,10002,146,35,142,17.1,-1.7,0,97.4,4
70003,10003,12,3,13,80.7,-27.2,41,72.5,1
70004,10004,103,27,123,73.9,22.6,32,86.7,0
70005,10005,93,20,65,29.8,10.1,0,24.7,3
70006,10006,24,14,27,68.4,-21.0,44,76.3,3
70007,10007,69,17,87,67.2,-43.6,17,71.5,2
70008,10008,49,13,50,54.6,9.9,20,75.8,3
70009,10009,45,19,37,68.8,-30.8,32,69.9,0
70010,10010,48,26,66,69.6,1.4,0,69.9,0
70011,10011,30,9,31,79.3,40.8,23,71.6,4
70012,10012,40,16,60,48.2,14.1,21,46.1,5
70013,10013,41,9,46,47.5,-27.0,0,85.2,3
70014,10014,59,17,47,57.6,-2.2,27,48.1,2
70015,10015,112,21,86,26.9,9.2,13,91.8,1
70016,10016,80,15,69,64.3,-0.6,16,50.4,1
70017,10017,90,18,127,56.9,9.6,5,91.4,1
70018,10018,80,20,87,54.1,3.0,5,57.2,1
70019,10019,19,5,26,70.2,-2.1,28,77.9,5
70020,10020,31,13,38,28.9,-29.4,12,100.0,1
70021,10021,87,20,121,40.8,-1.4,48,95.4,2
70022,10022,57,11,64,68.6,6.2,32,95.7,3
70023,10023,8,3,11,72.3,-21.8,9,36.9,0
70024,10024,19,4,28,76.6,12.8,21,65.9,1
70025,10025,50,16,41,64.4,-9.6,58,60.0,2
70026,10026,106,20,159,25.6,14.5,23,62.5,0
70027,10027,22,7,28,43.6,3.8,7,70.7,1
70028,10028,50,11,58,76.2,-26.1,8,68.9,3
70029,10029,100,21,149,80.3,17.7,0,72.9,1
70030,10030,48,11,40,36.4,-16.9,4,81.0,4
70031,10031,48,16,58,47.7,1.5,6,57.8,3
70032,10032,15,7,13,60.1,27.4,41,94.6,0
70033,10033,49,26,54,84.1,-1.3,19,86.3,2
70034,10034,34,18,25,64.1,-5.7,20,90.4,4
70035,10035,101,22,98,36.4,-12.2,7,89.5,3
70036,10036,51,17,71,40.0,-38.8,0,63.2,0
70037,10037,24,8,31,64.4,-23.8,37,100.0,3
70038,10038,5,2,5,44.2,-0.1,47,87.1,0
70039,10039,24,10,20,48.6,-12.1,8,78.9,2
70040,10040,54,18,40,17.3,17.9,47,63.4,3
70041,10041,9,4,13,44.8,-12.1,9,83.6,0
70042,10042,24,6,25,96.4,-17.9,45,74.6,3
70043,10043,83,17,106,64.1,15.2,21,89.3,0
70044,10044,76,18,108,46.7,2.4,19,77.4,0
70045,10045,40,15,52,74.1,-8.5,48,58.4,4
70046,10046,25,9,27,23.5,-46.0,8,49.0,2
70047,10047,48,12,48,25.1,-11.2,31,80.9,4
70048,10048,83,21,116,56.1,15.4,17,84.0,0
70049,10049,68,15,65,84.9,-18.3,0,62.5,0
70050,10050,73,14,70,53.2,10.2,13,63.1,2
70051,10051,111,46,145,54.8,20.9,30,48.1,3
70052,10052,64,24,75,76.4,-32.7,14,63.6,4
70053,10053,44,10,46,82.6,-4.0,0,83.2,2
70054,10054,57,29,60,69.0,-10.3,29,56.4,7
70055,10055,47,19,55,49.3,-15.0,60,63.0,1
70056,10056,87,36,91,83.7,-7.2,0,70.6,3
70057,10057,49,21,47,68.6,31.2,7,66.2,2
70058,10058,104,24,148,42.3,-25.8,19,90.2,4
70059,10059,32,14,35,97.5,-13.6,0,76.6,1
70060,10060,69,14,59,55.9,22.5,33,81.1,0
70061,10061,86,23,72,54.0,-15.6,15,82.7,5
70062,10062,29,8,27,54.2,4.2,31,57.8,6
70063,10063,40,13,60,74.9,1.4,32,86.3,2
70064,10064,56,23,81,48.2,48.3,14,90.1,3
70065,10065,26,12,20,63.4,38.1,46,73.6,3
70066,10066,43,19,33,61.3,16.4,15,65.5,1
70067,10067,26,5,26,66.0,2.4,53,68.8,2
70068,10068,175,44,194,49.8,-4.4,47,84.1,2
70069,10069,34,10,32,66.7,-35.7,0,100.0,4
70070,10070,40,25,49,90.1,23.4,12,38.9,0
70071,10071,143,27,149,69.4,6.4,33,95.7,1
70072,10072,27,6,31,63.9,36.4,19,77.7,2
70073,10073,25,11,23,53.8,45.1,23,100.0,3
70074,10074,116,37,88,31.6,11.8,20,80.8,5
70075,10075,97,24,122,86.5,-10.9,0,86.3,5
70076,10076,148,67,190,48.9,15.9,59,76.9,2
70077,10077,41,12,44,22.5,26.0,24,94.6,5
70078,10078,43,10,60,59.3,5.0,21,52.3,4
70079,10079,52,25,49,59.4,-27.7,23,88.4,1
70080,10080,7,3,9,38.0,-2.4,37,68.6,4
70081,10081,76,22,88,63.1,7.7,17,92.8,1
70082,10082,26,6,27,77.9,-20.5,15,80.2,1
70083,10083,49,13,43,64.5,14.6,0,100.0,4
70084,10084,12,5,15,57.5,-37.4,7,73.3,1
70085,10085,43,9,36,73.8,8.5,21,79.3,0
70086,10086,75,21,96,65.2,-12.3,20,100.0,1
70087,10087,49,25,43,56.7,-17.6,30,49.2,1
70088,10088,24,10,17,55.1,15.5,18,86.7,2
70089,10089,38,7,36,40.4,6.5,66,85.1,2
70090,10090,73,17,102,28.5,-53.1,40,91.6,3
70091,10091,17,6,12,68.4,-24.5,18,81.3,3
70092,10092,40,16,30,80.3,29.8,0,80.4,0
70093,10093,37,11,42,48.2,-51.9,23,86.1,3
70094,10094,17,8,12,58.5,18.9,34,78.5,3
70095,10095,70,29,85,60.8,-47.0,0,100.0,5
70096,10096,34,8,41,59.0,-35.1,32,99.4,2
70097,10097,123,25,108,81.8,-5.2,8,91.1,2
70098,10098,17,10,18,36.7,9.6,13,100.0,2
70099,10099,54,14,71,99.7,45.1,18,76.5,2
70100,10100,19,5,16,50.9,-13.2,19,83.6,4
70101,10101,6,2,7,74.1,0.9,14,88.1,4
70102,10102,139,30,146,57.1,7.6,37,92.0,2
70103,10103,59,17,60,62.0,-14.2,19,69.1,1
70104,10104,29,14,28,43.6,6.4,0,69.1,1
70105,10105,189,47,215,67.2,-8.8,29,70.2,1
70106,10106,35,9,32,73.7,20.0,34,57.7,3
70107,10107,66,12,80,63.6,20.2,46,96.0,1
70108,10108,69,29,55,30.2,2.9,11,87.5,5
70109,10109,39,10,54,47.7,-10.6,15,78.9,2
70110,10110,45,12,59,28.3,-19.1,18,76.2,2
70111,10111,28,10,29,46.1,26.8,17,100.0,4
70112,10112,87,19,73,38.2,18.8,28,69.3,2
70113,10113,27,9,27,85.4,7.0,37,52.0,3
70114,10114,62,15,77,76.5,4.2,0,97.1,3
70115,10115,46,15,46,100.0,21.5,7,78.1,2
70116,10116,107,23,82,81.3,-16.7,37,89.9,4
70117,10117,82,15,65,25.0,58.1,27,100.0,5
70118,10118,55,13,69,56.2,34.7,8,49.4,2
70119,10119,69,15,96,26.8,8.4,37,68.7,5
70120,10120,16,9,22,78.5,14.1,29,76.0,5
70121,10121,56,11,73,80.7,4.0,20,91.8,3
70122,10122,150,31,196,59.2,-21.9,0,100.0,0
70123,10123,29,14,43,57.2,0.5,37,95.9,3
70124,10124,60,15,49,71.6,7.9,0,40.0,0
70125,10125,25,5,28,83.5,-1.1,25,79.2,2
70126,10126,44,11,40,56.9,-20.0,8,44.7,1
70127,10127,55,11,49,30.2,3.4,62,100.0,3
70128,10128,61,14,63,27.2,-41.2,13,81.8,0
70129,10129,52,16,50,37.9,-0.4,0,99.2,0
70130,10130,69,13,84,66.2,37.4,19,51.7,5
70131,10131,114,22,118,81.2,8.2,41,100.0,1
70132,10132,12,7,11,74.7,-11.5,43,100.0,1
70133,10133,15,7,12,63.1,8.9,11,76.0,3
70134,10134,34,9,32,68.3,-20.9,35,71.2,2
70135,10135,131,33,142,42.0,-18.3,28,50.3,4
70136,10136,82,16,97,47.2,-38.4,0,93.3,1
70137,10137,15,7,18,50.9,-15.7,4,87.9,3
70138,10138,24,8,21,18.0,2.7,0,69.0,4
70139,10139,97,18,100,59.0,-4.3,29,91.4,1
70140,10140,59,12,60,62.9,13.0,6,83.1,2
70141,10141,329,64,234,46.0,-14.5,22,48.3,2
70142,10142,28,17,39,68.4,-2.4,40,84.8,3
70143,10143,21,9,26,52.8,-10.4,36,78.0,3
70144,10144,30,9,37,34.6,-16.9,33,86.5,4
70145,10145,60,12,70,59.5,-18.1,28,70.1,1
70146,10146,56,17,60,82.3,-23.4,36,80.3,1
70147,10147,21,10,18,36.5,24.9,8,61.8,4
70148,10148,142,36,144,52.4,-20.0,51,70.3,0
70149,10149,36,7,30,23.3,-2.8,36,96.0,2
70150,10150,19,11,26,51.6,-14.7,36,76.6,2
70151,10151,38,11,33,94.5,6.5,31,53.9,1
70152,10152,16,3,15,58.7,-8.3,14,89.3,3
70153,10153,22,12,16,38.3,66.9,30,100.0,3
70154,10154,31,10,31,43.6,-15.2,7,100.0,2
70155,10155,24,10,30,50.5,-5.9,0,46.5,1
70156,10156,20,10,17,35.8,-18.9,29,81.7,2
70157,10157,79,18,88,77.3,37.2,0,46.0,3
70158,10158,26,15,38,82.6,-40.8,22,48.2,2
70159,10159,62,12,65,49.3,2.8,12,91.4,1
70160,10160,143,27,191,55.5,11.5,25,59.4,2
70161,10161,73,19,98,85.7,6.1,0,66.9,2
70162,10162,80,20,98,58.0,25.6,25,92.4,2
70163,10163,46,9,46,98.0,21.0,47,85.7,1
70164,10164,114,30,149,69.2,-1.3,67,87.4,3
70165,10165,35,15,51,66.7,1.4,0,43.6,0
70166,10166,82,28,75,73.0,-4.7,10,75.4,0
70167,10167,73,21,80,57.5,-13.1,45,74.5,2
70168,10168,74,17,87,48.8,16.1,25,91.5,0
70169,10169,7,2,8,49.9,-12.6,32,71.6,1
70170,10170,74,14,76,55.4,11.4,9,78.3,1
70171,10171,66,17,75,37.2,-4.2,40,51.9,3
70172,10172,48,13,36,53.2,-31.9,0,59.7,3
70173,10173,74,16,56,41.5,2.9,34,100.0,3
70174,10174,16,7,23,19.9,-1.5,61,66.4,3
70175,10175,35,10,40,87.5,-16.6,51,62.3,4
70176,10176,14,9,12,50.2,-6.2,63,78.5,1
70177,10177,56,17,51,55.1,-17.8,0,72.9,1
70178,10178,13,6,16,49.3,-14.0,11,67.4,1
70179,10179,160,34,201,72.9,-31.7,0,76.7,3
70180,10180,21,7,26,61.5,-15.4,21,52.2,3
70181,10181,20,6,18,69.2,12.0,5,78.2,3
70182,10182,18,11,25,70.8,5.9,20,78.6,3
70183,10183,51,31,38,45.2,27.1,4,79.5,4
70184,10184,79,31,82,51.0,14.4,3,94.8,3
70185,10185,52,12,68,49.5,-7.3,27,54.3,6
70186,10186,32,7,28,38.8,6.7,16,93.0,7
70187,10187,175,32,156,56.0,9.9,29,52.9,5
70188,10188,125,27,88,51.6,46.6,13,66.4,1
70189,10189,123,30,135,84.1,7.0,19,65.4,3
70190,10190,90,21,129,91.7,21.6,38,64.2,4
70191,10191,31,10,34,37.6,18.8,16,63.1,4
70192,10192,43,8,62,30.7,40.9,6,84.4,1
70193,10193,159,40,139,81.8,9.6,55,78.2,6
70194,10194,16,10,16,89.3,-36.9,14,77.9,1
70195,10195,14,5,21,43.7,0.6,0,96.6,4
70196,10196,23,11,31,48.1,2.1,16,73.3,2
70197,10197,17,7,20,46.0,1.1,0,80.2,1
70198,10198,184,49,142,67.1,24.6,0,87.8,3
70199,10199,59,18,47,78.4,-36.9,26,77.1,1
70200,10200,36,11,38,34.7,-11.5,46,48.8,3
70201,10201,16,5,22,46.3,49.1,0,80.8,3
70202,10202,28,12,36,42.1,-5.8,26,100.0,4
70203,10203,13,7,18,29.2,20.0,39,76.6,4
70204,10204,49,15,50,27.5,-34.4,0,77.1,1
70205,10205,46,18,53,85.6,-14.2,24,83.6,6
70206,10206,25,9,24,54.1,33.5,14,82.2,2
70207,10207,8,4,9,58.9,12.1,13,65.7,0
70208,10208,55,12,66,54.1,9.9,20,69.1,3
70209,10209,24,14,27,51.6,1.7,41,76.9,5
70210,10210,73,17,63,71.0,-0.6,0,87.4,2
70211,10211,113,28,110,82.0,15.7,0,71.2,3
70212,10212,40,24,48,52.9,-33.8,0,100.0,4
70213,10213,116,24,134,43.2,13.0,21,75.3,0
70214,10214,49,13,52,74.9,-23.2,10,46.7,2
70215,10215,136,31,102,80.5,2.7,50,99.4,6
70216,10216,35,9,37,35.8,-9.3,0,29.1,3
70217,10217,57,23,66,75.2,-2.3,33,65.0,1
70218,10218,98,36,86,94.9,7.3,2,78.6,1
70219,10219,110,20,78,58.1,-12.6,28,100.0,3
70220,10220,128,27,142,73.1,13.9,36,100.0,2
70221,10221,58,12,58,56.3,-26.6,7,70.0,2
70222,10222,38,15,48,68.1,6.9,7,53.6,2
70223,10223,46,10,37,83.2,15.2,18,86.6,1
70224,10224,37,13,42,62.4,18.7,48,62.8,1
70225,10225,25,9,35,59.4,-1.0,37,96.6,4
70226,10226,17,6,24,61.4,22.4,17,82.4,3
70227,10227,60,31,84,65.2,-0.1,8,67.0,2
70228,10228,13,7,17,72.5,19.3,25,82.9,3
70229,10229,115,27,167,76.0,-22.3,5,66.2,2
70230,10230,35,10,52,46.8,-2.8,17,55.5,3
70231,10231,47,10,44,59.3,-5.7,18,42.3,2
70232,10232,46,10,50,60.4,-7.0,38,91.0,4
70233,10233,109,38,138,59.4,-24.0,24,86.3,1
70234,10234,33,16,37,43.0,-13.5,5,63.6,3
70235,10235,21,8,30,62.1,-27.1,0,87.9,1
70236,10236,125,34,185,71.9,3.5,0,94.6,0
70237,10237,85,18,93,76.4,59.1,22,56.7,1
70238,10238,82,25,79,48.5,-26.4,33,85.7,2
70239,10239,31,8,32,69.6,19.4,26,56.7,2
70240,10240,52,14,65,85.5,-23.4,3,96.6,3
70241,10241,47,20,60,39.9,16.2,10,99.8,4
70242,10242,101,31,101,27.4,4.3,10,67.6,0
70243,10243,141,34,194,44.5,-0.2,2,37.2,2
70244,10244,20,12,16,71.4,-12.0,13,80.7,6
70245,10245,62,16,45,56.0,29.3,18,86.6,2
70246,10246,10,2,15,51.8,40.4,24,77.3,6
70247,10247,108,21,155,36.0,3.4,13,61.2,2
70248,10248,34,7,32,90.1,29.1,26,100.0,3
70249,10249,29,12,42,68.2,3.1,27,75.5,2
70250,10250,84,17,80,38.9,10.1,26,92.4,5
70251,10251,25,13,27,95.8,-28.4,10,95.4,5
70252,10252,31,11,35,53.8,-10.5,5,66.9,2
70253,10253,83,27,101,67.4,13.3,25,100.0,3
70254,10254,42,18,47,64.6,40.3,12,42.2,3
70255,10255,65,13,93,84.9,-7.2,14,65.0,4
70256,10256,151,34,173,82.9,21.9,40,59.5,1
70257,10257,113,26,82,78.0,-2.9,7,77.2,3
70258,10258,26,5,22,82.0,-3.1,25,100.0,3
70259,10259,41,9,60,48.4,-26.5,7,91.9,4
70260,10260,32,10,24,49.2,42.2,0,15.1,0
70261,10261,30,15,39,51.5,26.3,17,100.0,3
70262,10262,34,7,50,51.6,-9.0,1,90.8,2
70263,10263,30,7,22,64.0,9.4,22,93.8,1
70264,10264,55,14,76,57.2,-10.6,20,68.8,5
70265,10265,40,9,51,48.4,10.5,29,75.8,6
70266,10266,122,27,89,61.2,3.8,45,57.3,3
70267,10267,89,20,105,49.8,-32.6,34,52.5,1
70268,10268,80,24,115,63.0,25.6,2,37.3,6
70269,10269,40,11,42,89.9,-1.0,23,100.0,0
70270,10270,71,15,92,82.1,18.0,0,74.5,2
70271,10271,99,19,95,63.5,-4.5,0,100.0,3
70272,10272,46,13,47,95.6,-8.1,27,80.2,1
70273,10273,60,14,75,82.7,-22.8,26,97.3,2
70274,10274,42,12,30,83.5,23.7,22,86.0,2
70275,10275,44,14,57,71.8,13.2,16,77.4,4
70276,10276,97,21,88,80.0,-15.0,8,100.0,3
70277,10277,40,19,55,40.1,6.4,27,77.5,3
70278,10278,43,13,49,51.8,5.5,0,86.8,2
70279,10279,89,23,83,44.9,12.0,6,84.6,4
70280,10280,74,17,92,80.8,28.0,15,72.6,2
70281,10281,96,19,137,23.6,-16.9,21,66.4,6
70282,10282,21,10,23,66.8,17.7,21,77.3,4
70283,10283,25,8,35,85.3,18.2,0,66.2,1
70284,10284,22,9,32,85.7,7.5,33,100.0,2
70285,10285,37,10,37,63.6,-19.6,55,80.4,0
70286,10286,14,6,19,68.6,1.6,11,72.9,0
70287,10287,12,5,16,72.7,-44.6,5,100.0,1
70288,10288,24,12,27,77.6,-6.5,38,63.0,3
70289,10289,23,6,17,36.6,-20.9,29,70.8,0
70290,10290,33,7,44,69.3,19.3,14,100.0,3
70291,10291,24,12,18,28.4,7.9,30,100.0,3
70292,10292,51,11,75,88.2,-21.3,0,66.3,2
70293,10293,102,19,109,5.0,41.0,22,53.2,2
70294,10294,65,19,47,71.6,34.1,29,100.0,1
70295,10295,18,5,16,46.4,7.7,0,47.4,1
70296,10296,64,14,57,33.2,-29.5,0,96.5,3
70297,10297,72,16,100,65.7,9.9,0,99.2,1
70298,10298,52,27,39,51.8,1.5,38,70.0,4
70299,10299,39,8,33,57.8,32.1,31,92.3,3
70300,10300,46,24,46,43.8,-28.5,32,70.8,1
70301,10301,34,9,29,5.0,-7.4,34,97.4,3
70302,10302,11,3,9,43.4,26.9,0,92.8,2
70303,10303,72,15,63,60.8,16.3,30,84.5,4
70304,10304,14,7,11,58.5,-11.8,26,76.4,5
70305,10305,167,41,200,63.4,18.1,8,72.8,3
70306,10306,132,26,100,71.3,-6.1,41,96.1,2
70307,10307,45,12,44,90.5,-16.6,31,80.0,2
70308,10308,30,6,37,42.3,18.8,16,85.7,2
70309,10309,161,32,153,84.1,18.7,0,83.1,1
70310,10310,13,5,13,47.6,-6.6,0,68.0,0
70311,10311,70,14,92,91.4,-18.9,3,75.0,5
70312,10312,55,13,73,55.6,-11.4,11,70.3,2
70313,10313,59,12,76,47.9,5.4,17,64.4,4
70314,10314,66,26,64,84.9,-32.4,32,69.7,3
70315,10315,30,10,34,56.2,12.0,2,69.9,2
70316,10316,78,20,109,16.0,1.8,0,80.3,4
70317,10317,63,14,66,71.9,1.7,20,62.1,2
70318,10318,81,15,74,64.1,14.5,33,83.0,3
70319,10319,16,9,12,37.8,-30.0,2,78.5,5
70320,10320,37,10,43,83.9,-12.5,20,60.8,2
70321,10321,26,7,23,43.2,5.5,34,33.9,2
70322,10322,72,14,92,72.8,4.7,0,64.3,2
70323,10323,20,8,15,73.7,1.4,23,81.9,1
70324,10324,32,15,33,100.0,1.6,0,98.4,0
70325,10325,93,27,90,62.9,-21.9,18,70.8,3
70326,10326,66,15,61,39.8,18.2,0,100.0,2
70327,10327,54,10,81,60.9,-8.2,0,41.1,3
70328,10328,49,13,38,98.6,-6.2,10,100.0,1
70329,10329,141,32,99,95.5,-2.4,46,77.7,3
70330,10330,24,9,17,41.2,-27.5,7,62.5,5
70331,10331,63,15,49,19.7,30.2,3,96.7,7
70332,10332,17,7,23,59.8,-21.4,0,32.9,1
70333,10333,31,9,26,46.1,3.5,40,89.4,6
70334,10334,24,14,28,60.0,-29.2,26,69.0,1
70335,10335,22,8,27,51.2,-20.2,0,100.0,2
70336,10336,65,14,85,83.4,22.8,8,89.7,5
70337,10337,37,21,30,81.9,-16.5,0,100.0,3
70338,10338,103,37,83,100.0,1.1,46,63.1,3
70339,10339,31,14,29,51.6,5.0,18,82.0,4
70340,10340,76,19,59,39.9,25.3,14,100.0,1
70341,10341,98,22,90,80.0,-1.7,40,84.7,3
70342,10342,23,12,27,57.9,-21.1,26,99.3,1
70343,10343,36,10,38,84.5,-48.3,29,65.8,2
70344,10344,63,15,59,67.6,-45.2,14,85.1,0
70345,10345,87,16,84,77.2,29.1,19,74.5,10
70346,10346,55,23,49,62.9,8.1,21,80.1,1
70347,10347,31,17,33,50.8,40.6,15,62.1,3
70348,10348,48,19,51,99.6,9.9,48,43.9,3
70349,10349,22,6,31,69.4,3.4,27,30.8,2
70350,10350,65,16,80,53.4,-29.5,54,78.8,1
70351,10351,57,19,69,33.2,-15.8,43,55.9,2
70352,10352,32,10,29,61.1,31.5,0,64.3,1
70353,10353,63,17,61,43.0,12.0,0,64.8,1
70354,10354,8,4,11,52.0,-20.1,10,65.8,1
70355,10355,134,25,154,93.3,50.1,15,60.8,5
70356,10356,63,15,53,88.2,13.7,32,98.6,2
70357,10357,43,12,55,41.2,-4.2,10,84.8,2
70358,10358,80,18,60,42.8,15.7,5,100.0,3
70359,10359,40,21,57,79.5,-16.3,32,60.5,1
70360,10360,46,10,52,29.2,-10.9,30,40.8,1
70361,10361,61,27,91,74.0,31.1,49,58.4,2
70362,10362,51,28,47,45.0,-18.3,23,63.9,2
70363,10363,81,16,64,45.5,9.7,26,36.9,3
70364,10364,125,29,136,69.0,-15.5,35,100.0,1
70365,10365,91,55,104,48.3,-30.4,33,66.2,2
70366,10366,78,15,102,29.4,-24.9,56,71.3,3
70367,10367,264,48,312,70.9,13.3,0,59.5,4
70368,10368,79,20,81,42.6,19.7,58,73.1,4
70369,10369,25,12,21,39.8,22.8,0,66.0,1
70370,10370,21,6,30,71.2,26.8,35,68.7,3
70371,10371,59,14,56,40.4,-27.7,9,84.5,7
70372,10372,38,17,33,45.9,4.0,4,28.5,3
70373,10373,43,14,39,46.9,10.5,0,100.0,3
70374,10374,29,15,33,78.8,-34.8,35,72.7,2
70375,10375,23,6,16,63.5,13.3,15,71.9,5
70376,10376,6,2,8,58.4,26.8,4,84.4,1
70377,10377,47,16,63,59.0,35.5,26,100.0,1
70378,10378,13,4,18,43.5,-30.6,42,98.0,2
70379,10379,53,21,72,50.3,19.9,2,60.6,0
70380,10380,40,10,31,61.1,-37.6,12,59.3,1
70381,10381,46,11,52,31.9,-12.4,21,61.1,1
70382,10382,48,19,40,46.5,9.9,0,85.9,1
70383,10383,73,16,57,36.9,-3.4,14,56.6,5
70384,10384,38,22,27,100.0,-15.0,24,65.9,3
70385,10385,51,12,37,63.1,-11.0,17,97.0,5
70386,10386,42,13,41,93.0,7.2,33,82.1,5
70387,10387,28,7,20,55.2,-16.8,53,59.3,6
70388,10388,43,14,45,39.0,34.2,0,60.3,0
70389,10389,36,12,29,80.1,-11.0,17,91.6,1
70390,10390,60,29,82,54.0,24.0,32,71.2,4
70391,10391,65,15,65,55.2,-17.0,27,91.0,2
70392,10392,51,19,62,68.5,-1.4,20,70.9,1
70393,10393,81,25,87,68.7,1.4,7,69.0,4
70394,10394,159,35,169,83.5,5.5,32,80.7,4
70395,10395,36,15,39,63.8,14.2,4,100.0,1
70396,10396,53,16,49,61.0,-29.4,16,46.8,4
70397,10397,39,14,31,86.5,15.8,18,68.6,3
70398,10398,109,25,153,51.3,16.3,19,63.2,3
70399,10399,300,56,391,83.4,29.4,8,67.1,5
70400,10400,217,41,195,74.3,2.1,17,75.0,2
70401,10401,56,16,40,61.3,-14.0,1,61.8,2
70402,10402,76,35,85,61.0,-18.9,26,54.1,6
70403,10403,59,11,46,47.0,-3.0,22,84.1,1
70404,10404,101,20,128,71.1,-7.6,27,90.6,7
70405,10405,26,12,25,45.5,-27.4,10,70.3,3
70406,10406,70,27,82,83.4,-8.1,15,94.5,4
70407,10407,33,17,35,29.0,14.0,26,78.2,1
70408,10408,53,10,41,87.4,6.2,31,87.7,2
70409,10409,50,28,74,95.2,-2.2,42,79.0,3
70410,10410,12,4,8,89.6,-5.9,31,54.4,4
70411,10411,24,5,35,76.8,2.2,9,87.3,0
70412,10412,103,28,130,59.7,-33.5,16,83.3,1
70413,10413,189,53,215,50.3,-19.3,2,70.3,1
70414,10414,55,18,75,69.3,3.9,0,56.2,3
70415,10415,11,7,8,66.0,16.7,24,91.2,3
70416,10416,23,11,19,74.5,26.1,37,79.0,2
70417,10417,61,16,72,67.6,-5.3,15,88.8,6
70418,10418,52,11,59,48.0,31.4,1,68.5,5
70419,10419,94,23,107,76.7,15.0,0,100.0,1
70420,10420,50,11,69,56.8,7.6,15,65.3,2
70421,10421,33,14,41,77.8,6.8,21,69.7,1
70422,10422,45,12,44,92.2,-20.9,31,79.6,1
70423,10423,36,12,43,73.0,-63.8,28,76.8,5
70424,10424,48,17,60,53.5,16.6,24,63.1,4
70425,10425,35,11,30,66.2,-14.2,11,92.5,2
70426,10426,50,10,36,75.4,-52.2,44,100.0,3
70427,10427,151,30,167,40.1,21.8,19,86.1,2
70428,10428,158,34,196,61.0,50.0,3,62.3,0
70429,10429,33,11,46,52.8,-15.2,14,73.3,6
70430,10430,30,19,35,92.9,3.2,16,81.9,2
70431,10431,42,14,49,43.1,31.8,26,100.0,3
70432,10432,154,32,170,63.3,28.5,14,58.0,0
70433,10433,40,21,58,76.5,1.4,19,79.3,2
70434,10434,29,7,40,56.6,24.2,0,91.3,4
70435,10435,202,41,224,40.6,0.4,14,61.2,5
70436,10436,44,13,55,63.8,-38.9,13,86.3,2
70437,10437,23,14,28,73.4,48.9,44,100.0,4
70438,10438,39,11,35,92.2,1.6,13,100.0,1
70439,10439,30,7,27,64.8,-55.4,17,55.0,5
70440,10440,37,9,55,54.5,-0.1,0,61.1,3
70441,10441,50,14,68,58.7,48.3,38,91.5,0
70442,10442,133,34,172,74.6,15.3,0,87.1,2
70443,10443,57,22,82,76.9,7.8,0,100.0,4
70444,10444,45,19,58,78.1,49.6,36,60.5,2
70445,10445,161,32,216,52.7,-8.8,13,100.0,3
70446,10446,85,32,79,88.5,11.8,30,68.6,0
70447,10447,252,59,279,48.5,28.3,12,100.0,2
70448,10448,42,19,44,66.7,32.2,6,80.8,1
70449,10449,74,23,71,47.1,-23.2,13,85.9,2
70450,10450,27,13,35,39.8,4.4,0,98.0,1
70451,10451,88,33,94,74.4,21.7,16,97.8,2
70452,10452,27,12,39,83.4,48.6,26,82.1,2
70453,10453,43,8,44,24.4,-15.6,11,83.4,1
70454,10454,42,27,44,33.6,33.6,12,72.6,3
70455,10455,38,13,54,97.2,6.1,0,77.2,4
70456,10456,64,16,46,17.2,32.4,28,90.4,1
70457,10457,55,11,61,52.0,-16.4,35,100.0,3
70458,10458,49,9,44,100.0,-31.8,0,72.9,8
70459,10459,16,4,17,33.8,-29.8,26,94.2,1
70460,10460,26,5,32,71.9,7.1,20,69.1,2
70461,10461,37,7,44,68.7,0.7,13,84.8,3
70462,10462,66,18,64,63.1,8.3,0,96.0,2
70463,10463,18,9,17,49.1,-2.9,42,100.0,1
70464,10464,144,41,143,58.1,57.6,32,79.5,1
70465,10465,103,30,133,70.0,39.2,7,75.6,5
70466,10466,26,7,27,76.7,4.3,23,76.0,2
70467,10467,17,6,14,52.0,-0.3,20,57.7,2
70468,10468,88,21,126,73.9,-29.4,17,89.7,4
70469,10469,47,14,46,58.9,-7.3,14,73.0,0
70470,10470,79,21,84,57.2,-8.1,0,97.4,2
70471,10471,43,16,48,67.3,-33.4,2,100.0,2
70472,10472,85,26,108,67.4,-5.4,47,96.5,2
70473,10473,39,9,36,95.0,6.6,11,59.6,3
70474,10474,23,12,30,33.8,28.1,0,81.5,2
70475,10475,33,7,23,84.1,38.5,10,67.3,1
70476,10476,51,16,66,90.8,-4.8,11,75.2,5
70477,10477,86,16,72,85.4,3.3,49,69.8,2
70478,10478,47,13,40,68.2,-21.4,24,56.9,2
70479,10479,81,47,92,34.0,4.9,41,79.7,1
70480,10480,43,12,41,37.0,18.9,0,100.0,2
70481,10481,58,16,47,36.1,-19.5,30,84.5,1
70482,10482,42,10,36,46.0,-36.0,29,100.0,1
70483,10483,32,15,46,81.7,-3.8,22,77.9,4
70484,10484,92,27,116,84.4,1.8,18,69.5,2
70485,10485,49,16,40,77.4,-32.4,65,100.0,1
70486,10486,155,30,208,86.5,23.3,32,100.0,4
70487,10487,59,22,86,69.0,-34.0,8,60.4,2
70488,10488,9,6,7,59.4,-15.8,0,100.0,3
70489,10489,94,27,119,58.5,-6.1,24,63.5,2
70490,10490,182,34,167,68.6,24.2,13,67.4,4
70491,10491,57,14,64,34.8,7.8,49,100.0,4
70492,10492,31,8,27,66.0,-19.1,6,60.3,3
70493,10493,68,14,55,34.2,-18.9,24,100.0,2
70494,10494,45,21,51,67.7,39.0,55,65.7,2
70495,10495,29,10,40,45.1,-16.4,23,47.0,4
70496,10496,19,8,28,67.6,-14.5,28,94.6,4
70497,10497,12,4,16,86.8,-31.5,32,70.9,4
70498,10498,9,5,8,49.7,-3.9,20,68.7,1
70499,10499,129,41,156,74.7,-2.6,14,94.7,3
70500,10500,25,12,20,61.9,-3.0,30,60.5,2
70501,10501,52,13,54,78.5,-28.9,41,72.0,4
70502,10502,58,17,48,57.3,-49.8,23,76.2,3
70503,10503,29,7,38,76.0,5.0,19,69.0,4
70504,10504,59,18,48,77.4,1.8,48,60.0,5
70505,10505,56,14,72,66.4,-5.4,15,93.3,3
70506,10506,11,6,9,5.0,15.5,30,59.9,0
70507,10507,82,38,93,73.2,22.1,22,81.3,4
70508,10508,81,15,70,56.7,38.1,43,71.9,3
70509,10509,117,24,96,52.4,-46.1,18,83.2,3
70510,10510,97,26,102,34.6,7.8,23,100.0,1
70511,10511,27,5,40,29.5,-32.2,0,100.0,3
70512,10512,20,12,15,71.1,41.8,22,72.6,1
70513,10513,249,46,263,46.5,50.6,12,77.3,0
70514,10514,47,27,36,34.4,55.3,2,98.8,4
70515,10515,33,8,30,56.1,-40.5,17,67.9,1
70516,10516,38,10,35,66.7,37.4,43,82.1,2
70517,10517,75,15,83,67.8,-24.3,8,100.0,4
70518,10518,65,17,86,63.6,12.7,32,100.0,4
70519,10519,50,21,48,49.5,-22.2,7,57.1,2
70520,10520,45,19,60,100.0,-20.1,0,79.1,3
70521,10521,133,30,95,44.7,4.2,27,93.0,5
70522,10522,68,14,51,64.8,55.1,33,39.8,1
70523,10523,52,15,43,42.0,11.4,36,86.3,2
70524,10524,213,45,225,57.8,0.5,42,100.0,2
70525,10525,87,41,87,43.0,-10.7,29,100.0,3
70526,10526,29,8,37,33.4,-12.7,11,95.9,1
70527,10527,51,15,76,59.1,7.8,0,71.7,1
70528,10528,120,25,161,87.7,59.5,12,59.0,2
70529,10529,36,7,49,78.3,-46.6,47,100.0,1
70530,10530,37,19,55,34.4,-39.6,4,74.5,2
70531,10531,107,28,115,40.5,27.7,6,61.0,0
70532,10532,32,10,47,90.8,11.7,0,100.0,3
70533,10533,37,11,43,83.1,1.8,18,100.0,0
70534,10534,53,11,66,54.2,-52.5,37,68.7,2
70535,10535,84,20,61,94.5,-11.2,66,83.6,2
70536,10536,134,38,144,60.6,35.6,0,78.5,5
70537,10537,112,30,166,58.4,-13.6,0,61.3,3
70538,10538,39,8,56,40.2,-11.0,49,63.4,4
70539,10539,145,30,146,41.2,4.2,18,29.2,4
70540,10540,34,12,39,77.8,-9.0,11,100.0,2
70541,10541,45,23,62,27.1,5.9,0,57.8,1
70542,10542,32,15,30,75.9,-38.5,33,56.7,3
70543,10543,14,5,12,69.0,29.7,13,67.3,2
70544,10544,59,11,48,72.1,19.3,28,49.4,2
70545,10545,84,16,67,35.0,-6.6,7,66.3,4
70546,10546,51,10,72,40.8,-39.2,8,100.0,1
70547,10547,26,7,30,52.0,-34.1,20,91.8,3
70548,10548,84,24,95,39.8,-2.7,19,76.2,2
70549,10549,32,13,27,95.3,8.3,12,76.6,5
70550,10550,29,7,30,58.1,-7.9,20,92.6,5
70551,10551,65,13,97,49.4,-26.1,35,67.3,1
70552,10552,199,41,216,82.7,-0.1,0,69.6,4
70553,10553,91,20,68,84.2,29.7,2,76.8,5
70554,10554,22,9,22,17.7,-3.1,18,95.3,3
70555,10555,84,22,62,24.3,-21.2,24,86.7,2
70556,10556,38,16,46,53.0,-11.8,21,100.0,4
70557,10557,28,6,29,34.7,37.6,15,65.1,4
70558,10558,140,27,115,60.4,12.4,19,61.5,6
70559,10559,100,19,138,88.0,-9.8,11,76.1,3
70560,10560,73,14,86,73.9,-0.8,49,93.5,1
70561,10561,29,11,32,73.9,11.1,32,44.7,4
70562,10562,47,20,63,98.7,18.3,0,85.3,3
70563,10563,26,14,30,49.9,-1.4,20,100.0,2
70564,10564,45,10,34,46.1,-11.7,52,75.9,4
70565,10565,86,16,78,58.1,8.6,7,84.4,5
70566,10566,43,22,50,56.5,-3.4,31,99.1,3
70567,10567,10,3,8,66.9,-23.1,40,73.0,0
70568,10568,31,12,28,40.2,-1.9,0,76.6,2
70569,10569,44,10,52,72.9,-21.3,3,67.3,1
70570,10570,45,9,65,40.5,-24.6,17,75.8,1
70571,10571,29,10,37,76.6,-10.7,24,63.8,0
70572,10572,47,11,52,60.7,16.4,10,51.9,2
70573,10573,15,5,13,86.7,-16.8,32,99.0,1
70574,10574,64,12,55,71.9,67.1,29,76.7,3
70575,10575,9,6,12,45.3,17.5,12,85.1,2
70576,10576,256,56,369,78.4,-37.5,4,88.1,5
70577,10577,13,8,10,37.5,-28.9,5,55.9,4
70578,10578,84,19,104,46.5,18.2,35,81.8,0
70579,10579,74,14,95,59.9,-16.6,21,97.4,1
70580,10580,86,17,95,100.0,-22.6,0,97.5,2
70581,10581,40,20,39,58.0,-22.0,15,73.7,4
70582,10582,39,22,49,70.5,-17.4,12,100.0,2
70583,10583,57,11,61,53.6,-1.3,0,97.0,3
70584,10584,29,11,31,67.5,4.4,44,64.1,3
70585,10585,24,11,19,62.8,-11.5,0,100.0,2
70586,10586,39,16,47,21.2,-31.3,11,61.7,4
70587,10587,58,16,45,77.4,-3.6,18,60.9,5
70588,10588,34,19,31,47.4,40.6,12,100.0,1
70589,10589,31,19,26,74.2,6.7,60,74.9,1
70590,10590,38,10,55,70.3,3.3,6,60.1,4
70591,10591,16,5,12,25.3,-21.3,34,68.1,2
70592,10592,51,10,55,100.0,-7.3,24,100.0,2
70593,10593,37,10,44,69.7,9.4,31,100.0,1
70594,10594,61,16,65,50.9,1.8,21,57.4,2
70595,10595,207,40,254,53.5,22.0,1,78.3,1
70596,10596,23,12,17,63.5,21.7,28,75.5,3
70597,10597,50,15,72,53.6,13.2,0,83.1,1
70598,10598,19,6,19,51.0,-34.7,22,84.6,5
70599,10599,65,14,68,71.6,17.2,0,68.9,3
70600,10600,45,14,51,74.5,5.4,42,81.5,2
70601,10601,52,15,63,45.3,25.4,18,100.0,3
70602,10602,47,14,38,26.5,24.0,37,75.2,2
70603,10603,79,17,78,62.2,7.4,45,97.3,4
70604,10604,34,8,40,85.4,-16.7,0,100.0,3
70605,10605,71,22,80,69.4,-8.2,27,96.5,4
70606,10606,21,12,16,84.2,13.6,22,87.5,2
70607,10607,53,11,69,18.2,-3.1,30,61.9,4
70608,10608,77,14,78,48.5,-7.2,20,89.2,2
70609,10609,139,31,99,42.5,-12.8,16,66.2,1
70610,10610,39,12,52,40.3,-6.9,51,68.8,5
70611,10611,43,14,30,37.1,24.8,0,96.8,2
70612,10612,89,23,77,42.2,-9.3,21,49.9,5
70613,10613,14,6,18,66.5,-4.0,15,59.4,1
70614,10614,64,30,75,72.1,-26.0,33,92.1,4
70615,10615,51,26,58,34.2,1.3,38,45.6,2
70616,10616,102,19,113,100.0,26.1,53,69.9,5
70617,10617,41,10,60,80.7,-23.3,0,65.8,1
70618,10618,19,5,14,92.2,14.3,0,41.9,2
70619,10619,70,14,75,51.0,2.7,12,72.8,2
70620,10620,31,11,46,44.2,2.1,0,86.9,0
70621,10621,74,21,67,60.4,39.4,0,76.4,0
70622,10622,25,12,18,58.1,8.0,19,60.5,2
70623,10623,27,7,29,64.3,-3.2,13,63.2,6
70624,10624,138,27,182,67.6,6.1,19,82.6,1
70625,10625,67,15,58,84.4,-8.2,23,63.3,3
70626,10626,68,18,61,70.8,26.5,20,63.6,5
70627,10627,29,8,24,61.7,-5.2,20,72.3,2
70628,10628,66,17,65,82.7,4.4,20,75.1,3
70629,10629,32,8,45,77.7,10.3,8,59.6,3
70630,10630,36,9,31,73.1,-22.8,0,61.8,1
70631,10631,64,19,58,45.1,-4.4,0,86.0,6
70632,10632,60,15,84,50.7,-7.7,15,50.7,4
70633,10633,72,20,104,38.2,28.0,12,100.0,3
70634,10634,38,12,28,28.4,-5.8,72,49.8,2
70635,10635,29,8,33,61.5,15.5,45,96.0,3
70636,10636,24,5,22,62.4,12.6,28,91.0,4
70637,10637,87,17,73,43.5,-17.1,0,76.2,6
70638,10638,41,10,46,41.5,-5.9,3,85.1,1
70639,10639,35,7,46,56.6,-11.2,32,78.6,1
70640,10640,11,7,9,67.2,-1.7,18,74.7,5
70641,10641,47,9,45,59.0,17.9,36,64.1,6
70642,10642,18,12,21,72.4,8.7,18,94.4,2
70643,10643,52,10,74,48.0,27.9,23,60.8,2
70644,10644,38,17,54,64.5,-35.3,11,75.0,2
70645,10645,13,7,16,87.1,-5.4,1,89.8,1
70646,10646,156,31,201,97.1,-1.3,2,68.7,4
70647,10647,17,11,13,50.9,13.9,0,84.2,1
70648,10648,96,20,119,65.2,-5.0,1,60.9,2
70649,10649,88,38,85,63.0,42.1,18,71.1,5
70650,10650,31,10,39,71.3,-0.4,11,80.7,2
70651,10651,26,17,21,65.9,-6.7,27,56.8,2
70652,10652,59,11,69,100.0,5.0,12,45.2,1
70653,10653,121,37,119,47.9,15.4,16,72.5,3
70654,10654,55,17,57,74.0,1.1,8,70.8,4
70655,10655,35,22,28,86.0,13.9,41,80.7,1
70656,10656,34,15,43,90.8,14.4,34,75.7,2
70657,10657,23,10,30,86.7,-35.4,24,76.4,1
70658,10658,28,18,23,87.9,18.3,22,84.7,3
70659,10659,31,14,34,64.0,-10.6,21,60.6,3
70660,10660,116,22,154,53.8,-26.2,24,73.9,2
70661,10661,46,12,40,66.9,-8.5,25,84.7,5
70662,10662,38,24,29,84.8,6.5,55,60.5,3
70663,10663,38,16,54,21.4,-24.4,26,84.6,1
70664,10664,47,15,62,58.3,-29.9,17,60.5,7
70665,10665,22,10,21,46.4,12.6,38,91.7,3
70666,10666,21,10,27,39.1,-27.5,47,57.4,2
70667,10667,48,9,35,52.6,9.0,2,91.6,2
70668,10668,49,9,66,66.6,-10.4,0,66.0,5
70669,10669,48,12,49,68.1,33.9,17,96.2,2
70670,10670,45,9,41,75.3,-15.7,0,43.2,3
70671,10671,16,5,14,83.3,35.2,34,70.1,6
70672,10672,23,15,24,98.0,-26.5,12,100.0,3
70673,10673,84,22,103,57.2,-3.5,24,81.8,3
70674,10674,30,14,40,75.8,1.5,18,74.9,3
70675,10675,95,25,68,77.3,7.8,10,87.4,2
70676,10676,218,43,317,38.1,-28.1,24,100.0,2
70677,10677,67,15,92,80.6,7.0,0,100.0,1
70678,10678,25,10,37,61.3,9.7,13,50.5,4
70679,10679,114,24,103,65.6,25.7,18,100.0,2
70680,10680,117,27,97,50.7,-3.6,0,91.7,3
70681,10681,215,41,301,53.1,3.2,5,87.0,2
70682,10682,56,14,40,73.5,-1.9,20,80.6,1
70683,10683,43,8,44,67.6,-0.7,0,100.0,2
70684,10684,47,13,49,87.1,-2.1,49,79.6,2
70685,10685,68,19,60,60.2,-8.4,15,83.5,3
70686,10686,17,11,15,77.8,21.7,10,67.5,5
70687,10687,31,6,38,79.7,-4.1,38,96.4,1
70688,10688,35,11,33,44.8,16.0,47,99.5,1
70689,10689,244,49,191,39.5,20.5,57,100.0,5
70690,10690,58,19,56,48.6,-12.6,20,72.1,5
70691,10691,78,15,86,78.8,3.2,11,60.9,2
70692,10692,37,7,27,72.9,1.5,28,49.8,1
70693,10693,21,13,31,59.5,8.2,51,82.7,5
70694,10694,30,7,38,67.6,-28.6,22,76.5,3
70695,10695,15,9,12,35.2,-21.0,36,77.8,4
70696,10696,70,37,51,59.4,-6.7,40,52.7,3
70697,10697,35,21,52,78.3,-7.1,29,73.1,3
70698,10698,10,6,12,64.6,-15.8,46,54.7,0
70699,10699,50,16,59,54.0,-23.4,17,59.0,1
70700,10700,79,24,69,67.9,-26.0,3,53.6,0
70701,10701,34,10,48,46.4,-5.0,15,84.5,5
70702,10702,32,15,24,55.1,25.9,4,72.2,1
70703,10703,15,6,20,65.1,31.5,11,92.2,6
70704,10704,72,16,58,49.2,-17.5,0,31.7,4
70705,10705,43,15,58,45.1,27.8,0,84.9,4
70706,10706,61,24,53,81.1,-9.5,0,80.8,2
70707,10707,23,8,34,57.3,-0.8,0,87.4,4
70708,10708,61,12,53,35.4,37.3,0,82.4,2
70709,10709,10,2,12,55.2,-2.0,7,89.2,4
70710,10710,23,7,32,72.8,-18.3,33,95.0,2
70711,10711,94,19,98,23.6,0.7,25,100.0,4
70712,10712,80,27,86,64.1,-2.8,17,100.0,2
70713,10713,11,6,16,45.4,-24.2,39,82.8,2
70714,10714,36,11,27,65.0,2.9,39,95.2,1
70715,10715,20,4,22,46.3,3.7,13,52.0,4
70716,10716,50,28,51,62.0,22.9,13,84.5,4
70717,10717,72,29,79,75.0,11.2,28,85.3,1
70718,10718,88,52,82,66.5,8.0,20,80.0,1
70719,10719,23,5,17,28.3,-29.7,0,91.9,3
70720,10720,43,9,39,77.3,-16.7,8,70.3,1
70721,10721,147,29,105,73.0,-5.1,6,49.3,2
70722,10722,15,8,12,54.3,6.0,38,98.1,1
70723,10723,62,15,56,25.1,20.2,0,79.1,1
70724,10724,40,11,37,47.7,-5.9,0,53.4,4
70725,10725,25,10,25,73.6,19.7,37,85.0,3
70726,10726,76,18,108,53.9,4.2,31,77.9,0
70727,10727,5,3,6,58.8,9.1,0,72.0,2
70728,10728,30,15,42,63.7,-26.9,13,75.0,3
70729,10729,26,5,20,83.9,11.0,0,61.2,1
70730,10730,85,21,82,51.8,13.5,3,70.1,2
70731,10731,23,12,23,81.9,14.1,5,64.2,4
70732,10732,74,18,55,72.4,-12.0,39,100.0,2
70733,10733,15,6,22,90.9,-6.9,35,66.3,3
70734,10734,48,17,45,39.4,0.9,4,100.0,0
70735,10735,25,13,33,62.3,-17.2,35,71.8,3
70736,10736,35,8,38,94.5,-3.8,21,76.0,1
70737,10737,5,2,5,66.9,28.4,0,64.9,2
70738,10738,72,34,99,59.3,6.7,0,67.0,3
70739,10739,146,27,141,49.3,-2.8,9,88.6,1
70740,10740,17,8,12,77.1,39.2,22,71.8,3
70741,10741,56,14,62,69.0,-15.1,26,100.0,2
70742,10742,14,7,12,50.8,23.8,13,89.9,6
70743,10743,160,30,156,81.9,-12.8,9,100.0,3
70744,10744,40,12,39,96.7,1.2,39,50.1,2
70745,10745,8,2,11,59.7,17.0,0,98.8,6
70746,10746,36,21,50,68.6,-16.9,0,100.0,1
70747,10747,32,6,46,56.8,-62.9,33,61.8,1
70748,10748,75,18,87,55.4,11.5,46,71.6,4
70749,10749,56,27,66,71.2,9.2,0,62.9,5
70750,10750,29,8,32,66.9,-31.6,6,93.4,5
70751,10751,87,18,112,45.3,-13.6,8,68.5,3
70752,10752,49,11,70,70.8,21.2,24,92.5,3
70753,10753,83,16,60,41.5,-36.9,4,73.7,2
70754,10754,90,17,83,85.0,-1.1,9,67.4,3
70755,10755,23,14,17,95.4,-33.6,10,98.4,5
70756,10756,126,31,123,38.3,33.0,5,83.5,2
70757,10757,36,21,50,72.3,-6.2,33,62.0,4
70758,10758,35,23,38,60.4,-38.2,18,73.6,1
70759,10759,16,9,23,66.3,18.8,0,77.0,1
70760,10760,60,11,83,90.5,39.6,28,64.1,7
70761,10761,18,12,15,24.6,39.8,5,83.6,1
70762,10762,58,14,54,47.3,-34.1,0,100.0,0
70763,10763,67,17,77,85.5,-59.2,10,81.0,3
70764,10764,84,18,83,34.7,-44.8,5,63.7,4
70765,10765,38,9,45,53.5,-1.2,28,53.4,4
70766,10766,79,15,93,71.2,11.8,38,65.3,5
70767,10767,128,26,93,57.8,-42.0,11,83.1,4
70768,10768,71,27,72,71.0,25.8,6,96.0,1
70769,10769,60,12,64,81.9,-14.6,0,51.0,3
70770,10770,52,20,73,77.7,-6.9,23,57.2,1
70771,10771,108,26,137,54.0,5.1,28,82.6,3
70772,10772,52,21,46,85.6,23.9,0,40.2,0
70773,10773,58,11,68,96.4,2.5,29,88.0,2
70774,10774,65,15,67,44.4,14.5,28,100.0,5
70775,10775,113,33,160,46.8,-37.6,0,73.8,2
70776,10776,52,11,38,74.2,13.9,26,91.0,1
70777,10777,18,11,27,82.1,-14.5,23,62.7,4
70778,10778,61,15,49,72.7,-0.3,25,91.4,2
70779,10779,39,24,47,62.6,-27.3,42,83.4,0
70780,10780,53,22,50,67.9,-18.6,50,74.8,3
70781,10781,36,13,40,67.0,-46.4,12,88.1,1
70782,10782,14,3,13,62.9,-12.2,28,100.0,3
70783,10783,119,23,125,55.4,23.7,12,68.3,0
70784,10784,36,12,32,83.0,6.4,0,55.8,3
70785,10785,40,10,31,63.9,-15.2,18,64.5,2
70786,10786,111,24,133,60.2,2.5,3,59.6,1
70787,10787,59,12,83,63.3,-9.5,10,69.9,0
70788,10788,54,10,62,54.6,-11.0,0,54.0,2
70789,10789,69,15,74,49.1,32.5,14,80.5,5
70790,10790,47,29,34,51.4,-19.1,19,85.5,0
70791,10791,19,10,21,79.1,-5.1,26,64.0,6
70792,10792,48,10,62,63.9,-21.5,29,100.0,2
70793,10793,42,16,35,78.0,-4.3,18,100.0,2
70794,10794,48,26,63,83.7,-24.0,0,81.0,3
70795,10795,53,10,58,45.3,2.7,29,100.0,2
70796,10796,79,26,104,57.8,-3.4,39,88.6,3
70797,10797,47,16,38,92.0,5.4,21,100.0,0
70798,10798,49,25,42,64.0,18.3,34,74.3,5
70799,10799,96,20,101,69.9,41.7,42,87.6,4
70800,10800,69,21,75,56.5,-12.7,24,100.0,2
70801,10801,95,35,142,95.5,18.1,7,54.2,5
70802,10802,34,7,51,53.1,-20.5,7,74.7,2
70803,10803,128,26,136,55.7,47.6,17,93.3,2
70804,10804,35,8,31,67.0,-3.2,17,89.1,0
70805,10805,22,7,28,65.2,6.5,9,65.2,1
70806,10806,67,25,57,53.1,-41.5,46,71.2,6
70807,10807,46,13,42,82.2,-0.0,0,83.1,2
70808,10808,63,17,71,81.8,-6.3,0,91.1,1
70809,10809,87,23,127,48.5,-42.1,0,77.0,3
70810,10810,45,10,33,52.6,-10.3,19,37.4,3
70811,10811,47,27,58,54.6,-9.1,32,83.8,2
70812,10812,168,41,234,49.7,-27.7,31,87.2,2
70813,10813,104,21,134,79.3,4.8,18,93.9,4
70814,10814,14,7,15,58.2,-10.3,24,76.8,2
70815,10815,97,26,134,63.1,-32.1,22,80.7,2
70816,10816,55,13,73,55.5,4.9,12,83.7,3
70817,10817,75,14,97,75.9,38.5,14,83.9,3
70818,10818,28,15,22,5.0,35.4,20,94.6,1
70819,10819,53,12,67,100.0,9.7,0,91.8,5
70820,10820,27,7,22,65.6,-15.6,22,86.8,1
70821,10821,54,19,77,63.6,-36.4,0,86.8,2
70822,10822,53,31,65,31.9,6.1,2,72.6,3
70823,10823,11,4,15,99.0,-4.9,14,39.2,4
70824,10824,101,21,85,40.8,38.9,17,84.9,4
70825,10825,53,13,62,100.0,-1.6,16,90.3,1
70826,10826,43,18,31,55.2,-0.2,56,100.0,1
70827,10827,22,4,17,78.2,51.8,9,52.1,2
70828,10828,40,9,39,43.8,-2.2,1,100.0,1
70829,10829,70,31,65,93.1,13.0,15,45.4,7
70830,10830,32,7,43,47.0,-10.3,10,76.7,2
70831,10831,87,18,99,49.6,7.2,19,64.0,2
70832,10832,75,15,107,45.5,-13.6,35,100.0,3
70833,10833,71,16,104,77.4,46.1,0,94.3,5
70834,10834,22,12,31,52.8,-20.1,8,91.0,5
70835,10835,190,40,176,78.3,7.5,35,79.7,2
70836,10836,99,19,118,47.7,7.0,10,44.1,1
70837,10837,98,28,128,77.8,12.6,29,89.5,2
70838,10838,136,30,153,73.9,-35.5,0,68.8,1
70839,10839,77,22,74,62.8,14.7,13,66.2,5
70840,10840,114,28,96,87.4,12.1,18,67.1,3
70841,10841,25,6,37,74.1,-30.5,36,62.3,1
70842,10842,36,11,31,51.6,-41.4,26,54.0,2
70843,10843,67,23,90,92.3,-28.1,0,69.5,5
70844,10844,247,76,199,84.9,11.4,14,75.7,8
70845,10845,27,7,40,76.8,41.6,7,86.3,2
70846,10846,79,22,77,58.9,16.3,18,79.2,2
70847,10847,20,5,26,59.6,3.2,40,83.8,2
70848,10848,57,34,47,34.9,-14.1,50,97.8,1
70849,10849,23,7,29,35.8,-1.0,41,89.2,2
70850,10850,34,19,43,80.6,21.6,10,90.5,2
70851,10851,68,15,68,38.2,24.6,26,61.7,2
70852,10852,13,5,10,57.2,23.6,25,59.3,2
70853,10853,37,13,38,79.7,-5.8,23,73.6,4
70854,10854,165,40,189,29.9,31.3,44,80.6,1
70855,10855,35,12,26,64.7,-11.2,0,100.0,2
70856,10856,13,3,12,72.7,5.3,20,73.6,1
70857,10857,35,7,52,56.2,25.8,10,79.9,0
70858,10858,49,12,70,42.8,-0.4,0,60.5,2
70859,10859,9,4,12,44.1,-1.1,33,90.3,4
70860,10860,33,10,27,78.0,26.7,6,59.2,4
70861,10861,97,22,99,50.3,18.1,22,62.3,5
70862,10862,31,12,27,42.4,19.6,0,45.8,5
70863,10863,21,4,18,61.4,20.8,38,89.9,2
70864,10864,132,25,185,54.4,4.4,34,69.7,0
70865,10865,14,5,14,80.7,-8.9,6,80.9,4
70866,10866,131,33,181,92.4,15.1,60,83.9,2
70867,10867,31,10,31,28.4,-30.5,6,100.0,5
70868,10868,48,11,36,56.9,24.1,4,63.2,1
70869,10869,285,61,230,90.8,-2.3,16,97.6,2
70870,10870,82,38,60,44.6,11.6,4,100.0,5
70871,10871,39,11,36,60.9,-13.4,26,77.5,6
70872,10872,20,7,22,94.5,-21.6,47,81.1,4
70873,10873,140,27,123,49.1,58.9,3,73.2,5
70874,10874,39,17,45,74.3,-2.3,35,72.0,0
70875,10875,137,26,128,59.5,7.0,38,75.8,2
70876,10876,29,9,32,82.6,-23.9,32,100.0,2
70877,10877,120,24,114,75.6,38.0,7,100.0,2
70878,10878,27,8,32,48.7,-6.6,55,70.1,1
70879,10879,71,18,86,33.4,3.2,27,88.2,5
70880,10880,49,9,68,51.2,-3.6,9,58.6,4
70881,10881,49,11,67,42.8,13.9,33,91.1,2
70882,10882,34,15,39,66.4,10.9,33,75.1,2
70883,10883,28,11,29,31.6,15.2,14,81.1,3
70884,10884,47,14,41,38.0,-12.1,29,85.8,3
70885,10885,58,15,69,37.9,-6.5,36,56.4,3
70886,10886,12,7,14,19.7,-32.7,0,73.7,2
70887,10887,12,7,9,51.4,39.0,0,82.8,6
70888,10888,47,14,34,65.3,-37.1,37,67.4,2
70889,10889,40,11,33,56.8,-30.4,14,78.4,2
70890,10890,16,9,20,5.0,-22.6,4,76.4,3
70891,10891,44,13,61,86.3,-14.8,45,39.2,7
70892,10892,28,6,20,45.8,2.0,11,90.6,2
70893,10893,74,20,100,65.6,29.3,19,95.2,0
70894,10894,31,9,33,98.3,11.5,7,96.3,1
70895,10895,25,14,26,91.9,-7.8,27,93.7,0
70896,10896,98,18,111,41.3,-7.9,25,91.8,2
70897,10897,44,12,64,57.7,47.4,3,48.0,3
70898,10898,66,20,76,100.0,-38.6,46,86.4,5
70899,10899,20,11,16,38.1,-30.0,0,33.5,2
70900,10900,102,23,110,50.8,-17.4,22,43.6,4
70901,10901,13,5,19,50.5,-26.0,2,100.0,2
70902,10902,33,18,27,13.0,7.6,22,80.1,1
70903,10903,53,12,57,73.4,6.7,1,84.6,1
70904,10904,62,18,78,63.4,12.8,6,64.5,4
70905,10905,19,11,19,86.1,19.1,31,66.9,4
70906,10906,44,9,58,48.3,-20.1,19,89.7,2
70907,10907,43,13,37,58.9,11.8,2,68.0,1
70908,10908,17,8,13,80.6,1.7,15,76.9,3
70909,10909,74,26,71,78.3,10.5,33,77.6,4
70910,10910,21,13,29,56.2,-17.6,23,63.8,1
70911,10911,43,8,55,61.5,-24.8,2,67.8,2
70912,10912,121,27,180,42.6,-3.2,21,91.1,1
70913,10913,49,29,47,89.4,-11.6,13,61.5,0
70914,10914,44,18,48,84.8,-15.2,19,79.9,3
70915,10915,92,27,96,80.8,36.7,24,92.2,2
70916,10916,52,12,57,47.7,31.7,7,71.4,2
70917,10917,28,7,23,63.0,59.8,25,74.7,2
70918,10918,111,34,95,67.5,-23.2,40,71.7,2
70919,10919,52,14,57,56.8,1.8,12,27.6,1
70920,10920,8,5,12,58.6,8.0,18,92.6,2
70921,10921,192,35,280,51.4,22.4,31,87.6,6
70922,10922,189,38,147,44.0,-9.9,31,68.5,2
70923,10923,117,42,136,38.7,-43.3,25,67.6,2
70924,10924,31,16,37,83.3,-20.8,46,62.9,4
70925,10925,36,9,44,52.5,31.6,20,76.4,5
70926,10926,52,10,63,62.0,-6.1,20,76.9,3
70927,10927,42,10,31,64.7,22.4,14,65.2,3
70928,10928,5,3,6,75.0,-10.5,15,62.9,2
70929,10929,66,22,46,94.8,-13.8,15,80.9,2
70930,10930,61,14,88,68.2,34.2,49,100.0,2
70931,10931,30,12,21,64.7,-6.5,35,100.0,5
70932,10932,77,19,102,72.9,29.5,29,100.0,3
70933,10933,46,12,41,38.7,-4.3,34,45.8,1
70934,10934,15,8,18,80.9,52.8,12,94.1,2
70935,10935,40,9,42,72.0,8.9,26,92.4,4
70936,10936,32,10,36,73.3,33.6,42,83.8,3
70937,10937,13,6,15,52.1,-9.1,0,84.6,5
70938,10938,83,16,123,52.5,6.3,36,70.6,2
70939,10939,81,18,107,69.3,-4.3,6,53.9,5
70940,10940,75,17,101,59.2,6.8,26,68.5,1
70941,10941,53,16,75,74.0,12.5,26,97.8,4
70942,10942,57,14,81,64.4,1.7,0,81.2,1
70943,10943,114,28,158,63.2,24.2,11,83.7,0
70944,10944,55,27,71,45.7,0.7,0,72.7,1
70945,10945,35,7,25,5.0,1.2,52,76.9,2
70946,10946,52,11,61,67.1,4.2,28,54.3,3
70947,10947,37,18,28,61.7,-21.8,20,79.1,2
70948,10948,61,22,43,67.0,-18.9,39,70.7,2
70949,10949,20,11,14,75.9,-26.8,47,100.0,3
70950,10950,75,26,109,36.8,16.0,22,80.1,3
70951,10951,66,15,61,51.0,15.5,21,89.4,2
70952,10952,12,8,14,54.4,-26.1,0,100.0,0
70953,10953,28,8,24,94.2,12.2,20,86.2,1
70954,10954,129,26,168,73.9,4.6,0,86.3,1
70955,10955,14,5,19,23.5,-28.5,25,96.3,1
70956,10956,154,35,151,51.5,-2.2,12,96.7,2
70957,10957,5,3,4,69.6,-20.1,8,39.5,1
70958,10958,22,6,27,53.3,8.3,3,87.6,3
70959,10959,40,8,56,56.1,12.9,28,73.3,3
70960,10960,53,17,43,71.4,-15.1,10,41.2,5
70961,10961,40,10,50,26.7,-8.1,25,88.3,5
70962,10962,69,17,63,48.9,7.0,12,94.0,1
70963,10963,53,12,56,57.1,-17.1,18,68.5,4
70964,10964,24,10,23,52.3,13.5,31,69.6,2
70965,10965,45,10,64,43.6,19.2,8,96.8,1
70966,10966,66,27,62,85.8,1.9,13,89.8,1
70967,10967,113,29,166,53.2,-10.2,20,40.1,2
70968,10968,15,7,12,100.0,-23.9,8,90.7,2
70969,10969,18,4,26,73.7,2.4,8,100.0,7
70970,10970,40,15,49,25.5,38.8,32,92.3,2
70971,10971,62,15,57,74.7,-7.8,21,100.0,1
70972,10972,119,56,86,34.0,-7.6,17,76.3,4
70973,10973,65,27,53,80.8,-2.4,16,75.9,0
70974,10974,48,10,69,55.5,-19.8,0,88.2,3
70975,10975,28,15,31,76.2,-32.4,42,100.0,3
70976,10976,17,9,20,57.1,9.8,35,96.1,1
70977,10977,97,21,132,33.5,3.8,0,71.3,4
70978,10978,18,9,22,31.4,-37.8,13,78.5,1
70979,10979,81,16,70,72.2,-20.2,9,94.0,4
70980,10980,53,26,61,32.3,-17.0,42,84.1,3
70981,10981,51,12,62,64.1,35.0,14,84.4,3
70982,10982,105,27,93,52.2,-50.2,31,100.0,2
70983,10983,18,4,26,98.7,7.2,44,60.6,3
70984,10984,56,13,47,73.0,-15.1,7,92.9,0
70985,10985,41,14,52,21.6,-13.8,39,66.3,3
70986,10986,159,30,227,71.3,-34.1,0,88.6,2
70987,10987,49,14,47,46.0,-0.4,6,79.0,3
70988,10988,54,10,75,75.2,-39.3,40,93.5,2
70989,10989,33,11,39,97.0,19.9,24,84.9,0
70990,10990,40,11,38,66.0,28.2,7,92.4,2
70991,10991,50,13,64,41.8,17.0,34,76.4,2
70992,10992,60,16,62,20.5,-45.9,30,97.8,2
70993,10993,54,13,47,59.5,8.9,3,78.0,1
70994,10994,26,10,37,77.7,14.2,3,69.7,7
70995,10995,7,4,8,71.9,-12.4,39,79.1,4
70996,10996,14,6,19,61.5,13.6,13,87.3,3
70997,10997,34,9,50,24.5,40.8,48,99.4,1
70998,10998,30,6,39,31.1,5.7,0,67.0,3
70999,10999,65,19,70,59.0,-34.1,34,100.0,1
71000,11000,50,18,69,63.3,-13.7,0,99.5,1
71001,11001,40,9,47,75.8,-19.6,18,67.6,4
71002,11002,65,21,51,60.2,29.4,13,75.8,4
71003,11003,86,18,102,67.9,20.7,21,82.5,1
71004,11004,19,12,13,76.6,-40.1,0,83.0,3
71005,11005,16,8,24,72.8,19.4,1,77.0,1
71006,11006,8,4,9,5.0,-15.9,34,80.3,4
71007,11007,49,30,38,45.3,35.6,0,88.1,1
71008,11008,41,19,39,48.8,17.7,25,45.0,3
71009,11009,98,18,120,71.5,-26.7,38,71.6,1
71010,11010,24,7,22,56.5,1.1,35,100.0,4
71011,11011,26,8,27,57.8,0.9,3,62.3,3
71012,11012,118,23,111,28.4,-14.5,0,100.0,2
71013,11013,117,25,141,81.6,37.9,0,63.7,5
71014,11014,31,12,29,79.5,-8.8,2,81.9,3
71015,11015,85,18,115,40.0,14.0,21,43.5,1
71016,11016,42,23,54,44.7,-24.9,29,67.9,3
71017,11017,52,12,50,46.1,17.3,8,83.7,3
71018,11018,9,6,11,56.8,-14.1,25,87.6,1
71019,11019,54,23,59,96.0,7.8,34,61.2,4
71020,11020,86,17,64,68.7,21.0,33,42.2,3
71021,11021,33,11,34,56.8,-10.7,0,100.0,3
71022,11022,10,3,8,58.6,41.0,28,83.0,0
71023,11023,82,20,65,57.4,1.8,9,90.5,1
71024,11024,158,37,131,83.6,-17.2,46,45.2,2
71025,11025,129,62,135,70.6,-13.9,13,62.1,1
71026,11026,193,37,277,45.8,10.0,31,75.7,4
71027,11027,102,27,134,68.0,-4.5,8,71.3,2
71028,11028,109,28,151,49.4,20.8,0,84.3,2
71029,11029,28,7,36,56.0,21.9,8,100.0,2
71030,11030,162,33,239,57.7,-21.0,9,100.0,2
71031,11031,35,15,45,62.0,15.4,54,89.4,0
71032,11032,57,11,76,59.7,4.7,0,65.3,3
71033,11033,37,8,50,70.0,-21.6,48,49.0,2
71034,11034,17,7,21,73.8,13.5,19,71.7,2
71035,11035,56,12,48,48.7,4.2,13,86.1,0
71036,11036,102,29,151,52.9,-31.5,0,70.3,2
71037,11037,72,19,78,32.0,1.9,0,56.3,2
71038,11038,77,14,105,86.8,-15.3,8,92.4,1
71039,11039,11,7,15,51.2,-47.3,2,82.1,1
71040,11040,42,8,44,87.1,-22.3,0,65.5,5
71041,11041,66,15,91,70.2,-39.9,0,100.0,7
71042,11042,107,37,96,99.0,-58.2,29,74.6,3
71043,11043,62,14,61,92.9,37.6,6,38.6,3
71044,11044,32,14,28,100.0,4.1,15,63.6,1
71045,11045,92,26,69,75.4,-28.2,0,83.3,3
71046,11046,124,26,110,60.3,16.1,49,89.1,3
71047,11047,33,14,40,81.6,-18.1,30,62.3,5
71048,11048,22,6,29,70.8,-0.5,0,70.3,1
71049,11049,23,14,23,74.7,-3.9,31,92.3,0
71050,11050,39,8,50,43.3,3.0,0,80.3,1
71051,11051,55,19,39,100.0,-2.2,24,84.6,3
71052,11052,76,27,99,63.5,19.7,18,54.7,5
71053,11053,66,26,91,61.3,4.7,42,56.7,2
71054,11054,79,18,118,55.1,-28.2,0,100.0,3
71055,11055,114,52,161,66.7,29.5,0,92.7,3
71056,11056,34,21,43,55.8,26.9,3,77.6,2
71057,11057,24,9,23,49.9,7.7,14,74.7,1
71058,11058,33,8,31,52.6,26.4,16,80.5,3
71059,11059,19,11,15,38.5,-6.2,29,73.5,4
71060,11060,64,20,59,48.8,-30.8,0,87.6,3
71061,11061,28,6,26,45.1,-6.7,3,84.7,4
71062,11062,64,20,81,89.0,30.6,27,96.6,2
71063,11063,19,5,24,74.5,-44.3,40,100.0,4
71064,11064,26,8,29,73.0,-13.0,29,79.8,0
71065,11065,64,29,84,97.3,9.2,0,87.2,5
71066,11066,108,20,105,87.6,-21.9,27,82.8,1
71067,11067,29,13,31,80.1,17.0,21,72.3,3
71068,11068,88,22,65,35.2,-6.8,52,74.4,3
71069,11069,34,13,38,100.0,-39.4,13,93.3,4
71070,11070,81,17,82,63.4,-9.1,12,86.7,0
71071,11071,33,7,25,86.6,4.0,27,55.3,3
71072,11072,60,18,46,83.4,-19.7,2,70.0,3
71073,11073,34,15,42,67.6,-36.4,3,81.4,2
71074,11074,7,4,9,83.7,0.5,0,66.2,5
71075,11075,181,53,141,48.3,-0.9,9,90.0,1
71076,11076,86,40,114,84.0,11.7,24,56.7,2
71077,11077,90,17,125,49.1,35.4,36,88.4,3
71078,11078,55,27,63,82.5,-26.4,20,95.7,5
71079,11079,22,9,24,79.9,-42.8,10,67.8,5
71080,11080,69,15,74,55.5,3.4,36,99.0,1
71081,11081,103,32,97,78.9,-11.3,16,100.0,3
71082,11082,35,12,50,44.4,56.2,0,70.4,4
71083,11083,21,7,29,46.8,-43.6,54,79.8,5
71084,11084,51,14,57,46.3,-13.7,38,78.3,0
71085,11085,142,39,127,53.4,-16.5,23,83.6,3
71086,11086,95,34,136,63.9,-12.2,0,91.7,2
71087,11087,103,24,132,87.8,-0.7,11,100.0,3
71088,11088,29,11,39,78.3,-6.7,18,65.7,3
71089,11089,79,32,108,65.6,-29.7,27,78.0,1
71090,11090,109,22,93,67.8,16.1,0,52.9,3
71091,11091,45,23,33,52.8,0.9,8,100.0,5
71092,11092,108,20,119,73.9,-27.4,32,90.1,2
71093,11093,30,8,32,68.8,-41.6,20,67.9,1
71094,11094,10,2,10,59.1,-1.1,13,78.6,0
71095,11095,27,5,35,92.8,-4.8,15,83.3,2
71096,11096,16,5,19,83.4,-27.2,0,38.9,1
71097,11097,48,21,48,81.6,-25.3,16,82.2,2
71098,11098,84,16,92,77.8,-2.9,0,82.7,1
71099,11099,108,22,122,56.9,-28.2,24,85.5,5
71100,11100,22,10,32,73.3,-1.2,20,70.9,1
71101,11101,34,16,38,61.7,-20.8,18,100.0,1
71102,11102,98,18,120,59.9,-7.0,0,76.2,1
71103,11103,65,17,93,58.0,-10.2,7,53.0,1
71104,11104,156,47,199,35.9,24.7,11,100.0,0
71105,11105,168,42,191,23.7,-26.3,15,52.8,3
71106,11106,136,28,139,100.0,-36.1,17,72.8,2
71107,11107,14,9,11,100.0,-26.7,19,81.4,3
71108,11108,44,23,58,87.8,-31.1,12,76.4,2
71109,11109,34,8,45,41.9,23.6,23,53.1,1
71110,11110,30,7,44,39.3,-15.6,47,78.6,5
71111,11111,250,46,277,70.0,-28.7,34,100.0,0
71112,11112,18,11,23,60.9,10.9,30,100.0,2
71113,11113,35,19,52,39.1,-19.1,0,56.4,3
71114,11114,48,14,57,68.7,20.8,0,73.1,2
71115,11115,190,46,258,72.0,-4.9,26,99.3,1
71116,11116,10,4,10,44.2,-30.5,1,98.6,1
71117,11117,25,10,21,85.1,2.5,29,70.1,3
71118,11118,31,19,43,59.6,36.9,0,67.2,3
71119,11119,25,15,26,53.6,31.7,13,80.4,1
71120,11120,20,11,26,61.5,-48.4,44,67.3,3
71121,11121,39,22,44,35.4,4.4,0,100.0,4
71122,11122,256,51,273,78.2,7.2,27,90.2,0
71123,11123,50,16,37,73.9,33.5,24,67.2,1
71124,11124,95,21,125,38.8,57.6,35,43.1,2
71125,11125,34,17,33,72.9,8.4,65,60.9,3
71126,11126,36,23,36,44.6,1.8,53,52.0,0
71127,11127,115,21,113,39.3,25.7,50,85.6,0
71128,11128,155,33,195,63.0,7.9,41,100.0,1
71129,11129,34,7,43,84.3,16.8,46,71.8,5
71130,11130,12,3,16,18.4,-1.1,35,72.2,1
71131,11131,18,8,22,51.8,-19.3,2,70.6,1
71132,11132,32,20,46,100.0,46.3,32,100.0,3
71133,11133,67,15,60,46.0,-1.1,28,58.7,1
71134,11134,33,7,36,88.8,-17.0,29,77.4,4
71135,11135,48,14,71,38.2,-5.8,16,67.6,3
71136,11136,72,18,65,71.2,-10.8,0,69.3,5
71137,11137,43,8,55,57.6,44.5,9,51.6,2
71138,11138,63,22,60,66.9,-21.9,21,56.5,3
71139,11139,49,10,52,44.8,-15.6,12,100.0,7
71140,11140,55,11,62,48.0,5.4,28,50.2,2
71141,11141,18,10,24,78.6,-10.4,36,87.9,4
71142,11142,71,21,85,84.6,20.1,4,64.2,4
71143,11143,19,5,13,51.9,40.4,7,92.1,3
71144,11144,31,15,30,67.2,12.7,0,65.0,1
71145,11145,28,9,27,99.7,-3.5,28,36.0,1
71146,11146,40,12,44,74.7,-3.2,27,76.0,1
71147,11147,57,22,81,85.0,-44.1,61,100.0,2
71148,11148,35,19,50,39.8,-0.5,18,60.6,6
71149,11149,46,16,49,28.5,-27.9,15,58.0,4
71150,11150,32,8,41,43.2,-1.9,26,73.6,1
71151,11151,54,18,53,49.4,-50.6,52,68.8,3
71152,11152,10,4,9,74.5,-36.9,34,63.6,3
71153,11153,30,13,32,58.2,-12.8,22,88.2,4
71154,11154,47,15,65,77.4,-1.8,16,89.2,1
71155,11155,97,18,108,68.1,-18.5,52,74.9,2
71156,11156,52,13,56,60.6,19.7,38,66.4,0
71157,11157,12,6,10,74.3,-28.3,0,78.0,4
71158,11158,66,32,85,47.5,29.9,29,94.6,3
71159,11159,202,52,200,47.3,12.8,39,72.4,3
71160,11160,10,4,13,71.2,8.4,17,57.5,2
71161,11161,72,15,106,76.3,-14.0,29,72.8,3
71162,11162,57,32,44,70.0,-0.8,8,63.9,1
71163,11163,24,10,33,69.0,-15.2,44,78.0,3
71164,11164,101,25,84,53.6,37.8,28,70.2,2
71165,11165,54,13,75,93.2,5.8,9,87.4,2
71166,11166,48,11,62,42.7,-8.5,17,100.0,3
71167,11167,94,19,98,44.6,-27.2,5,51.4,0
71168,11168,59,11,63,58.4,21.0,0,66.1,3
71169,11169,18,8,17,57.9,4.3,0,72.0,2
71170,11170,38,15,48,26.5,-2.9,46,62.9,3
71171,11171,40,13,57,39.1,4.0,33,80.0,2
71172,11172,179,59,209,76.8,-24.8,41,43.2,0
71173,11173,58,20,54,97.6,-20.3,15,74.0,6
71174,11174,28,16,36,63.8,-20.5,0,53.1,3
71175,11175,30,6,27,48.5,-3.9,34,92.9,3
71176,11176,42,10,38,76.5,-4.4,0,83.0,2
71177,11177,237,51,287,64.8,-21.0,10,66.5,2
71178,11178,55,10,43,49.7,-3.1,32,55.7,3
71179,11179,14,4,14,87.0,10.5,0,100.0,7
71180,11180,45,22,45,58.5,-7.5,29,69.8,1
71181,11181,92,19,68,86.2,-0.3,13,59.2,3
71182,11182,27,6,39,100.0,-4.4,26,78.0,3
71183,11183,96,21,139,77.8,-18.8,13,100.0,2
71184,11184,73,34,74,34.8,27.6,0,79.4,7
71185,11185,90,20,90,57.9,7.1,39,72.2,4
71186,11186,135,35,108,46.8,10.1,5,86.6,5
71187,11187,19,11,22,61.8,22.7,19,89.5,3
71188,11188,37,14,36,74.3,13.4,39,97.3,2
71189,11189,5,2,7,68.8,24.4,39,78.7,3
71190,11190,51,19,66,78.6,2.9,0,56.2,3
71191,11191,28,12,22,71.5,-54.5,53,90.2,2
71192,11192,22,7,19,68.6,2.3,0,72.8,1
71193,11193,24,10,19,34.2,10.6,38,97.8,2
71194,11194,71,23,57,92.0,0.6,31,100.0,3
71195,11195,23,15,17,46.4,-21.3,44,85.1,3
71196,11196,138,31,137,73.4,11.2,45,67.1,2
71197,11197,150,52,178,79.8,37.4,0,76.7,2
71198,11198,151,57,222,47.5,-11.2,14,89.3,1
71199,11199,59,12,61,48.2,39.1,20,92.3,0
71200,11200,49,11,72,45.0,-18.3,13,51.7,1
71201,11201,50,10,39,65.6,-2.2,0,100.0,1
71202,11202,90,18,75,48.5,-10.4,38,100.0,2
71203,11203,53,12,54,34.4,19.1,8,69.6,4
71204,11204,22,13,22,52.1,-34.8,17,80.4,2
71205,11205,26,14,19,100.0,-2.5,0,77.4,3
71206,11206,48,27,36,95.7,-21.2,18,57.7,2
71207,11207,67,27,64,59.9,-17.6,2,32.7,7
71208,11208,233,47,222,85.9,4.3,25,70.2,0
71209,11209,10,6,9,42.2,36.9,40,71.0,3
71210,11210,24,14,27,99.6,3.4,17,82.9,4
71211,11211,30,15,26,40.7,-12.1,38,48.2,3
71212,11212,57,15,63,80.5,1.9,46,78.7,0
71213,11213,58,21,43,54.2,-37.1,31,100.0,1
71214,11214,195,37,214,33.3,3.0,29,100.0,5
71215,11215,67,33,87,32.5,5.7,44,78.0,3
71216,11216,38,8,55,57.5,21.9,32,74.4,5
71217,11217,20,5,28,55.1,8.3,34,92.0,2
71218,11218,45,11,55,78.6,-21.9,0,49.3,3
71219,11219,84,29,125,58.3,-12.3,18,89.4,1
71220,11220,6,4,6,83.7,2.4,0,91.1,4
71221,11221,83,28,104,81.9,37.6,15,44.7,0
71222,11222,43,11,64,54.0,-8.9,39,93.0,2
71223,11223,27,6,34,100.0,-28.7,33,89.3,2
71224,11224,100,27,91,49.2,-41.2,0,82.1,2
71225,11225,136,25,184,68.2,-1.8,10,79.6,3
71226,11226,73,19,72,60.1,-4.0,7,92.3,2
71227,11227,42,23,39,41.8,-4.9,5,82.3,1
71228,11228,54,11,74,47.1,-10.5,0,89.4,7
71229,11229,37,9,38,49.4,-17.8,41,86.6,1
71230,11230,36,10,44,51.9,2.9,13,77.7,7
71231,11231,42,9,59,96.8,24.0,25,90.6,4
71232,11232,64,15,53,69.1,23.1,0,76.8,2
71233,11233,37,7,44,100.0,38.7,2,66.6,2
71234,11234,30,9,25,60.7,12.6,3,55.8,2
71235,11235,165,38,195,38.3,13.7,14,64.8,3
71236,11236,27,8,29,39.6,-5.2,17,100.0,3
71237,11237,50,19,70,63.8,-0.8,0,59.7,1
71238,11238,44,16,63,84.4,-21.0,3,59.1,5
71239,11239,73,19,96,84.4,31.7,30,82.2,2
71240,11240,27,12,32,47.7,-22.1,7,93.0,5
71241,11241,67,19,62,47.2,33.0,28,100.0,3
71242,11242,64,15,70,62.0,13.3,6,78.2,2
71243,11243,66,18,54,87.9,6.7,44,72.3,3
71244,11244,86,23,61,64.2,13.8,30,91.1,2
71245,11245,21,9,24,74.3,-9.7,23,66.7,0
71246,11246,124,30,113,51.0,4.8,15,78.0,2
71247,11247,47,12,43,49.6,-6.3,16,100.0,4
71248,11248,44,12,37,78.1,-18.8,16,67.2,4
71249,11249,111,26,85,33.7,-25.5,23,55.2,4
71250,11250,52,12,47,87.1,-5.8,26,32.3,3
71251,11251,90,21,80,89.0,-5.2,45,72.6,3
71252,11252,25,12,26,52.0,-23.1,29,95.6,3
71253,11253,12,3,9,39.5,28.7,18,67.9,2
71254,11254,21,5,22,69.2,-6.6,6,86.4,2
71255,11255,43,11,32,46.0,22.9,11,55.0,5
71256,11256,50,22,43,84.3,-21.5,0,89.3,3
71257,11257,8,5,11,57.9,-11.2,41,90.3,3
71258,11258,24,6,18,69.2,31.2,16,58.1,2
71259,11259,17,7,13,57.3,-12.1,0,75.8,0
71260,11260,96,20,112,70.8,44.6,25,73.9,2
71261,11261,47,9,43,49.8,-35.7,15,88.4,2
71262,11262,49,10,65,77.1,-20.5,24,93.3,5
71263,11263,37,17,39,68.5,-14.3,0,83.8,0
71264,11264,158,33,183,39.6,32.5,3,94.1,1
71265,11265,35,16,28,44.8,53.5,39,88.1,3
71266,11266,22,8,28,42.8,1.4,11,100.0,4
71267,11267,24,5,35,70.3,-12.9,32,37.2,6
71268,11268,40,19,59,100.0,7.2,14,61.1,0
71269,11269,47,21,57,41.8,8.3,16,58.9,1
71270,11270,39,8,30,50.0,56.5,6,96.7,3
71271,11271,93,17,129,92.0,-14.1,38,71.4,3
71272,11272,133,33,199,79.9,20.8,2,34.4,2
71273,11273,44,11,36,88.0,13.9,0,86.7,1
71274,11274,88,24,120,51.7,16.6,9,53.9,3
71275,11275,40,16,33,84.1,-8.1,10,72.7,2
71276,11276,38,23,40,100.0,8.5,19,54.5,4
71277,11277,86,26,124,79.3,-3.3,6,100.0,1
71278,11278,68,14,98,85.5,22.5,38,100.0,1
71279,11279,30,6,34,26.1,-33.3,31,95.0,2
71280,11280,21,6,30,100.0,-0.5,18,74.2,2
71281,11281,47,9,34,76.6,-8.6,19,71.8,4
71282,11282,90,24,112,71.3,10.7,20,100.0,2
71283,11283,109,24,114,72.4,-31.6,68,80.9,1
71284,11284,52,16,59,58.2,5.3,13,82.5,4
71285,11285,15,8,13,59.6,22.4,27,61.1,1
71286,11286,34,7,29,84.4,-6.2,6,80.3,1
71287,11287,90,17,116,95.0,1.5,22,100.0,3
71288,11288,105,24,138,10.5,-9.0,42,73.6,1
71289,11289,22,7,27,49.8,-13.2,31,70.6,4
71290,11290,44,9,43,74.8,23.6,58,92.6,0
71291,11291,32,8,40,74.2,-28.3,30,65.7,1
71292,11292,35,23,39,47.5,18.6,27,90.6,2
71293,11293,58,11,73,82.4,-6.5,17,100.0,3
71294,11294,34,10,30,31.9,10.9,10,83.2,2
71295,11295,37,17,40,38.5,-23.7,39,80.4,6
71296,11296,13,6,10,60.5,8.2,15,62.1,2
71297,11297,37,13,54,59.8,-11.9,12,34.7,2
71298,11298,23,14,34,69.7,21.4,29,50.0,2
71299,11299,49,18,51,72.7,-14.4,9,100.0,4
71300,11300,22,12,22,57.5,39.0,25,52.6,3
71301,11301,39,17,41,85.7,-38.0,63,99.7,1
71302,11302,55,35,47,52.8,-15.4,22,100.0,3
71303,11303,25,6,22,76.8,-18.3,0,71.8,2
71304,11304,65,17,96,43.0,9.6,40,63.8,8
71305,11305,65,35,63,42.4,39.6,12,88.2,0
71306,11306,64,14,89,59.8,-20.4,9,77.3,1
71307,11307,136,32,96,30.5,7.9,4,74.4,2
71308,11308,25,12,29,55.9,-13.2,30,100.0,3
71309,11309,23,14,20,80.4,8.4,2,100.0,2
71310,11310,41,20,47,49.0,-16.9,19,91.3,2
71311,11311,22,11,27,66.4,-3.3,52,94.8,4
71312,11312,185,47,250,84.0,-7.1,11,80.6,0
71313,11313,41,24,37,69.5,33.0,7,100.0,2
71314,11314,77,28,93,77.3,21.7,13,67.1,2
71315,11315,56,19,39,75.5,7.4,0,86.3,3
71316,11316,28,15,42,53.1,6.8,23,77.9,1
71317,11317,57,20,59,58.8,7.1,39,63.5,3
71318,11318,124,33,106,42.0,-11.2,6,89.4,2
71319,11319,8,3,10,79.6,16.5,0,85.0,3
71320,11320,57,11,64,12.3,11.7,19,83.1,2
71321,11321,34,13,24,51.1,13.1,14,67.0,3
71322,11322,53,13,54,69.2,-15.8,10,89.8,4
71323,11323,55,15,75,55.6,-55.7,32,40.7,1
71324,11324,81,27,73,97.8,6.7,22,87.8,2
71325,11325,172,32,253,78.3,16.6,4,62.9,2
71326,11326,20,4,28,49.8,4.4,32,75.3,1
71327,11327,48,21,48,90.9,-30.1,1,58.1,4
71328,11328,59,11,60,61.9,-22.7,22,91.1,2
71329,11329,35,22,37,76.0,-18.5,56,100.0,3
71330,11330,37,24,45,52.3,-39.1,11,56.2,3
71331,11331,32,17,31,77.2,-34.3,47,68.4,2
71332,11332,41,14,29,86.2,-24.9,33,89.7,6
71333,11333,15,5,16,87.0,2.4,0,76.6,2
71334,11334,38,22,42,35.5,-15.4,18,77.1,3
71335,11335,121,27,153,58.0,40.7,0,89.3,6
71336,11336,28,10,20,67.8,-28.4,37,72.0,3
71337,11337,74,14,89,43.9,46.8,27,72.4,6
71338,11338,60,11,46,56.5,-44.9,37,67.6,2
71339,11339,128,30,143,35.9,-25.1,50,82.2,0
71340,11340,16,8,14,95.7,-23.2,14,82.5,2
71341,11341,32,9,45,59.0,-18.1,12,83.8,1
71342,11342,79,17,82,64.6,-1.8,20,67.9,1
71343,11343,98,19,78,53.9,-0.3,0,69.8,1
71344,11344,112,35,81,45.4,8.7,22,75.7,1
71345,11345,35,23,48,85.4,11.5,16,75.5,2
71346,11346,56,18,81,41.2,-1.4,53,71.6,6
71347,11347,15,4,19,81.0,27.5,23,83.1,0
71348,11348,21,11,26,19.1,-4.4,15,82.6,4
71349,11349,98,24,88,31.3,12.2,39,74.2,3
71350,11350,34,9,44,68.1,0.4,10,82.5,3
71351,11351,215,63,177,54.1,-18.0,10,63.6,0
71352,11352,18,5,24,100.0,11.9,36,80.8,1
71353,11353,18,11,19,98.8,-0.4,4,69.9,4
71354,11354,81,18,113,71.3,14.1,31,82.7,1
71355,11355,56,13,55,46.7,3.0,0,94.1,6
71356,11356,53,23,38,71.9,43.6,35,65.7,3
71357,11357,96,53,130,69.3,34.4,44,57.7,5
71358,11358,89,29,125,67.1,-8.5,23,80.9,1
71359,11359,23,5,16,22.1,45.8,56,78.3,0
71360,11360,22,7,20,100.0,21.3,0,80.3,1
71361,11361,40,9,38,66.7,17.3,0,72.0,2
71362,11362,97,21,114,70.9,-6.7,0,65.7,4
71363,11363,24,14,21,46.1,15.3,23,75.3,3
71364,11364,28,9,40,46.0,4.4,18,89.8,5
71365,11365,131,24,193,66.0,-2.0,0,100.0,2
71366,11366,11,7,13,47.2,-37.8,51,65.5,0
71367,11367,51,10,76,51.3,19.4,10,47.1,1
71368,11368,24,12,20,62.1,-0.6,19,85.5,2
71369,11369,51,13,40,55.4,-18.4,1,63.6,4
71370,11370,159,30,163,75.6,-29.4,14,80.9,0
71371,11371,79,20,106,72.7,5.3,0,86.3,2
71372,11372,34,15,40,55.5,16.8,13,63.0,4
71373,11373,54,23,65,36.5,-29.9,27,100.0,5
71374,11374,28,17,41,95.7,18.0,22,59.3,2
71375,11375,23,8,27,62.1,4.1,23,74.5,2
71376,11376,104,27,109,8.1,-55.3,15,77.6,4
71377,11377,133,28,177,45.6,-6.8,26,99.4,4
71378,11378,50,13,66,60.8,-10.4,5,58.4,2
71379,11379,62,12,90,79.9,29.6,0,86.8,2
71380,11380,47,11,56,67.9,-6.0,17,61.7,2
71381,11381,71,19,51,39.5,-25.6,16,78.2,4
71382,11382,42,18,41,89.0,-12.8,20,49.5,4
71383,11383,93,20,96,27.9,-8.0,50,78.8,3
71384,11384,8,3,10,66.8,-27.8,15,83.5,5
71385,11385,47,17,55,47.5,2.7,33,59.3,3
71386,11386,21,11,25,97.0,-5.5,20,57.0,3
71387,11387,14,8,13,91.5,-4.9,23,97.3,2
71388,11388,37,11,50,83.6,26.7,0,73.7,2
71389,11389,36,18,34,59.5,-7.0,18,74.1,2
71390,11390,23,8,29,69.9,7.6,49,87.9,1
71391,11391,68,14,62,55.4,22.7,17,61.6,4
71392,11392,51,18,62,56.6,-12.5,0,90.0,0
71393,11393,32,8,35,48.9,-2.6,16,89.8,3
71394,11394,64,13,51,97.5,-24.7,0,100.0,1
71395,11395,31,15,29,75.4,-8.2,15,68.1,2
71396,11396,85,16,96,44.4,-11.6,15,73.7,3
71397,11397,19,5,20,74.7,31.8,0,56.5,3
71398,11398,71,16,73,58.7,19.2,34,48.1,5
71399,11399,84,17,107,68.5,18.7,8,84.1,1
71400,11400,180,39,229,51.2,-23.4,0,85.8,3
71401,11401,27,11,40,84.7,-2.3,38,80.8,5
71402,11402,5,2,4,64.7,-10.4,33,90.5,2
71403,11403,13,6,12,80.8,-35.1,53,80.3,5
71404,11404,71,31,66,54.9,5.7,0,69.9,3
71405,11405,118,25,112,37.7,39.0,27,83.2,4
71406,11406,94,25,91,47.7,-10.8,22,100.0,4
71407,11407,34,17,39,72.1,4.3,29,46.2,1
71408,11408,41,15,30,38.9,15.0,28,66.0,3
71409,11409,22,12,24,57.2,19.4,38,63.6,6
71410,11410,48,10,61,57.6,8.4,19,98.2,6
71411,11411,87,22,111,71.0,-2.6,27,84.4,4
71412,11412,15,7,17,43.4,6.9,34,75.9,1
71413,11413,58,12,83,68.0,-8.0,22,90.1,0
71414,11414,25,5,21,67.5,44.7,19,64.1,0
71415,11415,43,10,64,47.5,0.5,18,71.9,1
71416,11416,115,33,96,85.5,43.7,14,55.3,1
71417,11417,41,9,40,65.3,32.0,10,98.1,1
71418,11418,12,4,9,53.4,50.5,22,95.5,1
71419,11419,23,7,34,72.7,1.7,45,72.4,6
71420,11420,135,42,157,75.9,2.8,4,82.2,2
71421,11421,81,15,100,68.4,2.0,0,73.7,0
71422,11422,20,7,29,83.2,-13.9,15,42.0,2
71423,11423,45,13,59,67.3,-24.9,5,90.2,7
71424,11424,101,20,150,86.9,-18.4,18,62.5,5
71425,11425,7,4,8,40.5,13.6,3,81.9,1
71426,11426,45,17,57,63.1,16.4,19,85.5,2
71427,11427,59,13,49,53.7,-10.4,33,55.7,4
71428,11428,53,12,39,64.1,-25.9,16,38.2,0
71429,11429,45,12,48,95.4,16.8,10,72.8,2
71430,11430,116,27,90,50.2,5.5,16,98.4,1
71431,11431,29,11,32,67.6,17.6,47,49.6,2
71432,11432,29,7,28,38.1,-19.2,21,100.0,4
71433,11433,19,11,16,96.0,3.9,6,100.0,6
71434,11434,44,8,65,62.5,-22.9,0,85.4,3
71435,11435,24,6,35,57.1,-8.4,20,76.0,3
71436,11436,20,9,18,86.6,-10.0,23,64.6,3
71437,11437,75,17,78,61.1,14.2,18,90.2,5
71438,11438,45,11,56,78.9,54.3,12,75.2,3
71439,11439,32,6,36,68.8,13.8,21,75.9,5
71440,11440,21,8,30,71.1,22.5,11,70.2,3
71441,11441,71,41,106,100.0,-13.7,9,74.2,3
71442,11442,18,8,13,65.8,-32.7,21,85.8,2
71443,11443,54,17,57,73.3,22.7,23,85.7,3
71444,11444,47,19,47,29.0,14.4,20,56.6,4
71445,11445,116,26,86,28.8,-3.9,21,100.0,1
71446,11446,24,14,34,59.7,23.3,39,83.7,1
71447,11447,30,15,25,45.4,-45.0,33,71.5,3
71448,11448,85,31,62,45.9,-33.6,12,49.9,4
71449,11449,150,40,117,47.3,9.3,28,53.2,1
71450,11450,48,18,50,98.7,-3.2,18,79.0,5
71451,11451,30,8,31,72.2,-9.6,7,61.4,5
71452,11452,36,13,51,84.0,12.4,43,83.4,3
71453,11453,109,24,78,100.0,2.3,2,56.2,1
71454,11454,76,17,109,48.9,-30.8,47,74.7,1
71455,11455,70,15,72,92.4,-26.7,3,86.6,0
71456,11456,75,14,66,31.5,-17.7,0,72.1,3
71457,11457,125,26,185,87.9,47.6,24,99.8,2
71458,11458,48,10,69,54.3,29.1,27,94.2,5
71459,11459,33,11,40,60.5,21.8,12,73.4,0
71460,11460,71,26,55,88.4,11.8,8,18.5,2
71461,11461,31,13,41,69.2,-15.2,6,88.2,3
71462,11462,59,18,45,72.2,-2.2,0,99.0,3
71463,11463,42,14,38,46.4,37.7,38,100.0,2
71464,11464,88,37,104,68.5,0.4,32,50.0,4
71465,11465,42,28,31,61.4,4.1,28,89.7,4
71466,11466,60,18,56,56.1,-6.1,17,80.8,3
71467,11467,304,56,300,67.0,3.9,0,79.7,2
71468,11468,84,19,62,50.2,-3.8,53,72.9,4
71469,11469,231,44,266,81.1,-1.5,54,86.7,4
71470,11470,77,22,95,73.8,-10.0,21,100.0,0
71471,11471,38,7,29,58.6,0.3,0,87.9,2
71472,11472,62,27,62,44.9,-31.4,0,71.3,7
71473,11473,104,28,99,58.2,26.7,4,100.0,3
71474,11474,46,18,50,50.9,35.8,4,80.3,2
71475,11475,36,15,52,89.2,3.8,60,91.0,2
71476,11476,131,25,143,61.1,1.1,15,68.3,3
71477,11477,95,25,67,78.3,-11.4,11,100.0,5
71478,11478,24,13,17,65.1,-6.6,0,73.3,1
71479,11479,48,16,47,53.0,14.6,39,83.9,1
71480,11480,58,12,45,86.6,2.4,6,95.0,4
71481,11481,45,24,42,30.0,2.0,3,66.2,5
71482,11482,10,6,12,73.7,2.0,21,80.8,6
71483,11483,88,18,80,67.7,4.9,23,58.9,2
71484,11484,38,9,30,73.6,19.5,19,100.0,1
71485,11485,16,9,20,57.0,10.5,11,75.1,5
71486,11486,25,11,36,19.0,1.7,0,98.3,3
71487,11487,20,11,29,63.6,22.6,31,68.7,3
71488,11488,32,18,39,67.5,-29.4,0,82.1,2
71489,11489,66,13,56,83.8,17.4,35,62.8,6
71490,11490,54,12,76,63.0,-14.6,1,61.8,3
71491,11491,32,9,42,44.5,-24.5,0,85.3,1
71492,11492,67,24,92,79.3,-5.3,13,82.7,2
71493,11493,51,13,42,48.4,-1.9,25,53.8,1
71494,11494,24,9,26,65.5,30.6,42,89.5,0
71495,11495,17,8,19,49.3,14.0,0,84.1,0
71496,11496,52,15,69,70.0,18.2,0,40.6,4
71497,11497,132,27,127,74.1,-35.8,10,54.9,1
71498,11498,76,18,74,57.1,-14.5,35,88.6,0
71499,11499,88,19,124,94.8,21.1,67,79.1,1
71500,11500,109,49,141,86.5,30.0,14,93.6,1
71501,11501,128,24,155,71.3,14.7,6,79.6,3
71502,11502,7,4,6,48.6,4.0,1,74.7,0
71503,11503,21,6,16,78.7,4.8,0,45.8,5
71504,11504,63,21,77,67.2,9.0,18,27.2,5
71505,11505,54,14,60,50.9,-12.8,21,60.5,4
71506,11506,253,48,376,89.3,-4.7,42,89.0,4
71507,11507,17,9,23,63.1,-3.8,0,47.4,0
71508,11508,32,16,37,69.5,31.2,0,61.5,2
71509,11509,51,18,41,76.3,-20.9,3,59.9,2
71510,11510,110,27,86,53.7,26.3,80,80.6,0
71511,11511,21,10,22,55.8,-3.3,0,100.0,5
71512,11512,34,17,28,100.0,-8.6,0,84.3,5
71513,11513,79,17,99,75.3,4.6,0,84.0,3
71514,11514,75,16,55,61.5,-15.0,0,68.5,5
71515,11515,42,10,63,31.8,34.5,0,73.5,0
71516,11516,38,12,55,34.1,-6.3,11,87.2,3
71517,11517,91,24,108,73.3,30.1,29,84.0,1
71518,11518,71,18,61,58.8,-17.6,23,64.6,3
71519,11519,51,12,47,69.9,-19.0,47,54.6,2
71520,11520,134,55,125,64.1,-35.6,16,80.1,5
71521,11521,50,14,42,77.4,-22.5,0,37.6,2
71522,11522,225,41,177,73.1,-10.0,0,89.5,2
71523,11523,24,11,30,99.8,19.3,40,87.2,3
71524,11524,20,11,26,66.8,-44.5,3,70.6,4
71525,11525,11,6,10,53.3,13.8,3,87.6,5
71526,11526,46,11,60,57.7,-24.7,12,95.2,2
71527,11527,33,7,27,59.7,-3.5,22,70.8,2
71528,11528,22,9,20,47.5,-22.7,18,55.5,3
71529,11529,20,12,27,60.6,6.1,39,93.5,2
71530,11530,92,21,136,68.5,-20.3,29,90.0,2
71531,11531,36,8,48,58.8,29.6,44,60.6,5
71532,11532,36,14,31,65.4,-2.3,43,68.2,3
71533,11533,56,36,53,14.3,23.7,1,100.0,2
71534,11534,28,6,34,65.9,-52.5,34,65.0,3
71535,11535,32,11,47,46.7,1.7,53,89.7,4
71536,11536,29,8,43,80.8,17.2,29,97.2,1
71537,11537,36,7,42,50.5,-17.8,0,87.0,2
71538,11538,44,19,46,85.9,-6.5,18,94.8,1
71539,11539,22,11,20,44.5,-16.9,15,56.6,4
71540,11540,34,9,26,25.8,-4.7,6,67.4,3
71541,11541,46,11,44,61.2,39.2,18,75.0,4
71542,11542,34,11,39,77.2,34.5,55,100.0,4
71543,11543,28,17,34,63.2,21.4,50,68.2,5
71544,11544,35,19,34,100.0,23.1,6,100.0,3
71545,11545,72,28,106,43.7,8.1,8,73.0,3
71546,11546,24,10,19,78.2,4.6,0,81.0,2
71547,11547,52,19,66,83.5,6.4,22,81.9,3
71548,11548,66,18,66,75.9,-6.0,21,56.5,3
71549,11549,10,6,13,46.2,-3.0,13,82.1,2
71550,11550,58,24,79,67.9,24.0,27,79.6,3
71551,11551,122,26,156,67.7,0.7,12,51.4,2
71552,11552,13,6,15,43.3,49.6,30,84.5,4
71553,11553,27,10,21,37.6,13.5,36,66.1,3
71554,11554,57,17,46,76.8,11.2,1,92.6,5
71555,11555,4,2,5,75.4,-5.4,0,65.1,2
71556,11556,73,16,107,58.9,-12.6,53,93.2,1
71557,11557,11,7,12,72.8,-28.3,0,65.8,1
71558,11558,64,20,91,80.8,-51.2,0,55.8,5
71559,11559,33,9,48,100.0,-1.5,12,61.3,3
71560,11560,76,38,61,80.0,-7.6,0,91.6,2
71561,11561,51,12,54,70.4,-10.1,0,65.2,2
71562,11562,26,14,34,42.6,-3.2,5,57.4,0
71563,11563,183,49,188,47.5,14.9,34,74.2,6
71564,11564,36,7,34,38.7,-23.9,25,85.1,2
71565,11565,56,26,80,65.4,23.6,5,56.0,4
71566,11566,72,19,85,51.0,-12.9,11,88.3,3
71567,11567,91,19,109,89.6,0.8,2,70.9,6
71568,11568,31,13,39,68.8,-33.9,4,68.8,3
71569,11569,20,13,30,100.0,-1.5,7,100.0,0
71570,11570,29,18,35,59.1,29.6,11,75.3,2
71571,11571,17,7,12,59.8,14.1,34,95.7,1
71572,11572,35,8,52,73.2,-17.8,24,61.9,2
71573,11573,71,25,63,73.9,36.0,29,64.0,2
71574,11574,27,8,40,5.0,29.9,49,76.1,2
71575,11575,33,19,34,29.3,-28.6,14,86.6,4
71576,11576,15,3,21,67.0,-17.8,0,65.2,0
71577,11577,38,12,39,50.7,-13.0,0,66.8,1
71578,11578,37,8,45,34.9,-5.0,9,58.1,2
71579,11579,22,14,22,66.9,-30.5,14,100.0,1
71580,11580,69,16,89,67.5,-6.9,0,51.0,4
71581,11581,42,12,56,58.5,-15.4,4,98.1,3
71582,11582,58,23,80,60.4,28.9,23,96.0,2
71583,11583,65,15,57,45.5,32.5,25,77.1,1
71584,11584,48,14,65,57.7,7.2,0,72.5,3
71585,11585,105,27,107,77.9,-26.6,0,75.9,3
71586,11586,115,26,136,45.4,-21.8,25,71.4,4
71587,11587,22,12,16,60.4,48.3,0,81.8,3
71588,11588,85,20,100,49.2,34.7,35,77.8,4
71589,11589,64,20,87,55.6,-33.9,24,54.1,3
71590,11590,73,14,68,34.9,-22.2,17,65.2,4
71591,11591,15,3,16,65.7,13.4,13,64.1,3
71592,11592,81,18,110,66.4,-16.1,0,82.1,1
71593,11593,102,23,96,39.4,15.1,31,72.6,1
71594,11594,55,11,79,56.2,-20.5,64,56.4,2
71595,11595,112,24,92,61.7,2.6,23,55.7,7
71596,11596,32,6,35,73.6,5.0,15,64.2,3
71597,11597,45,9,54,53.2,12.7,40,63.7,1
71598,11598,8,3,9,49.7,13.5,19,64.6,1
71599,11599,26,6,27,52.3,-24.8,8,93.8,5
71600,11600,139,28,168,73.2,-7.0,45,76.7,1
71601,11601,57,12,80,56.4,-4.6,4,73.3,3
71602,11602,24,6,30,50.3,-15.3,24,49.5,2
71603,11603,28,8,34,49.3,-24.6,20,100.0,4
71604,11604,64,35,83,91.2,9.5,27,66.5,1
71605,11605,28,10,29,73.9,7.2,10,63.9,3
71606,11606,55,14,39,62.7,-21.8,41,44.3,2
71607,11607,30,8,44,64.8,25.1,12,52.3,1
71608,11608,157,35,148,73.5,21.6,0,74.0,4
71609,11609,55,11,72,16.9,-3.4,36,99.7,4
71610,11610,41,11,48,37.6,13.5,23,98.1,0
71611,11611,65,16,82,52.8,28.4,6,62.6,2
71612,11612,13,4,18,60.6,-14.9,0,35.2,2
71613,11613,14,8,15,38.9,-18.9,0,94.6,6
71614,11614,28,10,20,84.5,31.3,28,84.4,6
71615,11615,40,11,59,84.2,3.0,35,50.6,3
71616,11616,49,14,66,48.9,-10.2,27,78.3,3
71617,11617,38,10,46,75.6,20.4,29,62.7,2
71618,11618,48,12,68,79.7,5.5,2,66.9,3
71619,11619,12,7,17,39.2,11.7,30,43.8,1
71620,11620,45,29,63,72.3,-5.7,33,81.4,3
71621,11621,68,28,55,100.0,-31.2,27,82.0,2
71622,11622,44,12,56,81.9,8.0,22,82.7,0
71623,11623,43,15,41,64.7,-27.9,5,91.2,3
71624,11624,138,36,101,68.9,-10.0,48,77.9,1
71625,11625,77,19,71,63.5,-38.8,18,49.6,2
71626,11626,15,7,18,63.6,-55.2,8,63.8,3
71627,11627,38,10,54,48.2,14.7,0,88.6,5
71628,11628,44,8,55,88.4,17.7,3,43.2,3
71629,11629,70,13,82,68.7,28.2,32,100.0,5
71630,11630,52,18,50,71.8,49.3,3,68.6,3
71631,11631,46,20,40,48.7,-18.3,5,73.2,0
71632,11632,36,7,41,70.4,9.9,0,84.1,2
71633,11633,54,12,59,84.0,18.1,21,49.0,5
71634,11634,49,20,61,38.3,3.8,46,91.1,2
71635,11635,59,21,67,70.5,12.9,24,93.6,2
71636,11636,23,7,24,51.1,8.7,25,73.2,1
71637,11637,37,12,51,46.2,-18.9,21,41.0,2
71638,11638,44,11,59,63.7,-34.2,6,82.3,0
71639,11639,171,39,231,39.4,5.0,10,81.8,5
71640,11640,168,33,130,51.7,11.3,11,100.0,7
71641,11641,24,11,20,54.9,-24.7,47,82.7,3
71642,11642,44,15,38,73.6,66.3,14,81.2,3
71643,11643,22,5,31,87.6,-33.3,0,76.6,0
71644,11644,77,18,76,78.7,7.6,9,69.6,4
71645,11645,25,5,31,100.0,-16.2,49,77.0,3
71646,11646,130,30,95,83.3,7.8,0,52.7,1
71647,11647,16,8,21,58.0,-14.3,0,56.3,2
71648,11648,96,22,126,21.9,16.7,24,77.3,2
71649,11649,49,30,64,79.8,11.4,32,77.9,2
71650,11650,22,6,16,51.3,14.7,10,85.1,2
71651,11651,67,16,52,52.6,-17.8,50,81.8,5
71652,11652,14,3,18,45.5,-11.1,4,58.4,3
71653,11653,27,7,32,23.7,-32.7,32,89.6,3
71654,11654,93,23,92,63.3,-17.7,11,70.1,0
71655,11655,17,8,19,66.0,12.9,22,100.0,3
71656,11656,77,44,54,65.2,0.6,24,91.1,1
71657,11657,21,11,22,88.6,19.8,26,98.1,1
71658,11658,15,6,13,14.9,-3.3,12,85.0,1
71659,11659,20,6,29,86.8,-14.7,45,100.0,0
71660,11660,61,20,58,73.8,25.2,25,71.3,2
71661,11661,19,7,25,51.6,-26.2,11,89.5,1
71662,11662,45,9,36,58.4,22.4,11,93.1,3
71663,11663,22,12,19,69.0,24.3,15,50.5,2
71664,11664,33,16,42,71.4,-24.6,32,82.4,3
71665,11665,87,27,115,44.9,-4.6,57,98.9,4
71666,11666,40,20,57,61.9,0.4,5,95.9,1
71667,11667,36,17,45,49.4,30.2,2,94.6,2
71668,11668,172,32,218,60.1,30.5,51,89.8,5
71669,11669,35,10,31,46.2,20.6,25,80.5,2
71670,11670,44,23,64,63.5,2.8,32,96.0,2
71671,11671,19,11,24,51.1,-4.6,17,68.6,3
71672,11672,44,10,37,69.0,32.2,9,100.0,2
71673,11673,149,49,182,33.6,42.6,14,89.0,0
71674,11674,45,17,61,42.6,10.2,7,100.0,2
71675,11675,102,24,109,78.2,-15.7,18,95.7,1
71676,11676,34,8,33,78.5,13.7,34,74.2,1
71677,11677,59,20,82,91.8,31.1,0,72.3,0
71678,11678,117,22,162,47.9,-22.7,34,82.8,2
71679,11679,25,8,33,5.0,33.0,10,97.8,4
71680,11680,42,14,36,45.5,-47.8,31,93.6,2
71681,11681,55,12,63,51.7,-7.1,10,75.3,5
71682,11682,138,29,145,83.3,3.7,34,39.3,3
71683,11683,37,14,47,69.9,10.2,23,53.3,3
71684,11684,132,31,187,71.2,-4.3,3,87.4,3
71685,11685,37,9,33,22.1,-57.8,46,84.5,2
71686,11686,77,47,73,75.9,-33.2,19,66.8,3
71687,11687,57,25,51,74.8,15.3,37,77.1,2
71688,11688,4,2,5,51.7,2.6,41,93.2,0
71689,11689,60,12,66,41.9,-11.1,50,60.8,4
71690,11690,138,26,149,47.9,-30.8,1,66.7,4
71691,11691,29,6,32,58.6,9.6,3,39.8,2
71692,11692,19,7,18,75.6,24.0,0,40.8,5
71693,11693,30,6,26,64.6,1.6,14,67.3,1
71694,11694,19,11,26,70.3,-25.2,13,100.0,1
71695,11695,110,26,132,29.9,-21.8,1,67.1,4
71696,11696,6,3,8,90.5,-3.9,10,51.4,4
71697,11697,25,16,23,52.2,-11.8,49,87.1,3
71698,11698,4,2,3,56.0,-0.7,10,73.8,0
71699,11699,134,25,123,50.4,15.2,38,92.4,2
71700,11700,126,28,178,64.2,1.0,15,63.6,3
71701,11701,121,34,117,83.1,-28.8,0,100.0,3
71702,11702,131,25,98,56.4,-23.2,40,64.7,4
71703,11703,19,6,21,59.2,-11.1,21,71.4,1
71704,11704,37,22,36,78.8,12.0,0,100.0,3
71705,11705,89,23,96,66.8,9.1,15,65.5,3
71706,11706,34,7,43,18.4,-2.5,10,94.9,2
71707,11707,34,13,50,48.9,28.7,46,51.2,3
71708,11708,44,16,58,78.1,25.0,24,45.4,1
71709,11709,126,30,138,75.6,-17.0,25,96.6,1
71710,11710,47,10,62,68.6,2.7,0,87.6,1
71711,11711,49,15,44,51.9,21.7,0,61.1,2
71712,11712,37,20,50,72.3,13.1,1,100.0,2
71713,11713,99,22,113,40.9,-12.5,4,58.0,4
71714,11714,80,25,108,42.1,7.4,23,53.8,4
71715,11715,77,15,89,43.9,-25.2,8,96.7,2
71716,11716,28,11,27,5.9,2.2,2,50.6,3
71717,11717,23,7,18,77.2,-27.1,0,62.8,2
71718,11718,43,10,46,52.8,0.1,0,100.0,3
71719,11719,82,33,106,62.5,-8.0,20,59.3,5
71720,11720,10,4,9,47.4,-51.6,34,68.8,3
71721,11721,18,4,17,84.6,-42.9,6,100.0,3
71722,11722,22,10,29,51.4,46.4,41,74.8,3
71723,11723,22,11,19,18.4,-0.3,0,94.2,3
71724,11724,20,8,21,37.1,-32.3,0,47.7,0
71725,11725,67,14,80,56.6,13.0,14,100.0,7
71726,11726,50,10,50,72.3,9.9,0,56.2,0
71727,11727,40,21,59,100.0,-29.0,15,37.0,3
71728,11728,81,42,116,96.8,-14.0,13,79.0,3
71729,11729,136,28,198,73.3,-10.7,51,67.9,2
71730,11730,63,12,94,34.8,-9.1,9,100.0,2
71731,11731,38,11,56,63.2,26.3,6,100.0,1
71732,11732,103,21,98,54.4,-8.1,5,72.9,2
71733,11733,91,18,102,24.0,11.2,35,84.2,3
71734,11734,53,18,70,79.8,5.9,0,65.6,1
71735,11735,25,7,32,59.3,13.2,28,90.2,1
71736,11736,61,16,56,57.8,-8.8,42,93.5,4
71737,11737,115,25,114,56.5,0.4,6,46.8,1
71738,11738,53,16,77,75.5,49.8,0,70.4,1
71739,11739,11,3,16,54.6,13.4,3,78.0,3
71740,11740,23,13,29,40.4,37.3,71,42.0,2
71741,11741,14,8,10,85.1,-10.0,11,77.6,1
71742,11742,76,17,85,36.4,10.4,6,56.7,3
71743,11743,31,9,27,62.3,35.7,22,88.6,3
71744,11744,24,13,32,95.5,-12.5,35,64.8,3
71745,11745,25,10,19,54.4,-20.0,13,43.5,2
71746,11746,80,19,108,34.3,20.6,37,50.9,2
71747,11747,39,11,37,79.8,-35.0,9,64.9,7
71748,11748,65,14,65,60.1,-8.3,20,84.3,3
71749,11749,101,33,127,5.0,3.0,36,91.2,3
71750,11750,61,31,54,68.2,0.9,15,52.7,3
71751,11751,8,3,11,60.9,68.9,9,71.8,2
71752,11752,56,29,81,47.3,-14.6,9,86.2,2
71753,11753,58,17,86,88.4,13.7,17,54.0,1
71754,11754,20,6,25,46.3,3.0,41,50.1,2
71755,11755,41,23,47,72.4,3.8,22,73.0,6
71756,11756,48,21,68,90.9,20.0,12,100.0,1
71757,11757,86,16,80,72.8,36.8,44,56.9,4
71758,11758,49,9,55,82.5,-26.7,15,84.3,4
71759,11759,34,12,30,100.0,12.7,30,82.7,1
71760,11760,10,5,10,59.8,-15.0,14,82.9,5
71761,11761,14,6,18,52.0,11.0,15,59.8,2
71762,11762,57,31,44,24.9,-26.8,47,100.0,2
71763,11763,31,17,34,58.2,15.3,17,70.8,4
71764,11764,11,5,15,59.4,4.8,26,81.6,2
71765,11765,34,10,37,52.1,9.2,10,42.9,2
71766,11766,78,18,70,80.4,17.1,31,32.0,4
71767,11767,38,18,37,61.3,17.2,25,100.0,2
71768,11768,44,14,51,57.5,4.0,39,71.4,5
71769,11769,22,12,26,45.4,30.6,0,85.1,2
71770,11770,72,18,51,54.7,1.6,39,100.0,4
71771,11771,45,14,38,70.5,0.7,0,79.1,1
71772,11772,113,24,142,36.5,-25.6,18,61.3,1
71773,11773,60,12,46,72.9,-50.6,0,83.2,1
71774,11774,27,11,37,95.5,-18.8,5,70.9,3
71775,11775,71,23,67,51.8,-11.2,0,100.0,3
71776,11776,21,6,28,43.9,-9.6,14,52.1,3
71777,11777,77,14,106,52.3,1.8,36,41.2,5
71778,11778,124,24,180,66.7,22.0,45,80.8,2
71779,11779,38,7,48,78.8,-3.9,12,75.5,2
71780,11780,34,10,47,70.7,-9.0,0,82.5,3
71781,11781,99,18,91,69.1,8.4,0,84.6,0
71782,11782,29,18,21,89.5,-35.5,0,86.5,3
71783,11783,32,6,40,92.8,-20.7,0,72.0,2
71784,11784,16,7,14,65.5,-18.4,0,77.5,2
71785,11785,135,25,175,67.9,-21.5,28,74.5,0
71786,11786,30,9,30,61.5,-4.1,14,42.9,1
71787,11787,15,4,20,95.4,23.7,52,59.3,3
71788,11788,56,11,73,56.3,-16.6,0,60.8,2
71789,11789,49,9,52,14.0,23.7,14,66.0,3
71790,11790,24,11,33,61.7,-6.9,6,93.5,0
71791,11791,47,12,51,72.0,-9.2,31,60.5,0
71792,11792,115,27,169,67.2,-39.2,30,26.4,1
71793,11793,104,24,76,42.2,21.3,19,78.7,4
71794,11794,26,11,29,23.5,-48.6,41,58.2,3
71795,11795,12,7,9,63.0,12.0,0,47.9,1
71796,11796,36,12,34,58.6,-19.8,27,83.0,0
71797,11797,81,17,87,41.0,-9.5,0,50.5,3
71798,11798,38,7,32,50.3,29.8,0,63.2,4
71799,11799,16,5,22,31.8,-10.8,39,95.1,4
71800,11800,108,21,112,52.8,35.0,20,80.9,5
71801,11801,105,24,86,44.7,18.8,20,76.3,2
71802,11802,20,10,19,48.5,13.3,37,51.9,4
71803,11803,26,9,21,78.6,-22.3,36,53.9,2
71804,11804,54,12,61,100.0,31.3,28,87.3,2
71805,11805,23,7,25,58.3,-3.7,27,86.9,1
71806,11806,74,18,64,32.6,-15.6,41,90.1,4
71807,11807,100,22,148,57.4,20.5,19,42.0,6
71808,11808,108,20,133,44.6,-12.2,10,18.3,2
71809,11809,57,11,54,72.9,-11.0,16,86.3,1
71810,11810,6,2,6,59.1,19.4,10,84.0,2
71811,11811,52,11,76,60.2,-49.7,16,77.2,3
71812,11812,48,16,56,36.9,0.2,5,64.5,1
71813,11813,33,8,26,66.1,1.9,29,59.3,4
71814,11814,16,9,22,56.3,8.5,13,79.2,3
71815,11815,107,23,150,51.4,2.6,11,90.0,2
71816,11816,115,21,140,66.9,24.3,31,89.4,2
71817,11817,40,11,30,74.1,-15.8,0,92.3,1
71818,11818,146,28,137,53.5,-25.2,30,76.9,6
71819,11819,65,13,84,92.7,-49.7,9,43.6,2
71820,11820,9,6,8,45.5,34.0,14,51.0,2
71821,11821,33,18,35,60.7,25.2,0,81.0,2
71822,11822,6,2,6,64.5,12.3,1,70.7,5
71823,11823,59,23,46,28.9,16.8,0,49.6,2
71824,11824,65,21,69,52.0,9.0,21,84.7,3
71825,11825,43,12,52,80.3,3.3,0,72.0,2
71826,11826,106,31,99,61.5,-10.7,2,61.4,4
71827,11827,28,13,25,64.1,-14.4,11,100.0,1
71828,11828,44,21,35,33.9,42.7,4,37.8,3
71829,11829,95,30,118,56.0,30.7,27,87.1,1
71830,11830,38,9,34,39.8,-45.8,24,74.4,2
71831,11831,54,14,56,49.5,8.7,1,100.0,2
71832,11832,13,7,11,48.2,26.3,8,72.6,2
71833,11833,11,4,13,95.7,-13.8,4,97.3,3
71834,11834,101,32,121,57.8,-19.5,32,67.5,0
71835,11835,23,8,32,67.9,-8.9,52,93.8,1
71836,11836,43,13,64,54.4,-35.0,3,86.9,4
71837,11837,39,12,55,70.1,-5.6,4,75.9,4
71838,11838,48,10,65,36.7,39.9,3,92.7,0
71839,11839,189,39,266,42.1,-6.3,19,75.5,0
71840,11840,42,8,31,69.3,2.5,58,60.0,2
71841,11841,86,24,113,49.9,20.6,0,99.2,1
71842,11842,50,19,50,74.9,-11.9,34,72.6,3
71843,11843,85,20,72,17.1,28.5,3,75.6,2
71844,11844,169,37,177,49.1,25.6,25,78.7,5
71845,11845,124,43,98,92.7,7.7,0,59.7,3
71846,11846,106,22,97,100.0,-22.3,28,100.0,3
71847,11847,17,4,18,59.4,-4.1,7,77.3,1
71848,11848,70,13,82,54.2,25.3,5,84.1,2
71849,11849,81,28,117,73.5,0.4,29,89.1,2
71850,11850,31,6,24,64.9,-12.3,0,100.0,1
71851,11851,38,13,45,41.5,-6.7,0,28.6,1
71852,11852,119,24,91,71.4,35.6,22,40.2,2
71853,11853,59,21,69,53.9,24.4,0,73.7,3
71854,11854,67,13,79,70.5,-11.1,32,92.2,4
71855,11855,97,62,98,83.3,0.5,0,72.0,2
71856,11856,19,6,14,48.7,16.2,13,67.3,2
71857,11857,24,14,33,46.2,31.4,33,100.0,4
71858,11858,44,14,43,69.9,24.5,11,40.6,1
71859,11859,76,24,57,87.1,-40.3,38,100.0,2
71860,11860,21,4,16,81.6,-35.8,9,66.4,1
71861,11861,103,22,79,28.7,-41.5,12,99.2,4
71862,11862,62,24,86,44.0,5.7,8,75.8,1
71863,11863,39,8,42,67.2,13.3,3,100.0,2
71864,11864,45,20,63,54.1,-21.6,22,51.2,4
71865,11865,218,51,283,77.8,17.0,45,61.5,3
71866,11866,151,58,107,52.6,-0.3,9,80.4,3
71867,11867,59,11,56,87.7,-9.0,15,34.5,3
71868,11868,63,12,70,46.6,-29.5,21,70.8,3
71869,11869,41,15,30,59.1,-11.3,45,48.5,2
71870,11870,50,31,73,32.7,-6.4,43,79.9,3
71871,11871,29,7,41,23.6,1.1,15,100.0,3
71872,11872,30,14,27,100.0,-2.1,40,99.0,3
71873,11873,20,10,20,75.4,-0.2,22,100.0,1
71874,11874,215,42,276,84.9,7.9,17,56.2,1
71875,11875,60,16,43,32.9,-20.4,20,81.4,1
71876,11876,99,19,87,70.9,16.4,10,37.7,3
71877,11877,43,17,48,99.5,-11.1,7,65.6,3
71878,11878,65,23,64,66.6,-38.5,24,88.3,2
71879,11879,37,7,29,83.5,-21.8,5,92.3,4
71880,11880,66,20,75,89.8,-19.9,9,88.8,3
71881,11881,17,7,23,55.3,7.6,25,50.4,3
71882,11882,35,11,31,77.0,-35.9,16,93.3,2
71883,11883,78,27,68,85.1,28.5,59,73.3,4
71884,11884,56,12,42,60.7,-21.4,0,73.3,3
71885,11885,22,7,25,21.9,-34.4,3,63.9,3
71886,11886,52,29,53,73.8,-31.1,37,50.5,2
71887,11887,43,11,52,47.9,-7.5,57,68.8,1
71888,11888,56,11,41,61.2,17.0,30,89.0,1
71889,11889,185,36,224,60.1,8.5,4,58.8,2
71890,11890,110,32,159,53.6,10.0,10,75.4,2
71891,11891,20,13,27,77.7,-22.1,0,64.3,3
71892,11892,55,14,54,57.6,24.4,29,51.0,4
71893,11893,81,24,64,80.2,-14.4,17,92.3,5
71894,11894,90,17,102,43.9,0.8,0,100.0,4
71895,11895,86,17,80,76.8,28.8,17,80.1,4
71896,11896,117,23,83,43.2,-1.1,15,65.6,3
71897,11897,23,5,24,56.1,-21.5,0,100.0,4
71898,11898,42,17,48,57.9,42.0,9,100.0,3
71899,11899,38,10,50,94.2,4.9,13,100.0,3
71900,11900,39,8,58,37.8,-0.5,23,67.6,3
71901,11901,93,20,130,51.0,-34.7,6,72.4,2
71902,11902,105,22,119,68.1,-21.8,28,74.2,2
71903,11903,34,10,46,59.7,12.3,61,80.4,5
71904,11904,36,14,49,76.1,-2.9,36,71.5,0
71905,11905,39,22,57,41.6,3.9,9,100.0,2
71906,11906,52,20,47,85.8,-13.0,23,73.5,2
71907,11907,27,17,24,52.5,1.3,47,66.1,1
71908,11908,39,14,34,57.3,23.5,39,82.1,3
71909,11909,96,18,136,60.9,-31.2,15,98.3,1
71910,11910,26,10,32,100.0,-27.9,27,59.2,3
71911,11911,21,4,17,56.0,1.4,41,75.7,3
71912,11912,86,16,126,66.3,-16.4,28,73.2,8
71913,11913,21,11,25,55.0,12.3,8,87.8,3
71914,11914,85,18,60,92.5,15.6,34,100.0,5
71915,11915,48,9,50,69.8,18.4,38,46.0,4
71916,11916,16,7,21,43.7,-7.0,7,76.2,3
71917,11917,70,23,66,56.4,5.4,3,55.3,3
71918,11918,39,8,48,75.0,-5.6,21,67.5,3
71919,11919,47,23,60,50.7,6.2,35,55.6,2
71920,11920,94,25,128,70.6,7.7,0,80.2,1
71921,11921,25,10,29,35.1,0.2,46,99.2,4
71922,11922,27,6,23,100.0,-8.3,0,98.7,3
71923,11923,48,12,66,85.1,-70.0,10,89.1,2
71924,11924,60,15,51,74.4,33.5,13,100.0,1
71925,11925,88,17,94,69.0,-23.6,0,79.7,5
71926,11926,29,7,22,45.7,9.8,10,68.6,2
71927,11927,40,19,33,57.8,-35.0,9,55.5,4
71928,11928,31,14,26,69.7,29.7,29,69.7,1
71929,11929,23,9,29,55.2,19.0,57,49.2,3
71930,11930,38,23,33,66.7,1.9,7,97.8,2
71931,11931,27,9,30,12.4,-29.5,36,81.5,1
71932,11932,42,14,52,94.8,-7.2,12,60.8,3
71933,11933,56,13,64,72.0,-14.8,0,65.7,2
71934,11934,51,18,63,51.5,11.8,35,85.6,1
71935,11935,123,25,175,75.8,20.2,11,56.2,4
71936,11936,18,6,27,69.5,-34.4,24,88.2,1
71937,11937,99,18,123,72.6,-14.3,30,90.6,2
71938,11938,71,21,60,38.7,-44.7,25,100.0,0
71939,11939,121,24,179,53.6,-1.1,20,73.6,1
71940,11940,55,23,42,57.7,-15.2,27,98.2,1
71941,11941,15,10,22,67.9,31.3,25,72.5,2
71942,11942,25,7,27,69.1,1.1,17,45.0,0
71943,11943,28,8,38,33.2,-34.7,21,87.9,1
71944,11944,90,17,87,92.1,-13.9,19,94.2,0
71945,11945,39,17,45,48.7,-3.4,26,61.0,3
71946,11946,25,11,20,40.0,12.6,13,39.0,2
71947,11947,25,8,36,68.7,0.8,0,80.1,4
71948,11948,43,12,40,75.8,-1.0,14,64.2,3
71949,11949,12,3,11,44.6,-1.3,10,68.8,3
71950,11950,62,23,66,43.4,-23.1,24,60.1,2
71951,11951,51,20,51,66.9,6.3,8,100.0,3
71952,11952,88,18,71,82.7,7.9,31,75.9,1
71953,11953,52,15,37,79.8,12.8,65,65.1,1
71954,11954,120,23,115,58.3,41.3,24,45.2,3
71955,11955,157,37,200,66.3,-33.4,0,87.9,1
71956,11956,59,34,50,33.5,2.3,36,83.5,4
71957,11957,33,17,28,61.3,12.9,2,81.3,3
71958,11958,164,33,185,77.5,6.6,0,61.9,1
71959,11959,28,12,35,12.1,-11.9,13,89.3,4
71960,11960,39,18,58,76.3,-6.4,25,61.3,2
71961,11961,56,11,43,37.5,10.3,0,72.9,1
71962,11962,90,17,96,38.9,38.0,15,84.9,2
71963,11963,119,29,176,71.0,-1.0,15,81.2,0
71964,11964,40,21,49,51.0,28.8,43,63.4,1
71965,11965,22,14,27,88.2,0.2,10,81.5,2
71966,11966,97,25,138,22.5,18.9,31,57.9,1
71967,11967,7,4,7,67.4,8.0,36,70.7,3
71968,11968,41,11,47,100.0,8.5,22,59.4,5
71969,11969,34,11,37,82.5,19.5,1,59.6,2
71970,11970,23,14,22,47.7,-34.1,22,70.3,2
71971,11971,69,13,97,39.0,13.3,25,83.1,3
71972,11972,11,7,11,64.1,-40.9,0,84.8,2
71973,11973,15,5,12,46.9,22.7,1,77.4,3
71974,11974,175,37,144,48.7,15.4,0,71.1,1
71975,11975,76,14,60,44.5,7.2,0,99.8,4
71976,11976,94,56,122,61.0,2.2,0,81.6,6
71977,11977,27,5,40,80.9,-21.6,32,70.0,2
71978,11978,54,19,48,68.7,-41.4,3,66.4,3
71979,11979,28,13,21,38.7,46.9,0,100.0,0
71980,11980,34,7,27,79.5,22.8,2,100.0,3
71981,11981,37,9,48,27.3,-41.1,29,69.8,5
71982,11982,46,24,62,57.8,0.6,27,52.2,2
71983,11983,68,17,67,86.7,14.6,40,69.9,2
71984,11984,62,13,44,45.1,-24.4,18,87.0,1
71985,11985,30,8,42,35.9,-30.7,17,79.2,2
71986,11986,29,10,22,68.6,11.1,23,91.9,2
71987,11987,45,19,37,56.8,-2.3,28,62.9,2
71988,11988,86,19,77,91.8,14.0,5,90.6,1
71989,11989,25,8,30,47.4,5.7,32,60.9,3
71990,11990,135,28,132,43.5,-13.8,35,62.2,2
71991,11991,128,28,94,58.6,40.2,28,79.9,0
71992,11992,23,5,30,54.5,11.6,0,91.5,5
71993,11993,51,11,58,87.6,-6.4,31,96.9,2
71994,11994,60,16,82,78.6,-20.2,12,64.5,2
71995,11995,46,10,35,81.8,13.2,26,88.3,1
71996,11996,35,7,51,64.5,4.4,0,60.2,1
71997,11997,200,74,156,64.3,-17.7,19,76.0,1
71998,11998,18,7,21,36.6,37.3,39,66.8,3
71999,11999,13,4,15,55.0,-2.2,7,79.5,3
72000,12000,74,20,105,51.1,3.3,0,62.4,5
72001,12001,8,5,9,57.6,4.8,0,54.1,3
72002,12002,36,16,33,39.8,-11.1,41,96.8,2
72003,12003,73,46,61,77.8,2.0,0,78.4,0
72004,12004,52,14,47,84.9,14.6,24,91.2,6
72005,12005,78,17,71,79.8,-34.9,46,56.7,4
72006,12006,87,18,76,93.4,-4.0,26,82.6,3
72007,12007,60,16,53,72.7,-18.1,42,70.9,1
72008,12008,32,19,44,50.4,-8.5,27,54.6,1
72009,12009,35,9,49,72.3,29.7,4,75.2,6
72010,12010,65,21,73,100.0,-9.8,35,69.9,3
72011,12011,73,15,105,49.8,-46.0,17,94.4,3
72012,12012,34,11,38,88.5,-11.6,16,83.9,1
72013,12013,197,45,232,83.0,-1.7,24,75.0,1
72014,12014,11,5,16,65.3,-39.1,42,80.2,2
72015,12015,78,15,78,55.2,-16.8,10,82.4,2
72016,12016,51,19,61,54.7,3.4,38,82.2,3
72017,12017,34,22,42,95.8,-19.6,16,87.4,0
72018,12018,58,32,68,43.8,0.3,30,86.7,0
72019,12019,39,16,37,64.3,-1.3,12,100.0,5
72020,12020,41,19,59,36.8,-47.6,25,62.2,1
72021,12021,100,44,142,40.0,-15.8,6,89.3,4
72022,12022,23,6,34,83.8,-1.6,30,82.3,5
72023,12023,132,39,133,79.2,-21.7,19,100.0,3
72024,12024,74,17,104,55.3,-31.2,18,90.3,2
72025,12025,75,16,90,72.9,35.1,36,58.7,3
72026,12026,54,15,81,49.0,-3.5,26,42.1,2
72027,12027,89,23,91,56.6,1.1,14,80.6,3
72028,12028,92,20,65,36.4,-13.1,20,84.0,3
72029,12029,7,4,8,46.6,-18.6,21,80.2,3
72030,12030,55,17,62,90.4,26.6,0,62.8,3
72031,12031,36,10,39,57.6,15.0,11,85.3,1
72032,12032,74,19,76,49.2,-47.0,0,63.6,5
72033,12033,18,5,16,50.9,-51.4,21,96.0,1
72034,12034,67,23,86,53.4,0.2,16,92.9,5
72035,12035,42,16,47,53.1,-5.8,35,97.8,0
72036,12036,36,11,28,64.0,2.7,24,83.8,3
72037,12037,18,10,14,71.2,-18.9,34,95.5,0
72038,12038,61,18,81,74.5,0.7,19,70.5,3
72039,12039,113,21,132,78.4,1.9,3,100.0,4
72040,12040,10,6,11,79.4,1.8,21,76.0,2
72041,12041,40,19,35,49.6,-7.0,48,78.9,3
72042,12042,68,17,65,54.4,4.3,14,93.6,4
72043,12043,65,15,88,64.7,13.4,35,86.5,2
72044,12044,27,8,25,68.8,9.2,13,84.9,0
72045,12045,52,10,44,34.1,20.5,17,87.9,2
72046,12046,96,28,118,58.7,2.8,4,78.4,3
72047,12047,21,11,28,25.5,1.4,50,66.4,3
72048,12048,65,19,55,70.8,-13.9,0,86.1,2
72049,12049,25,7,23,74.0,13.0,32,65.2,3
72050,12050,64,20,46,48.4,10.4,10,73.1,3
72051,12051,83,16,60,66.8,-4.6,17,86.3,1
72052,12052,89,26,66,55.3,-15.7,16,65.1,1
72053,12053,30,7,22,67.0,3.5,12,85.2,4
72054,12054,134,38,177,57.2,-14.0,0,93.5,5
72055,12055,185,42,217,93.5,10.8,3,69.0,4
72056,12056,19,10,17,64.4,-4.3,0,83.9,8
72057,12057,116,22,92,71.6,3.9,16,100.0,3
72058,12058,71,18,104,57.5,-41.8,2,68.5,2
72059,12059,90,33,90,56.0,-8.9,23,82.2,2
72060,12060,71,29,50,75.4,-22.3,32,61.6,6
72061,12061,31,7,22,53.1,7.7,32,40.8,4
72062,12062,41,16,36,74.2,-11.1,16,70.7,2
72063,12063,89,27,120,62.3,-29.8,34,71.6,2
72064,12064,40,10,53,70.5,-20.6,14,96.4,1
72065,12065,39,8,28,54.9,-6.7,38,100.0,1
72066,12066,212,44,182,62.8,21.0,19,62.8,2
72067,12067,58,14,75,45.4,28.1,34,73.6,2
72068,12068,36,14,27,78.3,-17.6,41,76.8,2
72069,12069,54,25,56,53.6,49.2,0,81.7,0
72070,12070,37,10,54,39.8,12.8,12,63.0,5
72071,12071,116,23,135,44.8,0.1,32,73.6,4
72072,12072,60,19,63,53.8,-9.9,0,100.0,2
72073,12073,67,15,98,75.4,20.6,12,89.8,1
72074,12074,87,18,96,79.7,33.3,28,57.2,5
72075,12075,97,38,115,61.5,-3.9,3,99.3,0
72076,12076,139,26,154,25.0,-18.6,18,100.0,1
72077,12077,48,19,62,51.5,14.8,15,77.0,5
72078,12078,39,10,38,56.6,-30.2,62,69.0,1
72079,12079,113,27,93,28.6,6.8,0,63.1,3
72080,12080,97,26,105,36.3,-49.5,39,63.1,3
72081,12081,60,15,77,68.2,-7.8,40,28.3,3
72082,12082,14,6,15,77.5,37.5,0,85.4,3
72083,12083,39,19,34,75.9,17.4,39,82.0,3
72084,12084,53,34,43,84.1,9.2,10,70.7,1
72085,12085,91,23,134,78.5,-3.8,39,81.8,4
72086,12086,36,7,52,50.2,-30.6,51,100.0,2
72087,12087,89,21,84,48.8,27.5,1,100.0,0
72088,12088,29,7,43,68.1,35.8,1,85.8,2
72089,12089,73,20,87,52.0,-33.7,14,70.9,6
72090,12090,75,19,71,61.0,-12.5,57,63.0,3
72091,12091,101,23,95,87.7,-2.0,50,82.4,1
72092,12092,74,35,105,32.1,-17.4,31,61.4,3
72093,12093,53,12,53,9.6,16.8,0,95.9,2
72094,12094,47,22,36,100.0,-3.0,8,71.1,4
72095,12095,11,4,14,57.7,14.6,44,84.1,1
72096,12096,100,35,82,58.8,-15.1,57,67.0,2
72097,12097,40,15,50,32.4,11.3,18,57.1,0
72098,12098,76,21,95,24.2,-14.7,15,60.9,1
72099,12099,56,15,65,50.0,-10.1,28,54.1,1
72100,12100,143,30,166,69.3,-9.3,43,73.2,2
72101,12101,99,26,97,37.1,18.8,6,82.9,2
72102,12102,93,17,96,35.5,11.2,31,44.7,5
72103,12103,51,12,41,41.7,2.9,0,64.6,4
72104,12104,102,23,117,57.7,-5.1,19,87.1,2
72105,12105,66,12,89,39.8,23.4,12,94.4,3
72106,12106,19,8,14,92.8,-6.3,16,93.3,0
72107,12107,74,18,94,44.5,-0.9,4,100.0,0
72108,12108,192,38,155,63.8,12.8,20,58.0,1
72109,12109,75,14,100,82.7,-26.2,14,100.0,5
72110,12110,82,25,57,88.6,0.4,33,69.0,4
72111,12111,29,9,22,37.0,11.7,17,95.7,1
72112,12112,13,7,18,13.4,-12.4,38,77.5,2
72113,12113,128,25,117,42.8,34.7,8,85.5,1
72114,12114,84,16,119,40.9,-5.8,5,97.8,2
72115,12115,35,7,46,24.8,15.5,0,91.9,2
72116,12116,31,13,38,72.1,0.3,20,90.8,3
72117,12117,24,9,23,70.1,26.2,22,100.0,1
72118,12118,132,25,181,18.8,-11.1,0,100.0,1
72119,12119,12,3,10,40.6,36.2,16,67.1,0
72120,12120,165,41,233,55.6,-12.5,18,80.3,1
72121,12121,63,20,82,78.7,14.6,42,97.0,6
72122,12122,20,5,20,56.8,6.0,38,83.7,2
72123,12123,41,19,34,100.0,7.8,15,78.3,2
72124,12124,196,37,206,50.7,56.8,0,73.7,1
72125,12125,116,22,93,81.6,-18.4,0,40.1,2
72126,12126,69,14,75,59.2,-6.3,0,85.2,1
72127,12127,61,24,54,92.8,-35.7,41,92.2,2
72128,12128,85,17,60,53.5,34.2,10,76.6,3
72129,12129,95,22,107,61.8,13.4,42,72.3,3
72130,12130,75,30,70,95.2,-24.7,17,56.7,1
72131,12131,58,12,69,46.1,-39.4,46,84.6,4
72132,12132,9,5,9,100.0,-30.7,8,78.0,3
72133,12133,52,12,65,73.8,8.4,50,74.2,3
72134,12134,44,8,54,70.2,4.1,21,91.8,6
72135,12135,148,46,107,37.2,-8.0,18,100.0,4
72136,12136,44,11,55,41.9,3.3,55,79.8,6
72137,12137,43,18,36,70.2,-10.9,20,98.3,1
72138,12138,61,18,83,82.0,15.0,4,87.8,1
72139,12139,19,10,15,28.4,9.2,8,63.2,1
72140,12140,111,26,100,38.6,-43.3,6,89.5,2
72141,12141,101,22,117,57.6,-2.6,21,78.4,3
72142,12142,42,11,43,90.2,7.0,13,81.3,3
72143,12143,40,9,60,43.4,10.3,0,100.0,2
72144,12144,94,22,120,34.6,-18.2,35,100.0,1
72145,12145,78,15,68,65.2,-7.5,0,58.1,1
72146,12146,72,21,93,80.9,-26.0,5,88.8,3
72147,12147,69,19,68,10.3,-21.5,0,62.4,1
72148,12148,30,10,22,34.4,-25.0,47,60.0,0
72149,12149,35,12,32,40.2,6.7,34,43.2,2
72150,12150,91,19,132,64.1,-7.0,13,87.1,2
72151,12151,37,7,30,34.8,-1.4,18,100.0,1
72152,12152,22,8,25,95.8,8.5,0,52.5,2
72153,12153,118,37,175,33.2,21.8,17,77.7,1
72154,12154,32,11,36,100.0,13.1,0,68.0,3
72155,12155,74,15,71,66.4,19.5,38,78.0,3
72156,12156,63,12,74,83.3,25.4,27,100.0,0
72157,12157,36,7,33,52.3,8.4,27,63.8,3
72158,12158,23,15,30,69.6,-33.6,34,83.8,3
72159,12159,28,13,39,53.6,4.0,0,84.0,1
72160,12160,178,35,175,93.1,-15.8,19,96.2,3
72161,12161,50,14,66,76.9,24.2,14,62.5,3
72162,12162,45,15,62,68.6,12.7,0,100.0,0
72163,12163,31,10,32,76.9,-27.5,28,100.0,5
72164,12164,163,34,238,61.9,0.6,39,81.5,3
72165,12165,33,7,41,70.9,10.7,2,90.4,4
72166,12166,96,20,102,56.0,-2.0,0,72.7,4
72167,12167,64,13,76,53.4,29.0,21,69.5,5
72168,12168,14,8,15,9.5,-7.7,19,63.1,3
72169,12169,54,12,45,36.6,-2.1,6,68.4,3
72170,12170,43,11,46,56.5,-11.8,30,85.0,6
72171,12171,63,25,72,69.8,15.6,32,73.3,1
72172,12172,12,3,10,100.0,5.6,4,92.2,1
72173,12173,59,14,83,79.1,34.1,3,91.6,5
72174,12174,49,13,58,42.9,-17.7,26,76.1,6
72175,12175,20,7,21,80.5,28.1,4,86.4,3
72176,12176,30,12,40,40.7,-5.8,30,100.0,2
72177,12177,33,18,43,81.7,-1.1,15,73.8,3
72178,12178,45,26,45,51.6,-7.3,17,71.6,2
72179,12179,32,11,34,50.6,-5.3,0,100.0,2
72180,12180,42,17,45,73.4,26.4,50,63.1,3
72181,12181,52,15,43,59.6,2.8,24,86.3,3
72182,12182,53,14,68,77.4,-20.2,10,90.4,4
72183,12183,33,11,28,28.0,-34.2,36,75.1,1
72184,12184,24,8,18,57.7,-20.2,2,80.4,2
72185,12185,31,7,38,55.8,-4.0,25,69.7,1
72186,12186,94,62,72,18.8,24.2,28,89.4,1
72187,12187,88,16,123,67.4,-1.5,6,82.5,1
72188,12188,95,29,92,38.5,-1.1,1,100.0,5
72189,12189,100,26,89,72.1,4.1,0,91.1,3
72190,12190,12,5,13,100.0,8.5,3,87.8,2
72191,12191,21,9,23,56.8,-45.7,52,74.7,5
72192,12192,168,40,137,59.7,12.5,0,86.3,2
72193,12193,49,9,69,58.8,34.6,34,95.4,1
72194,12194,41,8,35,85.7,28.3,14,83.6,5
72195,12195,31,6,34,53.4,-10.0,47,85.0,2
72196,12196,78,22,92,66.2,-44.6,29,50.3,2
72197,12197,47,16,57,70.4,4.8,13,72.0,0
72198,12198,91,20,101,51.1,6.1,57,79.8,3
72199,12199,40,11,36,86.2,18.4,13,81.6,4
72200,12200,38,8,29,82.6,9.3,15,63.6,4
72201,12201,69,16,100,60.6,19.8,28,79.4,4
72202,12202,27,9,36,56.4,21.5,25,47.5,5
72203,12203,18,10,17,82.0,-47.4,36,79.3,5
72204,12204,46,17,36,49.6,-26.4,4,77.9,4
72205,12205,96,20,142,30.1,3.7,9,100.0,3
72206,12206,84,25,118,48.2,-2.2,3,94.1,3
72207,12207,72,15,86,77.0,34.0,1,67.1,3
72208,12208,69,16,77,84.3,15.2,15,64.3,6
72209,12209,27,10,25,77.8,13.3,26,86.4,1
72210,12210,232,71,228,70.8,-23.7,48,100.0,1
72211,12211,124,30,173,32.3,-16.0,44,96.6,3
72212,12212,30,6,35,72.8,-27.6,27,81.0,2
72213,12213,18,11,26,73.0,-4.4,0,67.9,2
72214,12214,213,39,297,79.4,-8.4,13,99.5,2
72215,12215,34,11,35,79.3,-16.7,23,62.6,1
72216,12216,32,16,26,46.8,54.6,47,100.0,3
72217,12217,56,20,81,86.4,13.7,20,69.9,0
72218,12218,47,10,63,87.5,34.7,36,83.6,1
72219,12219,72,19,71,40.5,11.0,23,92.5,5
72220,12220,25,13,35,80.6,24.6,22,68.4,2
72221,12221,110,36,109,68.1,7.7,35,67.5,4
72222,12222,12,7,15,63.2,-14.6,37,68.9,4
72223,12223,23,13,22,75.6,-9.3,14,100.0,4
72224,12224,21,9,30,53.8,-27.0,0,63.8,2
72225,12225,12,4,9,57.9,2.9,12,73.0,1
72226,12226,13,3,16,78.3,16.7,12,64.8,2
72227,12227,19,12,16,85.1,-2.7,6,88.3,3
72228,12228,22,8,17,29.8,18.3,3,60.9,5
72229,12229,32,11,37,43.5,-45.4,17,61.5,2
72230,12230,55,20,71,32.6,26.4,3,80.6,3
72231,12231,25,12,37,44.0,17.5,14,97.5,1
72232,12232,94,19,75,48.8,-1.1,35,100.0,2
72233,12233,70,25,62,80.6,9.5,15,63.9,2
72234,12234,93,19,138,55.0,-14.8,35,75.2,2
72235,12235,75,33,66,73.8,-47.4,37,100.0,5
72236,12236,57,13,68,53.0,-38.0,28,88.0,0
72237,12237,122,53,151,86.4,-10.9,18,73.2,3
72238,12238,37,13,50,39.4,10.3,43,61.0,2
72239,12239,38,9,38,60.7,-17.9,19,99.6,1
72240,12240,126,34,101,20.8,-1.9,0,86.8,5
72241,12241,80,31,59,51.8,-22.1,51,94.2,1
72242,12242,55,11,42,68.0,13.9,0,70.2,4
72243,12243,44,13,50,99.9,-30.1,11,57.9,1
72244,12244,186,40,184,100.0,42.6,16,62.0,1
72245,12245,139,28,189,90.9,0.5,0,65.5,2
72246,12246,56,17,57,56.6,21.1,18,62.1,1
72247,12247,40,14,45,34.1,1.1,0,62.5,2
72248,12248,45,12,66,49.1,-9.2,5,79.9,0
72249,12249,20,11,23,87.0,-14.1,18,76.0,2
72250,12250,47,11,63,40.3,-36.7,35,73.4,1
72251,12251,45,10,59,64.1,23.8,8,92.3,3
72252,12252,69,36,62,66.6,43.0,24,63.2,2
72253,12253,21,8,24,76.6,46.8,33,76.6,4
72254,12254,123,27,101,38.2,-28.2,23,65.3,1
72255,12255,25,9,22,16.6,0.5,0,100.0,2
72256,12256,55,14,81,58.3,-28.0,0,60.5,4
72257,12257,27,7,23,34.8,10.4,24,41.7,0
72258,12258,25,10,37,42.1,27.8,21,65.9,3
72259,12259,41,9,52,51.6,-21.4,24,66.1,4
72260,12260,66,19,92,84.2,-7.0,40,95.0,1
72261,12261,14,7,12,40.3,6.2,23,62.5,1
72262,12262,15,8,15,61.7,7.5,13,34.3,0
72263,12263,52,10,71,39.6,40.9,27,99.5,1
72264,12264,64,21,85,85.9,-34.9,22,100.0,1
72265,12265,22,6,28,50.6,-21.3,33,54.8,6
72266,12266,53,13,50,32.2,2.5,25,73.9,1
72267,12267,44,10,47,33.4,-18.3,8,86.9,2
72268,12268,60,19,65,73.0,27.1,29,54.1,4
72269,12269,59,17,86,61.2,40.3,15,47.9,1
72270,12270,186,42,226,46.5,-38.4,0,82.6,4
72271,12271,12,3,12,36.1,1.8,6,75.1,4
72272,12272,48,12,53,40.4,7.8,4,72.0,0
72273,12273,61,20,86,100.0,14.9,0,68.8,1
72274,12274,134,25,171,34.9,-38.7,29,63.7,7
72275,12275,22,10,26,64.7,31.2,0,100.0,0
72276,12276,61,31,69,59.3,3.0,42,80.0,3
72277,12277,56,21,62,59.9,-11.1,21,67.1,2
72278,12278,20,8,21,18.9,13.2,15,90.1,4
72279,12279,37,7,52,100.0,6.6,0,91.9,2
72280,12280,32,21,23,79.4,-11.8,14,88.0,3
72281,12281,40,8,38,66.4,33.6,13,81.3,0
72282,12282,69,22,87,55.3,5.5,3,60.9,2
72283,12283,45,12,63,42.0,8.4,24,48.3,4
72284,12284,81,19,119,83.3,-28.1,28,61.5,1
72285,12285,15,9,22,64.6,-21.9,23,80.0,1
72286,12286,11,3,11,63.8,-5.1,44,62.0,3
72287,12287,58,35,81,52.5,28.6,4,53.8,1
72288,12288,23,12,26,39.3,2.9,5,72.5,1
72289,12289,112,28,112,23.9,2.5,10,47.6,6
72290,12290,57,22,81,67.7,7.5,29,100.0,0
72291,12291,33,16,39,81.5,-1.6,24,79.8,3
72292,12292,31,18,41,71.6,20.5,0,80.2,6
72293,12293,61,13,55,38.3,-5.7,22,70.1,4
72294,12294,32,8,33,53.6,-3.4,0,81.7,2
72295,12295,10,6,7,35.1,22.3,31,88.1,5
72296,12296,44,11,35,57.4,-39.1,35,65.0,6
72297,12297,34,18,41,52.3,40.3,0,65.7,1
72298,12298,25,9,22,27.1,48.1,6,100.0,3
72299,12299,83,20,86,55.8,-26.7,2,91.4,5
72300,12300,16,6,16,41.5,-11.5,42,100.0,5
72301,12301,32,7,42,65.9,-9.4,5,99.5,3
72302,12302,111,31,128,100.0,8.3,32,95.5,2
72303,12303,62,25,77,56.5,-4.4,27,92.5,5
72304,12304,19,5,15,66.0,25.1,27,87.1,2
72305,12305,33,20,39,52.7,-3.0,10,52.7,3
72306,12306,36,11,43,81.0,-11.0,0,100.0,3
72307,12307,25,9,28,84.0,-27.3,0,63.7,1
72308,12308,35,11,27,27.2,10.2,12,100.0,2
72309,12309,32,8,42,47.0,5.2,0,93.9,2
72310,12310,35,11,40,71.6,50.6,0,66.9,3
72311,12311,52,14,59,43.9,-44.0,7,91.1,2
72312,12312,51,26,70,53.1,16.2,14,100.0,4
72313,12313,66,24,59,76.0,37.2,0,81.2,0
72314,12314,73,23,81,86.0,-18.0,25,98.0,4
72315,12315,19,11,25,52.7,12.4,10,83.3,2
72316,12316,90,17,129,54.0,-6.5,35,98.1,1
72317,12317,31,6,43,85.3,50.4,24,99.5,3
72318,12318,71,25,94,61.1,37.7,30,80.6,1
72319,12319,28,7,39,91.2,24.7,0,45.3,1
72320,12320,88,26,80,34.0,-63.2,37,86.8,4
72321,12321,128,34,135,66.5,-5.9,34,98.8,1
72322,12322,16,8,24,58.9,-12.3,50,58.6,4
72323,12323,66,18,47,70.6,38.3,12,78.0,2
72324,12324,10,4,15,70.2,13.1,15,65.5,3
72325,12325,106,27,83,61.9,1.6,14,62.5,2
72326,12326,292,64,417,56.1,29.1,16,100.0,2
72327,12327,117,23,135,72.8,9.7,47,61.6,2
72328,12328,18,11,17,46.2,-42.8,8,98.8,6
72329,12329,90,25,131,75.4,-29.7,0,100.0,2
72330,12330,25,8,30,51.9,30.2,1,33.4,2
72331,12331,24,10,34,58.4,2.4,42,82.3,1
72332,12332,8,3,8,60.5,-12.2,47,78.3,3
72333,12333,91,19,111,67.7,-3.2,30,81.9,3
72334,12334,27,6,27,71.1,10.3,8,86.5,2
72335,12335,41,8,61,50.8,12.0,55,100.0,4
72336,12336,70,15,80,49.6,1.1,4,61.9,4
72337,12337,19,11,24,42.6,16.1,11,99.2,5
72338,12338,29,15,27,43.3,-13.0,9,68.0,3
72339,12339,17,4,22,60.7,14.8,20,57.3,3
72340,12340,157,38,164,34.3,-9.5,49,52.0,3
72341,12341,56,11,80,53.2,-11.7,43,15.4,0
72342,12342,79,22,90,40.5,-12.1,7,81.8,5
72343,12343,34,9,34,42.1,8.5,12,87.9,5
72344,12344,36,10,49,68.0,-48.9,34,83.1,7
72345,12345,211,50,249,40.5,6.2,2,75.9,1
72346,12346,68,22,90,65.5,18.6,0,82.0,3
72347,12347,63,16,79,33.8,16.2,13,81.9,4
72348,12348,73,21,79,74.5,-1.8,0,96.9,1
72349,12349,58,11,71,20.8,-18.2,26,59.2,4
72350,12350,54,17,71,60.6,-5.9,36,100.0,1
72351,12351,26,13,33,46.3,3.1,9,35.1,2
72352,12352,172,36,165,56.7,12.3,20,23.5,5
72353,12353,56,16,57,91.6,0.7,17,60.5,5
72354,12354,21,10,31,48.3,-4.3,38,98.0,4
72355,12355,156,30,148,72.9,6.9,8,100.0,2
72356,12356,42,21,57,66.8,-57.9,0,66.0,3
72357,12357,30,17,25,17.8,11.9,44,67.3,4
72358,12358,44,17,45,34.9,-14.3,6,74.8,3
72359,12359,49,12,48,97.4,16.4,34,67.7,1
72360,12360,19,10,23,49.4,-30.5,26,60.5,1
72361,12361,48,9,69,69.9,2.8,33,59.3,3
72362,12362,22,6,28,61.1,-22.0,16,62.0,0
72363,12363,72,19,59,80.9,-21.0,31,73.0,4
72364,12364,127,24,162,94.2,-3.8,28,94.5,2
72365,12365,57,17,41,52.7,43.4,4,87.5,3
72366,12366,73,17,90,49.8,10.1,37,83.2,2
72367,12367,20,12,28,41.6,-25.2,43,59.5,2
72368,12368,15,9,15,92.2,21.3,0,52.8,1
72369,12369,36,8,46,54.0,25.0,21,79.9,3
72370,12370,126,24,152,91.8,2.8,14,100.0,4
72371,12371,44,10,34,67.1,39.7,46,100.0,2
72372,12372,38,18,36,81.9,-7.2,14,87.7,3
72373,12373,101,21,126,41.8,-25.2,32,86.0,3
72374,12374,66,17,48,29.7,-17.8,11,97.8,3
72375,12375,37,21,42,49.6,-12.9,5,73.4,1
72376,12376,52,17,59,69.4,18.0,54,100.0,3
72377,12377,41,9,54,67.5,25.4,0,74.7,2
72378,12378,67,29,99,56.0,-6.0,13,91.9,2
72379,12379,38,8,28,72.0,35.1,29,100.0,0
72380,12380,99,26,77,63.6,34.9,18,42.8,4
72381,12381,66,20,62,60.0,-5.4,0,68.7,3
72382,12382,27,18,31,76.6,-9.2,0,73.3,0
72383,12383,33,13,24,74.7,-5.2,6,77.6,4
72384,12384,110,23,103,81.3,-50.1,45,89.7,3
72385,12385,29,15,23,49.6,-11.6,18,61.4,3
72386,12386,74,21,89,76.6,2.5,8,98.8,2
72387,12387,21,13,27,84.1,4.6,21,59.3,3
72388,12388,23,9,17,48.2,25.2,58,86.6,7
72389,12389,17,8,25,80.4,28.3,27,45.7,4
72390,12390,44,14,57,45.8,16.0,15,55.8,2
72391,12391,93,24,90,78.2,-13.6,19,79.8,1
72392,12392,46,14,59,77.4,6.9,39,77.9,2
72393,12393,77,16,82,35.3,-33.4,0,56.5,2
72394,12394,44,20,55,56.5,6.1,9,76.1,0
72395,12395,48,12,50,27.7,17.7,19,73.3,3
72396,12396,25,5,26,60.7,-21.2,14,100.0,3
72397,12397,43,11,37,70.6,-20.9,29,82.1,3
72398,12398,26,8,36,75.2,-4.0,38,88.1,3
72399,12399,116,26,166,44.4,-0.2,38,98.9,1
72400,12400,13,7,13,82.7,-15.2,29,98.0,0
72401,12401,64,12,65,100.0,-30.3,0,86.5,2
72402,12402,29,10,24,52.1,-30.0,3,59.1,4
72403,12403,5,2,5,90.1,-17.0,30,64.1,2
72404,12404,37,7,50,56.7,-7.8,12,88.6,2
72405,12405,11,7,11,95.6,2.5,24,87.8,5
72406,12406,33,7,44,93.4,9.4,4,72.2,2
72407,12407,86,27,119,57.1,3.3,32,78.5,2
72408,12408,33,7,32,55.8,19.8,0,61.1,2
72409,12409,74,15,110,67.2,-20.1,63,74.6,4
72410,12410,11,4,13,57.0,-10.9,0,84.8,1
72411,12411,40,8,39,79.4,10.2,42,81.6,2
72412,12412,16,3,13,65.5,38.7,37,100.0,5
72413,12413,48,9,46,41.4,10.0,35,87.1,4
72414,12414,51,14,42,42.8,29.5,3,52.2,2
72415,12415,37,16,49,49.7,-13.8,13,97.0,3
72416,12416,109,23,99,76.9,17.6,31,43.9,3
72417,12417,63,12,61,59.9,9.2,6,75.4,3
72418,12418,64,12,61,46.8,-26.4,14,69.4,3
72419,12419,65,13,77,93.3,31.5,3,41.6,1
72420,12420,19,8,19,77.9,16.4,40,93.0,0
72421,12421,65,16,53,62.9,31.9,0,79.5,2
72422,12422,36,7,43,39.0,-20.5,41,61.7,2
72423,12423,100,29,111,50.0,-12.7,46,68.6,0
72424,12424,19,4,25,22.7,29.0,21,88.2,3
72425,12425,21,11,19,67.1,6.5,0,100.0,1
72426,12426,110,24,153,53.4,21.0,41,90.4,1
72427,12427,11,6,11,71.5,2.1,35,50.3,3
72428,12428,100,27,120,100.0,39.6,21,50.8,2
72429,12429,29,9,43,53.4,10.3,49,85.4,2
72430,12430,54,24,68,53.6,-1.3,21,66.3,2
72431,12431,36,11,40,74.0,-21.0,10,72.8,4
72432,12432,105,24,96,49.5,-5.5,34,58.0,7
72433,12433,164,36,167,35.6,7.6,41,71.3,3
72434,12434,47,9,36,32.5,-2.2,11,97.4,4
72435,12435,116,27,105,44.3,3.7,0,100.0,3
72436,12436,44,8,43,55.1,33.1,4,97.6,3
72437,12437,32,12,44,66.5,26.0,26,58.2,4
72438,12438,19,9,15,84.7,-13.6,26,92.5,0
72439,12439,47,25,48,62.1,-6.4,28,63.8,6
72440,12440,35,9,39,65.9,-32.1,37,62.5,4
72441,12441,150,52,220,81.3,-9.1,17,92.9,0
72442,12442,56,24,56,73.8,22.2,14,87.5,4
72443,12443,26,11,39,56.9,-9.1,0,53.5,0
72444,12444,49,17,54,88.0,38.1,26,55.7,1
72445,12445,161,38,204,41.4,-2.4,1,83.8,5
72446,12446,31,8,24,55.0,-25.0,15,71.1,3
72447,12447,23,5,29,74.2,-12.5,19,73.4,1
72448,12448,47,17,37,88.1,-27.5,10,79.5,3
72449,12449,48,11,54,61.7,-1.2,23,59.6,0
72450,12450,30,6,29,36.2,-48.2,49,100.0,2
72451,12451,68,14,65,83.4,17.3,26,71.4,2
72452,12452,99,24,76,66.1,27.4,15,91.3,2
72453,12453,34,7,43,49.8,8.2,20,76.4,1
72454,12454,44,24,50,62.9,2.6,0,94.0,1
72455,12455,41,12,42,59.6,-2.2,31,86.5,3
72456,12456,29,11,43,61.4,-4.6,20,96.6,0
72457,12457,48,14,35,48.1,-9.9,30,43.7,0
72458,12458,26,13,32,52.0,-21.1,38,74.3,4
72459,12459,19,10,21,81.2,-23.9,30,78.1,4
72460,12460,4,2,6,46.6,4.6,27,73.5,3
72461,12461,26,14,34,77.4,6.2,37,100.0,5
72462,12462,69,20,57,56.0,-20.6,0,90.9,1
72463,12463,36,18,36,49.0,-18.0,22,69.7,2
72464,12464,58,12,73,54.2,-20.1,13,100.0,5
72465,12465,61,23,63,56.8,-21.7,21,97.5,1
72466,12466,27,5,34,47.0,-17.3,28,96.0,1
72467,12467,121,32,169,53.3,-22.6,9,71.5,1
72468,12468,44,11,56,73.1,6.1,5,88.3,3
72469,12469,36,9,41,63.4,8.1,42,89.4,3
72470,12470,25,9,33,47.4,-53.3,17,71.4,6
72471,12471,70,14,98,34.0,21.5,27,79.1,0
72472,12472,257,47,263,72.5,-19.4,28,51.1,3
72473,12473,49,23,68,57.4,-53.0,39,61.0,2
72474,12474,31,9,42,61.9,17.9,16,79.8,2
72475,12475,63,18,65,92.3,0.3,36,67.4,2
72476,12476,60,13,45,66.6,3.8,9,85.4,4
72477,12477,52,16,74,52.2,6.1,18,75.3,2
72478,12478,105,25,93,64.7,12.6,32,99.2,3
72479,12479,32,11,45,50.9,-2.5,17,69.3,5
72480,12480,84,48,106,82.0,11.9,4,92.6,4
72481,12481,17,5,25,71.5,24.1,25,91.0,2
72482,12482,104,23,90,54.2,7.8,0,69.4,0
72483,12483,115,28,107,76.8,-7.1,0,95.8,3
72484,12484,43,12,33,67.7,-6.8,50,84.7,0
72485,12485,82,16,122,66.9,-22.7,16,76.5,2
72486,12486,27,8,32,60.9,-5.1,53,65.4,2
72487,12487,62,21,57,63.7,17.5,10,80.4,1
72488,12488,65,21,71,73.4,-26.0,24,51.5,3
72489,12489,97,22,143,46.2,11.0,25,100.0,4
72490,12490,101,36,99,90.1,-20.8,45,100.0,3
72491,12491,16,4,22,58.7,2.7,15,57.5,3
72492,12492,15,5,12,53.3,-0.5,13,97.7,3
72493,12493,76,20,97,50.0,8.7,22,70.3,3
72494,12494,46,19,46,54.0,10.2,15,44.4,1
72495,12495,21,9,18,77.0,21.1,4,86.3,0
72496,12496,55,15,77,61.5,-14.7,40,64.5,3
72497,12497,59,23,67,55.0,30.4,21,54.1,6
72498,12498,30,16,30,74.3,-42.2,22,51.0,1
72499,12499,56,22,57,57.8,33.8,19,74.8,3
72500,12500,34,11,26,55.3,-4.7,31,40.3,4
72501,12501,69,25,76,39.7,47.4,24,85.3,1
72502,12502,94,24,120,48.2,17.1,54,88.6,2
72503,12503,47,16,64,56.3,20.5,0,82.0,3
72504,12504,34,15,46,41.0,3.0,13,100.0,3
72505,12505,108,21,149,90.9,-2.2,8,69.4,3
72506,12506,42,11,58,71.9,13.8,24,96.4,2
72507,12507,43,18,46,56.8,-28.7,36,75.5,3
72508,12508,62,22,65,78.3,0.6,40,65.5,5
72509,12509,42,11,33,53.8,23.7,0,92.1,2
72510,12510,24,12,22,100.0,-17.3,25,73.9,1
72511,12511,18,6,16,83.5,26.6,22,73.1,2
72512,12512,22,10,26,80.3,35.6,56,100.0,2
72513,12513,27,9,26,77.4,-51.7,41,100.0,6
72514,12514,68,21,77,30.7,-20.0,0,92.2,2
72515,12515,74,20,74,58.7,4.9,46,92.6,1
72516,12516,24,15,34,27.4,-3.1,26,60.5,4
72517,12517,90,21,94,70.9,-26.4,19,84.4,4
72518,12518,129,25,177,63.9,-7.1,0,84.6,1
72519,12519,27,10,20,88.7,21.5,12,86.3,0
72520,12520,19,10,14,80.2,27.5,51,91.0,1
72521,12521,72,14,92,45.3,26.1,19,80.0,4
72522,12522,99,31,126,23.7,-21.2,18,79.6,1
72523,12523,77,18,55,54.4,11.2,38,49.0,2
72524,12524,79,20,86,44.5,20.8,0,75.0,6
72525,12525,49,10,36,57.9,10.8,10,94.8,4
72526,12526,59,17,49,48.6,19.7,26,82.9,2
72527,12527,17,4,25,80.0,9.2,65,48.0,3
72528,12528,111,66,108,83.3,-10.6,34,100.0,1
72529,12529,9,6,10,46.0,-15.9,1,82.2,1
72530,12530,42,9,52,100.0,21.8,23,77.7,2
72531,12531,105,23,151,56.2,-11.6,16,94.7,1
72532,12532,30,14,25,45.8,-0.6,14,63.9,3
72533,12533,36,9,32,89.6,17.7,15,68.0,2
72534,12534,40,14,46,90.6,-9.7,19,77.6,4
72535,12535,66,29,81,64.2,15.2,0,85.4,0
72536,12536,110,21,115,84.1,-1.3,32,71.8,6
72537,12537,110,21,134,49.8,26.1,13,100.0,3
72538,12538,25,6,18,53.2,33.0,3,79.1,2
72539,12539,66,12,57,70.2,-24.4,0,91.5,3
72540,12540,73,33,100,61.9,-16.1,14,100.0,4
72541,12541,72,15,94,46.1,36.1,15,74.3,3
72542,12542,49,13,59,65.7,-5.5,42,59.8,4
72543,12543,36,16,41,63.6,23.2,27,66.8,4
72544,12544,76,19,65,58.2,-9.1,15,57.8,4
72545,12545,104,19,95,77.6,-18.2,4,59.8,1
72546,12546,33,14,49,94.1,10.7,4,65.1,0
72547,12547,27,8,19,41.6,-8.4,21,67.6,1
72548,12548,17,9,18,79.7,-2.9,3,100.0,1
72549,12549,46,18,33,100.0,-8.0,0,58.7,1
72550,12550,19,7,19,27.9,-53.1,22,88.4,1
72551,12551,30,8,29,77.2,-7.1,22,55.5,0
72552,12552,16,9,13,69.8,26.1,30,99.3,3
72553,12553,111,22,84,59.8,-33.5,19,96.2,4
72554,12554,101,19,140,40.8,28.4,18,97.6,2
72555,12555,72,17,69,72.4,-20.4,13,90.5,2
72556,12556,180,43,207,78.1,11.6,45,86.4,2
72557,12557,19,7,25,57.5,10.4,0,27.6,2
72558,12558,51,10,58,62.7,-8.2,38,100.0,4
72559,12559,115,24,121,22.2,-28.3,4,100.0,0
72560,12560,10,5,11,73.2,-16.3,19,90.1,2
72561,12561,79,18,108,45.0,-28.4,12,70.8,1
72562,12562,40,20,45,58.3,-2.8,16,80.4,2
72563,12563,20,8,17,43.6,5.6,26,86.1,2
72564,12564,29,6,25,52.2,7.1,40,93.8,2
72565,12565,126,37,139,77.5,-20.0,15,87.3,1
72566,12566,33,10,28,37.0,-16.1,6,86.9,8
72567,12567,60,24,80,59.6,-40.2,24,76.6,4
72568,12568,36,9,50,52.6,-24.7,39,75.4,3
72569,12569,45,22,37,87.2,8.2,0,95.5,1
72570,12570,80,17,84,59.2,-45.2,60,70.5,4
72571,12571,22,6,29,37.4,4.9,35,75.3,5
72572,12572,127,26,97,62.5,2.8,17,65.2,1
72573,12573,38,11,45,32.8,-32.3,33,83.4,3
72574,12574,43,16,49,73.9,14.4,22,90.5,2
72575,12575,19,12,25,26.9,-20.8,30,56.9,0
72576,12576,41,13,60,63.6,10.1,30,100.0,2
72577,12577,85,16,93,77.4,35.3,23,100.0,3
72578,12578,82,17,76,48.6,11.7,23,90.7,3
72579,12579,132,24,97,92.7,21.2,15,89.7,1
72580,12580,32,15,43,62.8,20.7,14,72.1,2
72581,12581,28,7,24,26.7,25.6,0,100.0,3
72582,12582,45,22,62,49.9,-10.7,0,72.9,3
72583,12583,82,16,98,87.6,-40.4,15,74.1,3
72584,12584,75,26,63,64.5,-8.3,8,47.1,3
72585,12585,152,30,165,5.0,-5.6,35,45.3,4
72586,12586,46,20,56,84.2,19.5,20,69.4,2
72587,12587,17,8,20,60.5,-0.9,39,91.8,5
72588,12588,38,17,27,66.8,-9.9,4,82.6,3
72589,12589,42,9,49,41.3,-30.1,12,63.5,1
72590,12590,94,19,134,56.8,-10.4,29,100.0,2
72591,12591,38,23,46,51.4,-19.2,55,94.3,3
72592,12592,46,22,53,65.6,-7.2,26,74.5,3
72593,12593,23,15,30,64.8,-40.2,0,85.7,2
72594,12594,35,20,39,86.5,36.6,25,94.9,4
72595,12595,63,34,82,74.0,-8.2,12,78.4,6
72596,12596,29,11,24,72.8,-5.1,17,61.9,5
72597,12597,24,10,34,68.1,29.7,18,61.8,2
72598,12598,104,25,109,64.5,-11.9,36,90.8,3
72599,12599,88,16,89,91.8,-6.2,29,95.6,2
72600,12600,41,10,53,57.2,21.5,19,100.0,2
72601,12601,35,23,41,38.5,-0.8,13,88.5,3
72602,12602,16,8,14,27.9,-0.1,42,99.9,5
72603,12603,103,53,94,39.7,-7.9,24,100.0,4
72604,12604,29,9,35,85.6,22.6,0,39.2,2
72605,12605,39,15,39,59.8,30.9,13,79.8,1
72606,12606,54,10,56,68.5,4.4,47,95.0,4
72607,12607,24,11,30,52.5,-17.5,38,40.7,3
72608,12608,37,9,44,63.2,-12.6,8,67.1,2
72609,12609,54,25,45,52.6,20.9,6,54.8,0
72610,12610,11,3,15,58.9,-0.8,23,71.7,5
72611,12611,13,8,13,65.3,-14.2,1,73.1,2
72612,12612,36,21,44,65.8,-28.1,25,63.3,3
72613,12613,20,12,29,34.0,8.8,4,42.3,3
72614,12614,66,31,69,61.8,37.8,37,81.6,2
72615,12615,14,9,15,42.3,-12.9,7,68.9,4
72616,12616,35,10,43,39.5,-18.5,14,100.0,2
72617,12617,34,11,33,64.3,-9.0,20,49.9,4
72618,12618,24,14,24,37.9,6.2,7,100.0,4
72619,12619,31,17,36,37.8,-7.4,12,46.5,2
72620,12620,51,11,49,45.3,1.2,31,85.1,4
72621,12621,80,50,76,39.1,23.7,0,80.8,0
72622,12622,57,11,76,12.2,-7.7,22,93.5,3
72623,12623,48,16,35,61.3,-14.6,25,91.9,3
72624,12624,147,71,106,68.2,-18.7,20,87.9,3
72625,12625,59,12,55,87.6,8.0,25,73.4,2
72626,12626,35,12,44,59.3,1.9,0,67.1,3
72627,12627,38,10,36,55.6,5.0,10,77.0,2
72628,12628,21,6,25,67.6,-5.0,0,71.7,3
72629,12629,47,12,44,80.2,-13.1,49,72.3,1
72630,12630,18,8,13,89.8,29.4,9,93.5,5
72631,12631,28,9,36,67.5,-42.3,25,73.8,3
72632,12632,24,9,27,93.3,19.8,24,100.0,3
72633,12633,92,20,112,90.0,-11.9,4,59.8,4
72634,12634,56,12,47,49.8,-8.4,3,88.6,5
72635,12635,82,15,98,5.8,-22.9,24,80.2,4
72636,12636,38,7,51,41.3,11.4,18,100.0,2
72637,12637,111,59,90,52.0,5.9,21,75.8,1
72638,12638,94,28,87,49.0,22.3,16,68.3,7
72639,12639,288,64,384,54.8,21.5,0,100.0,2
72640,12640,142,34,173,40.6,33.8,0,88.1,1
72641,12641,72,21,61,73.5,17.2,22,97.7,3
72642,12642,11,6,10,48.2,6.2,39,82.9,2
72643,12643,57,17,81,58.1,26.1,28,65.6,2
72644,12644,69,13,69,59.6,-21.7,0,80.4,0
72645,12645,59,18,46,69.7,9.7,0,83.0,2
72646,12646,10,6,12,74.1,-22.9,50,70.6,7
72647,12647,56,18,57,75.6,24.5,37,63.9,1
72648,12648,27,8,35,75.9,-6.7,0,52.9,3
72649,12649,111,25,88,100.0,20.4,27,83.9,1
72650,12650,24,10,23,62.9,-8.8,39,77.0,3
72651,12651,34,9,34,65.2,20.8,39,81.7,1
72652,12652,42,19,49,63.1,-2.3,21,77.4,2
72653,12653,32,8,27,62.8,10.9,0,66.5,4
72654,12654,47,13,45,58.3,-1.4,0,73.2,2
72655,12655,128,26,168,47.8,-13.7,0,71.6,4
72656,12656,94,28,80,42.8,-5.8,45,80.8,3
72657,12657,29,11,29,68.1,15.3,30,85.4,4
72658,12658,134,37,136,38.0,-37.5,15,72.5,1
72659,12659,11,3,10,53.7,17.9,20,75.9,3
72660,12660,37,20,52,81.2,-1.7,8,42.9,4
72661,12661,42,11,47,59.8,-7.4,43,69.6,1
72662,12662,56,13,56,55.4,-33.6,28,65.3,4
72663,12663,60,12,79,67.6,4.9,0,100.0,3
72664,12664,28,12,20,79.4,-15.7,32,96.1,4
72665,12665,63,19,94,38.8,-7.5,0,90.6,2
72666,12666,10,6,15,63.7,15.0,0,75.1,2
72667,12667,11,5,8,24.0,-8.8,8,87.3,4
72668,12668,68,13,96,76.1,7.1,28,68.3,1
72669,12669,147,28,139,58.8,-38.9,0,83.1,2
72670,12670,10,6,8,85.8,-5.8,5,84.0,2
72671,12671,29,8,34,85.2,27.1,0,59.7,3
72672,12672,41,20,57,60.0,24.1,19,73.2,2
72673,12673,69,16,57,46.5,-37.9,33,78.4,4
72674,12674,16,4,24,65.2,-21.1,12,65.0,1
72675,12675,193,54,180,65.7,5.1,28,79.7,5
72676,12676,36,10,42,58.1,33.1,14,67.8,1
72677,12677,119,30,147,77.4,31.8,56,81.0,4
72678,12678,39,12,38,93.4,5.0,2,63.2,5
72679,12679,35,8,49,71.1,-22.7,0,75.3,5
72680,12680,30,7,45,68.9,7.8,13,100.0,3
72681,12681,26,9,27,91.9,-6.6,28,83.0,4
72682,12682,83,19,68,72.4,-10.7,13,100.0,1
72683,12683,66,23,93,64.0,-30.3,0,64.1,1
72684,12684,39,10,44,57.2,-17.4,0,100.0,2
72685,12685,49,21,63,34.7,-9.0,25,71.6,4
72686,12686,33,12,33,78.2,0.3,22,92.9,5
72687,12687,19,8,15,81.9,-24.8,1,64.2,4
72688,12688,71,13,99,42.7,1.1,24,65.9,1
72689,12689,63,16,68,48.9,-6.0,37,71.8,1
72690,12690,50,12,39,28.9,21.2,13,78.2,0
72691,12691,113,28,96,53.5,-16.2,19,53.6,5
72692,12692,15,9,19,78.1,17.6,17,89.0,3
72693,12693,44,10,62,66.4,-0.5,49,100.0,1
72694,12694,42,9,39,73.8,5.0,0,68.4,5
72695,12695,97,34,90,51.9,13.3,33,80.1,2
72696,12696,35,9,27,48.7,6.1,54,69.5,4
72697,12697,21,13,22,77.9,-17.1,50,75.9,2
72698,12698,59,25,83,57.2,-34.9,0,53.4,1
72699,12699,36,16,30,50.5,-21.6,43,46.4,1
72700,12700,40,16,53,63.7,9.8,15,63.5,5
72701,12701,15,5,13,41.3,20.0,34,76.7,5
72702,12702,19,8,16,74.1,12.8,27,59.6,1
72703,12703,34,14,24,55.1,-36.1,30,100.0,3
72704,12704,69,13,85,43.7,20.3,0,100.0,2
72705,12705,60,24,61,18.6,19.1,32,64.1,2
72706,12706,45,12,67,56.3,6.0,16,97.9,4
72707,12707,69,17,51,57.1,12.5,3,100.0,1
72708,12708,66,24,50,56.3,-8.3,9,29.9,4
72709,12709,16,9,15,30.0,-9.1,26,97.0,8
72710,12710,48,14,54,66.5,36.5,19,80.2,2
72711,12711,109,20,142,74.6,38.8,34,98.5,3
72712,12712,37,14,35,33.8,-12.7,17,64.3,4
72713,12713,17,11,16,54.8,-25.0,7,48.5,3
72714,12714,52,11,66,39.6,-12.6,9,94.3,4
72715,12715,63,25,63,51.9,-21.5,0,60.9,3
72716,12716,44,9,54,34.4,-13.6,0,95.4,3
72717,12717,35,14,33,79.1,11.4,46,46.5,3
72718,12718,45,9,67,34.5,-22.0,10,55.3,3
72719,12719,57,11,82,46.1,0.5,33,81.5,2
72720,12720,76,20,89,46.9,-25.5,50,72.9,2
72721,12721,111,23,163,73.2,-9.1,0,100.0,2
72722,12722,154,31,177,76.8,-49.3,12,53.3,6
72723,12723,78,27,108,69.8,-22.8,0,79.0,0
72724,12724,74,18,108,50.0,12.9,7,94.7,0
72725,12725,129,33,191,22.9,0.6,17,87.5,2
72726,12726,39,12,58,51.8,-13.0,0,68.8,2
72727,12727,41,9,57,34.1,-9.1,0,84.1,2
72728,12728,20,6,20,60.8,0.5,26,81.4,3
72729,12729,21,8,31,64.4,-28.3,20,100.0,0
72730,12730,91,35,120,32.5,-45.8,26,91.8,3
72731,12731,18,12,25,79.6,11.0,25,59.0,1
72732,12732,16,9,21,75.7,34.1,4,67.4,1
72733,12733,50,24,58,59.7,32.1,9,100.0,5
72734,12734,191,44,216,67.7,-46.0,0,69.8,6
72735,12735,106,54,109,87.0,-7.1,0,50.8,3
72736,12736,95,40,76,54.1,-8.0,30,86.1,3
72737,12737,51,15,61,83.2,43.5,35,93.9,5
72738,12738,40,14,38,58.5,33.0,19,69.8,1
72739,12739,88,19,75,36.2,-1.6,11,88.4,0
72740,12740,30,16,27,56.3,-24.3,25,98.0,1
72741,12741,43,8,43,70.6,-6.5,27,89.4,0
72742,12742,43,9,30,51.8,5.0,3,100.0,2
72743,12743,24,7,24,100.0,5.1,4,94.5,1
72744,12744,14,7,17,81.9,-21.3,21,44.1,2
72745,12745,6,3,5,82.9,4.4,0,63.9,3
72746,12746,32,15,28,100.0,-38.3,26,54.4,2
72747,12747,42,19,35,60.3,2.1,5,77.9,4
72748,12748,23,5,20,55.1,-12.6,31,77.0,5
72749,12749,119,22,86,79.2,11.7,5,97.8,3
72750,12750,54,12,80,64.6,0.5,43,89.9,3
72751,12751,91,20,69,48.8,-16.9,46,85.9,4
72752,12752,159,30,204,53.6,9.8,12,80.8,2
72753,12753,21,11,19,24.3,0.4,14,87.2,1
72754,12754,13,7,14,70.6,19.8,9,73.8,1
72755,12755,107,21,103,77.4,67.4,27,66.3,1
72756,12756,78,21,115,96.5,-2.4,43,81.0,3
72757,12757,87,35,86,89.9,-13.8,0,85.2,3
72758,12758,44,19,47,100.0,-13.8,0,94.2,1
72759,12759,79,20,118,63.6,32.1,32,62.1,4
72760,12760,40,10,31,68.2,7.8,36,71.5,5
72761,12761,63,14,59,53.1,6.1,15,90.1,2
72762,12762,33,8,33,62.5,-10.2,50,84.3,6
72763,12763,13,3,14,69.4,-7.5,27,100.0,3
72764,12764,131,30,192,71.7,-27.6,9,92.7,3
72765,12765,31,18,31,47.2,3.9,17,49.0,2
72766,12766,117,27,108,66.5,-14.5,15,81.4,1
72767,12767,32,15,30,38.0,-2.8,11,73.5,6
72768,12768,35,10,28,72.6,25.7,20,71.4,2
72769,12769,20,8,16,74.9,9.5,0,74.0,2
72770,12770,135,32,121,84.0,17.0,10,90.2,1
72771,12771,19,7,16,52.7,-16.2,22,61.7,3
72772,12772,26,5,25,96.2,29.5,24,87.7,1
72773,12773,37,22,30,32.6,-18.9,10,100.0,5
72774,12774,78,23,90,45.9,-8.3,27,99.3,3
72775,12775,6,2,9,89.1,5.0,23,73.7,0
72776,12776,29,13,32,54.2,0.8,55,66.8,4
72777,12777,14,8,15,77.4,47.9,36,77.9,1
72778,12778,29,12,25,65.9,45.2,26,87.9,1
72779,12779,32,16,28,63.6,-29.3,22,72.1,2
72780,12780,29,13,35,95.0,-14.5,0,92.5,1
72781,12781,59,12,47,35.7,-1.4,24,61.9,0
72782,12782,22,5,19,73.7,8.9,32,100.0,2
72783,12783,39,19,46,53.5,-9.8,10,50.1,4
72784,12784,112,22,144,66.4,-18.1,7,70.3,4
72785,12785,111,22,161,44.6,-3.6,20,99.4,2
72786,12786,38,15,32,62.9,-35.4,0,59.9,4
72787,12787,47,28,60,73.9,-23.9,0,100.0,1
72788,12788,30,7,27,81.9,-26.8,5,70.2,0
72789,12789,111,29,92,57.7,4.2,0,60.8,2
72790,12790,123,41,167,48.4,-17.8,33,78.5,3
72791,12791,17,10,16,47.5,-19.7,2,89.1,3
72792,12792,125,62,121,85.9,-15.8,7,46.6,1
72793,12793,23,6,23,61.2,-3.9,3,42.0,2
72794,12794,46,11,34,53.7,-23.6,0,48.5,0
72795,12795,42,18,59,77.8,31.9,22,75.3,1
72796,12796,46,14,68,62.9,-11.7,0,88.9,1
72797,12797,20,4,17,47.6,13.7,0,82.3,1
72798,12798,12,5,9,58.4,-2.5,30,79.9,2
72799,12799,210,42,229,61.1,17.0,15,75.1,1
72800,12800,13,5,16,16.8,-64.1,0,89.5,2
72801,12801,69,14,76,53.6,-25.5,0,64.3,4
72802,12802,84,22,103,36.8,-9.8,13,100.0,0
72803,12803,54,12,79,75.2,28.3,13,100.0,3
72804,12804,92,32,89,65.5,3.2,30,77.7,4
72805,12805,45,22,63,61.6,-31.8,0,75.7,5
72806,12806,27,13,31,94.2,-31.7,26,83.9,2
72807,12807,67,31,85,75.3,16.7,0,91.9,6
72808,12808,12,5,16,29.5,11.8,10,75.5,1
72809,12809,35,7,32,57.3,-8.3,23,84.5,3
72810,12810,35,10,34,61.7,-45.4,38,74.1,1
72811,12811,57,24,42,82.2,17.2,0,90.8,3
72812,12812,44,11,58,70.0,12.0,16,62.8,3
72813,12813,6,3,5,68.3,9.8,24,95.2,3
72814,12814,16,7,17,73.8,-37.4,9,65.4,3
72815,12815,63,17,85,15.8,22.4,0,73.6,2
72816,12816,21,6,16,39.1,1.9,11,81.3,1
72817,12817,22,9,33,83.7,4.2,20,75.6,2
72818,12818,27,16,31,58.5,-13.8,10,68.1,2
72819,12819,94,24,75,46.1,24.4,0,70.4,1
72820,12820,141,28,100,62.7,-16.3,31,86.1,3
72821,12821,78,17,76,89.8,10.0,2,62.4,2
72822,12822,28,12,25,59.0,-18.3,11,80.9,0
72823,12823,94,22,101,78.7,-13.7,17,83.7,4
72824,12824,24,10,26,42.5,4.2,13,62.1,0
72825,12825,100,22,82,76.5,-50.3,20,59.5,1
72826,12826,59,13,72,38.1,46.2,22,92.8,2
72827,12827,57,24,59,5.0,5.2,21,65.4,5
72828,12828,13,8,16,97.6,20.9,0,84.6,0
72829,12829,115,32,160,57.9,-53.2,18,34.4,3
72830,12830,12,3,10,100.0,-24.8,0,94.0,0
72831,12831,31,12,32,69.2,-30.7,0,68.2,3
72832,12832,32,10,44,65.0,25.6,34,76.1,4
72833,12833,73,22,93,26.5,-18.3,4,100.0,3
72834,12834,44,10,42,68.2,13.4,18,71.4,0
72835,12835,77,34,100,100.0,2.8,0,54.4,4
72836,12836,19,10,19,72.4,-2.0,12,88.4,1
72837,12837,64,25,95,100.0,26.5,0,100.0,3
72838,12838,35,10,32,81.4,-14.8,10,98.4,2
72839,12839,51,25,43,69.5,-0.1,3,71.9,5
72840,12840,14,6,20,13.9,-13.2,0,97.7,2
72841,12841,38,11,42,30.4,-16.7,0,74.0,4
72842,12842,224,51,290,58.4,-2.0,30,82.1,1
72843,12843,35,22,51,84.0,-21.5,29,100.0,6
72844,12844,49,13,42,61.3,26.5,0,68.2,7
72845,12845,27,9,21,84.2,-15.1,10,58.4,2
72846,12846,67,18,59,33.6,17.4,15,55.8,1
72847,12847,93,23,74,78.8,-15.1,37,100.0,1
72848,12848,8,5,12,53.8,-7.5,29,98.1,1
72849,12849,55,15,70,53.0,25.6,4,29.9,5
72850,12850,69,13,85,70.6,10.5,11,100.0,4
72851,12851,26,8,38,10.7,-1.3,11,71.4,4
72852,12852,82,16,122,39.7,-20.6,57,65.4,3
72853,12853,92,17,132,100.0,10.7,0,61.5,1
72854,12854,302,76,371,62.0,-21.5,24,37.1,1
72855,12855,46,13,50,91.7,26.7,16,85.7,2
72856,12856,64,14,47,41.3,2.2,30,91.3,3
72857,12857,28,6,39,37.9,48.4,0,75.0,1
72858,12858,68,17,53,64.3,-24.0,17,87.6,3
72859,12859,20,13,15,48.5,-14.4,31,43.9,3
72860,12860,16,4,20,64.7,4.3,11,62.0,0
72861,12861,95,19,130,78.1,-1.1,17,77.2,4
72862,12862,19,11,24,100.0,24.1,16,61.2,3
72863,12863,43,16,43,58.5,-12.0,0,68.4,1
72864,12864,30,6,41,80.7,40.6,16,100.0,1
72865,12865,40,10,28,66.8,-23.9,26,68.3,3
72866,12866,23,12,19,54.8,57.1,32,94.0,3
72867,12867,54,14,59,48.2,-16.9,31,68.1,2
72868,12868,135,34,189,66.2,7.0,36,100.0,0
72869,12869,29,15,23,48.9,26.8,3,36.2,2
72870,12870,61,28,67,59.5,13.6,51,80.9,2
72871,12871,61,16,53,66.5,2.7,53,70.4,3
72872,12872,107,34,93,15.7,-15.5,0,70.0,1
72873,12873,109,45,150,39.3,-3.7,11,73.6,2
72874,12874,40,10,33,81.6,-6.6,12,71.9,2
72875,12875,80,41,60,61.9,7.9,11,89.0,2
72876,12876,23,12,18,78.3,-5.0,5,84.5,6
72877,12877,31,20,30,41.0,-15.7,22,74.2,4
72878,12878,70,17,79,60.2,-17.9,0,88.7,7
72879,12879,94,18,67,31.0,-18.1,24,90.5,2
72880,12880,19,12,28,88.2,-2.9,11,75.1,2
72881,12881,16,5,23,88.4,29.3,28,100.0,3
72882,12882,37,17,40,54.5,-38.6,38,92.6,7
72883,12883,78,19,64,18.2,-25.4,0,97.0,0
72884,12884,20,6,17,100.0,-27.1,10,83.1,3
72885,12885,46,12,47,80.6,-36.9,24,77.2,1
72886,12886,122,25,174,74.7,-9.0,0,50.0,1
72887,12887,38,10,39,82.0,-22.7,10,88.1,1
72888,12888,87,24,88,69.8,32.2,25,71.1,1
72889,12889,15,7,22,53.8,-10.9,54,74.9,4
72890,12890,57,17,85,38.7,-5.8,24,90.5,1
72891,12891,20,5,20,85.1,7.8,32,99.2,0
72892,12892,95,22,140,50.8,40.2,15,71.2,3
72893,12893,69,38,55,35.9,10.0,0,34.7,1
72894,12894,38,9,33,51.8,-6.2,0,95.0,2
72895,12895,14,6,15,58.0,32.4,32,99.4,3
72896,12896,75,18,75,70.5,10.1,13,90.1,3
72897,12897,47,18,42,68.0,-12.1,7,65.2,1
72898,12898,39,10,42,75.2,29.0,1,74.2,3
72899,12899,47,22,60,35.6,12.1,9,79.5,1
72900,12900,69,13,57,82.4,3.7,42,90.1,1
72901,12901,116,27,115,67.0,-33.0,36,69.9,6
72902,12902,30,12,22,68.7,-14.5,13,68.8,3
72903,12903,34,7,50,87.1,42.7,42,100.0,3
72904,12904,69,13,90,54.0,22.1,8,89.7,1
72905,12905,44,12,42,71.7,-18.4,34,87.8,4
72906,12906,12,4,10,76.2,-34.8,35,95.9,6
72907,12907,45,20,51,9.3,23.0,5,100.0,2
72908,12908,12,3,11,44.4,2.9,0,80.6,2
72909,12909,62,25,70,76.2,6.9,8,89.2,2
72910,12910,50,10,51,59.4,18.0,25,61.2,1
72911,12911,36,14,41,27.7,38.4,24,87.0,3
72912,12912,25,13,28,52.7,44.8,0,71.9,3
72913,12913,147,27,104,79.6,-16.9,23,82.5,2
72914,12914,92,30,116,66.3,-21.3,0,94.2,5
72915,12915,25,6,29,44.2,0.1,35,30.3,1
72916,12916,21,8,25,54.9,17.6,15,91.3,5
72917,12917,38,15,35,29.4,-11.5,41,56.3,2
72918,12918,74,23,108,43.8,-19.4,15,68.3,4
72919,12919,132,27,132,47.2,-13.5,17,81.8,0
72920,12920,90,24,81,94.7,-48.8,0,43.0,4
72921,12921,47,13,34,90.9,30.5,21,91.7,0
72922,12922,46,15,54,78.4,8.5,41,100.0,2
72923,12923,80,32,109,73.5,-19.0,53,90.2,5
72924,12924,77,17,66,30.4,-27.0,35,92.6,2
72925,12925,22,14,27,26.2,8.6,12,65.0,2
72926,12926,252,48,177,80.6,32.5,0,62.5,2
72927,12927,78,17,92,20.7,20.5,7,59.7,6
72928,12928,136,49,103,64.0,26.8,24,55.9,2
72929,12929,73,15,103,36.3,7.4,0,90.2,4
72930,12930,9,3,8,68.8,-27.6,31,80.3,2
72931,12931,33,12,36,62.6,-4.7,26,84.3,1
72932,12932,74,27,75,72.6,-9.3,0,100.0,2
72933,12933,25,8,29,38.3,-12.7,27,69.2,4
72934,12934,154,32,146,56.6,43.4,31,73.9,5
72935,12935,119,47,171,41.1,-17.7,41,73.9,4
72936,12936,20,5,19,65.9,2.7,16,79.7,4
72937,12937,43,20,48,80.9,-29.2,6,89.8,3
72938,12938,55,10,56,90.3,-7.0,3,63.2,1
72939,12939,50,21,44,17.8,-16.2,19,40.1,4
72940,12940,29,6,43,82.8,38.3,0,50.5,2
72941,12941,51,21,63,96.1,-18.0,27,80.9,2
72942,12942,56,17,62,11.5,7.6,22,63.1,3
72943,12943,61,24,74,47.8,4.7,0,76.5,1
72944,12944,58,13,64,41.3,-20.9,37,100.0,3
72945,12945,33,8,43,51.7,6.5,27,100.0,3
72946,12946,16,8,14,86.6,10.4,8,100.0,2
72947,12947,94,20,140,28.7,-12.2,0,100.0,3
72948,12948,31,6,29,35.4,12.4,38,71.7,3
72949,12949,51,29,52,43.0,22.5,0,51.7,4
72950,12950,25,13,37,100.0,0.5,17,100.0,1
72951,12951,59,34,53,41.9,-7.0,28,80.1,1
72952,12952,20,8,17,58.5,-6.8,37,77.5,2
72953,12953,84,16,101,37.4,-45.5,25,51.6,6
72954,12954,36,16,53,60.6,-7.0,10,68.2,0
72955,12955,123,23,184,55.1,-5.2,68,100.0,3
72956,12956,41,15,37,54.5,-12.4,33,48.0,2
72957,12957,87,19,82,38.3,-1.9,17,72.8,3
72958,12958,135,35,180,73.7,20.4,0,71.8,4
72959,12959,14,6,12,98.4,-19.4,51,81.0,3
72960,12960,218,44,209,20.0,17.6,1,56.1,3
72961,12961,39,23,45,43.4,22.4,1,95.5,4
72962,12962,11,7,10,72.6,-2.0,22,71.7,2
72963,12963,36,11,26,72.8,-27.1,0,91.4,3
72964,12964,168,53,120,62.4,-27.9,47,58.6,1
72965,12965,79,19,117,100.0,-14.9,0,71.9,1
72966,12966,49,30,53,43.7,-36.3,32,79.1,4
72967,12967,89,21,132,61.3,44.6,0,60.1,1
72968,12968,15,4,15,68.3,-51.9,10,69.7,4
72969,12969,59,21,80,95.7,29.9,63,57.5,8
72970,12970,31,9,25,57.7,26.5,45,65.1,4
72971,12971,34,19,25,40.3,-28.3,0,91.2,0
72972,12972,49,15,48,52.7,10.3,4,65.6,2
72973,12973,77,21,56,67.8,17.0,36,55.2,4
72974,12974,114,28,124,52.7,-55.8,8,66.7,3
72975,12975,25,16,30,21.5,-16.0,0,65.7,2
72976,12976,23,5,18,60.4,1.6,30,59.6,1
72977,12977,49,18,51,85.1,-14.9,12,69.5,1
72978,12978,15,5,21,69.9,1.6,30,85.4,6
72979,12979,63,14,73,36.5,1.6,40,95.7,5
72980,12980,206,38,226,52.7,-18.8,37,65.4,1
72981,12981,103,28,125,71.2,10.2,34,55.1,3
72982,12982,33,17,47,51.5,64.4,19,40.4,1
72983,12983,206,51,277,35.6,20.3,26,65.7,2
72984,12984,99,18,89,41.0,6.2,20,60.2,2
72985,12985,39,26,28,100.0,56.6,18,97.3,4
72986,12986,48,28,45,89.2,-22.2,13,100.0,1
72987,12987,33,10,47,70.3,-23.8,6,64.3,3
72988,12988,26,17,27,56.3,5.1,21,95.9,0
72989,12989,51,18,66,39.7,-17.6,31,66.7,3
72990,12990,57,24,75,95.0,-15.6,0,69.8,2
72991,12991,51,13,61,54.7,-24.6,0,39.9,3
72992,12992,17,7,14,36.3,-16.0,16,59.8,2
72993,12993,38,14,42,65.2,28.1,17,59.7,3
72994,12994,63,12,68,97.2,-26.7,4,68.5,5
72995,12995,66,16,80,24.4,-2.3,52,100.0,5
72996,12996,129,28,177,32.9,-41.7,26,76.9,2
72997,12997,11,3,8,22.5,-4.3,0,69.1,3
72998,12998,23,12,22,47.5,20.1,6,96.5,4
72999,12999,33,10,43,75.4,-23.3,13,100.0,3
73000,13000,49,21,67,39.7,23.2,36,95.2,3
73001,13001,31,12,26,69.8,-8.7,13,75.7,3
73002,13002,234,48,230,76.4,10.6,0,74.6,2
73003,13003,56,11,62,46.3,25.9,14,57.6,2
73004,13004,34,14,40,83.6,1.1,33,71.2,3
73005,13005,69,21,70,50.6,-12.0,26,86.1,2
73006,13006,91,17,116,72.3,23.3,23,90.1,3
73007,13007,115,29,122,42.0,25.0,16,78.9,2
73008,13008,66,14,64,76.9,14.6,5,80.9,3
73009,13009,73,20,76,31.9,42.7,9,94.8,2
73010,13010,38,11,32,93.5,11.8,0,59.2,2
73011,13011,35,8,29,30.4,26.3,33,82.6,0
73012,13012,19,7,23,74.7,-1.2,18,68.3,0
73013,13013,12,3,12,69.9,-10.7,9,95.6,2
73014,13014,82,23,119,94.3,-6.8,12,69.8,3
73015,13015,66,15,64,73.9,-6.8,22,31.1,2
73016,13016,20,10,24,80.2,1.8,0,61.3,3
73017,13017,63,15,79,43.1,-37.5,7,50.3,3
73018,13018,45,11,60,52.4,-32.5,29,74.8,3
73019,13019,97,19,96,100.0,-34.9,0,98.4,5
73020,13020,96,32,104,51.0,10.3,8,96.0,2
73021,13021,59,12,78,89.1,30.5,9,64.6,3
73022,13022,25,15,35,54.3,-17.8,30,85.8,1
73023,13023,45,17,42,45.9,-9.3,0,80.3,0
73024,13024,17,9,15,31.7,-28.5,0,78.8,0
73025,13025,28,11,27,60.9,9.3,0,63.7,3
73026,13026,48,17,56,63.8,14.3,3,77.5,0
73027,13027,123,31,168,55.3,-31.1,40,43.4,6
73028,13028,32,18,39,55.3,26.9,44,68.0,3
73029,13029,35,15,30,90.0,15.5,12,100.0,3
73030,13030,70,16,52,16.4,38.2,50,90.1,4
73031,13031,85,20,97,55.0,-4.4,12,87.3,4
73032,13032,27,7,35,65.1,30.9,35,49.6,3
73033,13033,138,32,152,91.1,-31.6,64,86.6,0
73034,13034,61,14,61,65.8,24.8,37,76.0,0
73035,13035,30,13,26,30.7,-59.0,31,71.9,3
73036,13036,36,10,42,71.5,-3.1,14,57.9,2
73037,13037,109,25,130,36.5,8.7,13,69.3,3
73038,13038,104,25,142,89.4,-10.9,0,76.7,5
73039,13039,24,7,31,71.4,-7.3,7,93.1,4
73040,13040,77,24,86,64.3,-32.0,0,100.0,0
73041,13041,55,22,74,79.5,-28.2,2,57.3,6
73042,13042,155,51,123,40.0,-2.6,0,95.1,2
73043,13043,21,5,19,19.7,13.4,17,77.8,5
73044,13044,74,24,96,83.6,12.0,7,83.5,1
73045,13045,102,27,106,71.1,0.0,38,90.4,3
73046,13046,127,24,147,100.0,12.7,7,71.4,2
73047,13047,24,14,33,59.4,-36.3,66,82.4,4
73048,13048,45,10,65,38.2,-26.7,21,100.0,2
73049,13049,40,9,58,31.5,39.3,30,76.1,2
73050,13050,28,8,28,51.9,2.6,30,97.2,4
73051,13051,15,7,18,72.0,33.0,33,100.0,2
73052,13052,76,26,91,81.9,-7.2,25,83.1,3
73053,13053,90,33,84,80.5,31.7,40,74.4,2
73054,13054,30,7,32,83.3,-27.9,0,70.2,0
73055,13055,105,30,109,67.4,-43.2,26,52.8,4
73056,13056,81,28,101,53.5,62.6,0,56.7,1
73057,13057,20,5,24,59.7,10.9,17,78.6,4
73058,13058,18,7,26,85.9,14.7,21,79.8,4
73059,13059,69,17,62,54.7,-35.9,14,74.0,2
73060,13060,86,16,102,85.5,3.5,0,65.8,2
73061,13061,16,7,20,79.0,-7.3,53,100.0,4
73062,13062,30,16,22,84.9,32.4,0,97.3,5
73063,13063,26,5,31,63.2,43.5,46,86.9,1
73064,13064,106,36,125,82.0,25.6,16,55.6,2
73065,13065,108,26,103,50.7,0.4,11,66.9,0
73066,13066,32,11,48,45.1,-25.0,4,73.8,2
73067,13067,92,19,94,16.5,-5.3,8,78.5,0
73068,13068,138,40,116,20.7,-20.4,0,61.4,4
73069,13069,22,8,25,60.2,26.0,0,99.5,0
73070,13070,81,17,80,62.6,25.2,15,86.5,4
73071,13071,33,13,29,100.0,28.4,13,80.5,2
73072,13072,70,16,68,50.8,-1.8,36,86.6,4
73073,13073,25,9,32,88.8,40.8,14,74.7,6
73074,13074,46,14,43,78.3,31.3,44,71.1,2
73075,13075,28,7,33,84.3,-2.8,16,58.1,2
73076,13076,115,28,81,78.4,-28.6,12,100.0,3
73077,13077,182,54,144,35.1,-11.5,0,100.0,3
73078,13078,33,16,43,56.9,-27.0,13,77.0,1
73079,13079,41,9,35,80.5,-34.0,40,73.4,3
73080,13080,111,22,148,60.4,-3.4,57,92.7,2
73081,13081,145,28,133,55.3,-3.8,15,74.0,3
73082,13082,57,30,49,55.8,-11.1,27,100.0,2
73083,13083,26,6,33,86.0,-7.8,32,89.5,5
73084,13084,21,9,16,35.3,28.5,0,96.7,4
73085,13085,17,9,17,30.8,-11.8,14,47.1,2
73086,13086,23,13,17,77.3,-4.1,17,98.6,5
73087,13087,33,22,28,61.0,25.9,40,68.2,3
73088,13088,99,19,82,63.1,-45.8,46,73.0,2
73089,13089,118,30,159,100.0,15.5,10,98.8,1
73090,13090,31,8,36,73.5,-41.4,1,88.3,3
73091,13091,24,5,33,58.9,-28.6,21,65.5,2
73092,13092,119,24,178,68.4,5.7,39,76.0,1
73093,13093,24,16,27,62.4,-10.5,35,87.8,4
73094,13094,113,25,166,73.6,-24.8,33,100.0,2
73095,13095,34,11,26,63.9,18.4,30,87.6,1
73096,13096,42,15,33,37.4,20.2,46,78.6,7
73097,13097,219,49,241,52.1,13.9,29,91.1,3
73098,13098,29,9,23,84.5,-30.0,23,81.7,4
73099,13099,27,5,39,70.8,-23.3,49,81.7,2
73100,13100,29,6,32,90.9,-15.5,1,56.0,2
73101,13101,29,13,41,16.3,-27.9,14,72.8,4
73102,13102,32,9,28,77.7,-20.0,25,91.8,3
73103,13103,91,21,111,41.4,-5.0,3,76.5,3
73104,13104,62,22,57,91.2,-6.6,11,89.2,3
73105,13105,26,12,30,42.2,1.4,1,69.3,3
73106,13106,36,11,50,59.5,-19.1,16,94.4,4
73107,13107,28,14,26,73.1,6.0,44,72.2,4
73108,13108,22,9,24,89.7,27.1,25,86.1,3
73109,13109,48,11,53,79.3,19.7,0,96.6,1
73110,13110,31,10,37,42.5,-10.0,31,69.2,3
73111,13111,39,12,52,40.7,6.7,0,39.1,3
73112,13112,32,8,26,49.8,-7.1,25,77.0,3
73113,13113,36,12,41,72.9,-27.2,7,75.1,0
73114,13114,26,8,21,62.9,10.6,28,48.2,0
73115,13115,27,6,23,100.0,6.9,8,95.1,1
73116,13116,47,13,51,60.6,10.6,18,90.3,4
73117,13117,77,16,59,43.7,-0.2,10,55.3,2
73118,13118,29,7,22,45.3,-13.5,17,91.2,4
73119,13119,27,8,23,62.5,-17.5,27,59.2,2
73120,13120,36,7,39,81.8,-37.9,33,84.0,1
73121,13121,22,7,19,45.2,31.7,16,58.1,4
73122,13122,21,4,21,59.1,-3.9,30,69.7,1
73123,13123,45,9,63,55.3,20.4,24,61.9,2
73124,13124,47,17,68,69.2,15.9,24,82.9,1
73125,13125,11,7,13,17.7,-6.7,6,85.2,3
73126,13126,42,16,63,61.7,19.9,0,91.8,2
73127,13127,64,19,81,71.0,26.7,0,78.6,2
73128,13128,46,9,37,85.9,-18.5,28,96.4,3
73129,13129,94,41,121,30.2,-6.7,15,85.7,2
73130,13130,75,14,92,63.2,-19.6,41,51.9,2
73131,13131,108,20,150,96.2,6.5,22,57.4,5
73132,13132,82,24,90,82.0,-0.6,35,97.9,1
73133,13133,46,22,54,65.2,11.1,39,95.0,3
73134,13134,145,32,147,74.6,8.3,16,63.6,4
73135,13135,32,11,23,56.8,-12.4,0,92.6,2
73136,13136,37,13,44,83.9,18.7,0,76.3,3
73137,13137,27,14,39,78.8,2.4,0,87.5,3
73138,13138,32,6,27,63.4,-15.0,3,56.1,4
73139,13139,56,11,47,67.0,27.3,37,70.8,4
73140,13140,19,7,20,65.0,-20.0,34,96.2,3
73141,13141,12,7,16,55.3,18.5,9,95.8,0
73142,13142,83,24,97,53.9,-17.1,38,75.6,2
73143,13143,20,9,22,78.4,14.0,20,100.0,3
73144,13144,118,34,164,51.7,-62.9,18,88.2,3
73145,13145,110,24,95,57.8,14.0,50,57.2,8
73146,13146,36,12,53,61.1,28.0,24,79.9,2
73147,13147,61,16,90,49.8,17.4,31,48.8,1
73148,13148,37,10,50,55.6,34.4,30,98.6,5
73149,13149,81,26,76,46.4,-5.4,48,81.5,1
73150,13150,54,10,54,84.0,8.6,25,93.3,2
73151,13151,60,21,61,39.2,18.8,17,74.2,4
73152,13152,10,6,8,90.8,-13.7,16,75.4,3
73153,13153,39,8,29,96.0,-3.4,0,74.3,2
73154,13154,84,16,63,98.8,-8.1,31,83.2,2
73155,13155,31,9,37,34.7,-5.2,13,100.0,3
73156,13156,16,9,24,71.3,13.4,27,93.3,4
73157,13157,43,23,33,40.7,-19.0,36,63.6,4
73158,13158,23,6,28,49.1,32.1,38,75.6,5
73159,13159,41,21,33,62.8,-12.5,46,76.9,0
73160,13160,50,22,58,59.2,-4.8,26,69.6,1
73161,13161,65,14,69,67.2,23.9,43,79.6,8
73162,13162,38,16,28,96.5,64.0,20,100.0,1
73163,13163,18,6,18,76.0,28.8,44,69.8,1
73164,13164,78,26,104,30.9,14.9,0,99.7,1
73165,13165,23,7,20,68.1,1.4,13,100.0,5
73166,13166,80,25,89,64.9,-46.8,15,78.0,2
73167,13167,79,22,71,74.5,-10.5,35,95.3,1
73168,13168,51,14,73,42.1,-2.3,0,74.1,3
73169,13169,29,12,42,100.0,12.3,53,72.3,3
73170,13170,50,24,64,91.7,-9.5,41,83.6,2
73171,13171,29,13,36,59.3,52.5,35,71.8,4
73172,13172,12,5,14,44.1,7.2,12,100.0,3
73173,13173,62,13,82,37.5,15.8,0,55.7,3
73174,13174,42,8,62,72.5,6.8,31,77.0,2
73175,13175,22,5,32,72.6,18.5,17,81.8,5
73176,13176,13,8,18,33.8,-2.6,0,29.8,2
73177,13177,23,6,19,42.5,12.6,30,100.0,1
73178,13178,32,7,44,74.8,68.2,38,88.5,2
73179,13179,75,21,88,32.6,10.3,29,52.1,3
73180,13180,29,16,33,100.0,1.3,0,27.6,7
73181,13181,18,5,20,47.7,18.9,43,83.1,1
73182,13182,16,4,14,82.1,-5.1,0,69.7,5
73183,13183,72,19,62,69.1,-1.3,30,89.0,0
73184,13184,114,26,121,43.6,-30.2,20,67.5,3
73185,13185,21,8,25,55.9,27.0,6,87.4,0
73186,13186,43,10,52,60.0,-23.4,0,65.6,1
73187,13187,57,20,64,65.2,1.8,8,57.8,2
73188,13188,48,11,65,70.2,-11.4,1,67.4,3
73189,13189,55,16,79,65.6,54.9,28,72.7,3
73190,13190,69,15,60,61.9,21.7,0,60.7,4
73191,13191,46,13,59,79.8,-5.6,53,60.9,3
73192,13192,95,36,84,56.0,-16.1,36,100.0,2
73193,13193,251,46,345,42.2,-14.5,8,98.8,1
73194,13194,25,10,28,79.4,-7.2,27,100.0,2
73195,13195,121,39,121,74.1,-18.5,17,60.4,2
73196,13196,51,11,67,80.1,9.1,27,59.7,2
73197,13197,68,19,52,64.3,5.4,12,81.9,5
73198,13198,135,32,156,34.2,12.8,15,76.6,4
73199,13199,24,7,27,66.9,16.8,0,96.3,2
73200,13200,43,11,60,58.3,0.3,0,85.4,4
73201,13201,14,4,13,40.2,20.1,0,93.3,2
73202,13202,93,17,88,75.7,23.2,27,79.2,1
73203,13203,21,9,16,65.3,-24.1,10,69.3,6
73204,13204,76,15,86,76.9,-11.2,27,57.1,3
73205,13205,87,26,63,60.5,31.1,0,84.3,3
73206,13206,8,5,12,79.6,-2.9,20,56.9,0
73207,13207,130,24,116,72.1,-24.8,46,76.6,2
73208,13208,129,26,136,72.0,6.6,24,66.1,1
73209,13209,29,16,24,45.4,14.0,18,92.0,5
73210,13210,46,15,45,99.0,-11.5,60,70.4,2
73211,13211,54,11,77,54.2,-28.9,27,93.3,3
73212,13212,21,6,31,32.4,-0.9,14,66.7,1
73213,13213,31,6,29,73.9,-23.8,35,83.2,1
73214,13214,51,13,69,57.8,-14.6,47,65.7,4
73215,13215,52,11,43,81.5,13.1,19,51.0,2
73216,13216,26,8,21,66.5,-20.6,16,75.6,0
73217,13217,41,22,33,64.7,5.8,13,71.9,3
73218,13218,24,10,35,52.8,-34.3,14,59.4,2
73219,13219,88,43,111,37.3,-4.4,0,91.7,4
73220,13220,56,12,65,63.5,-22.3,27,76.2,0
73221,13221,73,14,62,51.7,-1.0,21,84.7,0
73222,13222,19,8,21,53.7,16.6,18,57.8,2
73223,13223,33,12,49,75.5,-14.2,39,100.0,0
73224,13224,49,11,67,100.0,-0.0,10,78.4,2
73225,13225,61,19,91,100.0,7.1,0,79.4,3
73226,13226,47,10,33,83.4,2.3,3,60.3,2
73227,13227,47,17,54,78.2,-3.6,33,92.3,3
73228,13228,108,30,101,75.1,-32.6,10,61.4,2
73229,13229,48,10,46,54.1,37.4,11,71.0,2
73230,13230,12,4,9,40.0,18.3,12,64.9,0
73231,13231,85,21,105,77.6,44.3,0,90.0,5
73232,13232,65,16,90,50.5,34.8,20,31.9,1
73233,13233,35,12,31,84.9,-15.3,3,72.9,3
73234,13234,67,15,75,56.0,-12.4,0,93.8,4
73235,13235,43,12,32,52.3,-14.6,31,85.0,4
73236,13236,39,10,36,96.6,-20.1,52,54.4,0
73237,13237,15,5,13,81.6,-13.9,0,89.2,2
73238,13238,35,19,52,76.0,-25.6,8,78.3,4
73239,13239,82,19,90,43.2,31.1,21,68.4,3
73240,13240,17,6,15,58.1,18.5,25,76.4,1
73241,13241,51,13,41,71.0,-30.3,33,97.2,1
73242,13242,118,23,156,10.4,-2.3,4,81.2,1
73243,13243,82,17,60,56.6,18.6,18,86.4,0
73244,13244,52,13,42,45.5,6.5,19,81.8,1
73245,13245,58,24,43,82.9,-9.8,32,100.0,1
73246,13246,25,7,25,69.7,5.5,17,76.2,1
73247,13247,63,21,92,45.6,4.9,0,69.1,1
73248,13248,58,15,52,74.5,-25.3,0,54.7,2
73249,13249,155,35,155,89.4,-25.5,0,71.8,4
73250,13250,62,14,80,21.2,20.8,10,81.8,2
73251,13251,7,4,6,54.0,-10.3,64,70.8,0
73252,13252,39,13,36,49.8,-28.1,19,73.3,1
73253,13253,58,19,59,81.8,0.7,29,86.0,0
73254,13254,18,8,26,71.4,-30.0,8,87.5,5
73255,13255,62,18,70,100.0,-16.7,26,79.1,2
73256,13256,37,14,39,75.8,13.2,22,81.3,3
73257,13257,29,10,30,80.3,-15.4,9,71.1,2
73258,13258,83,22,84,87.9,33.9,0,66.9,1
73259,13259,68,14,97,52.5,-50.9,5,100.0,3
73260,13260,42,13,56,89.1,-9.2,13,86.2,4
73261,13261,22,6,19,36.8,5.7,2,71.9,0
73262,13262,61,13,58,63.3,14.7,49,100.0,0
73263,13263,74,23,102,41.5,23.4,15,100.0,2
73264,13264,61,20,79,81.4,-16.4,39,68.0,5
73265,13265,67,16,52,55.5,-13.5,30,64.2,4
73266,13266,23,9,24,59.3,-4.2,25,76.2,4
73267,13267,34,21,37,51.4,-4.8,20,100.0,2
73268,13268,16,8,22,91.4,-1.7,4,89.5,2
73269,13269,16,6,22,67.9,5.7,41,78.2,2
73270,13270,128,27,105,36.7,-1.3,40,77.8,2
73271,13271,47,20,55,93.4,1.4,3,69.1,0
73272,13272,92,23,134,79.5,1.5,35,79.7,1
73273,13273,66,24,50,52.9,13.2,5,71.1,1
73274,13274,30,17,30,80.5,-12.9,19,74.4,5
73275,13275,126,26,122,49.1,-26.6,2,71.5,2
73276,13276,157,30,131,66.7,8.1,0,100.0,1
73277,13277,76,35,113,68.3,-29.4,24,100.0,1
73278,13278,67,19,85,50.7,19.9,33,90.1,2
73279,13279,29,11,36,67.5,-9.0,17,89.8,1
73280,13280,55,15,41,5.0,-21.5,22,87.2,0
73281,13281,56,13,56,53.6,4.2,0,91.9,3
73282,13282,114,21,137,37.7,15.2,4,75.5,0
73283,13283,75,26,82,81.9,36.6,0,64.4,4
73284,13284,128,51,164,21.1,9.6,11,82.8,1
73285,13285,46,11,63,27.1,37.0,12,94.2,2
73286,13286,73,15,96,51.3,-39.5,32,83.2,1
73287,13287,13,8,19,59.5,-3.2,19,71.8,2
73288,13288,18,11,21,64.6,-36.7,35,45.9,3
73289,13289,50,13,69,100.0,16.3,33,93.7,2
73290,13290,20,10,30,49.7,19.9,12,64.7,2
73291,13291,80,20,89,66.9,8.2,55,60.8,0
73292,13292,166,44,118,38.9,28.7,9,86.1,1
73293,13293,113,24,109,64.1,26.5,0,59.7,4
73294,13294,33,7,37,53.9,32.9,28,48.1,1
73295,13295,111,23,138,12.0,-20.9,7,100.0,3
73296,13296,131,25,154,79.4,21.9,18,72.3,2
73297,13297,31,8,38,59.6,-9.5,27,88.3,2
73298,13298,6,3,8,77.7,3.4,7,96.0,4
73299,13299,31,6,34,36.7,29.3,0,99.5,1
73300,13300,99,18,135,50.1,-24.3,1,83.9,5
73301,13301,28,17,35,41.1,2.1,7,100.0,2
73302,13302,66,17,87,48.1,-0.2,23,48.5,1
73303,13303,39,13,48,55.7,45.0,14,100.0,0
73304,13304,43,16,34,37.5,-3.9,0,78.2,4
73305,13305,41,9,34,65.3,7.0,59,56.1,3
73306,13306,81,30,68,51.1,5.6,23,90.7,1
73307,13307,21,10,16,33.8,33.5,0,79.2,1
73308,13308,30,12,26,59.3,9.9,32,69.4,3
73309,13309,77,21,88,62.3,-3.5,43,47.3,2
73310,13310,33,13,25,60.0,3.5,0,56.7,2
73311,13311,64,22,59,100.0,23.7,12,97.9,6
73312,13312,84,22,101,40.1,41.0,14,62.4,2
73313,13313,47,11,40,60.1,-2.9,27,74.3,1
73314,13314,25,14,21,76.6,27.7,11,76.4,0
73315,13315,41,13,56,68.4,26.2,33,58.1,4
73316,13316,83,19,95,57.4,7.3,13,83.7,3
73317,13317,70,25,67,45.0,-22.7,11,81.0,4
73318,13318,54,12,62,39.2,-16.7,35,79.1,0
73319,13319,34,12,35,81.0,26.3,4,87.9,3
73320,13320,18,4,26,49.9,19.9,53,100.0,1
73321,13321,64,12,55,67.8,-0.8,0,53.6,6
73322,13322,74,21,91,54.2,14.1,19,98.3,2
73323,13323,65,19,93,100.0,17.1,21,77.8,1
73324,13324,34,10,43,71.0,7.4,24,70.0,1
73325,13325,85,16,86,27.8,51.1,31,71.2,4
73326,13326,28,13,36,54.5,-30.3,25,97.6,4
73327,13327,76,17,67,100.0,6.1,0,98.6,2
73328,13328,38,9,48,45.0,-31.5,38,62.8,1
73329,13329,28,7,37,95.4,-18.3,0,96.2,5
73330,13330,107,24,107,47.5,7.0,25,59.3,1
73331,13331,78,28,89,62.6,-30.4,22,76.7,3
73332,13332,47,9,54,47.0,3.7,0,46.4,3
73333,13333,46,9,53,72.1,9.8,11,75.8,2
73334,13334,31,13,27,100.0,6.3,1,55.3,2
73335,13335,18,5,22,38.7,47.5,0,100.0,3
73336,13336,61,22,63,48.7,32.2,32,100.0,3
73337,13337,98,21,79,49.3,4.0,0,87.4,2
73338,13338,179,35,133,63.2,22.1,0,94.7,3
73339,13339,22,6,30,65.1,7.4,19,100.0,2
73340,13340,53,19,69,57.8,-15.9,25,97.5,2
73341,13341,61,15,88,42.9,-0.6,0,71.2,4
73342,13342,64,31,69,67.4,19.6,47,48.0,2
73343,13343,81,23,96,20.7,15.4,39,91.7,2
73344,13344,27,6,20,59.2,13.8,0,100.0,0
73345,13345,43,17,40,42.3,50.0,30,90.5,2
73346,13346,46,15,60,61.3,34.2,41,97.4,0
73347,13347,12,3,11,65.1,11.0,0,72.5,2
73348,13348,75,14,59,80.9,-26.9,12,79.8,2
73349,13349,20,11,15,36.1,-15.5,24,65.1,4
73350,13350,17,8,18,65.1,19.6,14,70.9,1
73351,13351,14,7,20,68.7,25.0,5,96.0,1
73352,13352,88,37,88,62.6,-8.9,0,93.6,2
73353,13353,73,42,90,69.3,38.3,20,49.6,3
73354,13354,59,20,62,48.4,14.2,19,51.0,3
73355,13355,42,16,56,88.6,26.3,29,81.8,3
73356,13356,28,12,38,51.1,-5.6,22,85.0,4
73357,13357,58,23,85,80.5,23.9,35,53.8,4
73358,13358,16,4,16,62.8,-15.9,48,83.2,2
73359,13359,119,28,128,59.0,-12.2,51,54.4,0
73360,13360,42,8,51,45.9,15.4,10,93.0,1
73361,13361,12,5,13,76.8,-21.6,0,100.0,2
73362,13362,25,13,19,55.3,-27.2,39,96.2,2
73363,13363,47,27,57,100.0,-36.1,7,61.1,1
73364,13364,35,10,28,21.1,-23.7,27,63.1,2
73365,13365,69,17,95,100.0,-23.7,50,98.2,4
73366,13366,61,25,47,54.7,-31.6,4,91.7,4
73367,13367,21,5,28,66.0,29.4,28,59.1,1
73368,13368,22,10,18,73.8,-21.4,29,65.7,4
73369,13369,12,5,16,100.0,-8.0,25,68.9,1
73370,13370,104,25,75,48.0,-11.3,48,63.0,2
73371,13371,101,19,80,83.5,20.7,33,77.2,4
73372,13372,66,13,47,77.8,-27.9,16,61.3,0
73373,13373,11,7,9,69.9,-16.1,38,74.1,3
73374,13374,103,19,72,67.2,-0.3,19,47.9,1
73375,13375,98,33,75,74.3,-30.5,5,91.1,1
73376,13376,97,26,70,71.9,1.5,1,100.0,4
73377,13377,104,36,109,59.2,36.3,48,100.0,5
73378,13378,62,13,51,60.7,42.7,40,67.0,1
73379,13379,38,9,35,73.8,9.4,56,75.8,1
73380,13380,60,12,55,61.2,2.0,10,92.0,6
73381,13381,38,16,52,60.2,-39.0,57,68.0,1
73382,13382,16,4,13,51.7,13.9,43,78.3,1
73383,13383,44,12,48,100.0,-1.6,18,59.5,1
73384,13384,15,4,11,75.3,-11.1,4,75.8,3
73385,13385,24,8,25,87.0,-10.9,48,84.3,6
73386,13386,27,18,36,54.5,12.9,5,81.0,2
73387,13387,39,9,43,71.3,-5.2,0,88.8,4
73388,13388,57,13,52,74.9,20.5,0,89.5,1
73389,13389,80,16,82,64.8,70.0,14,81.1,2
73390,13390,144,27,165,58.2,-21.1,0,100.0,4
73391,13391,21,9,30,24.2,-25.0,28,90.7,7
73392,13392,25,14,34,63.8,30.9,35,73.0,5
73393,13393,51,11,75,35.4,-1.5,30,68.1,3
73394,13394,75,15,63,54.0,0.5,17,56.4,2
73395,13395,92,42,79,58.2,-12.3,21,78.9,2
73396,13396,58,30,45,79.7,-2.7,35,100.0,1
73397,13397,142,29,157,57.9,-6.6,28,92.2,2
73398,13398,189,35,160,71.2,-10.2,16,100.0,4
73399,13399,38,12,48,78.9,2.3,9,81.4,2
73400,13400,41,8,60,58.5,-7.7,5,83.5,2
73401,13401,41,9,47,64.3,23.5,27,57.5,1
73402,13402,21,8,27,51.8,-0.4,23,69.7,2
73403,13403,87,41,75,100.0,-20.4,22,46.0,3
73404,13404,14,6,19,46.6,13.9,20,95.7,4
73405,13405,29,8,40,89.2,12.7,40,79.1,3
73406,13406,87,28,122,47.6,-17.0,9,55.0,3
73407,13407,101,19,141,76.9,29.5,30,77.2,1
73408,13408,51,16,48,81.3,-49.1,17,72.0,3
73409,13409,21,11,24,46.8,-14.9,26,88.5,2
73410,13410,24,12,23,68.9,13.8,16,100.0,5
73411,13411,77,15,108,62.9,5.0,32,65.6,3
73412,13412,32,9,46,69.2,30.6,23,75.3,4
73413,13413,79,15,98,88.1,6.3,25,63.9,2
73414,13414,106,20,93,81.6,-47.6,6,92.2,2
73415,13415,118,22,93,66.8,-5.9,19,58.2,2
73416,13416,114,22,162,49.1,-1.9,0,74.5,1
73417,13417,15,3,15,66.9,41.7,3,100.0,3
73418,13418,68,17,83,67.2,27.0,51,100.0,4
73419,13419,53,10,72,87.0,-4.4,0,65.0,2
73420,13420,56,12,69,81.5,-1.4,41,80.9,1
73421,13421,55,13,82,20.0,9.9,38,78.5,3
73422,13422,132,26,153,36.4,-5.2,33,89.2,0
73423,13423,71,15,82,42.2,-8.5,8,100.0,3
73424,13424,39,13,47,50.3,14.2,0,81.0,1
73425,13425,81,31,91,52.8,-17.3,23,51.4,1
73426,13426,8,4,11,61.9,-20.9,17,88.1,2
73427,13427,138,26,200,60.7,16.6,11,42.6,3
73428,13428,46,25,66,63.9,8.8,28,65.8,3
73429,13429,137,30,150,62.8,-6.6,29,58.2,1
73430,13430,37,12,53,39.5,17.0,10,86.4,5
73431,13431,27,8,22,38.9,-16.0,32,80.0,1
73432,13432,64,32,73,79.6,9.7,23,71.5,2
73433,13433,71,36,79,82.4,13.4,0,97.6,2
73434,13434,26,9,23,61.3,40.1,19,84.0,2
73435,13435,78,18,116,50.1,8.5,15,84.4,0
73436,13436,33,13,48,58.8,-6.0,36,64.3,3
73437,13437,47,11,33,79.2,38.0,1,60.4,3
73438,13438,99,18,112,36.0,21.1,5,89.3,0
73439,13439,144,45,118,19.9,-18.3,25,54.2,2
73440,13440,73,14,71,75.1,-7.4,35,100.0,1
73441,13441,15,8,14,65.0,48.4,29,73.2,3
73442,13442,30,11,29,62.1,39.5,47,83.2,3
73443,13443,31,8,36,82.6,-34.8,35,75.9,2
73444,13444,42,18,47,88.1,-1.8,22,82.5,1
73445,13445,99,33,106,35.8,23.7,23,74.5,5
73446,13446,66,20,74,66.6,29.0,8,71.4,2
73447,13447,76,18,90,86.9,-7.5,0,76.3,3
73448,13448,33,14,30,99.4,64.6,50,82.5,2
73449,13449,15,5,20,48.9,-9.0,35,59.9,3
73450,13450,85,16,97,83.7,-27.1,0,65.1,4
73451,13451,21,8,19,75.3,2.6,35,47.9,1
73452,13452,67,15,56,21.6,32.1,47,67.0,1
73453,13453,110,22,144,84.1,-26.1,5,92.5,0
73454,13454,96,23,108,34.9,-49.5,12,66.9,3
73455,13455,135,29,114,76.5,5.6,34,59.0,3
73456,13456,38,7,52,83.3,16.4,48,66.6,5
73457,13457,74,26,93,25.3,-20.9,20,67.3,0
73458,13458,28,11,27,73.8,-12.2,51,82.9,3
73459,13459,79,24,73,90.6,16.5,15,91.4,1
73460,13460,65,16,57,70.8,22.5,0,58.0,1
73461,13461,39,20,30,58.1,58.6,14,67.1,4
73462,13462,12,7,17,38.4,-3.8,34,99.7,3
73463,13463,31,15,45,62.1,-24.1,38,100.0,4
73464,13464,22,10,23,83.4,-15.3,11,52.7,1
73465,13465,20,12,15,62.8,-8.3,0,72.4,1
73466,13466,46,12,45,26.9,-15.1,0,78.9,9
73467,13467,50,13,49,68.3,-1.8,32,68.1,5
73468,13468,85,25,77,35.8,-28.6,0,90.5,1
73469,13469,73,36,57,76.8,-0.7,24,100.0,3
73470,13470,74,14,58,61.4,8.7,26,100.0,1
73471,13471,56,13,81,70.5,-20.2,0,88.3,4
73472,13472,55,29,73,81.8,-5.2,37,81.8,3
73473,13473,49,13,43,49.1,38.1,19,96.3,3
73474,13474,23,14,29,46.8,-10.0,0,25.5,2
73475,13475,87,28,65,76.5,21.8,15,72.1,5
73476,13476,38,8,34,97.2,-36.7,2,63.3,3
73477,13477,36,10,45,25.0,-5.9,38,64.9,1
73478,13478,45,24,54,49.8,0.4,24,78.1,3
73479,13479,59,12,71,71.7,16.5,0,67.1,1
73480,13480,11,6,11,72.7,35.7,8,100.0,4
73481,13481,72,21,69,67.8,-8.5,0,76.1,2
73482,13482,28,8,28,68.9,-7.4,61,65.2,3
73483,13483,74,16,69,22.5,-40.3,1,81.1,2
73484,13484,278,51,213,64.9,32.9,10,74.7,2
73485,13485,22,7,19,76.2,12.0,3,100.0,1
73486,13486,45,11,33,58.2,-1.5,35,88.8,3
73487,13487,68,19,57,30.3,-18.4,0,54.6,3
73488,13488,51,28,47,55.8,-13.3,20,52.1,5
73489,13489,47,10,46,27.0,23.1,11,91.1,3
73490,13490,108,30,157,78.0,17.2,47,65.3,0
73491,13491,43,11,58,15.7,-34.8,0,78.6,3
73492,13492,68,24,75,55.9,27.6,45,72.8,3
73493,13493,77,15,94,80.5,4.7,15,83.9,4
73494,13494,115,27,96,72.2,-18.8,0,72.4,0
73495,13495,35,12,40,49.3,26.9,9,63.6,2
73496,13496,38,11,51,77.3,27.0,30,84.8,2
73497,13497,57,21,47,71.1,18.9,0,66.9,3
73498,13498,45,11,60,70.8,-2.5,29,30.1,2
73499,13499,24,5,25,21.6,-37.2,9,78.9,5
73500,13500,66,23,57,67.9,-19.5,11,81.6,3
73501,13501,67,14,50,59.6,32.6,0,93.3,5
73502,13502,21,4,31,68.6,-14.1,16,94.8,3
73503,13503,148,48,124,69.8,-37.3,10,100.0,4
73504,13504,27,11,36,50.2,20.7,0,58.2,8
73505,13505,179,34,202,84.4,-55.3,12,90.3,2
73506,13506,22,13,32,9.0,8.4,0,62.8,2
73507,13507,89,26,121,60.6,0.5,30,53.2,1
73508,13508,139,30,124,58.6,10.4,23,58.7,0
73509,13509,42,25,63,53.4,-3.8,0,69.0,4
73510,13510,41,10,42,33.9,-25.2,4,92.2,2
73511,13511,34,7,46,60.3,-10.3,0,90.5,2
73512,13512,35,13,52,59.3,-33.0,0,94.5,2
73513,13513,36,13,34,50.9,-12.2,0,100.0,2
73514,13514,34,21,44,44.6,-24.7,6,91.2,4
73515,13515,85,23,71,73.6,-7.8,14,40.1,3
73516,13516,33,19,39,61.5,11.1,30,100.0,1
73517,13517,36,24,37,74.5,-10.4,50,70.0,1
73518,13518,56,28,54,61.8,46.3,0,63.3,4
73519,13519,23,7,18,48.5,20.7,38,81.4,1
73520,13520,31,7,26,59.4,-51.4,24,39.4,1
73521,13521,97,23,141,52.0,1.5,3,78.1,3
73522,13522,22,8,26,36.3,-0.7,30,89.3,4
73523,13523,17,6,14,71.7,-6.9,17,60.6,2
73524,13524,45,11,49,63.8,12.1,42,84.7,1
73525,13525,52,12,67,85.6,8.8,2,61.2,2
73526,13526,61,14,82,55.6,-9.4,0,68.2,2
73527,13527,19,9,24,41.3,-5.8,12,100.0,2
73528,13528,26,15,22,50.3,8.3,0,70.7,2
73529,13529,63,18,91,82.2,-11.5,8,63.8,2
73530,13530,46,15,50,31.6,46.2,22,70.6,2
73531,13531,42,8,53,36.9,53.6,12,69.3,2
73532,13532,18,12,17,100.0,13.2,0,70.8,2
73533,13533,47,10,57,40.5,-5.6,0,76.4,2
73534,13534,66,12,74,77.4,46.5,63,51.6,1
73535,13535,25,5,21,66.0,12.1,11,61.8,5
73536,13536,81,17,115,47.6,11.5,38,83.6,2
73537,13537,10,6,12,62.8,-13.2,22,60.2,1
73538,13538,69,14,67,39.1,21.3,85,80.2,4
73539,13539,23,6,27,57.9,37.1,9,83.2,0
73540,13540,41,10,57,60.6,-27.4,0,77.4,2
73541,13541,68,22,78,83.0,3.0,17,94.7,3
73542,13542,148,28,153,59.9,28.6,33,61.7,2
73543,13543,97,27,118,69.0,12.7,22,59.3,5
73544,13544,28,7,27,73.8,9.9,1,100.0,5
73545,13545,40,17,46,19.2,2.6,62,82.8,2
73546,13546,60,16,63,56.2,18.1,0,90.1,1
73547,13547,10,4,9,65.4,30.9,19,87.8,3
73548,13548,31,16,26,78.4,-20.4,30,57.9,2
73549,13549,46,13,50,62.3,-3.1,20,58.6,4
73550,13550,215,44,189,37.1,4.9,44,65.8,2
73551,13551,210,42,248,91.3,-37.7,44,100.0,1
73552,13552,26,5,37,68.8,17.2,19,100.0,2
73553,13553,63,12,67,54.0,33.1,16,81.8,5
73554,13554,91,17,127,64.9,26.4,0,56.8,2
73555,13555,48,11,69,18.9,-1.6,26,70.6,2
73556,13556,33,17,39,36.7,18.1,22,55.3,4
73557,13557,60,15,70,62.6,8.8,39,76.5,2
73558,13558,94,24,119,62.0,-0.8,54,53.4,5
73559,13559,33,17,27,56.3,-17.9,5,98.6,3
73560,13560,112,26,133,74.4,23.8,1,60.7,2
73561,13561,25,8,29,59.4,-43.6,38,88.8,2
73562,13562,7,4,6,79.3,6.1,1,61.9,4
73563,13563,47,9,59,66.9,31.0,0,67.9,2
73564,13564,27,12,36,77.7,8.2,33,78.1,0
73565,13565,28,14,25,63.7,-16.5,40,63.2,1
73566,13566,90,39,65,76.3,-20.3,43,100.0,2
73567,13567,68,15,76,73.2,-10.8,36,44.5,0
73568,13568,92,20,77,92.9,-8.8,10,47.8,3
73569,13569,13,7,9,100.0,5.9,38,82.9,2
73570,13570,11,3,11,72.8,-22.9,5,82.5,3
73571,13571,55,13,63,40.3,5.2,38,58.5,2
73572,13572,55,13,72,81.9,-17.4,47,89.0,2
73573,13573,109,26,108,47.8,10.3,0,59.3,2
73574,13574,54,17,47,78.8,36.5,5,100.0,2
73575,13575,47,15,45,61.7,10.1,0,96.8,1
73576,13576,41,8,45,67.5,-16.9,35,90.7,6
73577,13577,117,22,145,44.6,2.1,22,76.2,5
73578,13578,33,15,40,56.7,8.0,21,100.0,4
73579,13579,60,11,67,37.6,-38.8,52,71.9,7
73580,13580,18,9,16,47.2,-8.3,0,96.6,1
73581,13581,163,35,187,65.4,25.1,29,56.3,8
73582,13582,98,51,123,71.2,20.2,0,67.7,1
73583,13583,40,10,57,47.7,-36.7,18,68.5,1
73584,13584,56,15,39,56.8,9.4,0,99.1,3
73585,13585,148,27,173,94.5,13.7,19,80.5,2
73586,13586,61,17,73,61.8,-30.1,44,87.9,2
73587,13587,85,21,74,65.0,41.8,36,90.0,1
73588,13588,22,5,25,87.3,26.1,0,100.0,5
73589,13589,26,6,34,61.7,-8.5,35,74.5,1
73590,13590,32,8,44,65.2,4.4,29,80.4,1
73591,13591,111,24,136,57.4,28.6,10,86.7,3
73592,13592,31,7,46,52.8,18.8,29,60.1,5
73593,13593,42,14,57,85.9,11.7,8,95.8,1
73594,13594,24,12,24,91.7,21.4,6,87.6,2
73595,13595,61,12,85,77.1,29.3,20,88.4,3
73596,13596,11,7,10,55.5,-15.0,0,90.7,3
73597,13597,19,8,24,44.2,-8.9,39,66.9,2
73598,13598,70,19,58,42.7,-6.3,20,59.3,5
73599,13599,65,14,96,6.3,-60.1,0,49.5,2
73600,13600,33,14,40,74.6,-12.1,4,84.4,1
73601,13601,105,26,136,100.0,27.4,12,99.1,2
73602,13602,72,24,86,57.4,34.6,15,70.3,1
73603,13603,14,9,15,64.7,4.0,14,89.5,2
73604,13604,39,9,38,71.7,-12.7,10,97.9,3
73605,13605,8,2,7,54.8,22.7,26,81.6,2
73606,13606,28,16,37,81.0,-19.6,46,68.4,4
73607,13607,95,19,84,38.8,53.0,31,75.5,1
73608,13608,17,8,24,58.6,-11.9,5,80.2,3
73609,13609,203,43,265,11.7,-34.0,39,71.2,2
73610,13610,87,28,89,52.5,32.5,13,69.9,1
73611,13611,26,11,32,52.7,53.8,17,71.5,1
73612,13612,65,17,88,77.9,63.7,21,75.4,1
73613,13613,53,16,38,40.9,-14.0,22,77.0,3
73614,13614,224,44,205,75.1,32.9,27,73.0,2
73615,13615,57,14,84,44.0,33.4,27,67.7,1
73616,13616,33,7,34,22.8,52.5,2,100.0,3
73617,13617,13,8,16,94.5,-5.8,21,64.9,3
73618,13618,82,24,69,41.4,-16.5,31,80.5,2
73619,13619,36,13,36,37.1,2.3,24,100.0,2
73620,13620,45,21,60,73.1,8.0,22,72.3,2
73621,13621,151,28,162,45.8,-22.4,32,51.6,4
73622,13622,64,15,91,99.8,-8.2,21,68.1,3
73623,13623,60,22,43,60.4,33.7,10,65.7,2
73624,13624,87,27,99,67.4,18.3,27,100.0,4
73625,13625,68,19,91,84.8,4.7,0,41.2,1
73626,13626,11,7,11,59.9,-15.6,29,62.2,3
73627,13627,28,6,26,44.8,-16.6,41,92.7,4
73628,13628,166,35,149,28.8,-26.9,0,72.8,2
73629,13629,93,21,93,100.0,-10.0,0,66.4,2
73630,13630,30,10,39,88.9,-23.3,14,56.4,1
73631,13631,46,24,39,55.2,17.6,20,68.6,1
73632,13632,9,6,11,47.7,-11.5,2,83.6,6
73633,13633,58,18,42,62.9,-5.4,0,94.3,1
73634,13634,106,20,83,42.7,-24.5,29,94.7,3
73635,13635,67,20,58,49.4,-25.1,25,94.6,3
73636,13636,36,7,41,66.4,-11.3,11,71.2,4
73637,13637,190,49,250,59.8,24.9,29,99.4,5
73638,13638,36,9,29,53.6,-18.8,33,71.6,1
73639,13639,38,8,44,28.2,-11.8,22,74.9,2
73640,13640,13,5,17,52.5,24.6,31,82.8,6
73641,13641,7,2,10,79.7,34.2,0,88.6,4
73642,13642,19,10,17,34.9,-26.3,33,82.1,3
73643,13643,64,12,52,36.4,-7.1,11,55.4,4
73644,13644,38,7,45,64.8,67.3,19,86.1,5
73645,13645,83,22,82,42.4,1.6,0,80.9,1
73646,13646,135,26,162,55.5,1.1,38,100.0,5
73647,13647,34,7,30,67.2,-4.3,6,100.0,4
73648,13648,25,7,22,51.5,-1.5,6,93.0,3
73649,13649,36,9,47,56.2,-33.0,46,81.7,5
73650,13650,155,35,143,80.1,-21.4,30,69.8,1
73651,13651,88,31,129,57.5,24.4,2,62.9,1
73652,13652,22,8,28,66.8,13.1,45,57.1,0
73653,13653,154,32,224,52.2,-11.8,21,89.1,3
73654,13654,47,21,57,52.1,-5.2,16,100.0,2
73655,13655,17,7,23,54.9,-5.2,31,83.5,1
73656,13656,23,6,23,65.4,-50.6,32,87.9,3
73657,13657,53,17,79,68.2,-19.2,0,51.7,4
73658,13658,61,30,56,77.3,-28.7,0,42.9,0
73659,13659,65,12,50,38.3,36.5,11,56.2,4
73660,13660,75,22,105,37.3,8.1,31,88.1,0
73661,13661,115,21,132,43.4,-47.8,5,63.2,3
73662,13662,26,8,27,42.0,26.5,48,77.5,0
73663,13663,51,11,49,75.3,7.3,28,49.3,2
73664,13664,30,7,44,37.6,12.5,1,74.0,2
73665,13665,95,34,136,73.2,9.5,44,80.4,3
73666,13666,31,17,43,66.3,17.7,28,81.6,5
73667,13667,42,20,51,22.1,4.3,18,90.0,3
73668,13668,26,16,23,90.7,-47.2,34,100.0,1
73669,13669,70,17,97,37.5,10.2,21,88.3,2
73670,13670,30,17,43,77.2,6.5,22,65.7,2
73671,13671,11,4,11,67.6,37.5,33,44.2,5
73672,13672,27,14,33,80.3,22.6,26,84.6,4
73673,13673,42,11,29,34.3,-5.6,13,91.4,1
73674,13674,47,11,62,60.6,24.3,30,63.6,0
73675,13675,118,36,150,54.8,16.4,0,80.8,3
73676,13676,96,18,83,91.1,-2.7,27,67.7,2
73677,13677,26,10,23,49.7,4.4,40,73.6,3
73678,13678,180,33,195,76.3,23.6,32,84.8,2
73679,13679,84,22,103,54.6,-35.7,0,70.2,2
73680,13680,124,25,159,53.0,21.0,13,100.0,1
73681,13681,28,14,20,76.7,-4.9,0,56.8,6
73682,13682,54,10,39,89.7,-26.0,6,98.9,2
73683,13683,95,21,111,66.3,-13.8,9,85.5,2
73684,13684,23,6,20,84.5,27.0,10,61.6,5
73685,13685,27,18,28,32.5,22.1,14,88.0,1
73686,13686,21,14,15,88.9,-25.3,25,70.1,4
73687,13687,100,46,109,42.3,36.1,4,61.6,1
73688,13688,156,50,111,90.6,26.4,0,28.5,1
73689,13689,59,22,88,46.8,-1.6,7,90.6,1
73690,13690,59,12,49,61.8,-13.9,18,83.2,3
73691,13691,90,20,121,46.1,7.9,3,84.1,2
73692,13692,137,27,135,54.5,-13.5,17,80.2,1
73693,13693,60,20,54,47.6,-22.8,52,80.3,1
73694,13694,37,8,30,61.0,-36.7,0,100.0,2
73695,13695,58,12,81,57.7,-24.6,40,64.9,3
73696,13696,99,18,95,17.7,5.4,21,59.8,2
73697,13697,74,16,96,30.6,-2.8,24,79.8,2
73698,13698,54,11,43,68.3,-3.4,6,57.6,4
73699,13699,46,17,68,60.7,-13.8,20,99.3,1
73700,13700,13,3,15,33.3,-1.0,19,95.9,3
73701,13701,91,22,121,88.4,7.5,1,76.9,1
73702,13702,46,12,32,32.9,16.1,19,62.6,3
73703,13703,70,13,87,72.5,-35.5,18,87.7,6
73704,13704,41,13,58,24.7,0.5,23,63.8,3
73705,13705,204,41,228,62.9,-12.5,0,90.1,1
73706,13706,26,15,36,84.7,-1.2,46,85.6,1
73707,13707,28,9,31,100.0,-36.5,0,80.0,3
73708,13708,13,7,19,78.3,8.5,47,84.2,3
73709,13709,43,11,35,82.0,25.7,0,60.0,3
73710,13710,147,38,212,43.9,17.3,50,94.4,1
73711,13711,46,16,54,49.9,-1.1,12,77.9,2
73712,13712,200,39,283,71.5,24.1,36,81.5,1
73713,13713,77,36,62,28.3,21.7,22,74.1,0
73714,13714,74,22,106,100.0,-38.9,15,51.8,5
73715,13715,93,24,102,54.9,7.7,4,55.3,2
73716,13716,48,21,51,23.7,-34.0,32,47.8,1
73717,13717,67,14,77,89.1,65.8,29,100.0,3
73718,13718,66,20,92,46.6,34.4,12,92.6,2
73719,13719,50,14,68,91.3,-4.9,15,91.9,3
73720,13720,63,20,50,87.7,-9.8,68,100.0,2
73721,13721,27,7,19,47.6,9.9,16,84.5,1
73722,13722,81,17,90,53.2,3.9,35,88.6,2
73723,13723,187,66,279,76.8,14.2,6,67.5,3
73724,13724,33,12,36,42.6,-52.9,20,67.8,1
73725,13725,129,25,105,79.7,-3.7,22,62.7,5
73726,13726,143,26,150,100.0,4.2,0,91.4,1
73727,13727,55,23,55,67.6,0.1,39,56.1,1
73728,13728,19,8,28,26.3,19.4,3,87.4,4
73729,13729,21,10,31,62.5,16.5,0,73.6,3
73730,13730,24,9,18,57.8,-17.1,0,71.3,2
73731,13731,21,6,19,100.0,22.0,0,55.7,1
73732,13732,65,43,69,51.4,-7.0,39,100.0,3
73733,13733,34,14,39,47.3,-15.7,23,77.3,0
73734,13734,99,20,84,73.1,-17.4,26,61.8,3
73735,13735,26,13,30,57.6,-23.0,19,74.2,2
73736,13736,82,17,71,36.2,25.6,9,61.4,6
73737,13737,49,13,51,47.4,-13.7,9,76.8,1
73738,13738,33,13,37,72.3,37.4,8,59.2,3
73739,13739,57,17,84,92.5,-63.3,9,77.4,3
73740,13740,59,27,45,21.2,11.1,18,85.6,3
73741,13741,74,19,107,83.2,-0.1,24,82.3,2
73742,13742,77,42,62,64.3,43.7,12,61.5,2
73743,13743,32,8,25,40.9,8.0,0,74.2,2
73744,13744,68,20,64,52.4,29.3,0,73.3,3
73745,13745,6,4,7,73.2,7.4,16,65.1,3
73746,13746,89,17,92,52.6,26.8,39,77.7,3
73747,13747,53,33,59,9.4,-47.5,29,65.5,1
73748,13748,25,5,33,60.4,6.4,4,100.0,2
73749,13749,50,20,68,54.3,35.1,10,51.9,2
73750,13750,33,6,49,99.7,33.5,47,54.8,3
73751,13751,148,27,213,78.7,-6.4,0,95.0,1
73752,13752,63,26,54,56.5,-22.3,0,67.6,2
73753,13753,55,22,70,67.5,-29.2,17,89.0,0
73754,13754,93,19,121,61.7,-19.5,11,82.1,4
73755,13755,27,13,29,89.5,12.6,0,70.5,3
73756,13756,26,17,37,41.8,-4.2,6,85.0,3
73757,13757,52,13,68,98.7,14.3,10,100.0,3
73758,13758,31,12,32,59.8,-13.1,0,100.0,1
73759,13759,42,14,44,76.3,51.5,39,66.4,3
73760,13760,102,31,102,56.4,20.8,0,82.2,6
73761,13761,44,17,49,52.7,36.4,29,65.7,2
73762,13762,14,7,18,37.9,-9.4,13,94.5,1
73763,13763,48,11,46,68.6,-33.4,6,56.5,1
73764,13764,31,9,27,60.6,20.1,35,65.2,5
73765,13765,37,8,27,94.0,-14.3,27,58.7,2
73766,13766,77,15,103,100.0,18.8,32,72.9,3
73767,13767,29,12,29,57.3,15.2,39,53.0,4
73768,13768,147,29,192,35.2,1.0,22,80.5,4
73769,13769,64,12,51,59.9,2.1,0,72.6,3
73770,13770,30,11,34,59.7,31.6,21,71.0,2
73771,13771,84,17,86,86.2,-13.6,0,100.0,4
73772,13772,26,10,28,57.1,38.6,32,90.4,0
73773,13773,121,25,174,54.1,25.9,11,62.8,3
73774,13774,67,13,50,9.9,-7.5,15,86.6,0
73775,13775,70,13,73,60.6,-15.9,0,95.4,0
73776,13776,137,36,187,51.2,18.3,18,63.0,3
73777,13777,48,13,57,77.7,34.5,12,79.6,3
73778,13778,38,20,56,24.1,-19.9,4,60.7,4
73779,13779,95,26,123,73.6,-34.5,17,100.0,4
73780,13780,44,9,34,72.7,-3.6,21,83.9,0
73781,13781,18,12,18,53.2,-46.8,1,84.5,0
73782,13782,82,16,79,61.7,-4.7,17,76.1,3
73783,13783,27,7,29,83.6,26.3,14,90.7,2
73784,13784,106,26,127,62.2,19.2,23,52.7,5
73785,13785,102,23,92,68.1,-20.1,19,100.0,1
73786,13786,89,17,107,57.2,-9.9,38,89.3,2
73787,13787,73,17,67,36.4,-20.5,35,91.4,0
73788,13788,55,17,44,66.9,4.3,43,77.5,4
73789,13789,54,11,60,12.9,-29.7,22,53.9,2
73790,13790,106,20,116,62.9,-13.7,28,100.0,1
73791,13791,48,12,49,75.2,53.9,3,55.5,1
73792,13792,46,10,52,94.6,22.7,7,100.0,0
73793,13793,74,20,81,83.6,-15.9,1,97.8,2
73794,13794,35,18,41,100.0,45.1,0,100.0,1
73795,13795,43,11,63,44.9,1.8,27,67.6,1
73796,13796,19,5,24,76.6,-52.0,23,62.2,3
73797,13797,35,10,49,34.1,10.3,41,79.1,2
73798,13798,23,6,25,74.8,-2.3,17,100.0,0
73799,13799,31,11,39,64.4,2.0,5,100.0,6
73800,13800,66,14,50,57.7,15.7,13,79.6,3
73801,13801,45,18,61,59.3,-28.1,14,80.4,0
73802,13802,45,14,66,60.4,-50.5,29,100.0,2
73803,13803,235,54,348,66.7,50.6,0,86.2,5
73804,13804,116,31,98,86.1,-29.5,46,60.4,2
73805,13805,28,14,41,36.9,-4.2,3,99.4,2
73806,13806,84,24,95,36.6,-16.8,17,78.3,3
73807,13807,27,6,37,47.5,9.3,44,85.3,2
73808,13808,29,16,38,87.2,-35.0,3,87.6,2
73809,13809,69,14,98,49.6,-6.2,0,82.6,2
73810,13810,7,2,8,49.5,-38.8,4,80.7,2
73811,13811,90,25,87,68.6,-41.9,2,53.5,6
73812,13812,64,17,84,55.3,3.1,27,90.8,2
73813,13813,49,20,46,56.5,-9.1,10,40.7,4
73814,13814,36,12,33,87.5,5.7,46,79.6,4
73815,13815,54,13,45,64.4,-6.7,31,84.9,4
73816,13816,43,14,33,62.6,-12.5,0,100.0,2
73817,13817,137,26,184,29.5,-3.5,38,61.6,3
73818,13818,72,14,68,45.2,-21.5,0,81.6,2
73819,13819,71,32,72,50.2,4.0,23,91.8,1
73820,13820,30,13,40,49.1,-37.1,12,86.3,7
73821,13821,116,37,85,78.2,8.2,1,49.3,6
73822,13822,80,21,77,100.0,2.7,0,77.4,4
73823,13823,75,15,108,53.3,-5.8,0,57.6,1
73824,13824,24,12,21,85.1,46.2,0,100.0,2
73825,13825,42,9,32,100.0,18.5,43,82.3,1
73826,13826,14,7,21,36.4,9.2,18,66.9,3
73827,13827,26,7,32,82.5,-13.3,0,65.7,5
73828,13828,57,15,77,91.7,14.7,0,83.9,2
73829,13829,80,15,66,70.1,7.6,39,80.3,2
73830,13830,59,13,42,34.1,11.2,11,82.4,3
73831,13831,35,8,40,40.5,-19.9,30,100.0,3
73832,13832,42,26,52,8.2,-9.2,51,93.2,2
73833,13833,72,16,63,80.3,-9.2,36,99.0,4
73834,13834,97,23,69,56.0,-6.6,37,71.8,0
73835,13835,63,15,93,54.4,0.1,20,56.6,4
73836,13836,12,7,12,43.4,-29.8,19,84.1,1
73837,13837,138,45,176,69.7,-1.3,4,85.4,3
73838,13838,27,14,29,72.7,-40.8,22,100.0,1
73839,13839,62,12,56,47.1,38.9,16,100.0,3
73840,13840,30,10,44,56.7,-22.5,4,90.0,2
73841,13841,60,12,68,30.3,-13.8,0,83.6,3
73842,13842,61,22,59,69.3,-5.6,14,61.5,3
73843,13843,38,9,49,58.0,14.6,19,47.6,2
73844,13844,6,4,7,62.8,16.7,33,61.0,2
73845,13845,51,12,64,44.4,-19.1,42,100.0,5
73846,13846,43,10,59,49.4,-5.9,7,100.0,2
73847,13847,105,51,87,80.8,21.5,19,87.6,5
73848,13848,76,23,57,79.5,-13.3,2,89.3,1
73849,13849,106,25,113,83.7,-34.9,35,64.6,0
73850,13850,69,19,50,69.0,13.6,0,77.4,5
73851,13851,83,16,72,29.7,-11.2,0,47.8,2
73852,13852,26,11,22,93.6,-34.8,0,75.7,3
73853,13853,166,31,218,55.9,28.8,22,100.0,4
73854,13854,132,38,175,90.3,-39.8,0,74.9,2
73855,13855,88,16,71,70.5,24.3,29,68.3,2
73856,13856,10,3,9,64.5,-5.8,0,95.7,2
73857,13857,45,9,57,44.9,28.2,0,82.2,4
73858,13858,34,7,29,54.3,-21.2,28,65.4,4
73859,13859,22,6,22,53.1,-19.6,4,63.5,2
73860,13860,59,13,59,57.4,3.8,2,78.2,1
73861,13861,31,7,23,87.6,17.5,27,89.4,4
73862,13862,24,12,21,41.2,-5.2,30,91.2,0
73863,13863,53,12,46,69.2,-17.6,16,64.1,2
73864,13864,79,18,101,88.4,-30.8,27,96.1,1
73865,13865,16,5,15,61.5,-18.5,1,47.1,4
73866,13866,53,25,69,62.2,-36.9,12,61.2,2
73867,13867,99,30,110,52.8,22.8,0,95.0,2
73868,13868,76,17,58,37.5,18.5,22,93.0,3
73869,13869,85,17,74,54.0,-8.2,27,75.9,4
73870,13870,80,27,59,78.2,-17.3,17,46.5,4
73871,13871,48,17,71,77.4,-15.4,34,87.1,3
73872,13872,39,17,53,76.2,-50.2,13,90.2,2
73873,13873,15,5,14,64.1,-4.2,10,83.8,3
73874,13874,42,17,41,62.4,-9.7,3,100.0,3
73875,13875,46,16,58,36.8,22.6,0,74.4,1
73876,13876,59,16,63,75.9,-13.8,6,90.7,2
73877,13877,98,26,116,51.4,19.5,23,62.2,1
73878,13878,138,31,100,64.3,-36.3,0,83.9,3
73879,13879,71,13,102,71.7,59.0,0,100.0,1
73880,13880,46,25,42,65.6,-27.1,4,45.3,3
73881,13881,39,16,48,86.7,1.4,48,85.5,2
73882,13882,66,21,96,90.5,-38.6,13,45.8,3
73883,13883,113,21,139,98.6,22.0,35,91.1,0
73884,13884,32,12,42,80.3,-5.8,20,70.6,2
73885,13885,205,41,302,68.8,2.5,6,55.2,1
73886,13886,59,19,73,58.7,34.8,26,91.3,2
73887,13887,96,18,106,79.1,-7.2,32,94.4,1
73888,13888,18,11,20,80.3,-12.7,4,59.6,2
73889,13889,22,9,16,80.8,-34.0,0,96.5,2
73890,13890,38,23,29,73.2,-6.7,11,52.5,2
73891,13891,68,15,78,59.6,-50.7,14,91.9,1
73892,13892,86,21,97,70.0,-12.8,27,99.3,3
73893,13893,75,31,83,65.9,28.4,22,64.3,2
73894,13894,33,19,27,42.7,33.6,52,85.9,1
73895,13895,103,22,149,63.8,10.4,45,70.8,1
73896,13896,104,23,148,26.1,-40.2,64,100.0,2
73897,13897,57,11,53,48.6,2.7,36,54.2,0
73898,13898,28,13,29,72.6,8.2,0,74.0,2
73899,13899,34,9,34,36.2,1.0,13,56.0,2
73900,13900,103,20,91,87.2,-16.7,74,87.3,5
73901,13901,46,20,44,83.8,-27.5,33,100.0,2
73902,13902,83,21,124,50.2,-24.0,7,66.0,2
73903,13903,236,60,273,54.4,-20.3,42,89.2,5
73904,13904,8,5,11,66.8,-19.1,0,89.8,3
73905,13905,97,21,125,74.0,6.7,17,96.0,3
73906,13906,19,4,27,53.6,0.3,32,37.2,4
73907,13907,48,21,48,90.6,46.5,18,80.2,3
73908,13908,50,30,61,45.8,-3.8,13,83.5,3
73909,13909,61,14,61,39.2,21.3,21,93.3,2
73910,13910,22,11,30,32.9,1.6,29,77.4,4
73911,13911,60,14,79,33.9,-5.4,35,88.3,0
73912,13912,36,17,48,72.9,-3.9,35,78.4,1
73913,13913,79,16,68,97.4,45.1,16,82.6,0
73914,13914,158,40,219,57.6,-32.8,50,87.0,7
73915,13915,160,42,240,100.0,8.5,37,94.1,2
73916,13916,127,35,173,56.0,-22.9,10,81.7,3
73917,13917,32,19,35,49.6,-8.3,26,58.4,2
73918,13918,73,15,69,70.2,-5.0,4,60.4,1
73919,13919,76,23,61,54.5,19.2,25,28.0,3
73920,13920,51,17,52,81.3,-42.3,56,79.3,2
73921,13921,52,13,48,50.7,-6.4,9,78.9,4
73922,13922,45,13,47,85.4,-29.1,0,75.7,2
73923,13923,64,24,48,70.1,30.9,39,100.0,3
73924,13924,13,6,12,81.6,-37.7,32,74.9,3
73925,13925,36,19,53,65.8,-49.2,15,72.6,5
73926,13926,44,18,35,52.6,6.3,6,91.8,4
73927,13927,115,23,87,53.5,0.0,25,90.8,2
73928,13928,81,42,101,86.7,-9.0,2,69.9,0
73929,13929,62,13,84,47.3,3.4,33,100.0,6
73930,13930,50,10,39,47.7,1.6,37,70.6,1
73931,13931,125,26,183,84.6,-0.1,16,75.7,3
73932,13932,79,16,58,44.5,8.3,3,100.0,2
73933,13933,31,13,43,52.7,-1.1,56,70.3,0
73934,13934,55,10,75,54.7,10.5,4,72.6,2
73935,13935,44,12,54,67.4,-0.6,10,64.5,3
73936,13936,52,11,63,38.6,4.4,45,97.2,0
73937,13937,72,21,96,79.3,-17.7,38,85.8,1
73938,13938,41,18,31,66.0,7.3,13,70.3,3
73939,13939,88,18,88,82.1,-3.9,20,94.7,1
73940,13940,62,18,48,56.2,-26.1,15,72.2,1
73941,13941,146,27,120,68.2,-20.3,44,88.1,0
73942,13942,47,10,64,55.6,-6.4,18,95.2,2
73943,13943,59,13,74,82.0,3.9,7,99.5,2
73944,13944,44,10,44,53.8,-3.4,25,83.1,2
73945,13945,75,19,77,84.4,-33.3,4,93.7,4
73946,13946,71,14,88,44.6,-42.7,45,100.0,3
73947,13947,32,8,39,68.6,-22.9,16,98.4,1
73948,13948,88,16,96,50.8,-18.4,17,48.4,2
73949,13949,11,3,14,43.5,24.6,26,80.3,4
73950,13950,22,12,19,72.8,-11.6,38,100.0,3
73951,13951,72,16,68,30.6,11.2,20,100.0,3
73952,13952,23,14,17,61.5,4.8,36,82.6,3
73953,13953,33,11,38,60.0,30.8,59,48.9,2
73954,13954,30,9,39,45.4,-0.6,36,100.0,2
73955,13955,71,14,80,62.3,15.5,31,45.1,3
73956,13956,45,12,45,14.9,-11.2,14,63.2,4
73957,13957,47,9,40,47.5,27.4,42,63.3,1
73958,13958,37,15,42,78.7,-7.6,0,61.9,4
73959,13959,42,16,34,83.9,-15.7,13,94.0,1
73960,13960,27,9,31,23.6,5.5,7,55.6,6
73961,13961,22,5,19,58.2,6.5,30,86.7,5
73962,13962,131,31,102,84.6,-0.6,6,100.0,3
73963,13963,28,12,41,36.5,-17.5,0,69.5,1
73964,13964,31,10,23,97.3,-9.4,30,82.9,1
73965,13965,35,12,49,57.6,-22.1,6,74.5,0
73966,13966,41,9,60,62.8,29.5,7,40.3,4
73967,13967,39,13,49,88.1,22.4,8,96.2,3
73968,13968,18,4,27,49.4,3.3,65,54.4,5
73969,13969,41,11,54,61.8,0.4,13,70.8,3
73970,13970,116,22,98,68.9,-27.9,0,56.8,3
73971,13971,243,45,279,67.8,2.3,58,79.5,2
73972,13972,40,10,51,56.6,-22.5,44,89.0,2
73973,13973,98,19,115,47.6,10.0,14,61.5,6
73974,13974,83,19,86,50.3,18.7,9,100.0,1
73975,13975,46,11,44,58.7,12.4,0,68.4,1
73976,13976,74,22,106,40.3,-23.0,13,96.9,3
73977,13977,90,24,124,48.2,-47.9,10,71.5,3
73978,13978,37,12,51,70.8,-13.5,3,54.5,2
73979,13979,22,10,22,31.1,-13.3,6,90.9,2
73980,13980,130,25,136,52.9,-19.9,10,58.3,1
73981,13981,26,11,38,50.8,14.1,24,83.1,0
73982,13982,99,27,138,59.4,-6.6,23,68.4,2
73983,13983,71,16,88,48.4,3.0,46,63.3,2
73984,13984,43,9,41,58.4,6.6,28,100.0,4
73985,13985,38,13,38,45.1,22.6,0,79.9,2
73986,13986,29,7,37,54.7,5.6,33,89.3,2
73987,13987,46,14,34,47.3,4.3,15,68.6,3
73988,13988,34,7,49,70.8,-15.4,31,89.8,4
73989,13989,70,17,67,85.8,-16.4,30,100.0,4
73990,13990,15,9,14,93.2,17.3,8,56.0,5
73991,13991,106,27,74,30.6,15.6,0,76.3,3
73992,13992,56,13,69,73.4,6.7,25,84.1,3
73993,13993,123,24,137,60.0,29.7,25,80.1,2
73994,13994,9,5,10,64.5,-29.6,21,45.3,7
73995,13995,62,16,64,89.6,18.9,0,72.1,3
73996,13996,35,10,33,45.8,-4.1,52,70.0,1
73997,13997,93,23,97,72.6,-17.3,59,72.8,3
73998,13998,50,11,35,34.9,-20.8,40,34.6,7
73999,13999,39,19,37,70.3,-21.4,37,86.0,1
74000,14000,62,17,89,97.2,-22.3,40,100.0,8
74001,14001,79,22,107,83.4,1.5,11,64.6,1
74002,14002,43,12,52,48.8,42.0,15,55.0,3
74003,14003,57,18,78,57.1,-2.4,41,79.6,5
74004,14004,15,3,17,54.9,-14.9,2,94.8,0
74005,14005,7,4,5,49.6,9.8,28,76.6,0
74006,14006,27,9,29,17.8,25.8,46,99.0,5
74007,14007,19,5,27,40.2,-23.4,10,84.2,2
74008,14008,82,16,62,43.4,-9.9,3,100.0,2
74009,14009,28,7,36,68.9,-18.0,0,60.4,2
74010,14010,38,19,48,51.7,6.2,25,48.6,3
74011,14011,25,6,24,69.2,-10.1,8,60.1,3
74012,14012,34,12,47,80.8,14.4,20,37.3,5
74013,14013,46,12,57,86.8,10.6,0,77.7,2
74014,14014,61,16,53,46.6,2.3,0,66.5,3
74015,14015,48,22,58,84.5,14.1,1,76.1,3
74016,14016,124,26,169,26.3,23.7,9,80.0,2
74017,14017,77,21,108,46.3,4.9,24,92.2,2
74018,14018,40,13,58,100.0,33.9,5,66.9,1
74019,14019,30,13,22,68.1,-5.7,0,65.5,1
74020,14020,57,11,47,68.9,-1.1,19,98.0,3
74021,14021,72,29,60,80.6,4.7,0,84.4,2
74022,14022,68,13,61,77.1,-19.1,40,100.0,1
74023,14023,40,11,50,50.0,43.6,27,73.2,4
74024,14024,67,19,69,72.6,29.1,12,76.8,4
74025,14025,61,18,49,66.4,14.8,52,39.4,3
74026,14026,75,15,111,33.2,0.2,45,51.9,3
74027,14027,114,24,89,79.5,-29.4,13,72.6,3
74028,14028,46,11,65,28.5,-22.9,21,77.3,5
74029,14029,65,18,63,26.9,-26.3,0,81.4,5
74030,14030,70,17,56,56.5,-12.2,19,84.9,3
74031,14031,20,8,15,53.2,-19.6,5,61.7,4
74032,14032,63,18,68,100.0,28.4,0,65.2,2
74033,14033,14,7,14,34.8,-6.3,6,69.5,2
74034,14034,30,15,33,54.5,4.2,15,94.7,6
74035,14035,39,9,48,76.1,-12.0,28,75.7,2
74036,14036,253,48,232,41.5,-27.6,36,70.5,3
74037,14037,80,17,56,48.4,-12.1,16,43.7,2
74038,14038,100,19,113,78.2,-12.3,30,54.3,0
74039,14039,21,9,16,87.8,-52.0,36,100.0,2
74040,14040,64,25,87,99.0,-18.6,24,100.0,5
74041,14041,67,21,90,36.4,-13.7,9,89.9,5
74042,14042,39,13,31,40.5,18.7,8,70.6,4
74043,14043,24,9,35,26.3,-7.6,0,67.2,2
74044,14044,40,15,41,84.7,-10.9,0,70.4,3
74045,14045,119,23,137,82.9,17.8,13,94.1,3
74046,14046,13,6,17,44.0,-37.5,10,93.8,3
74047,14047,35,7,30,79.4,-29.0,1,97.4,3
74048,14048,32,9,23,84.4,-11.8,10,94.0,1
74049,14049,135,26,174,61.8,4.5,24,79.5,2
74050,14050,14,9,19,85.2,-20.2,12,73.3,2
74051,14051,119,50,146,74.1,-37.8,0,90.0,2
74052,14052,35,10,42,52.9,26.0,24,47.8,6
74053,14053,83,40,118,57.0,12.1,22,85.7,2
74054,14054,52,22,73,33.4,6.6,13,89.7,1
74055,14055,126,37,98,92.1,-40.1,29,83.7,2
74056,14056,114,25,98,51.3,15.0,0,54.1,1
74057,14057,121,26,147,83.3,-10.7,7,68.6,1
74058,14058,67,17,51,76.8,-12.7,0,65.8,0
74059,14059,46,9,52,46.2,26.5,4,100.0,2
74060,14060,96,24,78,63.8,1.0,36,52.4,3
74061,14061,30,19,44,31.9,-0.8,7,43.3,2
74062,14062,46,13,47,73.7,20.5,20,84.9,5
74063,14063,54,10,48,42.3,-3.3,0,88.0,1
74064,14064,62,15,81,58.6,-27.8,0,91.6,0
74065,14065,85,20,73,56.6,-23.5,0,82.7,0
74066,14066,20,10,28,33.9,-31.5,20,35.5,0
74067,14067,29,10,39,42.2,16.3,17,100.0,4
74068,14068,83,17,75,89.0,0.9,2,72.8,1
74069,14069,72,37,70,94.6,-61.8,15,95.0,1
74070,14070,58,12,42,37.8,-11.1,8,63.1,2
74071,14071,53,14,50,57.2,-19.8,0,76.4,2
74072,14072,31,10,26,58.4,8.6,3,76.1,3
74073,14073,178,34,130,55.1,39.3,0,91.5,5
74074,14074,18,11,26,76.5,-3.4,18,70.6,2
74075,14075,115,22,167,85.4,32.6,5,79.7,3
74076,14076,90,18,108,51.5,12.0,0,90.3,4
74077,14077,114,21,122,73.4,-3.4,18,60.3,4
74078,14078,48,15,52,52.9,21.6,62,90.0,1
74079,14079,60,18,72,86.1,-14.6,22,92.8,1
74080,14080,48,11,43,74.8,34.6,28,90.3,3
74081,14081,27,14,34,46.9,-4.1,0,64.3,6
74082,14082,45,18,32,62.5,23.3,0,100.0,4
74083,14083,88,27,108,45.5,23.9,15,97.5,3
74084,14084,74,17,83,83.7,-47.9,3,52.5,4
74085,14085,28,8,35,47.1,-23.8,17,90.9,3
74086,14086,10,4,12,67.1,10.4,31,100.0,4
74087,14087,80,30,72,44.6,29.2,16,79.5,4
74088,14088,49,11,55,71.3,15.9,51,67.0,1
74089,14089,80,17,98,52.4,-19.5,0,58.2,0
74090,14090,26,8,19,40.8,-29.2,14,63.5,6
74091,14091,107,47,158,58.9,-2.4,13,58.1,4
74092,14092,23,6,23,72.1,3.6,21,97.4,2
74093,14093,47,15,43,39.7,30.7,20,65.5,4
74094,14094,199,49,253,43.0,-18.4,0,100.0,1
74095,14095,106,22,141,72.3,0.6,0,74.6,2
74096,14096,58,16,60,66.8,-30.9,2,50.3,2
74097,14097,56,11,66,94.9,-0.4,0,66.9,2
74098,14098,21,7,19,25.8,0.2,27,70.6,7
74099,14099,55,16,69,65.6,9.4,14,77.1,4
74100,14100,72,19,79,89.3,-33.6,7,84.7,4
74101,14101,22,5,18,87.1,16.7,52,84.2,2
74102,14102,43,12,58,79.7,-12.8,12,64.8,3
74103,14103,71,15,101,56.1,6.7,0,73.9,1
74104,14104,116,27,113,72.7,44.8,46,54.3,1
74105,14105,35,12,35,58.1,9.4,1,63.5,6
74106,14106,32,8,42,22.9,-19.0,48,96.4,3
74107,14107,64,23,89,48.7,-3.6,0,69.0,5
74108,14108,70,16,78,73.1,-15.8,16,92.1,0
74109,14109,62,15,86,77.3,21.0,16,66.7,5
74110,14110,49,22,35,70.5,-26.9,1,59.3,1
74111,14111,86,20,72,41.8,25.7,26,82.3,3
74112,14112,18,9,25,64.9,17.3,32,73.0,3
74113,14113,19,10,24,72.1,-15.2,9,90.6,4
74114,14114,53,13,64,32.9,15.7,33,100.0,2
74115,14115,51,18,62,85.8,-27.2,5,93.4,3
74116,14116,26,12,21,76.1,13.8,42,73.6,4
74117,14117,49,9,68,60.9,-18.8,0,84.3,1
74118,14118,30,6,23,56.2,58.0,0,72.4,2
74119,14119,20,9,17,35.1,-14.3,18,75.2,2
74120,14120,116,22,150,73.1,23.3,11,41.8,3
74121,14121,63,16,56,49.1,-2.3,0,76.1,2
74122,14122,39,11,52,54.9,-8.2,0,41.5,4
74123,14123,67,23,86,60.7,-4.0,3,80.8,3
74124,14124,125,45,162,5.0,26.3,16,82.5,3
74125,14125,46,24,48,72.9,-12.5,8,89.3,2
74126,14126,24,11,28,100.0,16.0,16,64.0,7
74127,14127,33,13,35,73.8,-18.1,2,50.0,2
74128,14128,40,9,52,54.8,-19.6,24,89.3,5
74129,14129,75,14,60,87.5,7.0,25,74.9,5
74130,14130,44,13,47,41.6,36.7,19,77.5,4
74131,14131,30,10,40,49.9,-18.9,0,62.9,0
74132,14132,25,5,22,68.6,32.3,28,100.0,1
74133,14133,55,13,58,13.3,-28.2,10,100.0,2
74134,14134,40,16,37,81.1,-58.1,16,64.5,1
74135,14135,77,21,81,56.7,-41.0,14,85.5,0
74136,14136,30,6,22,80.8,-0.8,47,65.5,1
74137,14137,108,26,117,68.2,9.3,0,67.6,1
74138,14138,30,10,31,72.9,42.8,14,56.4,5
74139,14139,61,19,88,87.3,-17.5,18,55.3,4
74140,14140,20,4,18,68.4,5.7,27,100.0,3
74141,14141,78,18,71,71.3,-5.7,30,67.8,0
74142,14142,28,8,23,44.1,-21.2,0,64.0,4
74143,14143,8,2,7,71.9,-32.9,27,83.7,3
74144,14144,72,17,105,49.4,18.0,45,60.1,2
74145,14145,83,22,100,70.4,7.7,0,43.2,2
74146,14146,136,34,97,48.7,-13.0,5,71.7,5
74147,14147,20,7,15,67.0,12.9,20,100.0,0
74148,14148,104,36,75,55.4,25.8,0,75.1,2
74149,14149,17,6,15,57.5,20.2,3,78.4,1
74150,14150,26,16,19,38.3,-38.5,24,56.0,3
74151,14151,67,14,50,70.0,21.1,14,64.0,3
74152,14152,21,10,22,74.3,-12.8,63,54.5,4
74153,14153,38,20,27,69.9,34.9,0,79.6,4
74154,14154,48,15,34,80.3,-8.9,6,86.5,3
74155,14155,41,12,49,31.1,6.4,46,77.4,3
74156,14156,56,22,70,38.1,3.2,38,62.4,6
74157,14157,53,10,78,58.2,-0.3,23,85.9,0
74158,14158,67,31,73,39.4,20.2,0,98.0,2
74159,14159,194,51,224,66.3,39.8,32,81.4,2
74160,14160,39,10,46,68.4,20.8,61,71.0,3
74161,14161,29,7,38,39.4,-1.4,42,54.7,2
74162,14162,79,17,82,75.3,18.8,14,100.0,1
74163,14163,144,29,214,76.9,55.3,28,69.4,2
74164,14164,107,40,118,58.8,-19.1,3,94.6,1
74165,14165,103,19,83,59.1,20.6,25,61.4,4
74166,14166,19,6,25,67.3,21.1,27,65.6,2
74167,14167,97,21,108,95.6,-29.5,0,58.3,3
74168,14168,17,10,21,76.0,20.3,35,90.7,2
74169,14169,40,9,44,60.4,48.1,23,84.8,3
74170,14170,43,9,52,60.9,39.0,5,83.7,2
74171,14171,10,5,11,67.5,-16.9,0,89.4,5
74172,14172,54,20,55,59.9,-0.6,17,79.1,2
74173,14173,30,9,26,69.1,-7.5,6,76.2,2
74174,14174,68,15,66,78.4,16.2,0,86.4,5
74175,14175,83,23,61,100.0,31.0,32,85.2,2
74176,14176,113,28,124,50.6,31.3,26,66.1,4
74177,14177,54,18,56,62.2,-13.2,51,48.8,1
74178,14178,189,38,150,96.3,-4.2,19,54.4,1
74179,14179,36,12,41,21.1,-1.1,8,97.3,3
74180,14180,34,10,48,67.9,1.6,0,51.7,3
74181,14181,75,23,83,46.6,16.4,21,100.0,1
74182,14182,97,21,72,85.3,-21.9,47,98.7,1
74183,14183,77,16,80,68.4,18.4,46,100.0,1
74184,14184,41,8,59,71.2,-12.6,3,49.8,3
74185,14185,12,5,18,100.0,1.7,43,64.6,4
74186,14186,51,10,70,48.9,26.1,26,96.1,3
74187,14187,32,12,33,61.9,52.3,6,93.4,1
74188,14188,85,17,85,75.8,36.3,43,67.5,3
74189,14189,99,20,92,49.2,-0.8,22,70.1,1
74190,14190,53,16,43,73.2,0.7,18,100.0,5
74191,14191,103,22,146,47.7,-29.9,21,73.4,4
74192,14192,72,16,90,54.1,-12.4,14,64.1,2
74193,14193,13,8,18,75.1,11.4,7,87.7,3
74194,14194,29,18,23,58.5,29.6,19,82.4,4
74195,14195,17,9,14,63.7,-63.5,22,100.0,2
74196,14196,32,6,23,86.1,-15.5,14,87.0,2
74197,14197,26,6,27,70.8,-8.9,15,57.1,1
74198,14198,16,5,17,66.6,9.7,50,72.2,0
74199,14199,43,18,59,75.8,34.9,40,75.0,2
74200,14200,185,35,134,66.3,-36.8,39,95.2,2
74201,14201,99,40,110,5.0,-5.6,14,78.9,2
74202,14202,37,10,48,33.5,-28.1,32,92.3,2
74203,14203,25,10,30,68.7,-14.1,39,62.3,2
74204,14204,31,7,46,69.4,41.5,15,100.0,2
74205,14205,13,6,18,95.1,4.7,34,87.7,3
74206,14206,58,15,49,55.7,-19.4,41,98.4,1
74207,14207,90,22,91,20.5,-10.6,26,96.7,3
74208,14208,177,33,230,64.2,-19.0,16,98.3,3
74209,14209,43,11,45,97.2,-0.0,18,92.9,3
74210,14210,45,13,47,48.4,-14.9,38,86.8,5
74211,14211,49,16,43,47.6,32.3,42,81.2,0
74212,14212,13,7,11,51.9,-8.8,55,92.3,1
74213,14213,53,12,65,70.9,3.6,0,61.2,1
74214,14214,30,12,45,56.1,2.8,17,60.1,3
74215,14215,55,20,79,30.7,-8.6,7,47.0,3
74216,14216,48,31,67,81.2,-15.6,26,64.3,1
74217,14217,25,6,37,83.6,11.5,5,100.0,2
74218,14218,68,15,57,68.9,3.4,21,64.7,1
74219,14219,32,17,33,37.3,12.4,0,100.0,0
74220,14220,12,6,10,54.4,-70.0,0,72.5,5
74221,14221,34,7,37,79.0,-36.3,10,62.2,3
74222,14222,31,7,24,44.6,-15.4,15,62.7,3
74223,14223,52,26,65,46.7,-21.2,29,41.5,0
74224,14224,112,35,118,41.3,-23.3,22,100.0,2
74225,14225,36,13,50,65.9,-16.1,9,85.0,2
74226,14226,17,8,15,76.8,-52.8,13,100.0,4
74227,14227,36,11,37,65.9,4.7,0,44.7,3
74228,14228,29,6,20,56.8,-18.8,41,72.8,6
74229,14229,100,21,107,59.6,-9.4,47,99.9,3
74230,14230,46,12,35,31.1,2.8,21,80.0,2
74231,14231,75,20,108,87.4,27.8,33,91.5,3
74232,14232,119,29,174,75.2,-16.7,4,64.5,0
74233,14233,92,17,105,55.6,14.2,4,97.2,2
74234,14234,115,24,121,44.9,-7.0,0,70.5,1
74235,14235,16,7,17,47.1,-24.4,2,82.6,0
74236,14236,17,5,17,55.9,7.1,4,84.7,3
74237,14237,27,6,28,86.6,5.8,13,72.8,0
74238,14238,39,8,43,35.0,-0.1,34,77.6,1
74239,14239,11,6,16,49.3,-4.1,7,90.9,1
74240,14240,94,22,96,44.4,-13.6,10,49.3,4
74241,14241,27,13,35,70.2,2.3,6,90.0,2
74242,14242,15,8,19,58.8,-1.3,30,42.3,1
74243,14243,107,22,157,53.3,-4.4,10,59.0,2
74244,14244,33,7,24,68.7,-0.4,52,44.5,2
74245,14245,94,21,72,31.8,-42.9,32,79.7,0
74246,14246,67,42,78,51.9,15.6,13,68.0,2
74247,14247,20,8,22,59.6,-14.8,31,83.2,4
74248,14248,39,12,47,20.5,9.4,34,85.7,3
74249,14249,35,7,39,77.7,-15.9,17,62.8,2
74250,14250,101,28,133,69.1,30.6,7,84.5,0
74251,14251,45,13,64,58.0,-0.2,26,68.3,1
74252,14252,18,12,20,48.0,5.1,23,100.0,0
74253,14253,10,2,8,97.8,-28.3,17,80.9,3
74254,14254,58,15,46,81.6,-27.4,11,60.0,3
74255,14255,78,26,69,33.3,18.1,0,54.1,2
74256,14256,49,23,68,41.2,11.6,56,59.3,0
74257,14257,92,29,107,19.3,15.8,11,63.1,1
74258,14258,15,6,15,52.0,1.5,59,94.5,1
74259,14259,116,35,115,42.6,-40.3,36,49.5,5
74260,14260,52,19,39,69.6,-3.2,0,82.1,2
74261,14261,22,13,20,78.3,17.5,11,61.5,6
74262,14262,181,33,179,42.1,21.5,1,100.0,2
74263,14263,56,17,43,64.2,-12.8,0,91.4,1
74264,14264,90,19,93,49.9,-23.1,22,66.2,0
74265,14265,20,10,20,88.8,-30.4,40,78.2,1
74266,14266,75,19,110,54.2,-14.4,41,87.6,2
74267,14267,32,9,35,75.4,-1.0,23,56.9,3
74268,14268,80,15,98,60.1,20.2,41,66.9,5
74269,14269,85,18,119,77.5,0.2,4,83.7,3
74270,14270,199,63,280,51.7,21.9,26,98.1,2
74271,14271,80,17,96,58.0,-45.6,2,64.8,2
74272,14272,81,26,90,52.7,-7.1,26,74.1,2
74273,14273,104,23,99,64.3,-39.7,45,63.4,0
74274,14274,40,15,42,78.0,-2.5,9,90.2,2
74275,14275,75,25,57,66.2,-25.9,9,74.7,4
74276,14276,102,26,85,61.9,5.2,9,73.2,2
74277,14277,48,13,48,39.0,-10.3,0,86.1,1
74278,14278,12,4,9,47.9,10.0,33,92.2,3
74279,14279,53,10,67,49.9,-35.7,0,56.3,0
74280,14280,169,48,198,78.7,-0.7,8,45.6,2
74281,14281,48,11,66,63.4,-7.8,0,77.4,2
74282,14282,114,36,95,53.1,11.9,3,98.5,0
74283,14283,26,6,38,57.5,2.6,16,56.3,3
74284,14284,56,12,80,58.8,-26.8,31,60.7,1
74285,14285,77,21,87,44.5,-21.5,16,64.0,5
74286,14286,26,16,26,57.6,5.1,29,91.1,3
74287,14287,106,30,148,60.1,9.5,7,88.9,0
74288,14288,71,14,103,43.7,-26.2,0,83.9,1
74289,14289,11,6,9,63.9,13.1,32,100.0,4
74290,14290,157,41,183,40.6,-15.6,1,69.7,2
74291,14291,36,22,40,41.7,1.4,33,68.8,3
74292,14292,28,8,32,77.8,18.6,18,67.5,1
74293,14293,81,19,61,46.2,9.8,34,100.0,2
74294,14294,42,14,42,76.2,-10.8,25,55.7,0
74295,14295,33,17,27,55.0,-50.3,8,45.3,5
74296,14296,122,23,171,74.9,-15.7,23,71.5,3
74297,14297,47,9,50,36.3,-13.5,5,100.0,1
74298,14298,98,21,134,75.6,18.6,45,74.6,2
74299,14299,21,9,18,44.2,-4.5,13,50.9,0
74300,14300,115,25,160,30.8,-9.4,6,80.2,1
74301,14301,43,15,35,46.0,3.5,34,84.8,5
74302,14302,35,9,29,59.7,4.0,12,100.0,1
74303,14303,79,24,118,39.1,-2.3,0,100.0,4
74304,14304,18,7,13,64.8,29.0,25,79.8,4
74305,14305,95,23,69,51.3,-16.4,17,89.1,6
74306,14306,92,21,72,57.1,-10.3,6,81.7,2
74307,14307,51,14,43,55.0,-4.6,47,39.2,2
74308,14308,26,12,20,39.6,-19.5,25,94.4,5
74309,14309,115,33,168,100.0,12.0,10,57.3,3
74310,14310,101,22,95,79.1,5.3,23,73.7,2
74311,14311,64,13,94,39.7,20.6,12,51.7,3
74312,14312,100,62,140,69.6,-7.4,25,93.0,4
74313,14313,43,19,56,89.8,10.6,8,64.1,2
74314,14314,251,48,181,35.8,15.9,18,63.1,4
74315,14315,74,16,95,100.0,-12.2,22,67.9,3
74316,14316,13,3,13,45.9,2.9,4,76.0,2
74317,14317,64,31,90,39.2,30.1,15,75.7,2
74318,14318,17,11,19,85.3,-1.7,60,59.9,5
74319,14319,58,15,51,56.2,-3.7,44,99.7,3
74320,14320,74,15,88,28.2,21.7,30,77.8,4
74321,14321,18,10,20,79.1,23.4,35,76.5,2
74322,14322,71,40,89,59.9,4.6,35,100.0,2
74323,14323,44,8,40,58.2,52.2,33,96.1,4
74324,14324,54,22,81,68.6,-16.2,1,80.4,2
74325,14325,54,13,67,65.3,8.7,15,61.9,1
74326,14326,26,7,26,53.6,10.5,47,69.9,4
74327,14327,35,11,41,61.5,24.3,13,48.4,1
74328,14328,221,47,227,52.4,-5.8,17,76.7,0
74329,14329,39,16,54,38.8,0.1,20,88.3,0
74330,14330,55,21,80,70.7,6.6,36,80.2,0
74331,14331,26,10,37,55.4,4.7,45,74.4,2
74332,14332,26,7,27,55.7,8.6,22,66.6,5
74333,14333,49,12,43,85.8,16.6,0,73.9,2
74334,14334,32,17,38,52.4,-2.1,29,100.0,1
74335,14335,15,7,17,92.9,-35.7,18,82.6,3
74336,14336,20,10,15,62.2,-16.1,17,73.8,3
74337,14337,74,18,102,69.8,-16.5,30,86.9,5
74338,14338,56,14,41,17.6,8.2,16,66.5,2
74339,14339,34,7,25,88.8,-19.3,34,90.0,2
74340,14340,74,28,95,61.8,3.0,42,39.7,2
74341,14341,49,11,71,100.0,0.5,47,92.8,2
74342,14342,61,23,77,23.5,-35.0,15,50.7,4
74343,14343,59,13,78,86.4,-70.0,25,89.2,4
74344,14344,39,10,56,89.7,1.6,37,85.8,2
74345,14345,44,14,42,73.7,27.3,29,58.8,1
74346,14346,28,7,33,65.7,-21.3,12,69.2,3
74347,14347,195,40,192,63.3,1.5,10,47.2,3
74348,14348,29,12,39,51.3,15.3,2,51.5,2
74349,14349,87,22,116,69.8,8.9,0,80.9,1
74350,14350,55,10,60,59.7,24.9,20,74.2,2
74351,14351,136,29,179,44.6,-1.5,0,74.8,1
74352,14352,67,25,68,46.6,23.1,0,85.8,2
74353,14353,60,13,75,38.3,12.8,56,47.7,6
74354,14354,153,44,145,33.7,10.5,30,48.6,4
74355,14355,74,16,59,79.5,-0.7,3,65.1,1
74356,14356,15,8,20,35.7,0.1,25,98.1,1
74357,14357,25,5,18,32.5,27.4,2,48.7,2
74358,14358,82,15,89,29.3,3.0,18,78.3,0
74359,14359,20,6,29,35.8,-18.7,28,96.1,4
74360,14360,46,13,32,64.9,-8.6,20,78.6,5
74361,14361,22,10,32,62.4,-10.6,3,47.9,3
74362,14362,72,17,56,62.1,-37.3,17,85.2,0
74363,14363,58,32,67,100.0,9.5,20,100.0,0
74364,14364,41,11,43,81.6,24.7,1,58.7,1
74365,14365,29,9,25,59.8,-13.2,12,93.4,2
74366,14366,25,11,32,54.2,-15.9,8,94.4,3
74367,14367,34,7,32,55.5,14.1,17,75.6,6
74368,14368,50,11,65,24.4,24.6,17,100.0,1
74369,14369,5,2,5,40.9,10.2,0,73.2,5
74370,14370,40,13,29,67.4,-25.5,8,82.2,1
74371,14371,30,12,31,55.8,2.7,0,42.4,1
74372,14372,21,9,26,43.8,17.3,33,95.5,0
74373,14373,48,20,38,86.1,4.8,17,100.0,1
74374,14374,26,13,35,23.7,-8.5,0,40.3,2
74375,14375,103,36,122,55.1,2.1,29,94.5,3
74376,14376,47,11,67,54.9,15.7,22,87.5,6
74377,14377,41,16,59,90.0,19.0,38,75.9,1
74378,14378,112,26,165,100.0,3.0,23,54.0,0
74379,14379,32,7,33,45.5,-20.1,5,81.8,1
74380,14380,114,40,110,79.7,-28.4,23,53.3,0
74381,14381,26,15,36,81.2,-29.1,8,59.4,2
74382,14382,31,7,38,65.1,-22.1,18,83.1,3
74383,14383,12,6,12,23.2,7.0,71,80.0,2
74384,14384,34,13,48,40.8,-21.8,40,80.3,1
74385,14385,101,26,91,72.1,-46.5,42,79.3,2
74386,14386,140,27,200,73.8,-11.2,4,100.0,2
74387,14387,136,30,182,38.9,5.0,38,84.3,2
74388,14388,18,7,19,44.3,3.7,15,89.4,2
74389,14389,38,8,37,34.9,-21.1,39,68.7,3
74390,14390,53,17,75,77.6,-15.4,42,70.4,5
74391,14391,73,35,79,55.5,28.0,0,63.3,1
74392,14392,63,23,83,6.7,-30.4,7,73.2,4
74393,14393,81,17,98,100.0,-7.7,0,77.7,1
74394,14394,33,11,28,79.3,-10.7,33,60.1,3
74395,14395,57,19,81,34.8,-14.0,3,98.4,3
74396,14396,65,12,78,28.7,24.9,18,75.6,4
74397,14397,64,18,61,36.6,-70.0,11,85.2,1
74398,14398,87,25,86,26.4,14.1,53,69.8,0
74399,14399,71,16,63,71.1,-3.2,16,71.1,1
74400,14400,48,9,56,22.7,-35.8,23,100.0,5
74401,14401,71,13,60,97.3,-2.8,23,55.5,2
74402,14402,69,15,68,80.3,-45.7,4,79.2,2
74403,14403,50,10,73,88.9,-3.3,2,39.4,0
74404,14404,72,14,53,72.8,-22.9,18,93.9,2
74405,14405,99,22,126,65.5,10.4,11,81.9,2
74406,14406,30,8,24,62.9,5.4,47,68.3,2
74407,14407,38,15,38,83.3,18.1,40,60.4,7
74408,14408,49,11,57,33.0,9.2,44,42.1,4
74409,14409,84,24,125,56.8,4.4,13,60.8,2
74410,14410,36,7,34,44.2,-15.4,43,76.6,2
74411,14411,33,22,28,65.9,-4.8,44,68.0,1
74412,14412,67,13,80,41.8,-15.3,0,48.8,3
74413,14413,185,35,200,68.4,3.0,11,42.9,2
74414,14414,33,14,30,75.6,22.0,31,56.1,2
74415,14415,110,22,141,69.0,-37.5,16,74.7,1
74416,14416,46,12,61,73.9,7.4,14,98.0,6
74417,14417,72,27,93,51.7,14.8,0,100.0,6
74418,14418,38,9,52,34.1,-7.1,14,86.2,3
74419,14419,28,6,35,78.7,-20.2,39,100.0,1
74420,14420,29,9,36,94.6,-14.0,23,87.5,0
74421,14421,60,15,63,32.3,-19.3,28,99.8,2
74422,14422,127,55,148,67.4,-28.1,60,70.8,4
74423,14423,13,8,16,5.0,12.1,22,65.2,3
74424,14424,115,22,128,62.2,6.3,33,77.8,3
74425,14425,17,8,21,67.9,-10.3,28,68.8,2
74426,14426,100,28,141,35.3,-3.7,37,77.2,4
74427,14427,24,13,25,90.4,10.4,28,85.8,7
74428,14428,49,10,52,62.8,-0.3,1,100.0,7
74429,14429,50,11,66,85.2,-0.1,28,85.2,0
74430,14430,36,16,34,100.0,-10.1,26,89.7,4
74431,14431,43,9,33,49.3,-23.0,1,71.1,1
74432,14432,34,12,34,44.0,-19.2,15,90.5,3
74433,14433,73,15,81,87.2,6.0,11,56.8,3
74434,14434,68,27,63,59.8,2.0,6,66.7,0
74435,14435,68,20,84,23.1,-24.7,0,74.6,5
74436,14436,31,12,35,41.9,9.2,41,84.4,4
74437,14437,38,9,36,78.6,-18.9,23,41.3,0
74438,14438,19,11,16,79.7,-1.1,25,100.0,2
74439,14439,137,36,176,70.5,-10.2,22,69.4,0
74440,14440,62,14,43,70.7,-26.4,39,100.0,7
74441,14441,66,29,66,35.7,-21.9,14,95.6,2
74442,14442,64,26,61,47.0,1.9,29,63.8,3
74443,14443,128,29,102,69.0,1.7,60,100.0,4
74444,14444,38,12,56,75.3,-28.9,12,89.4,1
74445,14445,48,12,46,78.2,10.3,28,81.5,3
74446,14446,170,53,235,65.1,12.2,24,83.8,0
74447,14447,35,11,37,47.2,-17.3,28,75.0,4
74448,14448,51,19,59,47.8,-4.9,0,67.3,4
74449,14449,69,18,81,80.5,-2.6,25,75.6,3
74450,14450,113,29,130,90.1,31.5,13,86.4,3
74451,14451,41,9,60,28.7,4.2,0,58.4,2
74452,14452,56,16,65,97.1,-40.3,55,90.1,2
74453,14453,79,21,118,56.4,-37.6,43,70.1,4
74454,14454,112,23,110,80.5,15.1,38,81.1,1
74455,14455,52,31,62,50.4,5.5,13,65.0,2
74456,14456,47,13,68,62.4,-2.4,4,73.1,1
74457,14457,34,17,42,66.8,29.6,11,87.8,3
74458,14458,55,13,50,48.6,7.6,14,92.0,4
74459,14459,41,8,56,94.4,11.8,26,49.9,0
74460,14460,32,10,36,60.4,-37.0,25,53.3,2
74461,14461,101,25,129,76.5,-16.5,29,49.6,1
74462,14462,48,16,35,50.0,17.2,25,100.0,3
74463,14463,122,27,124,84.6,16.2,32,100.0,5
74464,14464,77,20,93,60.5,19.9,17,81.2,2
74465,14465,47,12,58,63.0,-9.5,61,81.7,2
74466,14466,33,15,37,40.7,-25.6,37,66.7,1
74467,14467,15,10,11,47.8,13.2,28,72.5,3
74468,14468,56,14,75,55.0,27.4,0,85.4,3
74469,14469,43,22,52,42.5,-53.7,22,91.8,4
74470,14470,43,21,33,49.1,5.4,0,79.0,1
74471,14471,116,54,161,94.7,-10.5,0,30.5,3
74472,14472,74,24,89,43.1,-44.3,42,99.7,6
74473,14473,32,13,44,67.6,-31.0,29,76.4,2
74474,14474,80,15,109,62.7,-9.3,38,81.8,4
74475,14475,84,20,105,63.2,9.6,18,74.0,0
74476,14476,46,20,43,71.2,-0.1,14,58.2,3
74477,14477,113,24,149,71.5,-31.4,15,71.3,0
74478,14478,8,3,8,23.4,-26.6,11,72.5,2
74479,14479,19,4,18,60.4,6.9,0,41.4,1
74480,14480,101,30,125,66.6,-3.7,32,71.8,3
74481,14481,55,16,78,61.5,8.4,13,61.6,1
74482,14482,58,19,61,74.8,-18.1,3,54.2,5
74483,14483,30,12,34,68.8,-4.9,3,41.9,3
74484,14484,25,6,22,56.4,20.8,13,63.0,0
74485,14485,25,7,31,87.5,36.6,7,71.2,4
74486,14486,28,18,26,56.3,-11.0,24,72.7,0
74487,14487,25,9,35,100.0,18.7,31,53.5,1
74488,14488,46,10,32,30.6,-0.7,46,52.0,3
74489,14489,75,28,81,67.8,-15.9,4,73.5,1
74490,14490,42,10,57,100.0,29.5,44,71.8,5
74491,14491,16,7,15,74.8,6.2,2,74.1,1
74492,14492,59,13,64,100.0,-45.8,46,66.0,0
74493,14493,48,15,38,79.9,32.4,35,81.1,1
74494,14494,49,32,39,58.1,22.6,35,100.0,2
74495,14495,70,17,85,67.8,17.4,13,79.5,2
74496,14496,61,16,82,91.8,-0.8,13,86.0,1
74497,14497,76,20,57,46.6,11.8,22,60.1,2
74498,14498,111,21,97,48.1,-9.5,40,54.6,3
74499,14499,30,10,31,55.4,19.7,0,47.5,4
74500,14500,112,22,164,65.3,-45.0,8,84.0,4
74501,14501,27,18,21,29.7,10.5,44,79.5,1
74502,14502,80,15,105,53.5,6.3,15,58.5,3
74503,14503,26,7,31,37.7,22.9,25,100.0,4
74504,14504,28,8,29,44.3,16.6,56,64.7,2
74505,14505,46,9,43,49.9,-32.4,21,94.8,0
74506,14506,49,12,49,27.4,-10.9,26,72.1,0
74507,14507,61,17,63,89.2,-12.8,24,76.1,2
74508,14508,43,14,60,100.0,33.0,1,76.2,2
74509,14509,103,25,153,87.5,-26.7,32,100.0,0
74510,14510,27,16,40,39.1,-10.7,21,66.0,6
74511,14511,42,17,34,97.8,27.0,45,57.0,4
74512,14512,19,10,14,29.9,15.2,27,63.8,2
74513,14513,99,28,86,70.5,-13.2,24,37.0,1
74514,14514,26,14,25,82.1,-21.3,25,86.3,3
74515,14515,85,18,91,69.9,33.9,0,44.7,2
74516,14516,19,7,21,49.2,-16.2,16,100.0,1
74517,14517,52,13,52,49.9,5.3,5,65.9,0
74518,14518,139,49,200,45.8,25.9,9,70.3,2
74519,14519,52,12,67,34.5,18.6,50,91.7,1
74520,14520,26,9,33,31.6,-28.3,14,77.1,3
74521,14521,133,44,155,73.3,5.0,19,60.1,0
74522,14522,27,8,31,44.4,4.5,13,78.1,3
74523,14523,45,16,47,80.5,-3.6,18,47.8,2
74524,14524,11,5,12,23.4,10.3,0,71.1,2
74525,14525,36,11,52,91.5,28.7,21,97.4,3
74526,14526,100,24,117,75.2,8.1,48,62.1,3
74527,14527,84,30,87,75.2,-4.1,38,100.0,2
74528,14528,232,49,253,56.8,-14.3,17,67.6,2
74529,14529,129,27,186,82.4,-12.1,21,97.0,5
74530,14530,21,9,21,75.8,-9.3,24,68.6,6
74531,14531,23,9,34,61.0,-25.6,27,83.8,4
74532,14532,20,13,20,55.7,-35.3,29,83.6,4
74533,14533,15,5,20,45.6,10.1,12,59.8,5
74534,14534,52,10,39,47.5,18.8,0,63.4,1
74535,14535,116,25,119,51.4,16.5,20,75.5,3
74536,14536,53,10,43,81.6,27.8,13,86.3,5
74537,14537,54,23,50,35.4,-24.7,24,61.3,2
74538,14538,8,2,8,71.3,17.1,34,61.7,4
74539,14539,18,6,21,55.2,13.1,41,80.6,2
74540,14540,55,14,45,37.9,34.7,18,87.5,2
74541,14541,98,22,103,70.9,-13.1,1,80.1,1
74542,14542,15,8,22,52.0,28.7,2,73.2,1
74543,14543,43,23,48,44.1,-20.3,25,86.5,3
74544,14544,12,6,9,68.1,-10.1,19,94.3,4
74545,14545,47,18,40,46.2,-40.9,0,67.3,0
74546,14546,85,19,114,72.1,15.3,12,70.4,2
74547,14547,24,6,23,46.3,18.4,11,65.5,2
74548,14548,35,13,48,45.9,12.4,17,100.0,6
74549,14549,94,19,88,40.0,11.2,37,100.0,2
74550,14550,221,50,254,72.7,28.2,0,56.8,1
74551,14551,54,10,63,26.5,-3.5,0,71.9,1
74552,14552,76,18,93,72.9,-25.0,12,95.1,1
74553,14553,52,12,67,75.0,9.9,10,70.7,2
74554,14554,144,30,216,43.6,23.3,22,80.3,3
74555,14555,172,33,121,29.6,29.3,39,57.7,1
74556,14556,44,17,58,34.2,16.4,0,100.0,2
74557,14557,114,28,153,67.7,8.3,20,51.2,2
74558,14558,50,16,44,65.3,-17.9,40,86.8,3
74559,14559,46,19,42,58.3,13.7,0,44.9,2
74560,14560,43,19,51,88.2,-34.3,16,69.8,4
74561,14561,23,12,20,40.9,-26.7,36,70.4,3
74562,14562,88,18,104,64.3,8.3,3,100.0,2
74563,14563,74,48,63,47.4,26.6,6,96.8,3
74564,14564,44,8,50,55.1,21.8,14,61.8,2
74565,14565,54,10,72,57.2,36.1,36,83.3,5
74566,14566,58,16,86,22.4,-39.4,44,100.0,0
74567,14567,49,11,52,11.6,21.9,4,83.3,1
74568,14568,30,9,30,72.8,-8.2,43,67.0,0
74569,14569,33,14,44,62.5,13.5,19,45.7,3
74570,14570,71,16,65,55.2,45.9,43,100.0,4
74571,14571,23,7,24,51.8,-17.9,40,52.7,1
74572,14572,45,9,38,17.9,-10.0,0,100.0,1
74573,14573,89,18,118,64.2,1.4,14,91.0,0
74574,14574,176,33,182,45.9,-10.8,54,83.9,3
74575,14575,73,17,86,43.1,12.3,33,84.1,3
74576,14576,49,14,41,38.5,-9.1,1,79.5,2
74577,14577,45,12,65,60.7,32.0,0,84.6,2
74578,14578,35,12,52,51.5,-22.4,0,100.0,3
74579,14579,91,22,92,31.9,-43.6,27,74.0,5
74580,14580,36,19,49,96.6,11.8,26,69.7,3
74581,14581,120,22,98,65.4,-16.8,0,67.9,1
74582,14582,32,18,42,82.2,-16.3,24,100.0,1
74583,14583,35,9,47,39.7,-11.8,0,69.0,4
74584,14584,88,33,100,87.9,19.9,29,73.2,3
74585,14585,57,12,66,44.3,9.9,1,45.7,1
74586,14586,60,15,80,30.7,2.5,9,86.1,0
74587,14587,59,15,53,80.5,3.5,35,76.0,1
74588,14588,45,10,38,76.8,-2.9,22,86.8,1
74589,14589,51,26,66,42.8,-24.3,46,100.0,2
74590,14590,38,14,42,67.0,13.5,16,100.0,1
74591,14591,49,14,69,51.1,-11.3,18,52.9,2
74592,14592,33,12,49,84.0,29.7,39,67.9,2
74593,14593,33,17,46,57.5,19.1,28,61.0,3
74594,14594,30,11,26,42.7,0.7,16,100.0,2
74595,14595,30,9,32,83.0,12.8,28,73.4,3
74596,14596,36,17,44,66.7,-48.9,28,55.3,1
74597,14597,91,22,85,85.4,-7.7,12,90.1,2
74598,14598,36,20,49,82.7,-39.2,20,78.7,5
74599,14599,127,25,134,34.7,15.3,36,59.4,2
74600,14600,50,17,39,81.7,-25.8,28,17.2,4
74601,14601,23,8,20,62.1,35.7,14,100.0,3
74602,14602,19,8,22,61.7,-4.6,37,85.6,3
74603,14603,89,26,111,34.6,6.8,21,77.2,3
74604,14604,48,10,60,54.0,21.2,28,53.4,6
74605,14605,65,17,54,59.9,-6.3,21,70.9,3
74606,14606,251,53,329,70.8,-23.3,15,86.6,1
74607,14607,54,10,42,49.5,5.5,0,91.7,2
74608,14608,104,26,152,72.6,-3.7,38,78.5,5
74609,14609,59,27,78,94.6,-48.1,9,81.0,2
74610,14610,33,12,42,30.8,-7.8,0,54.7,4
74611,14611,83,20,73,60.0,-2.0,9,84.0,5
74612,14612,19,4,15,47.3,23.0,31,73.3,2
74613,14613,78,19,64,59.9,-11.5,0,68.8,2
74614,14614,46,12,41,51.2,-30.8,19,100.0,3
74615,14615,42,8,57,73.1,-22.4,28,73.7,4
74616,14616,28,8,34,38.8,27.0,28,53.5,1
74617,14617,58,14,86,68.5,-9.3,0,81.8,1
74618,14618,52,19,40,87.6,0.1,8,62.7,1
74619,14619,61,20,77,65.0,13.3,36,100.0,2
74620,14620,83,34,115,91.0,-11.4,15,66.5,2
74621,14621,38,8,41,81.5,3.7,34,64.2,4
74622,14622,25,11,19,53.1,-19.8,15,82.9,6
74623,14623,32,13,39,52.9,-7.4,20,80.0,1
74624,14624,58,30,69,90.7,-31.3,21,83.0,3
74625,14625,49,11,71,45.6,-8.6,55,100.0,0
74626,14626,25,14,34,13.9,37.6,21,91.5,1
74627,14627,17,10,19,68.2,10.1,9,39.6,1
74628,14628,76,19,60,50.9,-0.1,0,100.0,2
74629,14629,75,25,56,36.1,9.8,0,25.3,2
74630,14630,83,16,118,39.1,-25.0,15,63.0,4
74631,14631,30,6,32,84.2,10.0,16,95.5,2
74632,14632,52,15,63,78.9,-8.3,22,92.0,0
74633,14633,16,9,20,64.0,21.7,2,96.6,6
74634,14634,196,53,224,100.0,15.2,13,65.8,2
74635,14635,66,12,92,40.4,-18.6,5,61.1,2
74636,14636,153,37,114,49.2,20.4,10,79.4,1
74637,14637,70,15,92,34.9,-7.7,46,100.0,2
74638,14638,25,8,33,71.8,38.6,51,68.8,6
74639,14639,32,18,28,85.4,-34.5,23,71.5,2
74640,14640,184,35,147,21.8,-28.2,44,80.4,1
74641,14641,48,17,58,75.9,12.0,45,53.0,2
74642,14642,15,7,14,64.9,40.3,0,61.1,5
74643,14643,104,49,74,60.3,26.9,47,97.3,2
74644,14644,12,6,13,37.4,-5.8,26,76.5,0
74645,14645,55,17,67,53.7,-12.9,40,76.9,4
74646,14646,321,65,460,75.8,7.3,14,87.7,1
74647,14647,44,21,46,100.0,24.4,41,73.1,1
74648,14648,36,8,29,72.0,-15.2,16,95.6,2
74649,14649,36,20,38,83.2,-19.9,1,47.7,3
74650,14650,28,14,37,90.2,41.4,21,80.0,0
74651,14651,35,18,27,30.9,52.1,23,92.2,2
74652,14652,86,24,73,64.4,-26.3,21,68.5,1
74653,14653,15,3,14,38.7,-5.0,6,83.8,4
74654,14654,85,19,91,86.9,-6.0,8,72.2,4
74655,14655,30,6,43,62.0,-22.5,4,71.4,0
74656,14656,119,24,156,63.1,13.8,19,93.3,0
74657,14657,18,9,22,100.0,9.4,30,83.6,0
74658,14658,122,33,164,82.4,-13.4,2,91.5,1
74659,14659,61,13,86,70.1,-61.6,29,74.1,2
74660,14660,101,19,108,47.0,18.9,0,77.8,2
74661,14661,72,17,93,23.6,24.7,48,96.1,2
74662,14662,49,10,71,55.0,-38.1,16,89.3,0
74663,14663,87,29,98,79.1,-7.9,14,79.9,5
74664,14664,78,18,102,81.3,25.3,17,85.6,3
74665,14665,42,14,62,47.5,-23.8,21,70.0,3
74666,14666,32,14,34,38.1,2.4,6,64.9,2
74667,14667,12,7,15,85.0,1.4,14,47.6,1
74668,14668,91,18,96,56.8,-13.9,3,84.9,2
74669,14669,40,23,51,75.7,-21.5,0,48.8,1
74670,14670,93,17,94,69.4,-0.4,38,82.6,1
74671,14671,64,18,51,47.1,37.8,36,68.1,3
74672,14672,14,4,20,69.1,20.8,14,74.5,3
74673,14673,11,6,14,100.0,-26.9,21,67.8,3
74674,14674,18,10,27,47.3,36.5,23,72.0,3
74675,14675,31,7,40,41.2,29.4,0,63.2,3
74676,14676,75,23,103,60.5,-32.0,0,76.6,1
74677,14677,20,9,29,58.8,25.8,72,100.0,1
74678,14678,65,28,49,52.4,-37.6,35,96.3,2
74679,14679,75,31,104,72.5,4.8,0,91.7,4
74680,14680,33,7,26,74.5,16.8,0,93.3,4
74681,14681,47,12,66,64.1,19.3,17,100.0,0
74682,14682,7,4,9,77.3,13.5,13,71.4,4
74683,14683,98,23,105,90.1,-33.9,32,97.2,4
74684,14684,64,18,86,56.7,-44.9,61,100.0,2
74685,14685,76,20,78,31.7,8.5,40,100.0,3
74686,14686,70,26,90,62.1,-17.5,0,65.7,2
74687,14687,13,8,11,41.2,40.6,27,44.8,5
74688,14688,14,4,11,88.7,-36.2,4,50.2,5
74689,14689,62,16,76,70.5,-23.9,23,94.2,0
74690,14690,61,15,63,55.9,-5.7,17,43.6,2
74691,14691,16,5,14,82.8,13.8,27,78.5,0
74692,14692,86,23,71,72.5,-1.5,20,70.3,5
74693,14693,96,26,134,91.0,-2.8,5,40.6,3
74694,14694,21,7,21,59.4,-12.1,24,81.7,1
74695,14695,43,9,59,32.9,18.5,42,72.7,2
74696,14696,58,18,49,49.7,30.9,32,42.0,2
74697,14697,32,13,34,45.7,-15.2,3,61.2,7
74698,14698,28,18,29,75.7,-21.6,34,83.7,3
74699,14699,29,11,26,55.8,5.4,0,58.0,4
74700,14700,80,42,69,58.4,0.5,15,62.1,2
74701,14701,11,3,12,39.8,3.6,20,100.0,4
74702,14702,30,10,32,100.0,-31.1,18,71.1,7
74703,14703,13,5,17,67.5,46.2,0,94.1,5
74704,14704,14,7,15,49.3,34.0,0,90.5,2
74705,14705,43,9,42,57.8,-17.7,28,91.0,3
74706,14706,44,8,48,33.7,15.8,0,91.7,1
74707,14707,158,32,227,49.4,-34.9,0,56.5,0
74708,14708,84,18,69,59.9,3.9,11,93.8,3
74709,14709,69,19,99,67.2,35.1,5,100.0,3
74710,14710,44,9,55,79.8,-57.0,27,64.6,0
74711,14711,65,18,80,70.0,3.4,57,65.6,2
74712,14712,31,11,32,60.9,-24.3,9,79.6,2
74713,14713,70,29,69,59.2,-21.0,0,92.9,0
74714,14714,102,43,132,58.6,30.2,0,100.0,1
74715,14715,50,15,59,55.5,2.7,45,100.0,1
74716,14716,28,7,34,68.3,7.9,2,60.3,3
74717,14717,17,8,20,65.4,18.1,18,63.1,1
74718,14718,31,20,23,38.5,21.6,27,86.0,0
74719,14719,35,22,39,53.8,-1.5,20,100.0,2
74720,14720,44,16,44,85.1,31.5,2,100.0,7
74721,14721,53,12,71,73.4,-33.9,28,72.6,1
74722,14722,27,18,32,62.1,10.7,41,74.9,2
74723,14723,20,6,21,46.3,-12.4,6,79.1,0
74724,14724,32,12,48,39.8,4.2,34,60.8,5
74725,14725,62,12,77,60.3,5.9,16,76.2,2
74726,14726,37,7,52,29.3,38.8,0,54.5,2
74727,14727,34,11,49,47.8,11.1,21,77.8,3
74728,14728,173,32,224,44.2,42.1,15,97.4,2
74729,14729,59,11,61,55.8,11.6,40,69.4,5
74730,14730,23,6,25,91.2,16.7,1,77.4,6
74731,14731,15,5,12,44.0,-6.8,10,100.0,2
74732,14732,21,11,25,44.4,14.1,13,95.4,3
74733,14733,71,19,79,56.2,-3.7,42,100.0,4
74734,14734,102,21,89,34.9,18.7,23,55.0,3
74735,14735,114,37,84,53.5,-3.8,0,67.0,2
74736,14736,39,11,54,21.6,13.3,5,87.9,3
74737,14737,34,11,25,56.7,14.6,0,81.8,2
74738,14738,17,4,17,62.3,10.9,15,83.0,3
74739,14739,33,9,38,74.7,27.8,19,74.5,3
74740,14740,28,8,31,77.7,-49.4,22,99.7,2
74741,14741,38,16,43,42.1,-12.4,17,76.5,1
74742,14742,39,10,34,32.3,3.0,29,89.8,0
74743,14743,38,11,37,59.1,-29.8,37,36.7,2
74744,14744,194,45,137,79.3,-4.0,0,83.0,2
74745,14745,56,14,81,63.3,12.7,28,76.6,0
74746,14746,37,14,44,21.2,3.9,9,71.5,2
74747,14747,24,6,33,51.9,-21.6,16,41.2,2
74748,14748,46,10,59,57.0,-34.9,26,82.3,1
74749,14749,115,28,132,88.5,10.4,0,71.6,2
74750,14750,115,33,128,100.0,14.0,15,69.0,3
74751,14751,46,11,49,63.3,8.6,13,91.5,1
74752,14752,41,12,47,62.0,16.0,38,87.7,2
74753,14753,49,17,42,66.8,-43.9,0,100.0,1
74754,14754,80,20,81,77.9,-0.7,8,50.0,3
74755,14755,19,12,22,45.2,3.3,19,54.9,4
74756,14756,75,40,97,53.1,10.2,25,94.7,2
74757,14757,9,4,12,57.2,39.2,12,79.9,3
74758,14758,125,23,174,66.8,-34.6,40,75.5,2
74759,14759,64,24,63,64.5,-9.3,2,85.0,1
74760,14760,88,25,103,56.9,13.5,20,73.7,2
74761,14761,64,17,72,70.6,6.3,0,82.7,2
74762,14762,39,25,40,56.7,32.8,16,100.0,2
74763,14763,60,33,58,65.5,26.7,1,59.8,3
74764,14764,8,4,6,80.9,17.8,12,74.8,2
74765,14765,50,21,42,51.1,30.7,4,100.0,3
74766,14766,54,30,44,68.9,-34.5,24,80.7,5
74767,14767,41,10,39,62.1,-0.2,15,74.4,1
74768,14768,22,11,22,100.0,47.6,27,71.2,2
74769,14769,66,13,61,70.9,4.9,38,68.9,2
74770,14770,25,7,33,56.4,-10.6,57,78.3,3
74771,14771,67,30,58,65.2,9.9,10,58.2,2
74772,14772,34,14,31,65.7,-11.5,0,100.0,0
74773,14773,57,14,63,79.0,13.6,25,96.1,2
74774,14774,21,11,19,100.0,8.2,30,48.8,4
74775,14775,25,15,35,41.7,-36.3,9,100.0,0
74776,14776,99,21,118,66.8,-1.0,0,87.0,2
74777,14777,66,19,64,48.7,-42.5,10,69.7,4
74778,14778,78,16,83,72.6,-17.3,4,84.8,1
74779,14779,80,15,83,70.7,-18.4,12,61.8,3
74780,14780,60,18,85,77.7,5.9,42,89.5,4
74781,14781,27,10,32,74.4,49.2,38,72.0,3
74782,14782,30,10,30,63.1,15.3,0,75.7,4
74783,14783,61,12,67,39.0,-6.1,16,57.1,4
74784,14784,77,14,76,76.1,-2.2,43,55.5,1
74785,14785,79,26,104,46.7,10.6,23,100.0,4
74786,14786,38,7,27,51.1,-46.9,58,47.0,2
74787,14787,53,15,58,55.2,2.9,0,58.9,3
74788,14788,56,34,50,74.2,-12.5,18,69.9,1
74789,14789,65,28,58,60.9,-15.0,50,79.2,2
74790,14790,30,10,25,74.0,31.5,21,72.8,0
74791,14791,73,25,80,58.5,57.2,1,66.9,1
74792,14792,157,33,123,83.9,34.7,22,84.9,0
74793,14793,107,23,119,76.2,10.0,36,86.8,2
74794,14794,30,15,35,68.1,5.6,42,64.4,3
74795,14795,40,23,57,58.6,-2.1,43,80.7,3
74796,14796,95,22,125,44.3,2.5,9,58.8,2
74797,14797,32,10,39,84.8,-3.6,21,41.6,4
74798,14798,42,19,57,58.9,-10.9,17,68.6,4
74799,14799,11,6,11,94.3,-8.5,50,76.5,1
74800,14800,35,15,39,100.0,3.4,36,53.8,2
74801,14801,43,8,33,69.3,36.2,5,92.0,2
74802,14802,37,20,41,26.9,-5.4,31,76.2,3
74803,14803,167,45,169,79.2,-3.7,17,85.6,1
74804,14804,10,6,14,83.7,-10.3,29,76.8,3
74805,14805,46,9,43,88.3,-27.8,0,88.2,2
74806,14806,18,5,22,53.7,11.7,0,67.9,4
74807,14807,21,4,26,80.0,9.0,51,76.0,6
74808,14808,45,16,57,52.6,-36.1,0,75.9,3
74809,14809,37,12,46,60.6,-19.0,13,84.9,3
74810,14810,63,14,89,65.8,42.2,16,100.0,3
74811,14811,79,15,93,73.0,-3.8,0,59.5,0
74812,14812,39,19,54,68.6,-14.8,0,93.3,6
74813,14813,25,8,31,91.2,-29.6,0,82.2,0
74814,14814,43,8,60,65.3,26.9,20,100.0,4
74815,14815,31,11,40,82.3,16.5,17,62.5,3
74816,14816,215,41,229,67.9,-7.9,0,86.3,2
74817,14817,60,15,55,68.4,27.0,22,68.0,1
74818,14818,62,18,88,78.8,-5.0,10,80.5,1
74819,14819,71,25,57,75.4,-7.2,32,92.2,4
74820,14820,57,16,80,33.2,31.0,38,67.9,1
74821,14821,45,11,55,61.6,2.5,5,74.1,3
74822,14822,35,8,42,65.7,-26.9,35,74.7,2
74823,14823,42,23,47,100.0,-25.1,14,82.8,3
74824,14824,73,18,68,25.0,-8.1,13,87.0,3
74825,14825,122,24,145,78.0,-13.6,26,87.9,8
74826,14826,55,17,59,77.9,13.6,10,79.8,4
74827,14827,50,20,51,88.6,-55.5,21,92.8,2
74828,14828,103,24,125,66.5,2.9,15,92.3,5
74829,14829,22,11,17,71.8,10.2,17,89.0,4
74830,14830,47,9,56,53.9,15.9,74,68.7,3
74831,14831,142,40,213,68.6,-27.9,15,89.0,4
74832,14832,95,23,70,45.8,27.9,2,90.3,2
74833,14833,79,27,85,75.2,-22.8,0,100.0,2
74834,14834,26,8,28,66.5,24.9,25,91.9,0
74835,14835,38,10,29,63.8,-47.5,0,67.3,1
74836,14836,98,18,107,62.2,10.5,5,100.0,1
74837,14837,52,12,43,14.2,-13.7,13,80.4,0
74838,14838,89,17,121,84.0,-10.0,28,99.3,4
74839,14839,69,13,98,53.9,-17.2,5,69.7,2
74840,14840,102,22,139,67.3,8.2,5,100.0,4
74841,14841,35,21,50,70.5,6.3,6,86.7,2
74842,14842,46,18,56,29.6,15.0,39,81.4,5
74843,14843,38,8,52,56.4,26.6,22,64.9,3
74844,14844,30,19,33,10.9,16.4,44,68.4,4
74845,14845,62,18,83,55.1,-5.2,30,95.4,4
74846,14846,55,12,80,70.0,44.0,46,87.5,0
74847,14847,131,25,132,60.3,-12.6,11,56.5,3
74848,14848,23,7,31,42.1,-16.6,25,69.6,2
74849,14849,101,21,109,50.9,18.9,55,57.7,2
74850,14850,53,16,63,95.7,-19.2,33,93.7,2
74851,14851,62,30,87,43.9,-15.0,10,71.5,3
74852,14852,40,12,56,75.3,-21.1,63,80.8,2
74853,14853,33,10,43,82.4,-14.0,22,91.1,2
74854,14854,32,9,30,35.6,4.2,12,80.3,2
74855,14855,26,5,20,85.3,17.5,21,66.7,3
74856,14856,36,9,54,78.2,37.7,51,96.7,5
74857,14857,32,17,37,42.6,-12.2,10,100.0,2
74858,14858,81,25,64,66.5,-2.2,0,32.6,0
74859,14859,80,24,117,21.3,-16.8,0,98.2,1
74860,14860,43,9,46,41.4,-20.7,68,47.2,3
74861,14861,46,13,68,64.7,-7.5,0,41.2,6
74862,14862,36,11,36,59.6,-17.7,2,86.5,1
74863,14863,14,7,20,27.6,23.2,5,68.2,1
74864,14864,60,13,83,100.0,-11.3,0,92.9,2
74865,14865,64,14,69,69.4,-14.9,49,88.4,2
74866,14866,53,23,50,38.9,1.6,1,49.4,3
74867,14867,79,19,102,63.6,-2.9,9,68.3,1
74868,14868,24,13,33,40.9,-8.4,20,57.0,2
74869,14869,57,15,42,77.1,14.2,26,48.9,1
74870,14870,40,11,35,26.7,43.2,28,72.5,0
74871,14871,30,15,31,69.0,0.9,5,93.8,2
74872,14872,42,10,36,64.8,-29.0,26,83.5,0
74873,14873,17,9,16,30.2,-10.2,34,64.2,4
74874,14874,67,14,74,83.9,11.3,5,92.4,6
74875,14875,38,18,38,71.7,15.2,3,86.9,2
74876,14876,22,7,32,80.2,4.4,0,69.7,4
74877,14877,83,17,114,49.5,20.6,4,100.0,1
74878,14878,25,14,22,59.7,3.7,28,100.0,1
74879,14879,42,9,61,73.3,-8.4,0,91.4,1
74880,14880,139,31,121,77.6,-30.0,1,91.8,2
74881,14881,21,8,25,100.0,-20.2,10,67.1,3
74882,14882,46,9,43,35.3,3.7,4,94.2,6
74883,14883,103,20,96,59.0,-5.8,12,94.8,4
74884,14884,27,6,31,92.8,60.8,31,85.8,3
74885,14885,43,9,63,56.2,33.4,34,77.8,0
74886,14886,10,5,10,100.0,7.1,0,34.5,0
74887,14887,42,13,39,66.0,-4.7,25,100.0,4
74888,14888,86,16,77,100.0,-35.8,14,100.0,4
74889,14889,13,7,12,77.1,38.1,29,57.2,1
74890,14890,9,3,10,34.5,-2.0,44,83.3,2
74891,14891,48,9,67,27.0,20.4,0,100.0,5
74892,14892,73,19,69,58.5,5.9,5,94.6,1
74893,14893,24,15,22,54.9,17.4,0,100.0,2
74894,14894,59,12,68,79.6,-11.3,32,100.0,1
74895,14895,50,18,59,56.0,-19.0,15,100.0,0
74896,14896,39,24,41,59.5,13.9,0,81.6,2
74897,14897,14,3,12,56.7,-22.9,0,84.7,1
74898,14898,27,6,23,40.7,12.8,0,64.4,1
74899,14899,47,13,52,47.6,20.8,1,55.6,4
74900,14900,86,29,80,64.3,-26.5,0,100.0,1
74901,14901,23,5,19,91.4,-4.0,9,65.7,2
74902,14902,43,11,31,99.7,-1.9,5,83.4,1
74903,14903,12,5,10,65.0,28.7,11,84.6,1
74904,14904,120,24,164,53.5,-30.8,25,22.3,1
74905,14905,80,22,66,76.3,11.9,1,61.5,1
74906,14906,15,3,11,81.1,-12.3,13,100.0,2
74907,14907,26,14,26,54.7,8.4,31,62.1,2
74908,14908,17,7,25,59.2,-16.3,15,66.4,0
74909,14909,52,19,58,98.2,13.8,28,88.1,1
74910,14910,107,22,76,76.1,-41.7,25,74.9,4
74911,14911,60,12,76,33.4,-25.2,40,100.0,2
74912,14912,119,26,121,51.8,2.2,0,62.0,1
74913,14913,65,17,85,63.4,9.7,0,68.2,0
74914,14914,47,14,55,59.7,14.4,3,80.7,4
74915,14915,38,20,31,42.6,-42.7,0,84.4,1
74916,14916,107,26,115,99.5,3.9,36,78.2,5
74917,14917,102,21,117,65.6,-45.8,14,99.2,3
74918,14918,74,15,81,37.3,-9.6,29,78.1,4
74919,14919,34,14,45,48.0,18.7,19,30.3,0
74920,14920,73,19,101,48.6,19.0,0,90.0,4
74921,14921,116,22,143,30.3,28.7,3,61.8,1
74922,14922,157,32,115,58.2,1.6,22,100.0,1
74923,14923,36,17,35,51.0,2.7,3,93.7,3
74924,14924,61,20,61,62.9,9.8,10,80.2,3
74925,14925,30,16,26,78.7,-24.7,11,78.3,1
74926,14926,29,6,30,40.9,-15.8,9,66.5,4
74927,14927,98,25,83,69.9,1.7,21,100.0,1
74928,14928,47,11,61,40.2,1.6,15,71.8,1
74929,14929,54,25,74,36.2,70.0,6,58.5,3
74930,14930,62,14,90,80.9,-7.7,15,85.7,1
74931,14931,58,24,41,45.4,-4.7,0,51.6,0
74932,14932,75,14,85,73.8,-32.6,20,76.1,2
74933,14933,105,21,91,78.3,-31.8,5,64.5,2
74934,14934,34,22,38,57.8,32.3,51,53.5,1
74935,14935,75,18,57,72.7,-25.4,29,91.2,2
74936,14936,54,19,71,70.3,6.7,20,65.7,2
74937,14937,47,11,44,66.8,29.8,7,75.0,3
74938,14938,77,35,89,60.8,0.4,21,94.6,3
74939,14939,39,15,52,66.2,-23.8,29,71.2,2
74940,14940,42,25,44,53.0,19.7,28,95.3,3
74941,14941,21,7,31,33.5,46.5,13,74.0,2
74942,14942,43,11,58,64.0,21.1,33,47.1,5
74943,14943,134,27,139,68.6,-24.2,23,73.3,2
74944,14944,26,11,33,88.8,-5.7,0,78.1,3
74945,14945,95,19,117,52.4,6.4,28,64.0,3
74946,14946,113,24,83,50.7,5.6,59,86.0,2
74947,14947,151,37,150,30.6,-19.6,19,92.6,2
74948,14948,99,20,111,37.1,38.1,48,57.1,1
74949,14949,50,18,52,28.3,2.9,16,83.3,3
74950,14950,142,27,120,32.2,-3.5,25,100.0,1
74951,14951,20,9,25,49.7,-16.9,16,65.7,2
74952,14952,34,9,51,75.7,-11.9,0,64.7,4
74953,14953,34,10,33,68.6,36.1,3,71.9,4
74954,14954,171,38,251,92.4,-23.3,10,79.4,5
74955,14955,38,13,50,71.5,30.9,0,61.3,3
74956,14956,88,17,85,23.4,51.3,33,99.2,3
74957,14957,15,8,16,65.2,-22.9,24,72.9,0
74958,14958,32,8,38,94.9,3.0,0,77.3,0
74959,14959,20,11,26,37.7,10.5,2,86.9,2
74960,14960,129,24,167,69.1,-14.1,29,52.6,0
74961,14961,9,4,11,54.3,19.5,21,73.1,0
74962,14962,46,10,36,58.4,-29.9,34,39.3,1
74963,14963,93,21,129,82.3,5.1,17,56.6,4
74964,14964,86,16,79,63.0,-14.3,2,35.3,0
74965,14965,52,10,44,62.8,-11.2,22,56.6,1
74966,14966,30,6,26,56.3,25.8,11,54.2,3
74967,14967,53,13,39,89.7,23.9,3,86.6,5
74968,14968,68,19,88,55.6,-13.0,0,79.9,0
74969,14969,76,33,56,62.3,22.5,0,73.2,3
74970,14970,73,18,54,52.9,18.8,0,46.9,3
74971,14971,48,11,34,42.8,-8.5,1,57.6,2
74972,14972,169,32,119,80.2,-25.1,19,62.3,0
74973,14973,63,24,78,81.7,22.4,8,87.4,3
74974,14974,38,13,42,65.2,-4.6,35,86.2,7
74975,14975,69,21,85,72.1,-8.4,32,57.9,2
74976,14976,102,24,90,83.1,-21.8,41,94.4,3
74977,14977,34,7,43,54.6,-16.1,29,81.8,3
74978,14978,20,8,19,57.0,-2.8,47,88.5,1
74979,14979,73,20,80,44.0,10.2,7,76.6,4
74980,14980,23,9,32,76.0,4.8,16,83.3,3
74981,14981,151,45,114,56.3,-9.7,14,68.9,2
74982,14982,79,15,109,63.1,7.9,17,88.5,3
74983,14983,60,12,58,71.3,0.5,6,82.3,4
74984,14984,94,28,84,72.2,-37.5,31,83.9,4
74985,14985,33,11,46,39.4,3.5,25,81.6,5
74986,14986,59,16,74,74.3,-21.7,49,83.0,3
74987,14987,53,12,50,100.0,-25.7,6,62.8,2
74988,14988,20,10,25,62.1,-5.0,25,64.1,1
74989,14989,39,16,55,88.4,-29.5,32,78.3,1
74990,14990,32,16,45,29.1,-36.9,0,62.0,1
74991,14991,24,15,32,64.0,-32.0,25,50.8,1
74992,14992,56,12,84,21.8,15.1,43,74.7,4
74993,14993,30,10,25,81.6,-11.1,14,54.1,1
74994,14994,68,15,88,41.6,24.6,18,81.5,3
74995,14995,14,4,13,54.1,-6.4,14,58.2,2
74996,14996,178,42,257,42.8,-22.8,16,71.6,1
74997,14997,59,17,45,82.7,-15.8,22,92.2,2
74998,14998,24,7,30,83.9,10.7,31,92.1,3
74999,14999,121,24,104,44.4,-23.4,0,79.9,4
75000,15000,53,13,79,62.9,25.3,24,97.2,1
75001,15001,29,15,32,41.6,-10.0,32,100.0,1
75002,15002,75,20,84,61.2,-37.7,4,100.0,4
75003,15003,39,19,44,35.3,-46.4,31,70.6,4
75004,15004,8,2,10,46.5,26.6,0,57.8,3
75005,15005,29,7,43,60.5,-14.0,51,75.5,1
75006,15006,66,29,97,79.9,-27.4,0,83.4,1
75007,15007,15,7,13,55.8,-21.7,0,100.0,0
75008,15008,22,10,25,91.7,33.6,17,100.0,1
75009,15009,67,14,76,49.9,-28.2,26,63.4,1
75010,15010,41,19,33,26.4,-17.8,13,90.4,1
75011,15011,106,23,133,34.6,-45.8,0,34.2,2
75012,15012,60,38,78,49.0,-8.4,0,99.1,3
75013,15013,106,22,148,100.0,17.8,12,71.6,6
75014,15014,32,13,41,54.7,25.4,0,50.6,2
75015,15015,14,6,11,47.9,-8.2,4,98.8,4
75016,15016,40,10,57,70.2,32.9,22,70.0,1
75017,15017,40,8,35,90.1,-2.8,0,86.6,4
75018,15018,48,11,57,71.3,33.1,12,100.0,0
75019,15019,19,5,23,57.7,27.8,34,90.9,1
75020,15020,37,15,30,100.0,24.5,23,93.9,0
75021,15021,88,28,86,79.2,-6.4,16,100.0,7
75022,15022,173,35,163,66.1,39.5,43,100.0,3
75023,15023,103,22,131,88.6,28.3,21,94.8,4
75024,15024,64,27,77,62.0,10.8,8,45.1,2
75025,15025,105,21,109,59.6,-19.6,40,100.0,0
75026,15026,17,7,14,47.8,-1.8,5,76.3,4
75027,15027,33,6,43,44.7,-30.5,0,80.1,1
75028,15028,13,3,19,61.6,-32.6,29,71.3,2
75029,15029,95,22,110,41.8,1.3,3,49.9,4
75030,15030,42,11,60,88.5,4.2,0,97.4,3
75031,15031,69,14,93,66.8,-23.3,22,91.9,0
75032,15032,76,15,111,56.3,47.9,30,63.0,0
75033,15033,40,16,39,64.1,21.7,21,87.4,2
75034,15034,28,6,34,86.8,-5.9,0,66.1,2
75035,15035,61,28,54,62.8,-37.2,3,84.8,4
75036,15036,52,17,67,61.0,-13.8,51,77.1,2
75037,15037,83,16,123,100.0,-16.5,23,33.8,3
75038,15038,136,50,130,46.3,-16.9,5,100.0,3
75039,15039,35,11,26,57.7,-9.1,32,100.0,3
75040,15040,134,42,198,32.8,-6.4,9,36.9,4
75041,15041,76,20,55,84.1,21.7,33,73.3,0
75042,15042,58,12,57,62.6,-13.1,43,67.4,4
75043,15043,18,5,21,90.5,27.7,19,100.0,3
75044,15044,89,17,118,76.9,4.2,33,100.0,4
75045,15045,145,29,127,33.9,-21.1,18,78.5,2
75046,15046,79,20,59,48.8,-22.5,1,76.3,2
75047,15047,39,12,49,31.0,16.2,12,90.9,2
75048,15048,34,12,26,44.0,49.4,42,76.5,0
75049,15049,28,7,25,11.9,-28.0,24,70.0,1
75050,15050,57,12,52,61.4,15.3,14,95.3,5
75051,15051,39,11,53,70.3,-35.4,5,100.0,0
75052,15052,85,17,99,55.9,-24.0,4,67.8,4
75053,15053,21,8,22,73.5,-2.5,10,100.0,5
75054,15054,74,15,53,47.5,13.4,28,85.1,5
75055,15055,71,17,79,65.7,6.0,31,93.9,5
75056,15056,40,15,51,36.6,11.6,0,85.0,2
75057,15057,92,29,136,65.1,-3.7,3,75.5,2
75058,15058,21,13,23,70.8,7.8,26,64.7,2
75059,15059,67,13,77,64.3,-11.9,13,100.0,1
75060,15060,46,10,44,55.6,19.5,45,46.0,0
75061,15061,79,20,107,83.7,-7.4,23,72.2,5
75062,15062,318,59,360,61.7,-28.6,32,73.3,1
75063,15063,36,7,36,69.2,-24.5,6,60.2,0
75064,15064,83,16,66,77.9,-1.4,0,73.3,4
75065,15065,41,15,58,80.3,-26.5,7,15.8,3
75066,15066,19,8,25,51.9,39.3,37,77.0,2
75067,15067,36,8,31,84.9,-12.4,16,92.0,0
75068,15068,73,26,102,61.5,-23.1,23,79.4,1
75069,15069,31,12,36,85.0,1.1,35,38.8,5
75070,15070,40,16,53,71.1,20.6,12,82.1,4
75071,15071,12,7,15,59.3,10.1,23,100.0,2
75072,15072,57,13,43,55.2,-5.3,18,82.2,1
75073,15073,15,10,13,37.8,-8.9,7,92.0,2
75074,15074,15,4,16,62.2,10.8,0,73.6,3
75075,15075,69,27,54,31.0,35.7,11,98.4,5
75076,15076,79,19,79,52.2,-4.7,39,95.2,1
75077,15077,90,17,66,58.2,0.4,15,85.6,1
75078,15078,51,12,72,36.7,-23.1,0,96.6,4
75079,15079,36,12,26,31.2,15.1,0,79.9,3
75080,15080,29,13,33,60.4,-46.5,20,100.0,1
75081,15081,77,27,96,32.8,-32.9,0,67.6,1
75082,15082,7,2,7,20.3,0.2,32,86.8,1
75083,15083,50,10,35,71.7,-13.7,29,85.7,1
75084,15084,70,13,80,66.7,5.4,22,77.8,1
75085,15085,52,10,56,65.8,-22.4,32,74.7,3
75086,15086,46,13,39,61.6,-21.2,21,100.0,4
75087,15087,47,14,36,70.6,8.3,39,57.8,2
75088,15088,39,15,52,49.1,-29.3,29,85.4,1
75089,15089,36,12,31,45.2,-9.8,57,91.5,1
75090,15090,88,17,92,100.0,11.9,4,100.0,1
75091,15091,30,6,40,71.4,0.7,19,99.1,1
75092,15092,19,9,27,47.2,16.4,0,85.7,1
75093,15093,64,22,65,78.2,-49.6,26,56.7,1
75094,15094,27,7,29,65.3,14.5,26,68.3,0
75095,15095,12,6,15,54.8,10.2,16,67.9,1
75096,15096,79,27,65,57.4,28.0,21,46.7,0
75097,15097,35,9,48,38.9,-25.0,0,91.8,3
75098,15098,17,5,16,54.4,0.5,0,45.8,2
75099,15099,45,9,46,65.5,30.8,26,50.6,1
75100,15100,35,9,51,79.8,35.4,42,79.0,1
75101,15101,38,9,56,45.2,-33.3,0,46.5,1
75102,15102,51,14,53,73.8,-2.9,32,43.7,2
75103,15103,38,14,35,67.6,-22.3,29,100.0,7
75104,15104,35,9,28,91.5,-19.4,37,81.8,4
75105,15105,71,13,59,62.4,-27.0,15,61.4,5
75106,15106,51,22,57,74.7,-39.2,0,81.4,6
75107,15107,48,11,60,76.3,3.5,29,64.7,3
75108,15108,39,9,39,47.8,-29.1,15,56.0,2
75109,15109,79,17,70,50.2,-17.2,0,100.0,1
75110,15110,88,27,62,41.1,14.6,19,70.0,4
75111,15111,20,13,19,43.6,19.4,0,51.1,1
75112,15112,31,6,37,57.5,25.5,48,71.3,3
75113,15113,91,36,118,66.2,-23.2,11,62.8,1
75114,15114,22,7,30,91.4,0.3,1,100.0,2
75115,15115,29,6,32,57.8,-20.5,19,98.2,1
75116,15116,100,20,144,29.0,-24.2,1,75.5,6
75117,15117,85,20,113,82.8,8.3,26,72.6,5
75118,15118,49,15,65,83.0,-31.9,41,97.1,4
75119,15119,135,33,96,54.1,-33.2,15,84.5,1
75120,15120,42,13,31,31.9,-5.2,60,70.0,0
75121,15121,21,9,28,60.6,27.1,25,40.9,2
75122,15122,51,18,48,53.5,8.6,9,83.2,3
75123,15123,12,3,11,84.7,-3.2,41,66.5,4
75124,15124,9,5,8,100.0,24.3,2,91.8,6
75125,15125,14,9,18,68.0,-6.8,27,71.4,1
75126,15126,17,11,21,70.7,-59.1,24,87.3,2
75127,15127,23,12,17,69.9,-33.4,13,99.0,2
75128,15128,37,18,49,67.4,-9.5,45,42.5,0
75129,15129,55,13,58,33.9,-10.8,13,75.0,4
75130,15130,87,28,112,46.0,5.5,17,59.7,1
75131,15131,20,12,29,59.3,35.8,19,83.1,3
75132,15132,77,34,93,58.3,35.8,24,92.8,1
75133,15133,28,8,35,66.7,-13.2,2,79.9,6
75134,15134,60,15,58,54.2,-13.2,31,59.6,0
75135,15135,229,42,274,30.5,12.2,35,79.5,4
75136,15136,86,24,110,64.9,17.0,23,100.0,2
75137,15137,40,20,36,93.3,-54.0,23,100.0,2
75138,15138,37,9,36,51.4,-15.3,0,79.1,3
75139,15139,24,6,19,70.4,10.2,30,72.5,4
75140,15140,109,38,143,94.4,8.6,0,66.0,3
75141,15141,91,22,109,100.0,-17.0,34,93.6,1
75142,15142,52,10,52,50.9,9.1,10,60.4,3
75143,15143,19,12,21,72.6,-16.1,0,93.0,1
75144,15144,37,16,46,46.5,-6.0,33,67.5,1
75145,15145,26,13,22,66.9,-13.9,16,90.2,3
75146,15146,73,17,91,44.1,31.5,5,90.6,2
75147,15147,37,9,45,57.3,6.0,14,68.2,2
75148,15148,67,36,82,97.3,-9.0,41,96.7,4
75149,15149,41,20,39,94.3,59.6,0,100.0,0
75150,15150,74,15,61,87.1,-9.6,30,78.0,5
75151,15151,23,6,23,61.7,-2.3,36,84.6,1
75152,15152,46,13,36,79.8,-15.3,18,100.0,4
75153,15153,155,43,129,85.8,4.8,35,66.1,3
75154,15154,39,18,45,68.5,-30.7,18,56.0,0
75155,15155,15,5,22,29.3,-8.4,35,79.8,6
75156,15156,54,14,47,54.8,55.0,40,71.2,3
75157,15157,48,14,54,44.0,-31.4,14,59.0,1
75158,15158,51,16,42,51.8,18.3,23,51.6,5
75159,15159,29,11,33,28.0,25.0,11,74.6,3
75160,15160,33,11,43,37.8,15.7,27,100.0,3
75161,15161,72,17,97,27.5,-35.7,7,79.9,2
75162,15162,81,15,102,73.0,14.7,34,83.1,4
75163,15163,112,22,97,100.0,-4.9,18,83.4,0
75164,15164,52,11,55,32.2,4.5,37,79.0,3
75165,15165,78,18,106,68.6,17.4,23,80.9,6
75166,15166,88,27,113,48.4,7.0,8,59.5,4
75167,15167,55,18,74,72.7,35.1,46,82.0,2
75168,15168,25,6,19,64.4,1.3,15,82.8,5
75169,15169,38,17,49,55.5,-25.5,26,51.4,4
75170,15170,115,22,121,62.8,16.0,3,83.0,4
75171,15171,53,27,52,45.5,-36.7,2,64.1,2
75172,15172,18,9,15,73.0,13.0,43,51.9,0
75173,15173,47,21,42,95.3,-4.7,15,100.0,2
75174,15174,14,8,17,93.6,-7.6,0,64.4,2
75175,15175,12,7,15,62.4,-5.4,44,56.3,2
75176,15176,44,21,50,79.0,-24.4,36,76.0,1
75177,15177,81,29,119,53.3,15.0,0,64.2,1
75178,15178,117,31,99,67.5,10.0,24,97.7,4
75179,15179,18,5,21,61.7,-20.2,8,94.6,3
75180,15180,95,53,123,63.8,6.5,6,81.1,1
75181,15181,43,10,38,69.7,-0.7,27,69.1,2
75182,15182,67,25,49,72.3,-21.7,28,87.2,3
75183,15183,57,18,51,75.5,-6.9,42,52.5,2
75184,15184,71,24,50,52.4,4.3,19,85.4,5
75185,15185,132,38,141,69.4,-11.8,36,100.0,1
75186,15186,57,35,42,58.1,-30.0,3,58.5,1
75187,15187,7,3,9,65.3,32.0,5,73.3,4
75188,15188,40,19,57,51.9,15.2,41,90.3,3
75189,15189,85,18,81,58.2,-53.3,10,67.8,1
75190,15190,41,11,48,15.6,20.2,13,91.5,3
75191,15191,59,13,80,89.6,-17.2,20,96.1,2
75192,15192,22,5,20,55.3,-5.1,16,39.0,2
75193,15193,82,32,104,90.2,49.0,42,72.7,0
75194,15194,78,22,110,63.3,-16.9,34,92.5,0
75195,15195,4,2,5,64.7,-6.9,22,85.2,5
75196,15196,51,11,63,97.5,41.3,3,95.2,6
75197,15197,19,8,15,85.3,3.4,11,90.7,1
75198,15198,87,16,72,24.3,-22.6,24,91.6,4
75199,15199,92,17,108,93.2,-10.5,34,74.8,2
75200,15200,32,15,27,38.9,-15.7,15,100.0,0
75201,15201,9,6,10,69.4,-7.2,6,84.9,0
75202,15202,49,25,68,82.7,-25.8,0,93.3,2
75203,15203,50,16,73,66.5,45.1,17,66.6,2
75204,15204,106,23,109,42.0,-20.2,0,79.7,2
75205,15205,142,29,117,76.9,-7.1,0,66.6,3
75206,15206,110,32,157,60.6,-15.3,19,58.6,3
75207,15207,80,16,86,92.8,9.8,44,66.3,2
75208,15208,35,7,33,73.3,6.8,4,100.0,1
75209,15209,117,30,175,73.3,23.1,25,71.6,3
75210,15210,14,5,20,74.0,6.7,24,38.7,4
75211,15211,260,58,272,80.9,-18.6,28,76.3,5
75212,15212,59,14,44,60.7,-5.0,15,77.6,8
75213,15213,47,14,55,82.0,25.1,5,58.1,2
75214,15214,78,17,99,100.0,18.4,13,58.5,3
75215,15215,134,28,94,91.4,-20.4,23,39.0,3
75216,15216,74,18,71,73.1,-41.7,9,100.0,3
75217,15217,27,17,21,62.8,32.2,9,76.5,2
75218,15218,30,9,42,57.3,-22.9,13,69.9,1
75219,15219,16,5,12,54.7,-15.6,19,100.0,1
75220,15220,61,12,89,81.6,19.0,0,63.7,2
75221,15221,28,8,20,57.3,-20.3,20,80.0,4
75222,15222,60,20,44,58.2,-8.8,27,68.6,2
75223,15223,39,14,41,24.5,-14.3,9,88.6,4
75224,15224,27,7,27,82.5,-27.4,31,64.8,1
75225,15225,23,13,17,75.6,-15.4,0,37.1,2
75226,15226,35,7,47,72.8,-1.8,6,64.5,1
75227,15227,84,21,63,71.1,-2.5,8,100.0,5
75228,15228,81,33,61,85.4,4.3,0,83.3,3
75229,15229,37,14,40,39.0,9.0,21,93.7,3
75230,15230,97,19,95,37.1,-5.5,16,54.9,2
75231,15231,24,15,20,60.2,-39.4,14,95.9,2
75232,15232,35,13,28,62.2,4.4,0,66.8,3
75233,15233,21,8,31,76.1,8.3,31,84.0,2
75234,15234,130,29,158,56.1,0.4,27,89.5,4
75235,15235,12,5,10,42.4,-8.8,28,61.0,3
75236,15236,28,16,27,70.6,11.4,42,65.3,0
75237,15237,76,25,93,72.5,4.9,0,59.0,3
75238,15238,88,20,68,77.3,-21.3,0,44.0,3
75239,15239,16,9,16,56.2,-29.0,31,83.6,3
75240,15240,35,16,25,67.2,16.4,71,70.3,0
75241,15241,185,46,219,24.8,30.0,17,74.0,3
75242,15242,112,26,155,63.6,51.9,66,94.2,3
75243,15243,14,9,20,98.1,13.1,10,94.5,4
75244,15244,84,16,102,74.0,6.5,14,79.1,5
75245,15245,109,36,147,44.8,4.6,0,76.6,2
75246,15246,59,20,77,42.7,-23.3,27,49.1,1
75247,15247,121,25,87,76.3,2.6,47,87.6,3
75248,15248,21,11,18,84.7,68.0,35,96.0,1
75249,15249,7,3,5,36.3,19.6,39,74.0,3
75250,15250,64,13,59,33.0,20.1,0,84.5,2
75251,15251,105,28,81,45.0,-10.4,11,94.2,1
75252,15252,95,24,105,87.4,6.0,12,66.4,4
75253,15253,63,23,54,83.1,-3.4,0,88.8,2
75254,15254,47,13,39,46.9,-3.7,27,54.0,0
75255,15255,58,12,86,89.2,-27.0,21,62.9,1
75256,15256,81,15,116,54.2,-31.6,11,100.0,2
75257,15257,34,11,29,89.8,-3.6,24,72.7,3
75258,15258,32,15,28,80.7,-37.2,0,80.6,5
75259,15259,38,13,49,100.0,-18.5,47,100.0,3
75260,15260,38,13,47,36.6,16.8,24,67.9,2
75261,15261,20,7,19,74.1,22.2,12,100.0,3
75262,15262,138,55,192,39.5,31.5,44,83.0,3
75263,15263,37,10,30,30.9,-7.2,0,42.0,6
75264,15264,48,9,63,65.4,3.5,25,91.2,2
75265,15265,51,30,73,48.9,22.4,11,74.0,1
75266,15266,42,11,34,38.8,-6.2,23,46.0,3
75267,15267,37,7,42,75.4,18.9,0,73.4,1
75268,15268,32,10,24,49.0,17.7,36,46.0,6
75269,15269,59,16,80,51.0,3.0,0,58.8,1
75270,15270,35,18,45,49.0,-10.3,22,70.7,2
75271,15271,74,19,80,57.2,-13.8,10,61.2,2
75272,15272,58,19,54,71.2,-14.4,19,89.6,4
75273,15273,66,15,56,100.0,5.7,0,79.3,6
75274,15274,109,31,139,44.2,-20.8,33,85.3,3
75275,15275,23,12,29,67.3,-39.7,31,87.8,4
75276,15276,21,10,23,93.7,1.8,0,59.1,3
75277,15277,116,23,94,56.3,-9.6,33,46.6,4
75278,15278,35,9,26,81.8,53.4,38,81.7,1
75279,15279,57,32,41,64.1,-40.5,27,83.4,2
75280,15280,16,6,23,59.2,6.7,15,70.2,0
75281,15281,245,54,196,54.7,17.1,20,79.3,5
75282,15282,31,8,34,49.1,5.1,18,74.2,7
75283,15283,145,29,197,57.4,8.1,8,76.2,4
75284,15284,69,26,74,88.1,9.6,36,91.6,6
75285,15285,40,8,28,60.0,15.0,7,81.6,2
75286,15286,99,31,133,32.7,-11.7,21,47.4,3
75287,15287,81,15,63,67.6,22.7,30,83.9,3
75288,15288,103,21,114,43.1,13.6,12,89.5,4
75289,15289,119,23,161,90.4,-4.8,29,72.3,2
75290,15290,121,25,140,45.7,16.2,24,100.0,1
75291,15291,40,9,34,47.4,13.8,2,79.3,4
75292,15292,61,13,49,55.9,19.7,11,48.1,1
75293,15293,78,21,116,66.1,14.6,19,75.2,2
75294,15294,31,10,28,46.5,2.6,54,53.5,1
75295,15295,47,15,33,84.0,20.6,11,82.7,1
75296,15296,22,7,22,79.9,38.8,38,88.9,5
75297,15297,42,12,54,57.9,39.6,7,83.6,2
75298,15298,76,18,78,68.8,32.0,28,67.3,5
75299,15299,30,10,25,70.2,-6.7,7,84.4,1
75300,15300,59,14,50,42.8,12.4,21,92.3,2
75301,15301,63,22,80,98.4,-20.6,16,65.0,5
75302,15302,49,13,71,59.7,14.5,0,87.4,2
75303,15303,108,26,99,91.5,18.5,12,66.9,1
75304,15304,55,18,79,79.5,-27.9,0,88.4,6
75305,15305,51,14,41,75.0,20.1,46,74.2,3
75306,15306,25,16,19,62.9,0.9,23,91.5,4
75307,15307,27,8,23,86.0,-22.2,45,46.3,3
75308,15308,100,21,101,82.3,37.6,0,70.8,2
75309,15309,49,18,55,67.2,60.2,7,100.0,2
75310,15310,36,14,32,80.3,-2.3,6,80.6,4
75311,15311,92,20,70,54.0,-60.1,0,57.3,2
75312,15312,75,27,97,32.8,-15.2,3,59.1,2
75313,15313,138,45,129,68.8,-50.0,44,75.7,3
75314,15314,62,13,70,65.6,25.8,44,94.9,6
75315,15315,11,6,14,31.3,-7.2,12,97.1,2
75316,15316,58,11,45,59.8,-17.8,26,63.5,4
75317,15317,9,4,10,47.9,-4.5,3,89.1,2
75318,15318,83,35,114,26.3,-10.1,42,100.0,1
75319,15319,60,13,59,51.6,1.4,0,66.6,2
75320,15320,30,15,34,68.1,-19.4,29,68.8,3
75321,15321,23,11,33,36.5,5.2,36,68.7,1
75322,15322,24,13,31,46.5,13.1,38,100.0,1
75323,15323,86,22,87,74.4,-64.7,2,60.6,1
75324,15324,224,46,183,65.7,-17.5,29,78.8,1
75325,15325,13,6,12,88.5,-12.4,34,82.7,3
75326,15326,65,21,74,56.8,25.0,10,72.3,0
75327,15327,25,6,21,67.5,4.1,34,83.2,1
75328,15328,54,20,53,26.9,-41.4,0,81.8,2
75329,15329,68,30,83,31.1,31.0,48,88.8,1
75330,15330,138,27,199,67.9,-3.0,39,87.2,4
75331,15331,30,7,26,98.3,8.1,19,100.0,4
75332,15332,26,5,23,96.3,29.7,22,61.5,5
75333,15333,74,16,92,25.3,-28.1,26,66.6,3
75334,15334,23,8,18,91.3,11.7,35,55.7,2
75335,15335,53,33,44,33.5,-21.9,6,75.4,5
75336,15336,67,20,56,86.2,9.6,12,89.8,6
75337,15337,53,18,65,52.6,-10.8,10,76.3,3
75338,15338,49,14,53,59.8,19.3,22,100.0,2
75339,15339,36,23,29,78.6,-16.2,34,57.4,1
75340,15340,36,10,33,75.9,-26.2,36,97.6,3
75341,15341,85,27,91,75.6,13.4,44,80.7,5
75342,15342,34,8,32,70.1,32.6,19,95.5,2
75343,15343,23,9,24,83.4,6.8,11,71.4,1
75344,15344,129,27,185,57.3,26.5,16,76.9,4
75345,15345,151,29,222,82.0,-21.7,29,31.2,2
75346,15346,67,31,100,45.0,-28.3,17,81.8,5
75347,15347,33,8,24,59.2,-14.8,38,79.9,4
75348,15348,52,13,66,86.4,-4.3,18,62.7,0
75349,15349,14,5,20,66.9,-20.9,35,27.4,0
75350,15350,43,22,61,80.1,-23.4,9,72.8,3
75351,15351,92,22,66,69.3,4.9,19,64.0,1
75352,15352,103,31,139,44.9,-4.2,30,96.7,2
75353,15353,23,10,25,33.3,4.1,13,72.0,3
75354,15354,43,25,59,63.6,7.0,33,84.6,1
75355,15355,211,40,268,79.9,-3.2,11,64.5,2
75356,15356,28,9,29,56.6,-24.0,30,60.8,1
75357,15357,22,5,21,50.7,38.2,0,99.9,4
75358,15358,25,12,18,75.3,46.3,4,74.0,1
75359,15359,56,14,63,25.4,1.3,45,66.8,0
75360,15360,11,7,11,41.2,38.3,32,100.0,0
75361,15361,22,7,21,56.2,-17.1,9,45.5,2
75362,15362,42,17,45,99.0,-24.9,19,97.7,10
75363,15363,37,13,40,71.3,-15.3,31,93.7,0
75364,15364,56,14,65,59.8,-18.0,0,60.2,1
75365,15365,50,17,61,83.6,-12.2,14,87.8,1
75366,15366,70,28,58,33.0,-14.2,0,94.9,2
75367,15367,74,17,65,55.1,-11.0,33,63.0,4
75368,15368,18,5,19,58.8,18.2,48,37.4,3
75369,15369,60,15,55,57.5,7.6,19,86.7,2
75370,15370,27,9,36,85.3,-14.6,24,46.0,4
75371,15371,18,7,20,58.8,-24.2,7,89.6,0
75372,15372,55,22,62,82.8,-28.4,14,80.2,4
75373,15373,109,20,125,83.7,-24.8,48,83.4,3
75374,15374,92,22,118,80.5,-0.8,20,49.0,4
75375,15375,25,13,32,61.2,-7.8,20,73.6,1
75376,15376,126,31,157,67.6,-9.4,34,74.4,3
75377,15377,36,19,28,50.3,19.5,5,84.5,1
75378,15378,32,12,42,80.1,37.3,16,68.6,4
75379,15379,68,14,91,30.1,-27.7,32,97.5,0
75380,15380,67,13,81,65.9,9.9,40,75.5,1
75381,15381,20,4,28,28.8,27.8,33,90.6,6
75382,15382,67,18,63,81.0,-7.8,48,60.8,1
75383,15383,26,8,20,79.3,13.2,37,97.3,4
75384,15384,12,5,11,88.4,-33.7,12,56.1,2
75385,15385,84,18,107,61.4,-2.6,2,56.8,2
75386,15386,92,23,121,76.3,-37.8,46,79.0,2
75387,15387,62,17,74,53.5,-9.4,1,100.0,3
75388,15388,68,27,57,29.8,31.8,46,73.6,2
75389,15389,33,12,42,64.4,-16.9,0,82.5,1
75390,15390,50,20,35,72.7,20.3,41,78.8,3
75391,15391,16,4,12,72.1,-38.2,31,100.0,3
75392,15392,59,15,46,64.6,-13.0,18,91.8,2
75393,15393,46,21,41,98.3,-15.8,37,99.6,1
75394,15394,40,14,42,65.3,-12.7,12,95.9,2
75395,15395,34,22,39,75.4,-26.8,44,83.7,3
75396,15396,27,12,30,57.9,11.0,5,77.3,2
75397,15397,11,3,14,69.1,-27.7,18,54.4,2
75398,15398,9,3,7,75.6,-20.6,35,68.9,5
75399,15399,50,13,59,54.2,9.4,23,62.3,1
75400,15400,57,18,61,42.6,-11.4,38,100.0,0
75401,15401,51,27,63,80.0,-20.7,30,74.0,3
75402,15402,46,11,68,60.7,30.8,20,73.3,2
75403,15403,206,39,205,59.6,-12.7,34,75.7,1
75404,15404,29,11,26,91.2,30.7,5,99.6,1
75405,15405,16,7,22,61.6,-9.6,0,86.8,3
75406,15406,53,11,49,61.2,14.5,31,52.9,6
75407,15407,103,40,143,51.2,14.6,18,81.3,0
75408,15408,45,15,34,62.6,-45.2,8,81.1,1
75409,15409,21,9,16,54.2,7.3,12,100.0,4
75410,15410,32,8,38,82.4,13.1,19,86.2,5
75411,15411,50,15,46,80.6,-15.5,4,57.7,1
75412,15412,12,4,12,79.5,13.2,32,82.9,4
75413,15413,28,11,20,64.5,31.2,0,79.8,2
75414,15414,138,26,154,65.8,-15.3,0,100.0,1
75415,15415,24,13,17,76.7,-1.0,24,88.0,0
75416,15416,36,14,50,56.3,4.3,19,79.6,2
75417,15417,35,12,43,81.0,1.2,33,76.7,2
75418,15418,43,9,45,35.4,14.8,9,84.4,4
75419,15419,69,13,84,41.9,9.4,0,42.8,0
75420,15420,9,6,10,65.1,-23.8,24,18.5,0
75421,15421,96,18,80,68.5,-23.4,26,68.0,5
75422,15422,176,33,199,90.3,0.7,32,89.9,5
75423,15423,26,5,37,85.9,12.9,33,57.4,5
75424,15424,150,29,181,100.0,-27.3,36,62.1,0
75425,15425,127,27,172,46.6,-1.4,22,82.4,1
75426,15426,22,8,20,55.2,1.7,29,47.9,4
75427,15427,216,46,223,80.0,4.4,23,65.2,1
75428,15428,41,12,38,49.1,0.2,34,89.1,1
75429,15429,40,11,52,66.2,-26.1,1,100.0,0
75430,15430,25,16,30,50.6,-3.3,7,92.3,1
75431,15431,48,14,56,39.0,-2.1,39,56.1,3
75432,15432,39,15,28,38.5,-9.2,0,77.6,6
75433,15433,51,18,71,13.6,-0.8,24,100.0,1
75434,15434,20,6,29,72.5,12.0,30,73.6,6
75435,15435,115,27,145,62.2,-29.6,0,93.7,2
75436,15436,27,15,38,62.2,12.4,48,53.0,6
75437,15437,59,15,81,20.0,12.7,32,68.6,2
75438,15438,84,31,114,67.9,39.1,24,68.0,1
75439,15439,38,8,49,76.7,41.6,0,100.0,3
75440,15440,122,24,92,51.0,31.8,17,93.7,3
75441,15441,32,17,26,80.6,8.0,25,80.3,6
75442,15442,50,10,69,40.3,23.4,0,96.3,3
75443,15443,26,7,26,70.2,10.0,8,94.1,4
75444,15444,86,40,112,19.3,27.7,5,73.8,1
75445,15445,25,16,21,57.2,5.7,12,73.3,2
75446,15446,47,12,57,67.0,-19.9,20,62.4,2
75447,15447,83,23,74,52.5,11.8,45,79.2,2
75448,15448,74,17,78,57.7,-27.8,30,100.0,2
75449,15449,81,23,75,89.8,8.0,41,34.1,0
75450,15450,27,17,29,42.3,47.4,0,97.8,1
75451,15451,23,7,34,22.6,-26.5,2,35.1,2
75452,15452,88,18,109,76.1,4.7,6,72.4,5
75453,15453,24,8,33,32.1,-5.6,0,100.0,1
75454,15454,33,13,36,55.1,33.9,31,83.7,2
75455,15455,59,22,42,41.0,-2.6,21,48.8,1
75456,15456,13,7,17,70.5,-32.3,20,55.9,5
75457,15457,42,14,62,81.3,-10.0,32,80.9,1
75458,15458,65,14,60,42.2,17.1,20,69.3,0
75459,15459,26,15,32,84.3,30.3,30,86.0,1
75460,15460,114,22,119,45.2,-18.3,22,75.0,1
75461,15461,50,15,57,70.2,-3.8,52,71.7,2
75462,15462,21,5,16,47.5,2.2,0,90.5,2
75463,15463,45,15,59,88.8,-7.0,9,90.6,2
75464,15464,26,10,36,5.0,-6.0,18,98.4,2
75465,15465,30,16,23,28.2,10.8,11,63.9,3
75466,15466,24,7,27,57.3,30.9,17,95.4,3
75467,15467,54,17,71,34.4,3.8,12,80.7,1
75468,15468,53,14,79,83.5,2.8,6,91.0,5
75469,15469,68,22,65,27.3,-42.6,12,100.0,0
75470,15470,33,10,32,53.5,26.8,0,71.9,4
75471,15471,37,8,52,100.0,18.7,0,65.5,5
75472,15472,12,6,15,78.6,-34.6,36,100.0,2
75473,15473,34,11,50,23.3,-8.7,39,49.7,2
75474,15474,60,29,65,100.0,-39.9,18,100.0,3
75475,15475,73,14,87,98.8,23.0,25,85.6,1
75476,15476,39,8,30,45.5,-15.1,32,81.6,2
75477,15477,34,7,50,68.8,-7.2,23,70.0,2
75478,15478,16,8,16,35.0,-21.7,54,100.0,2
75479,15479,40,8,46,65.5,-6.8,6,78.4,3
75480,15480,27,13,31,67.3,-48.9,34,25.3,4
75481,15481,57,17,61,58.1,31.0,30,78.1,1
75482,15482,51,27,68,69.3,33.1,29,76.6,4
75483,15483,89,17,104,84.3,-10.0,25,68.3,2
75484,15484,125,23,110,57.8,-45.4,41,64.0,3
75485,15485,83,26,81,27.7,-20.8,1,78.7,4
75486,15486,132,25,193,46.0,-19.0,0,82.0,7
75487,15487,9,5,12,57.7,-3.2,34,79.5,6
75488,15488,41,8,60,53.4,-17.3,0,53.2,2
75489,15489,26,9,23,71.4,-27.0,40,93.1,0
75490,15490,133,32,140,74.4,-15.0,1,97.7,1
75491,15491,29,10,22,43.6,-2.7,28,10.3,1
75492,15492,129,33,138,44.4,-49.5,15,57.5,3
75493,15493,68,28,60,100.0,22.8,2,98.6,3
75494,15494,16,4,17,59.7,24.5,0,86.4,3
75495,15495,64,18,60,87.7,16.2,28,63.0,2
75496,15496,24,8,18,20.6,13.9,16,82.0,7
75497,15497,29,9,27,100.0,-39.0,18,88.4,2
75498,15498,35,10,39,53.6,-13.2,0,100.0,1
75499,15499,25,8,19,32.0,-9.0,49,68.9,3
75500,15500,25,14,30,64.8,-10.8,15,79.2,0
75501,15501,60,13,75,100.0,9.1,0,37.7,6
75502,15502,67,16,67,100.0,-2.1,0,63.7,5
75503,15503,38,9,54,60.9,10.5,29,87.9,3
75504,15504,36,21,28,59.9,56.2,0,100.0,0
75505,15505,64,14,77,32.7,-2.6,26,93.8,0
75506,15506,37,8,48,98.4,-0.3,0,61.1,3
75507,15507,65,14,86,88.6,9.8,17,80.2,2
75508,15508,40,10,42,94.4,-25.0,2,95.8,0
75509,15509,57,16,52,47.2,32.2,37,66.1,4
75510,15510,160,32,235,84.2,39.4,10,91.3,2
75511,15511,61,16,88,50.3,-16.8,32,64.3,6
75512,15512,37,20,55,100.0,-22.0,4,70.8,2
75513,15513,26,9,33,40.6,-26.7,35,70.6,1
75514,15514,131,30,174,53.0,4.5,17,73.8,3
75515,15515,66,21,95,77.8,16.8,48,98.1,4
75516,15516,179,38,189,33.6,-13.7,12,48.2,1
75517,15517,104,31,86,58.7,14.4,4,98.5,7
75518,15518,131,43,150,38.3,-31.0,28,93.8,6
75519,15519,12,4,13,54.3,11.7,17,92.6,2
75520,15520,36,13,48,42.4,2.7,0,80.8,5
75521,15521,85,25,110,70.0,-43.4,11,67.0,3
75522,15522,94,24,87,77.6,48.9,30,62.1,1
75523,15523,68,13,53,58.6,-24.0,0,63.9,1
75524,15524,71,16,82,96.1,-13.3,30,52.1,2
75525,15525,28,12,35,54.9,-3.4,35,100.0,4
75526,15526,20,6,22,47.1,-7.3,1,75.3,3
75527,15527,44,16,54,56.1,-12.9,0,68.2,2
75528,15528,12,5,16,50.1,29.7,0,88.5,3
75529,15529,124,30,131,22.5,-20.3,47,76.2,4
75530,15530,16,8,18,89.7,-32.0,23,58.8,1
75531,15531,22,14,27,38.0,12.4,0,83.3,2
75532,15532,19,6,23,57.5,-27.6,19,100.0,1
75533,15533,29,14,32,78.0,-39.6,27,100.0,2
75534,15534,64,18,58,59.9,22.8,21,96.7,1
75535,15535,30,8,37,65.6,-3.5,0,72.1,3
75536,15536,22,10,22,53.4,-0.1,18,89.2,2
75537,15537,81,19,86,85.3,27.6,9,69.9,1
75538,15538,27,14,30,72.2,2.4,0,55.9,1
75539,15539,48,12,52,30.6,26.9,26,92.5,0
75540,15540,69,17,85,93.5,1.8,47,48.4,5
75541,15541,24,5,27,50.6,19.7,0,75.1,1
75542,15542,76,15,71,85.7,-31.4,23,81.5,6
75543,15543,25,6,37,67.4,18.5,8,100.0,3
75544,15544,108,27,161,29.2,-12.9,11,91.9,3
75545,15545,67,16,51,63.4,3.2,2,60.8,1
75546,15546,58,16,72,75.1,2.5,11,100.0,0
75547,15547,63,16,89,70.5,25.4,38,60.8,4
75548,15548,41,8,60,76.2,-28.8,6,71.0,4
75549,15549,90,21,121,57.1,-13.1,11,64.2,0
75550,15550,30,11,42,17.7,-21.6,30,63.6,4
75551,15551,70,16,69,41.8,-31.4,15,65.0,3
75552,15552,17,9,23,83.1,50.3,1,100.0,3
75553,15553,33,10,39,61.2,-2.2,26,85.6,3
75554,15554,58,19,60,85.4,2.8,0,98.3,1
75555,15555,125,44,168,61.1,-27.9,23,100.0,1
75556,15556,80,20,70,100.0,34.3,58,71.8,4
75557,15557,44,20,64,60.7,-13.8,0,85.4,4
75558,15558,184,35,197,71.9,-6.9,27,83.7,1
75559,15559,33,13,46,99.4,-13.5,10,61.4,4
75560,15560,77,18,69,39.8,37.2,68,62.6,4
75561,15561,13,4,18,69.2,10.4,5,78.8,2
75562,15562,114,49,129,49.1,12.8,17,82.4,4
75563,15563,45,14,41,25.2,-35.2,0,82.2,1
75564,15564,29,10,34,68.0,-9.3,25,80.9,3
75565,15565,226,49,172,79.5,30.7,0,69.6,5
75566,15566,21,5,21,43.7,-9.1,13,86.6,3
75567,15567,106,22,119,100.0,1.2,23,71.7,0
75568,15568,17,10,19,63.4,-27.9,31,94.5,2
75569,15569,63,13,75,60.1,-19.0,24,52.7,7
75570,15570,132,42,97,58.9,19.7,15,74.0,4
75571,15571,30,12,39,60.7,-10.2,0,71.0,3
75572,15572,21,9,16,100.0,32.7,47,80.2,1
75573,15573,89,31,129,74.3,1.1,8,89.9,2
75574,15574,40,14,46,86.3,-8.5,0,82.9,2
75575,15575,31,15,46,43.0,-23.5,17,53.6,2
75576,15576,27,7,23,78.5,10.0,8,60.1,1
75577,15577,20,11,26,79.0,35.0,7,93.6,5
75578,15578,175,50,204,62.4,1.2,0,64.3,1
75579,15579,126,41,172,31.7,5.9,11,97.2,2
75580,15580,133,28,99,60.9,-1.9,34,66.9,4
75581,15581,21,9,21,40.0,12.0,23,87.2,3
75582,15582,71,19,87,67.6,15.0,22,61.4,1
75583,15583,36,18,33,51.6,0.1,26,77.0,3
75584,15584,140,32,200,100.0,-27.1,17,51.7,3
75585,15585,70,25,92,39.4,24.5,41,90.0,1
75586,15586,64,12,64,46.8,-13.0,11,61.3,4
75587,15587,62,12,51,36.8,27.0,40,100.0,3
75588,15588,55,16,68,96.1,-25.1,6,74.2,0
75589,15589,196,42,250,46.2,33.7,23,78.5,2
75590,15590,13,7,12,57.1,-6.5,23,99.2,0
75591,15591,60,13,46,53.0,-11.0,4,97.4,1
75592,15592,30,9,24,80.2,-19.2,39,92.2,4
75593,15593,15,8,21,97.9,4.8,23,94.6,3
75594,15594,139,53,139,89.2,-23.9,42,100.0,4
75595,15595,51,19,68,55.4,26.8,8,85.2,2
75596,15596,26,6,27,26.3,-13.0,8,92.2,2
75597,15597,56,12,73,31.5,15.9,8,76.2,2
75598,15598,36,10,49,66.9,-33.6,9,70.7,4
75599,15599,37,13,36,39.4,39.4,37,100.0,0
75600,15600,56,18,84,60.3,7.5,2,79.0,2
75601,15601,28,7,24,37.6,9.2,17,91.8,0
75602,15602,32,8,37,87.7,5.1,20,74.2,3
75603,15603,9,4,11,31.3,35.9,4,45.2,3
75604,15604,109,31,90,49.5,15.6,21,89.2,0
75605,15605,34,9,25,26.3,0.7,43,79.5,0
75606,15606,108,24,86,39.3,4.2,22,94.0,3
75607,15607,30,9,24,82.5,-33.5,33,68.4,3
75608,15608,126,24,152,70.7,27.9,54,70.6,1
75609,15609,29,7,43,66.3,-12.7,0,77.8,3
75610,15610,66,15,72,43.4,2.9,42,73.6,3
75611,15611,58,15,77,38.0,61.7,7,58.6,3
75612,15612,93,19,73,35.2,-48.7,21,56.6,3
75613,15613,162,55,159,74.5,19.4,4,55.3,2
75614,15614,15,9,12,64.3,-0.2,9,100.0,4
75615,15615,29,15,36,63.4,-30.7,12,65.5,3
75616,15616,35,11,51,100.0,-7.5,23,41.7,1
75617,15617,64,21,62,39.5,-14.4,2,100.0,1
75618,15618,10,3,9,75.1,-15.7,44,100.0,2
75619,15619,73,20,77,35.2,8.6,51,100.0,3
75620,15620,13,4,10,71.1,-11.3,7,80.3,3
75621,15621,27,16,35,100.0,1.8,10,95.4,4
75622,15622,127,27,182,62.4,2.3,38,77.6,3
75623,15623,110,21,85,99.0,-25.4,24,80.9,2
75624,15624,141,37,139,38.7,-7.9,0,65.8,2
75625,15625,54,16,75,66.0,-2.0,6,73.2,1
75626,15626,35,18,29,84.6,4.3,17,80.7,6
75627,15627,36,7,45,80.2,5.1,26,100.0,0
75628,15628,38,13,33,75.1,9.8,0,59.2,2
75629,15629,87,19,112,13.1,5.2,0,84.1,1
75630,15630,18,8,22,85.5,12.5,29,82.9,5
75631,15631,108,21,158,88.8,-3.7,23,88.2,3
75632,15632,48,11,55,67.7,-28.3,27,44.4,1
75633,15633,25,9,27,95.6,-8.7,0,50.8,1
75634,15634,109,24,121,45.1,-11.1,25,62.7,4
75635,15635,33,12,39,92.8,-20.9,41,89.0,4
75636,15636,9,4,13,52.6,-9.0,13,90.7,3
75637,15637,99,21,74,61.3,-13.0,32,73.9,2
75638,15638,63,12,74,47.0,-6.3,2,69.3,1
75639,15639,24,14,27,32.2,-15.2,0,68.1,3
75640,15640,17,9,25,53.7,-19.6,0,84.2,1
75641,15641,40,8,53,53.3,-28.4,47,82.9,1
75642,15642,196,37,274,65.6,10.8,9,53.5,3
75643,15643,26,6,20,47.6,14.6,43,49.0,3
75644,15644,19,6,26,66.0,13.7,4,76.6,2
75645,15645,18,5,23,65.4,30.1,17,66.7,0
75646,15646,33,11,36,80.6,-31.7,30,98.3,3
75647,15647,47,9,45,91.5,18.6,40,76.6,2
75648,15648,135,32,133,68.6,4.4,28,100.0,4
75649,15649,74,14,90,65.6,-24.5,8,81.2,5
75650,15650,51,10,40,80.6,0.9,0,97.7,0
75651,15651,110,26,98,72.2,0.9,35,100.0,5
75652,15652,27,11,33,77.0,0.6,9,98.5,4
75653,15653,23,7,22,52.0,6.8,13,80.4,2
75654,15654,88,21,117,40.6,-10.4,17,82.0,4
75655,15655,61,18,79,94.0,11.4,0,61.4,0
75656,15656,43,13,47,51.4,0.0,0,90.1,6
75657,15657,38,12,51,83.9,40.6,20,80.9,5
75658,15658,60,27,50,53.4,34.0,39,87.9,1
75659,15659,70,23,95,18.7,-6.5,9,98.0,3
75660,15660,49,9,42,57.6,-12.1,11,69.7,1
75661,15661,35,14,44,54.7,-20.0,46,83.4,3
75662,15662,36,13,45,68.4,-12.4,33,71.4,0
75663,15663,134,25,159,54.5,-21.1,26,75.3,1
75664,15664,78,22,89,63.5,-14.7,17,74.0,5
75665,15665,106,23,149,75.0,-45.0,0,64.8,6
75666,15666,47,19,58,90.8,12.8,0,80.2,4
75667,15667,280,90,275,50.7,-49.3,29,53.1,1
75668,15668,72,18,96,77.6,-22.8,28,100.0,2
75669,15669,30,12,26,48.0,-3.4,0,47.7,3
75670,15670,64,21,62,81.6,-0.9,0,74.3,1
75671,15671,109,32,144,72.3,31.7,21,100.0,3
75672,15672,15,3,22,58.7,25.4,28,96.7,1
75673,15673,102,24,146,90.9,22.6,17,99.4,4
75674,15674,41,8,39,8.0,18.4,23,77.4,5
75675,15675,209,39,288,51.6,-11.8,8,74.6,3
75676,15676,37,11,42,20.8,40.1,31,80.4,6
75677,15677,143,45,150,23.6,3.4,22,61.9,2
75678,15678,34,9,38,68.2,-36.9,10,53.5,1
75679,15679,46,9,58,39.2,-43.1,55,78.2,2
75680,15680,13,8,14,79.0,1.1,22,53.2,1
75681,15681,39,16,29,83.5,-7.0,15,78.2,3
75682,15682,49,10,36,78.8,-51.1,19,53.1,4
75683,15683,47,13,51,28.9,20.1,11,98.0,4
75684,15684,150,31,158,63.8,15.9,33,50.2,2
75685,15685,53,13,71,60.1,11.0,11,100.0,4
75686,15686,33,7,29,66.5,-14.8,15,76.4,7
75687,15687,35,11,41,85.3,25.9,0,58.4,1
75688,15688,74,48,89,69.9,23.0,48,60.1,1
75689,15689,13,3,11,28.6,-36.2,2,68.1,1
75690,15690,84,24,71,60.8,8.4,2,85.7,1
75691,15691,43,8,55,69.3,29.3,23,80.6,2
75692,15692,28,14,25,67.8,-18.4,37,73.8,1
75693,15693,48,12,43,57.2,9.2,41,54.4,1
75694,15694,49,18,44,82.0,33.4,1,80.5,5
75695,15695,46,13,57,71.2,14.4,35,56.0,5
75696,15696,34,19,42,51.2,0.6,27,87.3,1
75697,15697,64,13,94,18.0,11.7,33,94.0,2
75698,15698,30,6,32,64.2,32.0,39,91.3,1
75699,15699,153,44,133,65.7,-9.8,26,100.0,2
75700,15700,15,8,16,82.4,19.5,61,56.3,2
75701,15701,38,10,42,33.7,15.8,12,85.8,2
75702,15702,42,16,36,36.0,2.6,0,100.0,3
75703,15703,35,22,46,82.8,-18.4,7,100.0,4
75704,15704,82,17,64,69.0,-10.5,19,88.1,2
75705,15705,58,29,42,62.8,26.7,15,100.0,3
75706,15706,94,18,78,43.5,24.3,50,67.1,6
75707,15707,83,20,60,68.0,-11.6,18,53.3,3
75708,15708,41,20,32,92.7,-3.7,28,80.1,2
75709,15709,18,7,14,41.6,-11.5,1,77.3,1
75710,15710,168,31,210,39.2,2.5,15,77.7,10
75711,15711,57,14,73,7.0,-12.2,30,97.2,1
75712,15712,123,36,118,69.8,-8.0,17,68.4,3
75713,15713,85,16,73,57.3,33.6,0,80.1,5
75714,15714,37,23,49,48.0,0.6,15,73.7,3
75715,15715,30,10,25,84.6,-39.9,0,75.2,4
75716,15716,76,16,77,66.6,-46.8,0,48.0,1
75717,15717,101,19,117,40.3,17.1,19,66.6,1
75718,15718,65,14,74,47.3,22.0,0,84.5,4
75719,15719,89,22,93,47.2,38.4,0,100.0,2
75720,15720,22,11,25,27.2,11.2,24,52.6,2
75721,15721,55,15,68,84.4,-33.0,26,78.2,3
75722,15722,76,20,68,67.8,-27.4,22,100.0,4
75723,15723,135,28,137,71.4,28.6,13,59.8,4
75724,15724,79,19,99,47.2,21.9,13,75.2,2
75725,15725,73,15,58,75.6,-9.7,40,69.2,2
75726,15726,31,8,30,84.7,4.0,11,80.0,0
75727,15727,47,23,34,65.6,-21.8,5,77.4,1
75728,15728,81,18,70,75.1,-25.0,56,61.2,5
75729,15729,32,8,33,42.1,-30.9,54,63.8,1
75730,15730,67,23,61,100.0,-1.5,0,82.1,3
75731,15731,119,25,158,75.3,-2.2,31,98.9,1
75732,15732,81,16,83,95.6,-5.6,8,80.7,1
75733,15733,89,20,85,73.8,7.5,33,91.7,5
75734,15734,31,9,45,55.9,-23.0,0,79.8,1
75735,15735,44,16,53,55.2,11.0,16,78.8,2
75736,15736,31,13,39,54.8,8.1,10,61.7,3
75737,15737,58,12,81,61.4,12.3,6,92.3,2
75738,15738,29,7,27,67.3,4.9,24,63.9,3
75739,15739,28,7,32,73.9,-21.0,5,55.9,1
75740,15740,23,10,24,63.6,-4.8,33,79.8,4
75741,15741,56,15,52,30.3,25.6,14,69.4,1
75742,15742,98,18,69,33.7,8.7,33,100.0,2
75743,15743,112,34,91,64.0,-6.5,27,100.0,1
75744,15744,122,33,165,48.3,13.3,43,70.3,5
75745,15745,65,13,53,100.0,-4.9,0,80.6,2
75746,15746,110,22,157,79.9,-16.0,0,72.7,3
75747,15747,55,31,50,66.7,-20.0,10,74.5,4
75748,15748,153,30,164,40.6,-3.9,28,95.3,1
75749,15749,177,43,246,61.4,-24.1,28,75.8,1
75750,15750,46,16,45,54.9,-53.6,31,56.9,4
75751,15751,41,9,36,33.3,-19.3,7,80.6,2
75752,15752,148,43,107,89.0,9.0,10,91.3,1
75753,15753,30,8,44,54.0,-22.7,22,66.3,2
75754,15754,117,29,120,69.2,-15.5,24,70.2,1
75755,15755,132,28,186,44.8,-45.1,3,78.7,5
75756,15756,54,16,57,76.2,6.5,0,70.3,2
75757,15757,23,9,32,56.9,13.8,27,53.9,3
75758,15758,87,22,68,54.7,12.7,20,58.4,4
75759,15759,65,12,68,47.6,5.1,0,47.0,0
75760,15760,25,13,26,58.0,-4.8,0,63.9,2
75761,15761,21,14,31,46.3,2.9,28,78.5,0
75762,15762,12,4,13,64.5,-21.9,24,100.0,4
75763,15763,140,38,110,72.7,35.5,34,52.1,3
75764,15764,32,9,46,68.4,33.0,9,100.0,1
75765,15765,30,11,44,38.8,48.2,7,67.7,2
75766,15766,199,38,204,45.1,1.6,50,71.1,1
75767,15767,27,11,36,71.6,-25.4,15,70.7,2
75768,15768,38,19,29,76.7,5.3,39,22.4,2
75769,15769,12,5,12,52.2,23.1,19,84.6,3
75770,15770,17,9,19,57.5,-1.3,19,96.8,2
75771,15771,254,52,355,55.9,5.5,42,82.0,3
75772,15772,75,24,59,70.9,-26.1,34,85.0,3
75773,15773,19,4,19,46.5,9.0,31,49.1,1
75774,15774,85,21,94,71.6,20.5,28,95.6,2
75775,15775,48,14,59,66.6,3.7,31,98.8,1
75776,15776,23,12,18,57.5,-32.1,13,57.9,2
75777,15777,21,13,19,66.7,-5.4,23,70.0,1
75778,15778,60,16,44,63.5,1.8,25,61.0,2
75779,15779,44,19,36,50.6,30.6,22,86.4,0
75780,15780,10,3,11,49.1,14.4,23,80.7,3
75781,15781,42,8,37,67.5,-44.4,12,67.8,5
75782,15782,51,25,55,60.9,39.9,6,100.0,2
75783,15783,177,41,236,66.4,-11.6,16,89.1,0
75784,15784,28,12,28,51.9,1.2,12,44.4,0
75785,15785,27,11,35,66.7,-24.6,5,59.9,3
75786,15786,182,45,239,65.7,-4.9,32,70.4,1
75787,15787,20,10,23,90.0,14.1,48,88.2,5
75788,15788,149,49,137,39.5,9.0,31,81.7,1
75789,15789,100,33,134,66.0,-6.9,16,75.5,6
75790,15790,27,8,27,68.8,42.5,8,48.5,3
75791,15791,50,18,59,88.8,-2.5,33,75.3,1
75792,15792,54,21,59,76.8,-16.6,22,80.0,5
75793,15793,46,10,55,86.8,-1.6,26,92.1,3
75794,15794,45,25,62,44.0,2.3,4,92.8,1
75795,15795,20,4,20,74.6,-14.8,26,96.3,4
75796,15796,155,32,222,87.7,23.1,0,100.0,2
75797,15797,21,4,17,46.9,4.2,27,100.0,3
75798,15798,71,29,65,59.0,8.5,3,75.2,3
75799,15799,331,64,475,80.8,-10.6,28,48.7,2
75800,15800,86,26,65,53.2,-1.9,9,80.4,5
75801,15801,72,17,77,71.8,6.7,32,33.3,0
75802,15802,15,3,14,59.6,-10.5,27,76.7,1
75803,15803,23,13,31,82.6,4.3,36,46.0,3
75804,15804,20,12,15,63.2,14.3,38,60.1,1
75805,15805,25,11,20,53.0,-15.4,13,43.0,2
75806,15806,34,9,28,74.2,-17.9,39,73.6,2
75807,15807,46,10,44,42.6,-37.4,4,93.0,2
75808,15808,18,4,25,49.3,-34.9,33,84.8,2
75809,15809,56,11,78,53.0,-14.3,0,86.6,2
75810,15810,56,15,48,50.9,-15.4,0,81.4,1
75811,15811,34,9,38,44.5,7.5,54,62.3,6
75812,15812,83,46,102,78.5,18.6,23,82.7,2
75813,15813,59,13,61,50.5,-36.1,0,88.0,1
75814,15814,51,15,74,62.0,-22.5,40,69.7,3
75815,15815,21,9,24,46.3,-30.4,31,50.1,4
75816,15816,20,10,21,71.3,-29.5,1,64.4,4
75817,15817,30,6,36,60.2,-8.3,24,78.9,2
75818,15818,69,18,94,63.3,44.3,29,53.4,2
75819,15819,199,50,181,50.3,10.0,7,82.8,3
75820,15820,39,16,56,67.5,9.3,7,84.3,2
75821,15821,118,32,113,76.4,-20.6,0,78.1,4
75822,15822,38,18,46,39.3,29.4,9,75.1,2
75823,15823,102,32,130,84.9,2.2,0,91.6,3
75824,15824,79,32,112,49.9,-49.6,8,100.0,7
75825,15825,24,11,29,30.3,0.6,30,84.9,3
75826,15826,94,20,136,75.9,9.3,38,90.6,2
75827,15827,46,11,58,51.5,-13.3,33,81.6,1
75828,15828,66,14,88,27.4,-6.8,24,87.6,0
75829,15829,58,12,77,59.9,10.3,6,70.4,2
75830,15830,76,25,90,59.3,65.5,10,87.2,2
75831,15831,113,25,160,42.9,-26.7,34,48.3,4
75832,15832,62,14,60,63.6,-60.5,19,65.2,3
75833,15833,37,15,32,76.7,-13.3,0,100.0,3
75834,15834,51,12,43,57.6,-26.5,5,86.0,2
75835,15835,151,29,169,100.0,-13.9,0,67.6,4
75836,15836,34,8,49,49.6,-0.5,21,100.0,3
75837,15837,37,13,43,71.3,9.7,7,41.0,2
75838,15838,56,13,78,53.9,-30.7,36,92.4,1
75839,15839,54,14,44,71.0,-6.2,18,73.7,1
75840,15840,52,11,66,64.0,16.7,16,64.5,2
75841,15841,36,14,54,74.3,-8.0,30,91.7,4
75842,15842,49,23,56,32.2,-10.8,29,66.1,3
75843,15843,36,11,48,80.7,-14.1,31,93.6,1
75844,15844,28,7,31,66.2,12.2,17,95.8,2
75845,15845,17,9,24,47.8,5.0,19,87.6,1
75846,15846,38,15,45,72.2,12.2,8,75.6,2
75847,15847,30,14,26,42.1,37.7,9,79.5,4
75848,15848,73,16,65,100.0,-42.9,20,86.2,2
75849,15849,30,7,30,49.6,36.6,44,89.6,2
75850,15850,12,3,18,63.6,-14.9,0,85.8,1
75851,15851,47,14,56,47.6,-8.2,0,100.0,2
75852,15852,161,49,175,67.0,-9.2,0,38.1,2
75853,15853,79,22,79,70.9,-3.5,17,84.2,6
75854,15854,105,22,147,65.5,33.1,14,81.9,0
75855,15855,31,8,29,56.3,-8.4,0,86.6,0
75856,15856,153,34,165,100.0,16.4,0,61.1,1
75857,15857,5,2,4,84.9,17.4,24,78.4,2
75858,15858,55,16,55,86.9,-4.6,8,79.6,1
75859,15859,48,12,67,90.8,4.8,50,87.5,2
75860,15860,88,32,67,64.5,-44.3,19,79.3,2
75861,15861,57,16,42,58.0,-24.2,7,90.9,3
75862,15862,24,5,25,76.9,-18.8,16,100.0,2
75863,15863,33,18,41,66.1,-13.0,10,92.9,0
75864,15864,52,11,38,65.3,-33.9,4,100.0,2
75865,15865,23,6,25,64.5,20.1,0,66.9,2
75866,15866,19,6,14,71.6,9.6,24,97.4,2
75867,15867,60,16,74,59.2,3.7,31,93.0,3
75868,15868,63,16,80,49.2,10.5,56,84.1,0
75869,15869,51,11,72,72.7,-13.7,5,65.9,2
75870,15870,108,23,157,48.9,32.3,23,42.7,2
75871,15871,40,9,53,66.6,-13.3,15,86.1,2
75872,15872,14,9,16,26.2,21.5,29,66.4,4
75873,15873,60,16,52,63.8,41.6,24,61.0,2
75874,15874,106,33,133,80.0,13.4,40,47.7,0
75875,15875,80,21,119,58.4,-4.6,0,65.9,2
75876,15876,43,11,60,59.6,2.8,4,93.6,2
75877,15877,115,29,135,32.5,11.9,19,78.6,5
75878,15878,55,19,79,81.1,-14.9,25,73.3,3
75879,15879,46,14,46,100.0,13.5,39,69.0,1
75880,15880,44,28,51,39.7,28.0,4,92.3,6
75881,15881,16,3,18,53.4,-34.8,0,100.0,2
75882,15882,229,42,255,49.3,-24.5,40,50.2,9
75883,15883,22,7,33,66.0,3.1,12,76.8,1
75884,15884,73,23,65,59.3,8.8,7,27.9,3
75885,15885,30,9,22,95.5,-14.9,15,95.0,0
75886,15886,45,17,32,73.6,19.7,26,91.9,2
75887,15887,52,16,45,70.2,-10.8,22,54.3,7
75888,15888,59,20,68,66.5,-8.6,11,26.8,3
75889,15889,25,16,33,42.8,-44.9,7,85.7,3
75890,15890,28,14,25,23.6,-10.1,35,76.5,0
75891,15891,36,20,30,47.9,30.9,10,96.3,0
75892,15892,44,18,45,40.4,13.1,24,82.5,3
75893,15893,15,8,19,66.8,5.4,42,84.6,1
75894,15894,24,10,21,42.4,11.0,42,77.5,1
75895,15895,26,17,31,9.1,-3.0,0,100.0,2
75896,15896,60,11,65,43.0,-6.9,23,55.2,2
75897,15897,29,15,23,100.0,2.0,0,96.1,5
75898,15898,34,7,35,89.0,16.6,20,67.4,4
75899,15899,55,29,51,51.2,45.7,35,53.5,3
75900,15900,49,18,56,92.9,16.8,12,96.3,1
75901,15901,68,13,85,50.9,22.0,4,77.9,3
75902,15902,22,8,32,52.3,-25.8,3,81.0,5
75903,15903,29,7,36,67.9,-12.1,0,76.4,3
75904,15904,44,16,34,29.1,18.4,11,86.9,4
75905,15905,53,10,62,100.0,-5.4,15,90.5,1
75906,15906,9,6,12,67.3,9.0,60,87.8,3
75907,15907,55,22,59,55.6,10.5,29,86.4,3
75908,15908,158,50,186,67.7,3.6,27,77.6,0
75909,15909,43,9,44,77.4,31.6,0,80.7,3
75910,15910,27,7,22,62.7,-33.0,36,100.0,2
75911,15911,142,28,126,70.2,35.0,25,89.9,1
75912,15912,55,11,61,51.6,-8.8,62,88.5,2
75913,15913,133,25,170,52.7,-4.1,0,41.9,1
75914,15914,47,21,53,59.0,27.4,0,89.8,3
75915,15915,70,22,80,57.1,-4.9,25,85.3,3
75916,15916,26,8,27,74.4,40.4,36,44.8,3
75917,15917,66,33,58,51.2,21.2,43,73.2,1
75918,15918,53,10,52,56.6,7.9,34,69.0,2
75919,15919,68,23,57,79.2,24.7,18,100.0,3
75920,15920,20,5,25,44.7,8.1,22,66.8,2
75921,15921,27,7,33,33.1,-1.0,7,73.5,1
75922,15922,39,16,50,50.6,-32.6,60,63.5,3
75923,15923,34,9,27,30.3,4.8,41,100.0,1
75924,15924,25,10,25,36.0,-3.0,0,48.4,2
75925,15925,26,10,33,54.1,18.7,31,59.3,2
75926,15926,93,25,126,56.5,9.4,49,71.8,2
75927,15927,47,14,70,73.1,0.0,16,84.2,4
75928,15928,42,13,61,82.9,-1.4,19,35.2,2
75929,15929,28,9,22,57.2,18.6,0,97.2,2
75930,15930,172,38,229,59.4,-12.8,8,94.3,2
75931,15931,21,8,26,43.3,-11.8,11,51.5,0
75932,15932,41,15,29,75.6,39.6,24,96.9,2
75933,15933,46,12,65,44.2,19.4,31,96.9,1
75934,15934,64,12,70,100.0,37.7,16,63.4,2
75935,15935,40,15,53,41.1,6.1,20,100.0,6
75936,15936,13,4,15,46.9,-7.7,30,74.0,1
75937,15937,22,11,21,55.5,-0.1,17,81.0,2
75938,15938,41,10,45,57.6,-0.0,19,57.9,3
75939,15939,15,6,20,58.6,-16.1,26,71.6,0
75940,15940,68,19,59,70.3,-14.1,27,85.8,1
75941,15941,16,5,18,60.6,2.4,48,100.0,3
75942,15942,28,6,34,66.3,47.5,0,64.5,0
75943,15943,63,13,74,61.9,0.3,23,46.0,5
75944,15944,44,10,45,66.9,37.6,0,58.8,1
75945,15945,76,23,63,59.0,-31.6,19,64.4,2
75946,15946,60,19,55,52.7,-18.0,10,71.7,3
75947,15947,16,5,17,54.6,-13.1,0,64.5,4
75948,15948,21,6,18,69.9,11.5,35,64.8,2
75949,15949,44,11,56,85.5,-27.4,26,46.3,2
75950,15950,129,46,119,62.5,7.7,40,82.9,5
75951,15951,22,5,19,54.8,15.9,0,79.7,1
75952,15952,77,15,76,75.6,-21.5,8,100.0,2
75953,15953,21,12,18,61.9,-8.7,34,45.2,4
75954,15954,16,10,20,58.7,10.7,6,55.2,1
75955,15955,42,10,56,49.1,-31.2,0,78.6,1
75956,15956,41,10,42,75.4,6.2,24,74.5,6
75957,15957,40,12,49,55.5,0.1,27,88.4,3
75958,15958,10,2,9,39.9,16.2,0,83.7,3
75959,15959,103,23,100,41.8,-7.5,24,88.0,4
75960,15960,284,53,234,45.5,-7.3,3,70.5,3
75961,15961,63,13,55,61.1,-7.7,49,100.0,2
75962,15962,53,29,57,62.9,-7.2,0,76.1,2
75963,15963,16,5,19,77.1,8.2,0,64.1,2
75964,15964,99,34,81,61.8,14.7,35,56.2,2
75965,15965,155,32,174,58.7,-10.6,9,100.0,4
75966,15966,44,18,47,81.5,-4.6,47,85.6,1
75967,15967,101,52,72,59.7,-8.8,70,84.2,3
75968,15968,16,9,22,74.8,24.8,33,63.9,2
75969,15969,139,37,162,74.2,-8.5,16,100.0,5
75970,15970,82,30,74,51.0,16.9,15,90.1,3
75971,15971,50,22,59,100.0,-29.8,7,92.1,1
75972,15972,51,10,74,100.0,-1.7,21,82.1,5
75973,15973,17,11,12,56.2,26.7,48,76.5,1
75974,15974,52,16,76,63.1,-23.7,22,81.5,1
75975,15975,21,6,26,11.5,29.8,41,93.2,3
75976,15976,132,36,149,55.3,8.6,15,100.0,2
75977,15977,109,24,111,44.4,-21.2,40,53.4,1
75978,15978,41,27,33,81.6,-14.4,31,84.5,6
75979,15979,83,34,59,44.0,-2.3,27,78.3,0
75980,15980,93,20,97,68.9,17.3,75,55.7,2
75981,15981,66,23,75,98.1,-60.5,35,85.8,2
75982,15982,80,21,119,58.5,10.3,11,48.9,3
75983,15983,42,16,47,71.7,11.2,8,56.0,0
75984,15984,37,20,47,72.6,-1.8,27,68.7,2
75985,15985,63,25,76,55.6,10.7,8,73.6,2
75986,15986,38,8,53,42.9,18.5,6,73.9,1
75987,15987,92,32,100,71.5,36.3,43,43.8,3
75988,15988,67,18,56,21.2,-11.2,19,80.9,2
75989,15989,34,22,30,54.4,-2.6,2,81.2,1
75990,15990,54,15,53,21.0,4.2,0,74.9,1
75991,15991,57,13,49,40.0,-4.4,59,51.0,9
75992,15992,191,50,255,44.1,12.9,10,100.0,4
75993,15993,16,10,16,53.4,-0.9,13,64.3,1
75994,15994,13,8,13,41.1,0.5,11,98.5,5
75995,15995,71,14,78,45.2,-13.3,12,94.7,2
75996,15996,42,18,39,40.9,-51.8,21,74.4,3
75997,15997,114,27,91,48.1,6.7,45,68.8,1
75998,15998,28,17,36,56.5,-4.8,20,58.4,1
75999,15999,22,8,26,54.9,12.7,4,78.3,1
76000,16000,22,8,19,53.5,14.8,0,81.4,3
76001,16001,79,16,59,24.7,-14.5,0,56.4,1
76002,16002,57,12,64,96.0,39.4,2,97.5,4
76003,16003,87,18,107,47.0,34.3,44,87.5,5
76004,16004,68,13,60,18.9,4.3,31,83.8,2
76005,16005,27,9,27,51.1,22.1,35,80.1,2
76006,16006,26,11,37,35.2,8.8,50,79.3,4
76007,16007,76,17,84,28.2,-18.4,1,60.0,2
76008,16008,9,5,12,31.8,30.2,10,68.5,0
76009,16009,54,10,61,43.3,-5.2,6,74.0,6
76010,16010,36,8,43,38.5,6.5,9,87.8,2
76011,16011,103,39,120,100.0,-13.4,15,83.5,1
76012,16012,117,25,95,87.2,-53.1,15,61.8,0
76013,16013,340,66,251,37.2,-2.8,47,74.6,2
76014,16014,25,12,32,65.4,8.8,16,100.0,0
76015,16015,66,16,78,33.9,-60.2,0,100.0,5
76016,16016,52,25,51,51.6,2.0,16,89.5,4
76017,16017,60,16,70,59.3,-36.8,11,55.8,1
76018,16018,42,19,48,57.6,56.5,20,72.6,1
76019,16019,64,18,82,33.0,39.5,19,72.8,3
76020,16020,45,13,52,92.4,-50.9,32,64.9,7
76021,16021,92,34,113,66.8,-10.6,5,51.7,2
76022,16022,26,15,30,77.8,22.2,23,89.7,4
76023,16023,51,11,42,70.5,21.9,10,77.4,2
76024,16024,17,5,24,59.6,-1.5,52,73.6,2
76025,16025,17,4,17,58.3,18.9,9,66.4,2
76026,16026,25,5,22,82.7,7.1,38,57.9,4
76027,16027,33,13,49,75.1,-10.2,22,81.8,6
76028,16028,46,12,56,83.9,-21.5,0,59.6,3
76029,16029,62,13,89,100.0,2.1,4,60.6,5
76030,16030,89,17,80,51.6,6.3,28,84.8,2
76031,16031,37,21,45,32.1,28.1,14,100.0,2
76032,16032,44,21,46,69.3,34.5,13,47.9,1
76033,16033,48,24,35,73.3,-19.4,14,72.7,2
76034,16034,39,20,42,39.2,9.9,0,60.4,5
76035,16035,36,7,35,53.3,-8.2,0,100.0,8
76036,16036,20,5,15,59.3,4.2,35,73.9,3
76037,16037,40,8,52,45.8,17.4,0,61.0,3
76038,16038,110,34,125,81.0,-17.4,17,100.0,2
76039,16039,15,3,11,34.9,-52.4,27,82.3,3
76040,16040,117,29,105,65.8,12.1,20,83.3,0
76041,16041,108,23,159,23.6,2.5,39,87.2,3
76042,16042,65,17,83,39.6,0.8,0,99.4,3
76043,16043,46,17,66,100.0,20.4,28,47.8,3
76044,16044,68,18,78,44.2,-9.7,26,83.2,2
76045,16045,110,25,150,100.0,27.7,33,71.6,3
76046,16046,79,19,87,51.5,19.1,17,59.7,2
76047,16047,50,15,54,57.3,-7.8,0,55.4,3
76048,16048,36,23,31,32.5,32.7,44,61.5,1
76049,16049,73,19,97,62.9,23.2,32,61.7,2
76050,16050,260,50,288,47.5,-23.2,26,98.2,2
76051,16051,73,14,62,98.7,8.4,39,60.9,2
76052,16052,104,21,110,42.6,-0.5,37,64.4,2
76053,16053,28,7,30,50.2,-8.3,33,66.1,0
76054,16054,28,8,20,46.1,-38.9,15,75.3,8
76055,16055,21,13,27,40.4,-7.7,27,62.3,2
76056,16056,35,12,25,88.9,-13.5,10,90.8,3
76057,16057,128,26,147,46.7,-40.1,0,64.0,4
76058,16058,17,8,21,70.8,-16.6,36,100.0,5
76059,16059,118,25,87,44.3,-30.4,50,95.7,2
76060,16060,59,23,57,55.1,12.2,0,77.0,2
76061,16061,92,25,121,100.0,-33.3,0,69.1,3
76062,16062,53,20,43,56.8,16.3,0,74.6,3
76063,16063,47,18,51,81.1,-22.5,28,100.0,4
76064,16064,25,5,20,34.6,-21.2,21,76.3,4
76065,16065,21,5,31,37.6,-13.3,30,88.7,4
76066,16066,66,28,58,42.2,-10.2,16,100.0,1
76067,16067,72,21,76,56.0,-6.1,47,81.7,3
76068,16068,53,15,55,29.3,-11.8,16,86.6,5
76069,16069,102,23,120,59.7,-19.8,33,96.0,3
76070,16070,13,3,13,77.9,-22.5,13,69.1,2
76071,16071,101,24,109,50.9,-23.2,0,100.0,4
76072,16072,21,7,30,93.3,-16.3,21,68.6,2
76073,16073,17,7,13,37.5,-10.2,0,71.5,1
76074,16074,63,18,45,78.1,-13.7,11,55.3,2
76075,16075,72,16,108,46.5,-0.1,6,59.3,0
76076,16076,41,8,44,68.1,21.1,2,100.0,4
76077,16077,58,13,56,69.1,4.9,15,94.1,3
76078,16078,37,12,32,43.2,11.8,25,51.4,6
76079,16079,75,14,93,85.1,-56.0,10,78.8,1
76080,16080,70,14,84,66.6,3.2,6,65.2,4
76081,16081,72,14,66,76.1,1.8,22,75.0,2
76082,16082,74,28,66,34.2,23.7,6,100.0,3
76083,16083,71,13,97,57.5,48.6,0,74.8,2
76084,16084,34,13,44,21.9,16.7,19,83.2,6
76085,16085,19,9,25,59.8,23.1,51,100.0,0
76086,16086,31,13,33,67.6,7.8,1,100.0,1
76087,16087,115,28,109,100.0,33.8,47,63.5,1
76088,16088,37,12,41,88.5,2.1,0,88.3,0
76089,16089,39,18,46,47.1,-7.2,8,76.2,0
76090,16090,171,38,219,65.1,4.6,12,79.6,1
76091,16091,43,21,46,63.9,-19.9,3,99.6,6
76092,16092,13,7,16,63.8,-63.6,3,86.9,2
76093,16093,44,9,49,75.3,-19.7,11,91.2,2
76094,16094,40,11,33,79.5,27.0,2,63.5,1
76095,16095,57,14,43,69.6,8.9,3,100.0,2
76096,16096,44,8,51,48.9,27.5,44,70.0,3
76097,16097,69,13,74,69.9,0.1,28,76.6,1
76098,16098,54,17,54,39.6,-20.0,28,78.5,4
76099,16099,42,12,49,70.2,2.8,30,60.8,3
76100,16100,37,21,47,45.9,-14.2,39,73.0,1
76101,16101,55,16,49,66.2,-10.9,0,94.1,5
76102,16102,66,25,75,68.1,27.4,24,59.8,2
76103,16103,95,21,83,82.6,28.5,11,52.7,4
76104,16104,77,26,93,42.8,-10.5,0,55.5,3
76105,16105,16,10,18,65.5,1.6,53,86.9,3
76106,16106,26,6,33,41.1,6.7,0,100.0,0
76107,16107,42,18,57,36.2,11.8,4,47.7,1
76108,16108,18,7,17,54.7,13.3,3,72.2,0
76109,16109,44,24,62,71.9,6.8,25,86.7,3
76110,16110,254,55,193,51.6,22.1,7,72.3,4
76111,16111,107,43,129,53.7,6.7,15,71.1,2
76112,16112,164,36,155,38.1,-25.9,8,69.5,1
76113,16113,94,59,122,99.6,24.2,33,84.6,2
76114,16114,61,15,43,59.3,-15.1,19,79.1,3
76115,16115,24,12,33,48.2,-18.9,27,95.1,4
76116,16116,45,14,61,53.4,8.1,11,100.0,1
76117,16117,47,17,51,78.2,3.1,20,86.8,2
76118,16118,157,34,227,100.0,28.3,20,91.0,3
76119,16119,19,4,20,47.2,-27.3,9,100.0,3
76120,16120,25,5,36,62.3,15.2,32,52.9,4
76121,16121,17,11,12,32.6,-32.0,38,77.9,1
76122,16122,54,11,55,67.8,14.0,21,61.9,5
76123,16123,20,8,15,26.2,-42.7,24,89.2,1
76124,16124,261,54,223,41.5,68.4,2,83.6,2
76125,16125,141,29,148,23.0,-8.8,0,100.0,2
76126,16126,89,37,111,80.9,4.9,49,74.7,2
76127,16127,22,9,21,83.7,1.4,21,65.5,2
76128,16128,41,19,36,62.8,-21.0,7,95.9,0
76129,16129,22,10,30,68.1,2.7,35,94.3,1
76130,16130,48,9,36,66.4,-3.6,6,86.3,0
76131,16131,40,13,55,53.0,-9.9,7,64.6,5
76132,16132,55,33,40,89.7,16.5,0,70.1,5
76133,16133,14,5,10,96.1,-33.9,23,75.0,1
76134,16134,7,4,10,84.5,27.4,12,42.2,5
76135,16135,43,8,42,94.7,-3.9,15,52.5,2
76136,16136,37,9,31,87.0,-18.8,20,87.2,3
76137,16137,21,6,18,90.6,25.4,20,100.0,3
76138,16138,57,29,69,83.3,23.9,0,71.9,3
76139,16139,21,8,29,77.9,-25.8,45,55.3,2
76140,16140,115,25,122,95.9,4.8,35,90.8,3
76141,16141,87,17,77,64.0,-10.9,11,55.1,5
76142,16142,120,25,114,28.0,18.9,2,61.6,2
76143,16143,58,14,50,99.1,-19.3,0,81.1,2
76144,16144,44,12,38,57.7,-18.7,14,70.4,2
76145,16145,40,12,46,59.1,-6.1,25,71.0,5
76146,16146,13,6,15,31.0,-0.6,36,71.8,2
76147,16147,18,9,22,67.1,19.3,57,94.8,5
76148,16148,66,14,55,81.8,-32.8,0,94.4,2
76149,16149,42,9,31,82.6,-29.1,25,61.8,2
76150,16150,47,30,54,79.4,1.6,32,59.9,1
76151,16151,43,12,60,58.8,17.2,11,64.4,4
76152,16152,17,8,22,47.3,9.2,36,88.9,2
76153,16153,55,12,48,68.7,27.2,4,59.1,4
76154,16154,16,7,17,62.0,7.2,23,55.7,5
76155,16155,28,8,24,58.9,0.1,12,72.0,1
76156,16156,46,11,38,99.1,7.5,0,64.3,3
76157,16157,73,24,102,62.5,9.0,9,82.2,2
76158,16158,172,41,141,64.2,-40.4,14,78.3,2
76159,16159,15,3,19,65.8,-7.2,5,91.8,2
76160,16160,92,21,90,62.4,20.8,6,100.0,8
76161,16161,36,13,33,34.4,1.2,12,95.4,1
76162,16162,15,5,22,66.7,-33.5,36,75.8,6
76163,16163,54,19,76,79.2,20.8,9,54.7,2
76164,16164,62,18,55,11.8,-58.6,12,80.9,2
76165,16165,13,7,13,61.3,-23.7,26,92.3,1
76166,16166,52,33,66,87.0,-3.7,23,55.0,2
76167,16167,41,15,55,73.1,-4.8,25,91.5,0
76168,16168,57,12,60,65.6,-7.9,24,76.0,3
76169,16169,99,20,142,63.5,-16.5,0,100.0,3
76170,16170,36,8,37,92.8,-6.0,45,66.0,3
76171,16171,13,6,10,95.2,-41.8,21,100.0,2
76172,16172,35,10,52,37.2,-32.8,20,100.0,2
76173,16173,42,12,61,50.5,-5.9,34,86.8,3
76174,16174,93,41,123,50.7,42.8,0,68.3,4
76175,16175,21,7,30,55.9,1.3,35,76.6,2
76176,16176,56,21,68,74.3,34.8,0,73.1,1
76177,16177,18,7,18,65.5,6.4,7,58.5,1
76178,16178,34,11,34,54.0,14.7,29,58.8,3
76179,16179,42,15,40,100.0,-14.9,31,90.2,1
76180,16180,36,7,45,65.0,13.9,27,53.9,5
76181,16181,64,16,60,70.4,23.0,0,57.7,0
76182,16182,61,16,59,35.4,32.9,12,85.1,4
76183,16183,41,13,45,83.9,-8.3,0,46.5,2
76184,16184,146,44,154,57.9,-41.8,26,71.2,0
76185,16185,10,3,7,17.3,12.2,28,81.6,5
76186,16186,17,11,18,64.0,36.2,5,100.0,3
76187,16187,21,4,23,29.7,-12.4,23,96.6,3
76188,16188,140,32,160,64.6,-8.4,21,73.3,2
76189,16189,33,9,46,75.0,-5.9,41,47.9,0
76190,16190,12,5,12,13.9,-23.4,0,93.2,3
76191,16191,33,22,42,45.1,-42.2,22,51.7,2
76192,16192,94,36,135,73.2,40.4,41,64.7,2
76193,16193,37,8,53,57.3,4.4,17,93.8,2
76194,16194,113,21,164,65.0,-15.6,11,60.1,1
76195,16195,86,19,118,100.0,22.4,0,65.1,0
76196,16196,29,9,33,43.5,-16.0,36,100.0,3
76197,16197,44,9,56,17.1,11.9,19,100.0,2
76198,16198,203,37,153,53.5,3.3,16,49.0,0
76199,16199,30,11,25,27.2,1.9,8,38.4,3
76200,16200,41,13,61,60.3,-24.1,38,100.0,2
76201,16201,94,29,68,50.4,-0.5,1,40.9,5
76202,16202,61,20,44,41.9,15.4,22,67.9,2
76203,16203,98,24,87,93.8,19.7,0,100.0,0
76204,16204,35,7,40,44.5,-10.4,0,62.8,2
76205,16205,30,6,26,24.0,4.0,0,72.8,1
76206,16206,75,39,59,71.3,-10.9,14,75.6,3
76207,16207,16,10,13,59.2,-14.9,23,88.2,1
76208,16208,36,11,39,47.3,-10.2,24,91.3,1
76209,16209,37,18,42,69.6,2.0,56,94.4,3
76210,16210,30,17,27,72.2,23.3,39,59.6,4
76211,16211,56,29,82,30.0,10.4,6,55.0,0
76212,16212,16,4,22,100.0,-34.0,30,61.6,0
76213,16213,58,20,62,86.4,-3.0,0,48.6,5
76214,16214,72,18,60,77.1,20.4,6,72.1,0
76215,16215,51,30,72,76.2,-21.1,0,64.4,1
76216,16216,141,27,116,81.9,-57.7,38,60.6,2
76217,16217,64,12,80,57.7,5.4,25,100.0,4
76218,16218,73,14,88,60.8,24.8,13,94.9,1
76219,16219,44,18,62,38.8,12.4,44,65.6,3
76220,16220,40,8,38,61.0,32.8,22,87.1,0
76221,16221,107,35,96,25.4,6.8,35,76.2,3
76222,16222,47,11,49,18.0,-15.9,0,77.7,2
76223,16223,20,9,28,76.4,-8.7,0,74.4,1
76224,16224,102,32,83,62.3,-4.8,5,71.7,2
76225,16225,56,11,82,53.9,9.5,0,42.1,2
76226,16226,67,20,82,64.3,-24.0,28,57.8,4
76227,16227,78,15,59,79.9,-14.2,49,57.5,5
76228,16228,144,49,170,84.2,23.8,0,87.2,1
76229,16229,43,11,48,50.9,-43.6,2,69.2,0
76230,16230,42,13,51,87.4,-31.5,29,52.6,2
76231,16231,16,8,18,67.2,-53.0,4,86.9,2
76232,16232,123,36,165,74.0,-48.3,33,80.9,3
76233,16233,9,3,12,72.1,32.7,21,69.4,4
76234,16234,25,11,29,44.6,-19.8,19,94.1,1
76235,16235,38,12,29,24.3,11.2,43,93.3,4
76236,16236,155,59,171,33.8,22.4,0,59.3,5
76237,16237,66,26,51,66.4,27.8,50,72.6,3
76238,16238,74,15,53,51.2,-3.5,23,100.0,2
76239,16239,69,15,72,78.5,11.6,40,100.0,1
76240,16240,67,16,99,23.8,0.8,51,86.0,1
76241,16241,115,39,96,56.5,-0.9,0,79.3,3
76242,16242,61,25,82,78.6,-14.0,8,81.7,2
76243,16243,117,29,83,66.5,11.1,7,91.9,0
76244,16244,60,23,46,33.8,31.1,0,60.9,1
76245,16245,139,31,191,61.7,2.5,14,73.0,3
76246,16246,21,6,21,64.3,33.0,17,74.2,2
76247,16247,129,25,190,54.4,39.5,25,100.0,1
76248,16248,102,20,76,61.6,3.3,35,89.7,0
76249,16249,75,23,73,64.2,18.6,32,70.1,2
76250,16250,53,10,62,61.4,-5.1,37,88.4,5
76251,16251,29,7,36,46.6,11.9,22,95.1,0
76252,16252,59,15,65,60.3,-21.0,57,66.7,3
76253,16253,17,9,23,70.8,9.1,11,100.0,2
76254,16254,60,11,74,68.6,-0.3,30,89.1,1
76255,16255,28,15,41,41.0,-23.8,25,100.0,6
76256,16256,64,25,85,82.8,14.6,22,87.1,3
76257,16257,22,10,32,82.6,6.5,7,63.2,3
76258,16258,26,15,34,32.4,-48.3,51,68.4,4
76259,16259,71,13,63,81.7,0.4,19,78.9,2
76260,16260,22,8,25,79.0,24.0,34,56.2,4
76261,16261,29,17,28,68.6,-24.0,43,56.9,0
76262,16262,18,9,19,79.5,-2.9,15,100.0,2
76263,16263,32,13,35,37.0,-37.5,36,79.6,2
76264,16264,18,11,26,100.0,-16.0,0,100.0,3
76265,16265,46,22,59,56.0,12.9,10,100.0,3
76266,16266,39,24,51,79.4,31.4,40,57.8,5
76267,16267,69,32,98,78.3,-17.8,0,87.7,3
76268,16268,30,9,21,52.1,-10.8,38,87.6,0
76269,16269,49,9,63,79.0,-2.5,45,56.0,2
76270,16270,72,17,93,57.4,-0.5,28,100.0,8
76271,16271,88,24,96,71.7,-2.4,29,74.2,3
76272,16272,273,50,257,65.9,0.2,18,100.0,4
76273,16273,26,6,19,57.4,-18.6,31,57.8,4
76274,16274,146,49,215,56.8,-11.5,0,91.7,2
76275,16275,70,15,77,84.6,16.0,45,15.9,1
76276,16276,21,6,17,66.4,19.8,0,66.0,4
76277,16277,10,6,12,59.3,-6.6,0,82.4,2
76278,16278,77,19,102,99.3,4.8,19,70.0,3
76279,16279,44,10,63,48.2,14.4,36,100.0,4
76280,16280,43,8,47,95.1,10.1,0,95.9,1
76281,16281,30,16,40,61.8,13.0,44,72.7,3
76282,16282,61,22,84,74.4,-32.8,0,100.0,1
76283,16283,79,18,69,55.3,-34.3,4,31.7,0
76284,16284,33,8,34,43.5,7.7,18,81.2,5
76285,16285,14,4,17,33.7,-32.3,37,65.2,1
76286,16286,38,17,43,96.6,49.3,9,97.2,4
76287,16287,49,21,73,100.0,9.1,22,66.9,0
76288,16288,193,36,193,43.5,15.2,21,58.7,1
76289,16289,25,13,35,60.7,-0.2,0,74.2,5
76290,16290,49,11,42,63.8,-28.8,14,100.0,0
76291,16291,9,6,13,67.0,30.2,12,90.6,5
76292,16292,20,10,14,51.5,20.5,0,99.4,0
76293,16293,128,26,164,72.1,-10.0,16,62.8,2
76294,16294,33,12,35,55.4,53.3,21,53.7,3
76295,16295,82,15,58,65.4,-23.0,0,39.6,3
76296,16296,204,46,289,83.7,50.5,40,66.9,2
76297,16297,18,6,22,49.9,13.6,26,97.8,3
76298,16298,103,32,132,61.6,30.4,24,79.5,3
76299,16299,39,16,46,96.1,9.7,15,84.4,2
76300,16300,24,5,34,34.5,-24.2,9,79.3,2
76301,16301,15,10,20,86.8,3.7,39,78.5,5
76302,16302,44,18,41,55.0,-5.7,24,80.4,3
76303,16303,174,35,169,62.7,0.2,25,81.9,0
76304,16304,54,10,43,60.8,8.5,14,94.4,5
76305,16305,52,16,38,76.0,-13.2,0,83.8,3
76306,16306,29,6,38,39.5,-3.6,4,100.0,1
76307,16307,124,26,120,73.8,-4.9,32,95.2,3
76308,16308,78,17,88,72.6,-3.2,44,93.7,3
76309,16309,88,18,111,89.5,4.3,52,64.7,2
76310,16310,180,34,229,76.0,15.9,6,60.8,1
76311,16311,7,4,10,29.7,1.1,0,44.4,4
76312,16312,56,19,76,79.1,-19.0,31,92.1,2
76313,16313,17,4,21,100.0,-0.6,13,82.3,3
76314,16314,98,43,85,54.4,49.5,1,83.4,0
76315,16315,29,8,40,66.5,-25.1,22,43.8,0
76316,16316,116,29,91,73.5,20.1,4,69.2,4
76317,16317,56,26,50,27.5,-22.2,0,87.8,4
76318,16318,93,22,90,33.6,10.7,30,89.6,3
76319,16319,13,8,15,80.8,9.3,28,61.5,1
76320,16320,19,12,28,32.3,-1.5,8,100.0,1
76321,16321,54,12,63,72.7,-21.3,30,70.6,2
76322,16322,21,5,26,66.4,21.9,20,62.6,5
76323,16323,128,28,150,100.0,11.4,0,57.5,2
76324,16324,25,16,19,64.8,19.4,5,86.6,1
76325,16325,29,16,27,44.0,-16.7,17,62.4,1
76326,16326,41,15,59,71.6,0.6,0,87.8,3
76327,16327,86,45,77,41.9,-21.0,17,93.9,2
76328,16328,54,19,56,75.2,5.4,18,98.3,5
76329,16329,97,26,113,78.9,-6.1,1,86.7,3
76330,16330,26,7,34,54.8,6.2,41,61.0,2
76331,16331,21,11,24,71.7,-19.9,12,69.8,1
76332,16332,46,26,49,79.1,-25.5,37,74.0,0
76333,16333,30,18,38,53.4,-7.4,21,69.5,3
76334,16334,30,6,36,52.1,32.7,24,73.7,4
76335,16335,36,8,40,38.4,-8.4,31,100.0,3
76336,16336,53,11,62,80.9,21.6,0,93.0,0
76337,16337,14,9,14,44.4,10.5,0,84.9,2
76338,16338,39,9,43,50.5,-6.4,0,83.7,3
76339,16339,61,15,65,42.8,12.1,20,77.5,2
76340,16340,6,3,9,56.8,18.1,30,89.2,2
76341,16341,42,11,31,66.0,-10.2,26,94.9,4
76342,16342,21,12,26,57.5,-13.2,15,60.0,2
76343,16343,46,14,41,11.3,-3.0,19,79.0,2
76344,16344,207,49,207,56.0,11.3,29,48.5,5
76345,16345,19,11,16,68.5,-27.6,0,100.0,3
76346,16346,25,7,33,61.7,24.1,0,89.6,1
76347,16347,43,10,40,41.3,-30.7,62,74.1,0
76348,16348,83,49,102,68.7,-23.3,12,85.1,4
76349,16349,75,15,87,72.6,8.4,24,79.9,4
76350,16350,18,6,19,49.9,13.1,8,82.2,1
76351,16351,33,12,32,82.6,16.5,21,47.4,3
76352,16352,64,32,81,31.2,2.5,0,100.0,4
76353,16353,44,8,50,46.2,10.2,13,100.0,5
76354,16354,88,23,65,58.5,8.1,0,52.0,4
76355,16355,31,8,40,66.2,6.8,0,66.0,0
76356,16356,114,29,149,57.4,4.1,5,95.0,3
76357,16357,73,23,76,40.8,32.0,11,55.7,4
76358,16358,48,16,34,60.5,41.7,23,100.0,1
76359,16359,81,22,69,93.2,33.0,5,100.0,2
76360,16360,19,9,22,71.9,4.4,10,100.0,2
76361,16361,23,6,30,62.6,19.7,6,100.0,4
76362,16362,38,11,29,20.5,-8.2,19,83.7,5
76363,16363,38,18,47,56.2,70.0,0,49.2,1
76364,16364,97,21,107,79.8,-6.8,0,100.0,4
76365,16365,56,31,50,59.5,0.2,29,70.4,4
76366,16366,32,13,35,66.6,30.5,22,62.7,4
76367,16367,28,13,21,93.5,-13.0,8,65.8,5
76368,16368,63,19,77,60.0,-5.3,0,36.6,0
76369,16369,91,21,73,40.2,1.6,29,100.0,3
76370,16370,40,16,29,36.2,3.1,18,81.7,4
76371,16371,38,18,27,59.5,30.3,16,70.6,2
76372,16372,15,4,19,100.0,15.3,32,83.4,1
76373,16373,96,23,86,57.0,-7.6,16,91.8,1
76374,16374,101,19,114,22.3,4.0,12,83.8,3
76375,16375,71,18,52,44.9,3.2,36,79.6,4
76376,16376,72,19,53,35.5,-21.6,9,74.1,3
76377,16377,71,21,98,65.4,-19.3,0,53.3,1
76378,16378,115,44,146,88.1,23.3,16,29.6,2
76379,16379,207,39,163,26.6,-10.3,61,43.2,0
76380,16380,30,7,34,49.7,8.2,0,73.5,3
76381,16381,78,23,64,74.4,-9.2,10,46.5,3
76382,16382,98,27,130,70.9,-31.8,11,100.0,2
76383,16383,91,17,112,79.6,-39.9,10,100.0,0
76384,16384,69,20,101,68.0,-2.6,29,73.1,1
76385,16385,93,17,107,98.7,6.1,2,60.6,2
76386,16386,64,17,65,57.5,21.6,13,89.0,1
76387,16387,47,9,59,76.3,-10.6,16,86.2,1
76388,16388,31,7,36,45.1,32.7,35,85.0,2
76389,16389,10,5,10,73.5,-21.1,0,77.4,3
76390,16390,59,15,61,72.6,20.7,33,54.7,2
76391,16391,42,8,34,63.9,10.8,18,58.0,1
76392,16392,85,30,92,65.6,-15.8,29,65.4,0
76393,16393,132,45,109,84.1,-7.9,18,99.2,2
76394,16394,14,7,12,36.6,10.5,22,59.9,1
76395,16395,89,25,73,96.5,12.8,27,91.7,2
76396,16396,30,11,33,67.4,30.1,12,75.1,1
76397,16397,69,15,75,69.0,29.2,37,77.1,1
76398,16398,44,19,33,28.7,28.7,1,69.1,2
76399,16399,89,20,109,81.3,-12.9,7,69.3,5
76400,16400,31,10,26,43.0,-20.9,0,57.7,1
76401,16401,63,12,67,51.6,-15.4,31,64.1,2
76402,16402,114,30,135,71.7,-5.0,15,100.0,2
76403,16403,30,6,22,63.1,-17.4,51,64.0,1
76404,16404,40,16,46,73.1,-18.9,3,100.0,5
76405,16405,74,14,106,55.3,-20.4,31,68.1,3
76406,16406,47,20,38,72.4,20.8,28,73.3,4
76407,16407,90,17,129,96.4,9.2,15,70.4,3
76408,16408,20,4,27,71.9,-0.5,0,79.8,1
76409,16409,46,20,52,41.6,-29.2,11,100.0,1
76410,16410,190,46,152,27.1,22.2,19,52.9,1
76411,16411,21,7,27,47.0,-28.0,2,46.8,3
76412,16412,78,25,95,62.0,15.2,2,63.4,2
76413,16413,20,12,25,25.7,-10.2,33,40.9,1
76414,16414,34,7,27,88.3,-27.6,13,69.5,2
76415,16415,18,7,20,43.9,-6.4,53,17.3,3
76416,16416,146,32,179,77.6,-23.5,27,64.1,2
76417,16417,89,23,95,72.1,-2.9,23,91.8,2
76418,16418,38,7,45,25.4,24.7,33,47.3,3
76419,16419,28,12,32,53.9,-12.8,53,70.5,2
76420,16420,78,28,81,51.8,-17.5,4,58.8,3
76421,16421,13,6,11,95.2,8.3,16,66.7,5
76422,16422,101,21,136,50.3,-61.6,56,58.8,0
76423,16423,17,6,21,97.2,19.4,16,87.1,1
76424,16424,21,9,25,89.4,9.1,24,100.0,0
76425,16425,8,2,6,58.3,14.6,38,41.7,3
76426,16426,21,7,27,72.0,-15.7,32,74.7,1
76427,16427,161,34,141,52.8,-25.2,3,100.0,0
76428,16428,77,17,96,29.0,34.6,27,89.4,3
76429,16429,10,5,12,80.2,11.7,34,70.4,5
76430,16430,74,15,57,59.5,-15.0,31,38.1,3
76431,16431,152,28,171,57.1,-0.9,36,100.0,3
76432,16432,77,17,98,83.5,-33.9,1,92.2,3
76433,16433,106,22,140,60.8,37.2,47,81.6,3
76434,16434,78,15,80,92.3,-12.3,33,67.8,4
76435,16435,74,16,53,59.7,-32.1,41,53.9,2
76436,16436,58,15,73,64.4,12.7,0,100.0,1
76437,16437,14,8,13,84.1,18.0,28,58.1,2
76438,16438,34,10,30,48.2,24.6,7,98.2,5
76439,16439,60,13,80,74.4,-13.0,31,63.0,2
76440,16440,23,9,23,64.6,2.9,27,88.0,5
76441,16441,74,18,81,61.9,-13.3,36,96.3,4
76442,16442,17,6,17,84.8,13.8,18,100.0,1
76443,16443,183,37,261,78.7,-0.5,6,76.3,1
76444,16444,59,20,61,62.6,36.6,22,74.0,2
76445,16445,52,31,52,58.2,2.1,13,60.7,2
76446,16446,61,16,53,81.9,19.3,34,100.0,2
76447,16447,17,10,18,73.9,8.6,26,88.5,1
76448,16448,12,5,13,51.4,-32.5,10,71.8,3
76449,16449,102,29,126,65.2,-13.1,19,82.6,3
76450,16450,65,14,83,84.2,-18.4,33,68.8,1
76451,16451,47,17,42,65.0,-0.6,0,66.0,3
76452,16452,50,19,73,49.9,3.2,51,74.8,4
76453,16453,31,16,37,55.3,21.2,25,86.3,1
76454,16454,15,4,12,82.2,-35.9,33,78.6,2
76455,16455,149,41,195,58.9,35.8,7,81.6,1
76456,16456,21,14,26,40.3,-3.3,18,100.0,2
76457,16457,121,28,152,85.9,24.2,0,100.0,5
76458,16458,23,7,30,69.2,-14.1,23,78.4,1
76459,16459,56,21,68,67.1,-17.0,26,59.6,3
76460,16460,39,9,28,78.8,3.6,32,91.7,3
76461,16461,66,14,81,30.6,-37.6,38,82.0,4
76462,16462,191,49,256,89.6,36.2,23,100.0,2
76463,16463,75,40,85,54.7,35.7,23,96.2,1
76464,16464,31,6,26,37.6,-29.7,44,61.8,4
76465,16465,24,15,30,100.0,16.5,0,100.0,1
76466,16466,44,19,32,63.7,-27.3,0,86.5,2
76467,16467,38,15,41,86.3,4.1,46,95.6,2
76468,16468,27,9,29,36.6,4.5,15,100.0,4
76469,16469,67,23,100,81.0,43.7,0,79.8,1
76470,16470,31,6,26,14.1,13.7,29,63.8,1
76471,16471,56,12,63,62.3,-7.8,30,86.0,2
76472,16472,48,21,60,85.6,-18.6,45,100.0,2
76473,16473,207,39,147,62.4,5.4,44,61.2,3
76474,16474,35,12,50,72.8,-6.5,41,82.9,4
76475,16475,57,24,72,52.2,-22.3,4,76.5,0
76476,16476,164,31,197,64.2,25.7,13,61.0,0
76477,16477,98,26,119,30.9,11.1,38,63.1,2
76478,16478,54,14,43,38.8,20.1,47,98.1,3
76479,16479,54,13,79,56.9,41.2,38,70.5,2
76480,16480,24,6,25,66.0,-20.4,28,79.0,1
76481,16481,80,20,93,22.5,-8.8,31,84.9,3
76482,16482,27,18,24,85.4,3.1,10,45.3,1
76483,16483,119,28,94,63.0,13.8,11,89.0,2
76484,16484,80,18,106,54.8,20.1,0,56.8,3
76485,16485,10,6,12,87.9,9.3,21,64.8,5
76486,16486,20,5,20,62.2,-14.1,28,100.0,5
76487,16487,43,17,36,70.8,4.9,11,95.6,2
76488,16488,28,7,29,58.3,15.6,20,55.9,4
76489,16489,38,15,27,34.6,-2.2,0,58.4,2
76490,16490,26,14,38,47.8,10.2,4,89.9,1
76491,16491,29,13,35,69.6,23.3,38,60.7,2
76492,16492,134,26,125,66.3,3.0,52,92.8,4
76493,16493,26,8,36,39.9,2.9,7,57.2,3
76494,16494,119,23,92,64.1,-6.7,24,90.0,2
76495,16495,58,17,51,55.4,24.8,1,85.5,2
76496,16496,25,5,24,100.0,12.3,0,98.8,2
76497,16497,38,10,54,69.9,4.4,22,63.1,1
76498,16498,20,7,18,55.7,-6.7,9,46.9,3
76499,16499,5,2,5,80.2,14.4,18,80.0,3
76500,16500,60,20,72,61.7,12.9,31,89.4,6
76501,16501,13,6,17,54.2,4.7,7,49.3,0
76502,16502,43,8,53,32.6,22.0,7,84.8,3
76503,16503,29,10,36,50.8,0.4,24,95.2,0
76504,16504,41,11,53,60.6,12.3,36,72.0,5
76505,16505,44,8,51,58.2,-10.2,20,100.0,1
76506,16506,100,28,111,98.8,10.0,22,86.3,0
76507,16507,60,22,82,77.7,-30.4,15,93.5,3
76508,16508,67,17,85,87.1,-39.2,32,73.4,2
76509,16509,91,19,98,70.9,-17.9,22,53.4,1
76510,16510,8,2,11,64.5,-6.6,23,64.2,4
76511,16511,24,10,20,68.5,12.2,0,96.0,0
76512,16512,27,12,38,56.0,-2.6,38,89.3,0
76513,16513,188,43,157,59.9,11.1,34,73.7,1
76514,16514,137,28,123,94.9,1.7,38,48.6,2
76515,16515,47,11,43,48.3,-16.7,9,68.2,1
76516,16516,13,7,10,46.7,36.6,21,54.6,1
76517,16517,47,17,44,60.7,-14.3,0,98.3,3
76518,16518,102,24,94,42.2,-6.5,14,82.0,0
76519,16519,39,9,46,70.8,27.9,11,64.3,2
76520,16520,67,20,79,67.2,-3.2,42,37.6,3
76521,16521,30,11,34,87.9,24.4,18,75.5,2
76522,16522,15,8,18,76.3,21.7,7,62.0,3
76523,16523,87,51,64,61.9,-29.6,21,85.9,3
76524,16524,22,11,28,63.5,12.5,18,100.0,6
76525,16525,57,20,83,75.3,5.5,0,81.5,5
76526,16526,303,77,365,51.6,-2.7,0,95.0,0
76527,16527,98,20,90,32.3,-43.6,56,100.0,0
76528,16528,68,27,64,51.3,10.3,12,89.4,5
76529,16529,45,25,59,33.1,-1.4,6,63.2,2
76530,16530,139,26,110,51.6,-6.8,35,87.8,2
76531,16531,87,22,87,25.2,-1.6,8,81.3,1
76532,16532,83,40,71,43.2,-2.1,16,68.1,2
76533,16533,55,22,47,73.8,-6.7,28,86.5,2
76534,16534,35,11,25,51.9,3.3,10,100.0,6
76535,16535,75,14,106,88.0,0.5,37,44.2,4
76536,16536,14,7,13,60.7,-3.7,31,78.9,1
76537,16537,39,12,39,74.1,-28.0,10,80.7,6
76538,16538,71,22,51,100.0,10.5,9,55.6,0
76539,16539,55,10,43,35.1,-17.5,36,65.1,3
76540,16540,16,7,14,33.3,-5.2,12,100.0,1
76541,16541,54,16,45,48.1,25.4,0,80.6,2
76542,16542,234,43,321,36.2,1.0,39,48.3,3
76543,16543,50,12,73,70.1,16.7,8,71.7,1
76544,16544,15,7,22,42.1,-24.6,11,100.0,2
76545,16545,89,17,78,65.3,-16.8,49,100.0,1
76546,16546,48,13,38,59.7,44.1,0,84.4,2
76547,16547,157,33,193,93.5,41.5,30,80.5,1
76548,16548,52,11,48,53.4,-57.6,5,87.5,2
76549,16549,30,8,22,45.9,-5.3,22,58.2,3
76550,16550,210,44,241,76.6,-9.8,9,87.3,3
76551,16551,60,12,55,87.0,-10.0,0,76.4,4
76552,16552,105,22,100,93.0,-22.9,24,100.0,1
76553,16553,105,26,123,74.0,2.8,19,100.0,1
76554,16554,54,14,68,80.8,27.1,25,95.2,3
76555,16555,47,14,37,69.8,27.0,0,100.0,7
76556,16556,33,18,24,65.0,-10.6,8,84.3,1
76557,16557,38,11,52,90.6,-35.2,29,47.2,0
76558,16558,52,13,48,97.8,6.8,10,100.0,3
76559,16559,20,6,22,55.4,-23.5,14,63.0,3
76560,16560,143,45,190,55.8,16.7,0,90.5,6
76561,16561,15,6,11,77.9,25.9,15,96.8,3
76562,16562,44,15,58,71.4,-6.3,0,100.0,1
76563,16563,44,19,50,97.0,-35.5,10,94.8,7
76564,16564,24,13,19,70.8,-17.2,4,81.7,3
76565,16565,44,10,55,73.5,3.8,22,64.2,2
76566,16566,77,18,58,30.3,10.0,10,87.9,1
76567,16567,64,18,61,53.8,5.7,35,78.1,3
76568,16568,45,25,51,79.7,-33.0,62,98.0,6
76569,16569,48,12,59,51.8,1.6,11,67.5,3
76570,16570,37,14,34,74.6,22.6,23,59.8,5
76571,16571,58,11,49,44.7,-22.4,38,85.8,2
76572,16572,25,15,32,59.0,-21.6,18,58.6,4
76573,16573,26,17,27,97.8,-37.8,24,98.8,2
76574,16574,343,71,296,50.8,-51.6,18,90.8,4
76575,16575,19,8,22,58.0,-3.7,0,67.0,2
76576,16576,205,49,208,87.9,-13.2,30,71.7,3
76577,16577,61,21,73,42.1,-13.8,18,57.2,2
76578,16578,67,14,89,84.4,16.3,0,60.5,3
76579,16579,79,16,57,84.1,-3.1,41,88.9,3
76580,16580,95,18,94,89.7,56.7,17,77.6,1
76581,16581,58,19,57,76.2,24.1,22,79.7,6
76582,16582,34,22,48,36.3,29.2,5,81.2,2
76583,16583,31,15,46,100.0,26.3,18,55.4,4
76584,16584,30,11,37,87.5,29.4,24,65.6,2
76585,16585,95,20,98,92.9,-7.5,2,80.8,1
76586,16586,103,20,108,11.1,-28.8,43,70.3,4
76587,16587,56,24,69,49.0,4.5,12,100.0,2
76588,16588,34,11,40,88.6,-3.5,21,71.4,1
76589,16589,64,17,89,52.9,30.7,45,40.9,2
76590,16590,42,16,53,67.7,9.2,0,55.0,5
76591,16591,66,23,53,58.7,17.3,6,82.9,1
76592,16592,9,2,12,100.0,-12.0,23,98.1,2
76593,16593,44,20,41,52.9,-21.7,0,75.4,3
76594,16594,37,10,48,96.9,-17.2,7,84.0,3
76595,16595,76,20,57,80.4,-18.6,0,92.7,3
76596,16596,19,9,18,72.6,-16.0,0,83.3,1
76597,16597,9,2,12,47.0,6.8,16,49.4,3
76598,16598,51,22,76,31.4,-9.5,19,86.8,2
76599,16599,335,78,342,42.8,18.2,28,100.0,2
76600,16600,84,27,75,48.1,21.0,14,51.5,2
76601,16601,67,17,94,67.1,-3.3,58,77.2,2
76602,16602,103,27,141,62.8,47.8,21,48.7,3
76603,16603,76,14,86,49.5,-9.5,15,67.2,4
76604,16604,11,6,10,71.6,1.7,2,100.0,2
76605,16605,91,35,86,64.4,25.9,0,100.0,4
76606,16606,31,8,34,40.2,-1.6,62,74.8,1
76607,16607,41,9,61,90.0,15.0,12,69.4,1
76608,16608,81,16,64,38.7,-20.8,25,100.0,2
76609,16609,140,74,139,32.4,-19.3,47,78.4,5
76610,16610,16,6,22,85.4,24.0,0,58.8,4
76611,16611,16,8,24,100.0,13.4,18,71.6,4
76612,16612,13,7,10,89.5,-43.1,44,78.5,0
76613,16613,20,13,23,83.2,1.8,13,52.8,1
76614,16614,52,11,62,73.7,-37.2,20,54.8,5
76615,16615,21,10,23,69.4,-43.4,12,83.9,3
76616,16616,64,21,47,80.7,-5.4,20,86.1,2
76617,16617,25,16,24,79.7,-7.9,1,82.3,3
76618,16618,58,12,61,57.1,31.2,13,69.0,4
76619,16619,31,16,34,46.7,-10.0,15,100.0,0
76620,16620,128,39,188,68.7,-1.1,0,98.0,2
76621,16621,35,12,33,54.8,26.7,34,75.6,4
76622,16622,30,12,22,65.6,1.4,5,71.3,2
76623,16623,20,6,16,45.3,4.5,22,85.6,5
76624,16624,38,23,37,69.8,-2.1,9,88.8,3
76625,16625,83,28,110,36.0,-41.3,0,100.0,4
76626,16626,55,15,65,58.3,47.0,26,93.2,3
76627,16627,35,9,46,88.4,-43.7,36,86.0,0
76628,16628,22,6,32,88.8,1.5,37,85.6,2
76629,16629,66,20,53,55.8,22.0,33,82.9,3
76630,16630,111,29,125,46.6,14.9,17,44.8,2
76631,16631,35,19,42,71.9,29.9,56,84.1,0
76632,16632,47,17,49,50.2,26.9,19,89.4,4
76633,16633,102,19,108,100.0,8.5,27,60.3,1
76634,16634,128,24,98,63.3,1.5,43,91.0,1
76635,16635,117,29,87,40.4,26.1,14,82.6,0
76636,16636,17,5,12,71.8,-43.6,15,85.8,4
76637,16637,77,32,94,78.2,-22.1,12,44.7,8
76638,16638,47,16,37,37.7,8.1,10,73.6,4
76639,16639,37,9,37,61.9,-4.3,34,65.8,5
76640,16640,43,9,62,50.2,-5.4,9,60.8,4
76641,16641,63,13,53,40.7,-18.8,2,97.0,5
76642,16642,31,15,33,69.0,-29.3,12,70.1,2
76643,16643,102,29,131,100.0,-3.7,25,64.0,1
76644,16644,83,19,75,63.0,-16.5,0,86.1,2
76645,16645,107,25,77,81.3,3.7,0,82.9,2
76646,16646,162,30,214,71.3,6.4,0,92.3,2
76647,16647,28,14,36,71.4,-17.6,12,77.7,5
76648,16648,74,22,110,61.2,29.9,0,85.7,4
76649,16649,18,10,21,64.5,-33.8,56,76.7,1
76650,16650,110,29,104,71.8,14.8,46,89.3,1
76651,16651,55,13,44,7.4,-33.6,0,94.2,0
76652,16652,31,17,24,56.7,-31.8,22,75.3,2
76653,16653,54,15,65,67.2,2.7,18,60.1,3
76654,16654,119,22,117,8.0,33.7,23,95.4,0
76655,16655,56,34,76,30.5,-25.4,62,60.8,1
76656,16656,40,18,32,83.1,-7.9,20,63.6,2
76657,16657,37,10,54,21.3,-4.9,20,88.0,2
76658,16658,39,9,29,60.9,14.3,0,80.1,3
76659,16659,38,8,50,49.3,-25.7,15,75.8,1
76660,16660,51,19,67,22.2,-31.4,30,72.4,6
76661,16661,85,30,101,89.3,15.4,0,100.0,4
76662,16662,61,13,91,42.0,-11.2,20,83.5,3
76663,16663,67,21,47,100.0,23.9,3,91.8,2
76664,16664,140,28,150,55.8,24.8,21,84.2,0
76665,16665,88,17,69,50.8,-32.6,49,91.4,4
76666,16666,108,22,120,69.3,0.9,0,67.5,4
76667,16667,28,15,24,9.8,25.7,17,65.5,2
76668,16668,124,34,131,51.9,-4.1,24,58.3,1
76669,16669,106,20,77,51.1,5.3,21,92.6,4
76670,16670,134,25,142,46.5,38.2,0,58.4,1
76671,16671,25,7,31,33.3,-5.1,40,70.0,5
76672,16672,32,10,45,57.1,29.8,0,59.8,2
76673,16673,18,8,26,56.7,5.3,0,54.2,1
76674,16674,38,7,37,48.3,30.4,0,84.0,3
76675,16675,40,10,54,54.0,17.6,49,61.3,3
76676,16676,27,15,38,52.3,-33.5,19,84.9,1
76677,16677,40,8,59,52.5,22.9,57,84.9,1
76678,16678,95,23,100,79.8,24.6,51,74.9,5
76679,16679,31,11,42,59.9,11.9,51,96.7,0
76680,16680,40,18,36,45.8,6.9,44,67.4,4
76681,16681,29,7,38,74.5,10.8,19,66.2,0
76682,16682,18,12,24,40.1,-18.0,15,69.8,1
76683,16683,74,15,102,68.6,-7.6,31,73.0,4
76684,16684,80,20,108,44.9,21.6,43,66.8,2
76685,16685,35,15,47,74.1,-27.1,21,72.3,3
76686,16686,30,7,37,16.8,-8.5,43,74.6,4
76687,16687,15,6,12,81.1,13.9,55,73.3,2
76688,16688,55,11,55,54.8,2.2,21,64.0,3
76689,16689,83,20,74,35.6,12.4,36,100.0,2
76690,16690,96,19,100,36.6,-11.8,0,43.2,3
76691,16691,57,13,82,15.1,-10.6,15,51.3,3
76692,16692,31,10,37,43.7,-8.4,0,61.6,4
76693,16693,124,26,95,65.4,38.4,0,85.5,2
76694,16694,133,28,125,34.6,26.1,40,86.3,6
76695,16695,97,18,134,49.5,6.6,0,76.2,5
76696,16696,135,34,135,44.3,33.0,0,83.6,0
76697,16697,68,16,48,48.1,-23.9,46,33.3,1
76698,16698,86,25,114,74.6,-6.3,10,76.6,2
76699,16699,72,28,59,73.3,33.3,32,100.0,3
76700,16700,15,8,12,71.5,-5.8,13,86.4,5
76701,16701,81,18,97,73.8,4.3,20,63.8,2
76702,16702,81,24,94,71.1,10.4,0,76.9,2
76703,16703,73,15,72,58.3,12.9,28,95.9,5
76704,16704,39,12,34,63.5,21.1,9,96.7,4
76705,16705,47,9,37,34.8,13.1,16,67.8,1
76706,16706,75,25,60,57.4,-10.0,35,100.0,3
76707,16707,49,15,63,94.8,-16.7,9,60.4,3
76708,16708,58,14,82,77.4,15.0,15,93.8,2
76709,16709,8,3,9,82.3,16.5,38,58.2,3
76710,16710,172,43,209,60.1,0.2,21,97.3,0
76711,16711,11,7,16,54.5,14.4,13,59.5,2
76712,16712,35,14,25,52.7,6.5,34,60.1,2
76713,16713,37,15,31,44.2,16.2,0,75.1,3
76714,16714,70,36,75,45.3,-11.9,32,80.6,2
76715,16715,26,5,20,91.8,11.8,22,100.0,2
76716,16716,43,8,39,47.3,-13.7,29,73.6,4
76717,16717,3,2,3,39.3,23.5,0,93.5,2
76718,16718,29,9,37,74.8,12.2,17,72.7,2
76719,16719,30,14,24,55.8,-4.5,4,66.0,3
76720,16720,82,17,97,93.6,35.5,8,100.0,3
76721,16721,46,22,34,82.2,-4.8,14,69.6,1
76722,16722,22,10,23,67.3,17.7,39,78.6,1
76723,16723,107,24,83,55.0,33.6,4,93.6,4
76724,16724,11,6,12,33.3,-8.5,45,64.3,3
76725,16725,53,10,55,67.1,-12.4,15,83.6,2
76726,16726,71,16,71,54.9,23.2,24,71.7,3
76727,16727,43,8,58,23.2,-30.4,30,64.5,1
76728,16728,33,10,37,72.2,3.8,6,82.2,2
76729,16729,39,16,36,53.7,-3.8,33,72.8,4
76730,16730,47,9,63,49.5,-14.1,5,51.8,5
76731,16731,88,25,98,53.8,2.5,24,82.7,2
76732,16732,53,10,78,62.2,-8.0,0,80.5,3
76733,16733,64,12,70,70.0,30.9,7,80.5,1
76734,16734,23,5,31,39.1,-15.5,13,98.7,4
76735,16735,34,14,24,36.8,19.3,21,77.1,2
76736,16736,12,5,11,100.0,-22.5,0,96.5,0
76737,16737,78,19,56,62.2,-0.2,28,95.1,4
76738,16738,48,14,55,57.7,25.1,4,82.9,2
76739,16739,13,4,14,57.8,-42.3,1,81.1,3
76740,16740,51,22,67,78.0,-15.3,8,69.6,6
76741,16741,14,6,11,71.5,-18.2,13,83.3,2
76742,16742,44,15,60,100.0,28.9,9,77.9,2
76743,16743,56,14,42,85.2,15.9,11,52.3,1
76744,16744,15,9,21,60.3,27.1,65,79.8,0
76745,16745,12,4,14,77.6,-7.8,0,85.0,2
76746,16746,90,20,70,83.1,-4.5,29,73.3,1
76747,16747,38,12,28,17.4,-20.7,0,72.1,8
76748,16748,39,10,52,52.0,7.1,41,67.0,3
76749,16749,112,59,107,80.8,32.2,4,100.0,5
76750,16750,63,12,92,59.3,-25.2,34,97.1,7
76751,16751,25,12,37,54.1,-5.5,23,69.5,2
76752,16752,111,27,149,74.9,-30.3,1,64.8,1
76753,16753,19,9,25,83.6,-22.2,29,69.1,3
76754,16754,49,9,62,65.0,33.9,5,81.4,2
76755,16755,89,22,76,53.8,-11.1,30,80.3,2
76756,16756,140,39,115,63.9,2.4,48,83.7,1
76757,16757,54,11,55,50.3,-40.9,0,62.6,4
76758,16758,7,3,10,87.6,3.0,0,34.2,0
76759,16759,112,35,81,69.7,1.2,21,70.1,2
76760,16760,54,10,73,37.4,17.4,3,67.6,5
76761,16761,56,16,58,26.1,-26.4,23,77.3,0
76762,16762,68,17,49,52.7,-18.8,14,92.2,1
76763,16763,30,17,25,26.4,4.0,31,88.4,3
76764,16764,20,11,30,69.0,-17.8,5,57.2,1
76765,16765,23,13,31,62.7,-1.2,37,94.8,2
76766,16766,55,16,75,53.9,15.2,9,70.4,1
76767,16767,70,16,80,49.3,-25.0,32,66.3,2
76768,16768,17,6,12,68.4,-41.3,53,99.0,2
76769,16769,179,47,242,88.0,12.2,8,56.9,3
76770,16770,30,8,32,59.6,-5.1,30,90.5,5
76771,16771,60,28,76,66.0,-3.1,28,85.2,3
76772,16772,90,20,117,100.0,12.4,24,74.6,0
76773,16773,37,10,27,68.2,6.9,5,100.0,2
76774,16774,12,6,11,67.3,20.2,0,53.8,6
76775,16775,53,10,72,82.4,1.7,0,64.7,1
76776,16776,25,10,27,64.0,27.5,0,66.7,4
76777,16777,57,18,41,100.0,-3.8,35,86.5,1
76778,16778,69,13,101,78.0,-21.7,7,93.9,3
76779,16779,57,20,68,33.2,41.3,21,50.4,3
76780,16780,34,15,35,51.4,1.4,0,77.7,3
76781,16781,33,6,47,49.0,-7.4,24,74.4,1
76782,16782,49,9,39,86.6,5.5,4,78.9,0
76783,16783,43,10,64,41.9,-0.2,12,100.0,2
76784,16784,81,16,74,55.1,48.1,7,80.8,1
76785,16785,121,22,139,37.8,-28.5,12,48.5,3
76786,16786,75,36,102,55.6,4.5,2,48.4,1
76787,16787,263,54,240,45.1,-6.5,0,79.5,5
76788,16788,8,5,7,92.8,-13.7,1,59.1,0
76789,16789,98,24,115,60.0,-22.4,19,99.3,4
76790,16790,92,23,70,94.8,-24.3,0,67.9,2
76791,16791,66,19,86,57.3,0.2,27,78.8,2
76792,16792,27,7,26,76.2,2.9,10,51.2,2
76793,16793,73,28,107,26.5,6.2,34,82.8,4
76794,16794,14,9,13,60.5,15.0,25,58.4,2
76795,16795,23,10,33,24.8,-3.8,11,100.0,2
76796,16796,21,4,17,39.6,-18.0,34,75.9,5
76797,16797,106,41,108,68.2,35.1,16,75.5,0
76798,16798,48,11,59,84.6,10.5,14,57.7,2
76799,16799,96,29,87,64.8,22.9,30,100.0,3
76800,16800,54,10,70,72.2,10.1,16,68.3,3
76801,16801,49,9,73,28.9,5.1,30,100.0,0
76802,16802,51,14,74,31.4,-12.1,17,58.5,0
76803,16803,26,9,39,43.7,-30.7,15,86.4,0
76804,16804,25,8,19,86.1,7.6,46,92.0,3
76805,16805,44,15,52,44.7,-18.0,42,99.5,3
76806,16806,24,14,33,22.3,-30.7,13,73.7,1
76807,16807,37,22,52,82.9,-0.9,14,68.3,1
76808,16808,11,3,12,62.5,12.9,37,100.0,2
76809,16809,38,10,27,77.6,-17.9,0,54.2,1
76810,16810,38,21,50,42.0,12.5,14,68.3,3
76811,16811,46,15,67,41.8,14.9,6,69.2,2
76812,16812,26,5,18,58.5,-5.7,0,75.6,1
76813,16813,23,7,17,44.7,-2.7,38,58.2,1
76814,16814,140,48,185,6.6,-5.8,49,75.1,4
76815,16815,56,31,74,44.3,13.9,23,100.0,3
76816,16816,34,7,30,40.5,-33.8,32,40.6,2
76817,16817,50,13,64,19.2,-14.9,11,56.6,1
76818,16818,54,25,76,51.0,-13.6,8,100.0,1
76819,16819,44,14,40,35.0,13.4,9,60.7,3
76820,16820,53,12,56,51.0,3.5,22,69.9,0
76821,16821,26,10,28,50.6,-22.9,30,59.9,3
76822,16822,62,18,64,55.8,-13.4,8,72.4,1
76823,16823,48,13,46,35.7,18.1,12,100.0,2
76824,16824,44,10,66,72.7,3.0,0,72.9,2
76825,16825,45,12,52,61.5,20.6,25,89.5,3
76826,16826,53,16,67,49.4,33.3,43,88.0,1
76827,16827,13,6,10,52.7,-5.1,0,69.3,1
76828,16828,27,10,30,75.9,-25.4,15,95.5,4
76829,16829,27,9,38,87.6,29.8,78,79.1,0
76830,16830,88,17,112,46.3,1.8,24,81.5,0
76831,16831,116,28,107,70.5,7.0,33,77.4,2
76832,16832,15,4,21,44.9,5.2,8,62.1,3
76833,16833,50,14,37,68.6,5.7,21,100.0,2
76834,16834,49,12,73,46.9,5.2,40,82.4,4
76835,16835,150,62,196,17.9,-1.9,29,95.5,3
76836,16836,71,22,104,77.0,-21.2,30,93.0,2
76837,16837,30,8,42,77.3,-41.1,26,84.7,4
76838,16838,65,22,86,72.0,-33.4,13,89.8,3
76839,16839,34,20,36,63.4,-7.3,27,70.8,1
76840,16840,45,14,61,88.3,-30.9,0,52.8,3
76841,16841,35,17,27,98.4,7.1,16,86.8,5
76842,16842,46,10,41,50.1,-9.3,22,79.0,1
76843,16843,28,8,39,75.7,9.4,48,97.3,2
76844,16844,16,3,20,73.3,8.4,22,87.0,2
76845,16845,42,14,36,91.5,-33.7,52,55.7,3
76846,16846,54,21,56,57.3,9.1,22,67.5,0
76847,16847,93,17,118,33.0,25.5,0,85.4,2
76848,16848,39,14,52,51.6,-7.5,0,72.8,4
76849,16849,31,10,43,74.1,9.3,0,78.7,5
76850,16850,8,5,7,54.9,-6.5,28,88.9,1
76851,16851,28,12,20,32.2,-16.7,1,85.9,1
76852,16852,175,38,141,81.7,26.1,30,89.6,3
76853,16853,69,16,75,32.2,-24.5,38,83.2,4
76854,16854,71,23,102,52.0,-21.6,30,73.7,2
76855,16855,52,10,44,48.3,13.5,44,72.1,2
76856,16856,55,15,72,63.5,-17.4,30,68.4,2
76857,16857,52,13,65,58.4,16.7,27,78.0,3
76858,16858,52,11,76,73.5,27.6,33,56.9,2
76859,16859,47,11,44,82.2,-16.2,0,83.7,3
76860,16860,42,20,52,61.7,3.8,40,65.8,1
76861,16861,78,23,56,64.7,5.1,17,65.8,2
76862,16862,160,41,143,92.5,-17.9,49,70.2,2
76863,16863,68,40,82,52.5,-14.6,17,74.1,3
76864,16864,55,22,81,66.4,8.8,26,100.0,2
76865,16865,60,13,61,40.5,0.9,25,72.8,4
76866,16866,64,12,79,79.7,-35.9,0,64.5,1
76867,16867,81,15,61,60.1,-3.6,28,84.8,2
76868,16868,79,18,56,92.7,-2.9,36,88.3,3
76869,16869,47,11,39,71.4,-7.3,18,86.3,4
76870,16870,61,14,71,42.4,9.8,6,74.4,2
76871,16871,62,23,84,58.2,-6.1,0,65.8,0
76872,16872,41,13,41,93.8,19.9,17,57.7,5
76873,16873,27,12,34,100.0,-24.3,4,97.5,3
76874,16874,14,4,15,78.6,-12.2,4,82.9,1
76875,16875,13,8,18,10.8,-20.5,28,63.3,1
76876,16876,87,18,68,76.3,-46.3,2,84.8,3
76877,16877,69,13,81,95.4,-6.7,17,75.8,4
76878,16878,21,10,30,71.1,-8.9,0,70.2,3
76879,16879,86,25,66,100.0,-31.9,12,87.3,2
76880,16880,33,10,30,55.2,-30.3,22,90.3,2
76881,16881,148,33,136,69.1,-1.0,24,90.2,2
76882,16882,43,12,53,12.6,-25.7,42,100.0,2
76883,16883,26,8,34,60.2,-4.9,14,66.1,1
76884,16884,39,19,47,42.8,2.0,19,72.1,0
76885,16885,103,39,109,52.4,-20.6,32,87.5,2
76886,16886,50,13,45,88.2,-7.4,30,100.0,5
76887,16887,22,13,32,71.3,9.3,41,86.0,0
76888,16888,28,10,24,71.6,-9.6,31,93.2,2
76889,16889,27,13,36,65.1,13.7,7,90.8,4
76890,16890,38,21,31,61.2,14.8,24,74.7,2
76891,16891,51,16,53,75.3,-16.7,40,80.2,2
76892,16892,57,21,54,60.7,-15.4,41,67.1,3
76893,16893,117,31,109,75.7,24.1,46,84.8,2
76894,16894,44,19,42,57.5,-41.4,0,100.0,1
76895,16895,34,20,46,72.8,7.0,0,76.9,1
76896,16896,28,17,25,63.0,3.5,27,37.8,5
76897,16897,61,19,54,65.6,2.4,40,46.2,4
76898,16898,25,16,24,27.6,-14.7,44,100.0,2
76899,16899,10,6,12,22.4,-4.4,0,85.8,3
76900,16900,55,19,63,75.0,7.7,7,75.3,2
76901,16901,74,14,77,66.0,11.2,4,79.2,1
76902,16902,26,6,38,56.9,-20.7,47,85.6,2
76903,16903,18,4,15,41.6,-29.4,32,79.4,4
76904,16904,22,10,18,72.6,-1.8,49,77.6,8
76905,16905,53,14,45,44.9,24.9,0,100.0,4
76906,16906,34,14,40,49.6,27.1,21,71.3,1
76907,16907,39,11,52,47.8,30.4,0,75.2,1
76908,16908,190,40,246,35.3,11.7,10,75.4,0
76909,16909,103,32,147,78.5,24.4,15,62.2,1
76910,16910,34,14,44,59.2,-39.9,7,70.9,1
76911,16911,74,27,111,61.9,-9.0,0,77.8,4
76912,16912,38,11,43,9.8,-24.1,9,92.2,4
76913,16913,38,8,57,70.4,1.5,0,100.0,1
76914,16914,40,10,45,56.7,5.7,0,78.1,3
76915,16915,43,8,33,64.7,-40.9,0,69.8,6
76916,16916,32,6,43,40.6,-22.9,21,43.9,1
76917,16917,33,12,46,81.5,-18.7,28,95.0,2
76918,16918,62,15,66,65.5,-54.7,33,83.3,1
76919,16919,69,16,57,62.8,-23.6,17,83.7,3
76920,16920,60,16,87,76.7,-11.4,46,100.0,5
76921,16921,189,40,269,34.2,2.3,6,66.6,0
76922,16922,78,30,71,96.1,-25.7,0,100.0,3
76923,16923,136,30,114,60.2,9.1,24,74.1,2
76924,16924,30,12,23,34.4,-6.2,2,27.4,1
76925,16925,48,13,42,22.7,-5.9,20,76.1,3
76926,16926,25,13,34,75.3,14.4,43,80.9,3
76927,16927,38,9,44,78.2,11.3,39,82.8,2
76928,16928,79,16,86,82.6,-13.4,13,100.0,2
76929,16929,40,9,57,57.3,-30.1,0,87.5,1
76930,16930,43,8,42,32.1,-12.7,6,84.6,1
76931,16931,44,8,47,66.0,8.6,35,86.6,2
76932,16932,20,6,29,81.0,21.2,43,83.8,4
76933,16933,57,27,53,46.6,-23.3,26,40.1,5
76934,16934,74,17,93,45.2,-14.6,6,66.8,4
76935,16935,143,45,119,86.8,25.0,23,90.3,3
76936,16936,27,9,31,61.1,-28.4,48,71.5,2
76937,16937,27,12,37,50.2,-2.4,13,53.9,5
76938,16938,18,11,17,52.2,-38.4,1,100.0,1
76939,16939,50,11,42,52.2,-19.3,66,59.6,1
76940,16940,72,21,101,58.5,10.1,36,77.1,2
76941,16941,28,9,24,61.1,-18.0,48,80.7,3
76942,16942,62,21,88,81.5,-26.7,31,94.5,3
76943,16943,25,7,32,66.5,5.7,52,100.0,3
76944,16944,36,8,30,79.6,15.4,24,84.9,4
76945,16945,62,19,88,46.3,5.9,54,48.0,2
76946,16946,58,31,52,75.8,-31.0,3,65.0,2
76947,16947,25,10,23,61.4,16.9,39,57.4,3
76948,16948,37,18,48,48.7,14.7,23,95.9,2
76949,16949,47,21,56,42.0,31.4,5,93.0,2
76950,16950,75,15,102,70.9,24.8,42,38.5,2
76951,16951,35,16,36,69.1,-16.1,34,80.2,4
76952,16952,13,3,17,48.5,-10.7,32,77.6,2
76953,16953,35,13,40,61.3,-24.8,10,79.6,0
76954,16954,128,25,143,42.2,-22.9,31,89.7,2
76955,16955,44,11,53,70.7,-13.7,0,57.6,1
76956,16956,84,20,120,83.2,13.8,0,53.3,1
76957,16957,47,13,57,38.2,-15.5,51,96.9,5
76958,16958,42,8,48,49.7,10.1,24,66.0,3
76959,16959,55,26,82,100.0,-25.7,7,70.1,0
76960,16960,29,11,40,66.1,-7.6,20,70.9,1
76961,16961,41,8,29,100.0,-7.0,35,100.0,4
76962,16962,60,11,53,88.5,-47.4,46,68.4,6
76963,16963,147,32,154,42.1,3.9,31,52.3,1
76964,16964,35,15,37,43.9,-32.8,21,90.5,5
76965,16965,56,11,82,53.1,-18.1,0,43.9,1
76966,16966,28,13,26,19.7,-38.0,0,65.8,4
76967,16967,85,17,125,75.9,29.2,8,74.5,2
76968,16968,33,11,24,32.0,-8.3,0,79.5,2
76969,16969,39,23,56,67.0,-35.6,15,81.6,3
76970,16970,87,22,105,70.8,23.3,60,81.2,1
76971,16971,45,15,46,89.1,-12.8,0,100.0,0
76972,16972,24,15,36,87.4,17.3,18,59.0,0
76973,16973,36,17,54,46.1,-25.6,0,82.7,3
76974,16974,47,14,49,67.5,21.1,3,62.3,3
76975,16975,78,19,67,41.0,16.9,8,88.0,0
76976,16976,29,18,31,52.5,-3.6,23,100.0,0
76977,16977,64,18,87,42.4,-34.0,18,94.2,1
76978,16978,83,49,105,5.0,-4.7,47,94.9,2
76979,16979,266,52,199,78.1,20.8,17,76.8,2
76980,16980,48,11,42,66.2,18.7,44,69.4,2
76981,16981,6,3,6,65.8,-19.3,34,45.1,4
76982,16982,74,21,109,87.9,-14.3,13,80.1,4
76983,16983,53,12,63,32.8,16.0,10,94.8,6
76984,16984,95,36,70,98.3,2.1,6,80.7,0
76985,16985,45,20,45,32.2,-34.4,11,83.2,6
76986,16986,46,11,66,48.9,8.9,29,75.1,3
76987,16987,51,11,56,93.3,30.1,26,72.7,4
76988,16988,56,18,44,91.2,-11.5,10,82.8,4
76989,16989,30,12,35,44.5,-32.3,36,83.2,1
76990,16990,63,12,78,39.2,1.1,15,90.6,2
76991,16991,47,13,61,28.4,23.9,31,78.9,2
76992,16992,14,4,14,56.3,23.7,0,100.0,3
76993,16993,31,7,39,94.6,-9.0,34,64.6,2
76994,16994,10,2,10,90.3,50.7,9,100.0,2
76995,16995,123,45,137,79.3,-2.7,0,58.1,3
76996,16996,57,12,41,37.6,-11.7,0,79.4,2
76997,16997,131,25,162,36.8,15.2,58,71.8,3
76998,16998,27,5,27,41.0,-0.0,34,86.3,2
76999,16999,26,6,33,33.7,50.1,27,91.9,2
77000,17000,124,27,182,79.0,22.9,10,92.2,1
77001,17001,83,17,63,72.5,14.7,24,81.4,0
77002,17002,98,21,136,55.4,4.7,31,82.9,2
77003,17003,74,33,66,63.2,16.8,4,97.5,3
77004,17004,30,20,27,19.7,-4.3,7,75.7,6
77005,17005,106,28,93,31.0,-13.8,70,72.5,2
77006,17006,44,11,36,99.5,2.5,44,100.0,2
77007,17007,50,21,43,68.6,-17.4,53,58.4,1
77008,17008,18,8,23,80.8,-4.1,13,79.4,3
77009,17009,94,26,124,74.9,-12.6,56,68.8,3
77010,17010,41,8,60,53.6,-26.4,30,75.5,3
77011,17011,16,7,13,83.1,2.0,19,71.4,4
77012,17012,20,4,16,39.9,10.8,20,56.9,3
77013,17013,104,21,146,77.1,12.2,3,43.2,2
77014,17014,58,23,67,62.4,43.4,0,67.9,4
77015,17015,94,20,107,87.2,17.5,19,100.0,2
77016,17016,213,40,281,40.9,-4.7,43,96.3,1
77017,17017,34,16,39,63.4,-52.0,14,77.7,3
77018,17018,33,9,25,58.5,-14.5,0,67.5,0
77019,17019,85,18,121,84.3,17.7,23,82.9,2
77020,17020,37,13,30,56.9,-18.8,21,82.2,4
77021,17021,38,21,41,92.6,-30.6,21,100.0,3
77022,17022,46,23,46,80.7,13.3,0,88.6,3
77023,17023,88,31,88,72.5,-15.9,13,83.1,1
77024,17024,60,36,56,51.1,38.4,43,76.8,4
77025,17025,25,15,37,35.2,5.8,16,66.7,0
77026,17026,103,19,79,55.2,31.3,12,96.0,0
77027,17027,14,7,19,55.0,1.1,9,95.7,3
77028,17028,47,22,48,55.6,-3.4,4,75.9,1
77029,17029,42,11,31,48.6,-17.6,13,93.2,2
77030,17030,109,23,126,60.2,21.7,3,90.7,2
77031,17031,26,12,26,29.6,-22.6,44,91.3,6
77032,17032,13,8,11,69.8,-26.8,23,96.7,3
77033,17033,29,12,29,67.0,-23.8,40,55.5,2
77034,17034,53,15,79,51.1,15.4,37,99.6,3
77035,17035,169,31,222,59.5,-14.0,17,74.2,3
77036,17036,87,22,118,89.9,7.6,0,51.8,0
77037,17037,19,8,21,76.5,36.0,21,74.4,0
77038,17038,25,16,23,59.9,2.0,9,88.5,5
77039,17039,15,7,17,70.6,24.4,14,83.4,0
77040,17040,103,25,117,42.4,33.2,34,100.0,4
77041,17041,147,53,120,44.4,-12.9,29,76.0,1
77042,17042,37,10,45,59.1,7.9,17,100.0,0
77043,17043,54,14,72,94.9,28.8,27,64.8,3
77044,17044,17,8,19,68.3,2.6,23,83.9,2
77045,17045,232,74,236,100.0,-32.9,16,58.1,1
77046,17046,93,25,113,49.9,-7.5,0,68.8,1
77047,17047,35,7,40,60.9,3.7,36,73.4,3
77048,17048,47,10,36,33.2,12.7,0,76.4,2
77049,17049,21,5,21,21.7,-39.4,13,76.0,2
77050,17050,37,8,53,30.2,3.4,22,80.5,1
77051,17051,75,14,56,79.9,-8.5,26,72.7,2
77052,17052,55,12,51,79.3,-27.2,48,73.3,1
77053,17053,53,23,73,67.5,6.7,22,65.4,0
77054,17054,51,18,36,64.1,-25.5,13,81.7,6
77055,17055,18,6,26,67.3,-3.0,0,88.9,1
77056,17056,16,5,20,31.9,-5.1,27,88.8,4
77057,17057,113,28,113,62.1,24.2,12,86.4,1
77058,17058,19,6,14,62.4,-17.6,9,100.0,5
77059,17059,57,17,42,85.0,7.4,51,98.2,4
77060,17060,74,19,69,46.2,-10.0,57,71.9,5
77061,17061,213,45,261,66.5,37.0,25,63.3,4
77062,17062,49,15,37,42.0,-2.3,11,91.9,3
77063,17063,40,10,56,77.5,-28.5,0,100.0,2
77064,17064,118,35,164,77.3,-1.0,0,74.9,2
77065,17065,77,14,71,72.3,-7.3,8,55.8,3
77066,17066,174,33,149,62.5,-9.7,5,100.0,3
77067,17067,33,9,34,55.4,-12.0,42,87.6,0
77068,17068,105,22,97,100.0,-70.0,25,85.8,2
77069,17069,54,11,79,88.5,55.1,23,87.7,1
77070,17070,5,3,6,67.8,-5.4,31,75.9,4
77071,17071,93,18,120,48.0,7.2,20,55.3,2
77072,17072,54,11,61,65.0,21.5,1,73.3,3
77073,17073,148,31,203,80.2,-10.7,0,86.9,5
77074,17074,26,7,20,78.0,11.4,39,100.0,2
77075,17075,27,11,35,56.7,-24.4,20,89.5,3
77076,17076,98,28,129,50.3,-0.2,44,80.0,1
77077,17077,99,21,98,58.5,6.9,25,47.9,1
77078,17078,33,10,25,46.4,0.9,21,75.7,0
77079,17079,49,9,60,36.6,-11.6,46,69.3,3
77080,17080,36,15,34,65.1,-11.6,36,68.8,3
77081,17081,51,10,60,90.0,-8.4,14,36.3,3
77082,17082,64,23,90,72.6,27.4,12,68.2,3
77083,17083,97,20,132,87.4,-18.4,0,100.0,2
77084,17084,19,6,22,83.8,-14.6,24,87.6,1
77085,17085,53,11,42,56.8,21.1,41,64.4,0
77086,17086,46,12,49,54.8,56.6,16,100.0,2
77087,17087,118,23,151,55.6,-1.0,47,86.9,3
77088,17088,38,11,44,63.8,18.5,54,84.4,2
77089,17089,89,17,86,98.2,-11.5,16,52.2,0
77090,17090,22,11,21,93.1,56.8,24,83.0,2
77091,17091,81,17,101,73.9,23.3,26,34.2,6
77092,17092,55,23,66,57.4,-4.2,24,64.1,3
77093,17093,41,17,48,91.7,18.6,14,94.0,4
77094,17094,19,11,28,65.4,-16.0,38,50.6,2
77095,17095,93,21,132,65.1,-36.4,0,76.5,0
77096,17096,29,7,28,42.4,35.5,48,68.7,4
77097,17097,68,24,61,52.5,-15.2,33,96.2,3
77098,17098,32,6,46,34.1,16.6,29,81.7,2
77099,17099,21,12,18,58.5,-21.6,26,57.3,3
77100,17100,60,13,89,73.0,-5.5,0,85.2,1
77101,17101,20,8,17,38.2,0.8,26,78.2,4
77102,17102,4,2,3,71.1,-29.5,8,100.0,2
77103,17103,97,24,98,48.6,-13.0,22,79.1,1
77104,17104,31,11,44,61.4,-9.4,0,60.9,2
77105,17105,17,5,22,92.0,-27.6,33,100.0,4
77106,17106,47,14,55,67.5,-5.5,14,100.0,4
77107,17107,27,16,34,33.1,8.9,0,79.5,2
77108,17108,54,15,60,57.7,-34.3,11,100.0,1
77109,17109,40,24,38,32.1,-19.2,19,58.1,0
77110,17110,20,9,22,70.0,-12.0,16,79.7,3
77111,17111,44,10,44,70.4,-20.0,55,100.0,3
77112,17112,255,58,335,72.4,-25.9,19,100.0,3
77113,17113,17,11,14,27.6,-25.8,45,90.0,5
77114,17114,29,6,31,96.5,-3.0,26,74.8,4
77115,17115,15,10,12,71.2,-4.0,33,69.2,3
77116,17116,75,14,55,79.8,-15.3,10,83.2,3
77117,17117,120,32,106,85.7,28.5,23,66.6,4
77118,17118,18,6,15,84.4,6.4,17,84.2,0
77119,17119,43,11,57,66.3,42.4,36,92.3,2
77120,17120,4,2,3,42.4,-0.6,0,85.7,2
77121,17121,34,10,42,38.7,9.0,28,84.8,1
77122,17122,60,14,66,28.3,18.4,11,86.1,3
77123,17123,91,22,90,63.9,10.6,4,56.8,6
77124,17124,226,44,169,62.2,-24.1,27,83.2,3
77125,17125,45,17,47,57.0,21.9,0,94.8,1
77126,17126,46,26,53,66.0,2.6,56,67.6,3
77127,17127,87,29,69,53.5,-24.5,32,83.8,2
77128,17128,30,15,43,51.0,10.4,34,85.0,3
77129,17129,81,16,64,62.0,17.9,38,87.1,2
77130,17130,141,26,192,64.3,22.7,37,83.7,2
77131,17131,44,11,58,76.3,-10.5,22,49.8,3
77132,17132,37,8,52,77.1,6.8,24,94.0,0
77133,17133,107,25,84,65.5,5.9,36,100.0,1
77134,17134,37,10,40,56.4,18.4,21,68.8,0
77135,17135,111,23,106,28.0,-8.7,34,73.1,4
77136,17136,76,15,95,63.5,-4.3,12,100.0,2
77137,17137,46,13,39,66.5,15.9,39,93.0,2
77138,17138,62,13,48,69.7,26.6,25,100.0,1
77139,17139,61,20,53,82.3,-10.3,0,53.7,2
77140,17140,17,7,25,44.4,44.7,36,99.3,1
77141,17141,111,33,100,69.4,31.0,0,40.2,3
77142,17142,17,7,16,24.5,6.7,24,100.0,1
77143,17143,117,38,149,52.6,14.4,59,86.5,4
77144,17144,49,12,47,92.9,23.2,4,84.0,2
77145,17145,59,27,66,53.9,-33.7,21,100.0,2
77146,17146,57,13,74,69.4,-33.9,0,83.8,4
77147,17147,92,18,89,52.1,31.2,4,100.0,0
77148,17148,15,5,15,62.4,-26.6,9,78.9,4
77149,17149,119,22,105,57.8,37.7,0,67.1,5
77150,17150,55,13,71,37.7,-28.1,7,42.7,3
77151,17151,38,10,57,72.0,4.4,0,84.6,0
77152,17152,27,10,20,38.6,28.1,0,79.0,2
77153,17153,60,38,62,61.9,-9.9,36,92.1,5
77154,17154,69,22,67,91.7,-2.1,39,88.1,0
77155,17155,46,9,45,61.3,33.2,0,100.0,4
77156,17156,104,22,116,60.1,-33.1,7,50.2,5
77157,17157,81,15,99,30.1,-8.6,52,54.0,2
77158,17158,76,16,83,88.7,15.1,15,62.2,4
77159,17159,84,19,110,65.7,-28.1,36,93.7,2
77160,17160,30,16,23,100.0,-36.2,14,60.1,2
77161,17161,293,54,393,29.5,15.4,39,100.0,1
77162,17162,35,13,49,59.3,21.4,41,56.2,3
77163,17163,17,7,20,63.7,-6.4,27,100.0,2
77164,17164,49,30,47,74.2,-13.1,22,100.0,4
77165,17165,162,52,175,50.1,6.3,8,86.3,3
77166,17166,66,13,78,37.0,11.2,0,100.0,3
77167,17167,96,21,128,66.5,9.7,14,83.6,2
77168,17168,58,15,77,56.2,23.5,11,63.7,2
77169,17169,45,10,44,89.5,12.1,0,80.2,3
77170,17170,19,11,20,71.2,16.0,12,82.7,2
77171,17171,32,14,42,64.5,-3.4,16,94.0,4
77172,17172,44,13,46,63.0,35.3,31,100.0,3
77173,17173,42,10,51,78.6,38.1,29,84.6,4
77174,17174,26,7,39,85.3,20.5,11,83.0,2
77175,17175,30,14,41,48.1,-24.0,51,73.8,1
77176,17176,91,19,80,65.5,-20.4,38,91.7,2
77177,17177,78,38,80,43.2,42.6,35,67.1,1
77178,17178,40,16,45,77.8,-5.0,0,90.0,5
77179,17179,106,20,125,63.2,6.3,25,59.7,4
77180,17180,95,18,89,61.9,51.6,37,50.8,4
77181,17181,52,24,75,61.6,16.2,2,94.5,1
77182,17182,27,11,39,27.5,4.0,37,88.9,1
77183,17183,61,15,51,38.5,-3.4,5,92.1,5
77184,17184,87,18,126,61.5,-24.7,4,69.4,3
77185,17185,63,17,67,88.5,-0.5,16,57.1,3
77186,17186,52,20,55,79.0,-16.0,31,74.8,0
77187,17187,24,9,20,61.6,3.1,11,77.0,3
77188,17188,23,14,18,29.5,6.2,0,55.5,3
77189,17189,12,8,11,42.0,-4.4,45,79.4,2
77190,17190,30,15,42,61.7,0.0,4,82.5,2
77191,17191,77,14,79,81.7,18.3,8,42.4,2
77192,17192,85,37,122,90.1,0.8,15,86.5,5
77193,17193,155,42,183,49.1,-26.0,0,70.5,0
77194,17194,20,9,14,57.7,3.4,32,47.9,3
77195,17195,278,56,268,25.9,-12.2,32,51.6,1
77196,17196,54,13,43,29.1,33.2,24,99.1,2
77197,17197,27,6,35,26.7,-0.1,35,74.8,2
77198,17198,43,9,53,56.3,16.7,36,63.0,0
77199,17199,166,35,147,66.3,-23.1,39,45.6,4
77200,17200,83,54,72,84.9,-5.9,30,96.9,2
77201,17201,59,14,84,82.7,16.2,0,51.9,3
77202,17202,53,11,42,63.1,-21.3,17,60.6,2
77203,17203,19,11,14,50.1,25.4,33,100.0,0
77204,17204,44,12,44,52.4,-33.5,0,73.1,5
77205,17205,57,26,66,53.8,-14.0,9,78.2,5
77206,17206,38,16,55,56.8,1.0,7,98.7,2
77207,17207,34,7,49,64.1,-13.1,20,100.0,3
77208,17208,23,7,19,69.0,10.9,44,76.1,0
77209,17209,38,17,51,66.3,1.9,19,81.8,2
77210,17210,85,19,123,50.2,-31.6,7,53.6,2
77211,17211,91,18,124,95.1,3.4,0,67.5,2
77212,17212,89,21,92,40.7,-34.0,0,50.7,1
77213,17213,36,7,31,16.3,11.3,11,84.0,2
77214,17214,24,9,34,100.0,-19.2,10,59.5,4
77215,17215,29,9,33,86.4,-28.2,0,62.4,6
77216,17216,42,22,38,100.0,-1.5,66,78.6,4
77217,17217,63,35,60,90.7,-17.5,0,80.9,2
77218,17218,78,25,90,100.0,18.5,17,100.0,4
77219,17219,76,18,78,53.6,0.7,46,100.0,2
77220,17220,99,22,72,49.2,-11.2,31,85.7,1
77221,17221,61,29,71,52.0,-21.7,14,72.2,6
77222,17222,44,11,45,46.2,-19.1,22,100.0,2
77223,17223,18,5,19,48.9,-26.7,11,72.7,3
77224,17224,38,8,49,39.0,15.1,30,78.4,3
77225,17225,62,14,45,55.6,31.1,3,86.9,3
77226,17226,102,29,77,100.0,-19.1,0,47.9,3
77227,17227,42,17,29,34.1,46.5,66,48.4,3
77228,17228,45,9,47,87.5,-1.1,17,60.9,3
77229,17229,48,22,44,59.4,-7.1,29,81.7,1
77230,17230,66,26,68,50.3,0.4,25,96.5,0
77231,17231,55,13,64,54.5,29.8,34,65.3,2
77232,17232,54,15,38,22.9,-16.6,35,47.5,2
77233,17233,13,7,11,91.9,-12.0,0,63.5,2
77234,17234,48,14,39,53.8,-47.4,20,71.1,1
77235,17235,37,19,44,38.3,-11.6,61,98.8,3
77236,17236,41,21,48,66.8,-14.9,0,63.3,3
77237,17237,33,13,25,78.5,0.8,0,60.7,3
77238,17238,74,34,99,62.4,-10.7,46,75.2,1
77239,17239,109,20,90,72.4,-22.5,18,65.8,4
77240,17240,64,12,54,35.0,5.0,0,88.3,4
77241,17241,62,14,63,56.5,-10.2,27,72.2,2
77242,17242,97,20,94,35.4,-45.5,0,79.3,7
77243,17243,97,19,143,62.2,-1.0,42,69.8,3
77244,17244,36,10,51,64.1,5.3,13,78.9,5
77245,17245,62,13,46,50.3,7.1,49,95.8,1
77246,17246,97,19,98,97.5,-40.9,20,79.6,0
77247,17247,9,5,12,55.7,-1.7,56,81.2,3
77248,17248,227,48,273,71.5,48.5,22,40.5,4
77249,17249,16,9,21,87.8,41.0,8,93.7,2
77250,17250,84,16,86,44.3,-36.2,20,90.0,1
77251,17251,101,24,102,78.7,-42.4,18,40.7,3
77252,17252,231,42,303,75.9,9.5,0,64.1,2
77253,17253,25,8,23,67.0,-41.0,26,48.6,3
77254,17254,158,32,118,79.3,-18.4,21,88.6,0
77255,17255,69,13,97,45.3,26.2,32,87.1,1
77256,17256,21,8,31,80.7,-3.3,38,58.8,1
77257,17257,25,5,30,70.7,-50.5,0,82.5,1
77258,17258,36,12,46,76.2,4.5,24,95.0,1
77259,17259,162,51,203,56.6,-6.6,33,67.8,0
77260,17260,75,15,85,50.2,14.7,54,65.6,4
77261,17261,48,13,57,39.4,-8.9,0,65.2,3
77262,17262,41,13,46,58.2,64.8,36,62.7,3
77263,17263,15,7,12,53.6,-4.1,18,92.9,0
77264,17264,39,12,37,46.2,12.1,12,95.5,3
77265,17265,66,15,47,89.4,21.0,1,58.0,4
77266,17266,68,16,52,77.9,30.4,10,80.8,7
77267,17267,14,3,15,85.6,-33.8,16,71.6,1
77268,17268,32,7,27,45.9,32.8,12,78.4,1
77269,17269,62,21,61,77.2,-7.0,21,80.5,2
77270,17270,53,11,73,49.0,8.0,15,100.0,5
77271,17271,8,5,6,50.9,-40.4,20,83.5,2
77272,17272,32,20,44,67.7,-45.9,45,92.1,2
77273,17273,59,11,84,72.4,5.1,0,83.6,2
77274,17274,85,17,81,47.7,27.5,1,100.0,3
77275,17275,72,23,77,58.7,-31.4,14,54.5,2
77276,17276,268,55,276,40.4,-38.8,6,53.0,3
77277,17277,41,10,33,67.6,0.6,42,95.6,0
77278,17278,48,22,37,30.5,-19.4,13,89.8,2
77279,17279,27,8,29,70.1,14.0,8,92.5,2
77280,17280,33,19,38,76.6,-21.0,18,90.8,3
77281,17281,28,10,31,46.7,-3.1,68,71.1,3
77282,17282,9,4,11,56.1,31.8,30,81.5,1
77283,17283,24,5,26,56.9,21.8,36,99.9,3
77284,17284,98,22,136,73.6,-36.0,19,100.0,2
77285,17285,17,10,20,34.3,0.5,1,54.3,5
77286,17286,91,25,80,32.6,-3.2,14,65.0,4
77287,17287,48,11,67,52.7,-23.9,0,63.0,1
77288,17288,36,9,50,100.0,17.1,18,77.4,0
77289,17289,26,15,26,78.3,12.9,19,78.0,2
77290,17290,43,19,37,82.8,27.0,16,61.8,2
77291,17291,76,25,101,50.8,-10.8,0,82.5,4
77292,17292,60,30,45,63.0,-0.9,14,100.0,0
77293,17293,44,21,46,65.1,37.0,17,63.4,3
77294,17294,18,6,19,100.0,30.5,7,78.8,2
77295,17295,73,21,88,64.6,-6.1,20,62.1,1
77296,17296,85,48,78,73.7,1.7,0,88.9,1
77297,17297,27,6,27,62.8,-27.5,20,100.0,3
77298,17298,55,15,80,52.1,33.5,25,72.4,0
77299,17299,59,11,83,81.3,25.5,0,79.1,5
77300,17300,26,10,26,46.2,8.3,6,82.0,0
77301,17301,13,5,19,66.3,23.4,40,100.0,5
77302,17302,114,40,85,75.1,-42.0,0,88.0,3
77303,17303,26,7,25,39.6,16.5,29,100.0,2
77304,17304,60,22,76,82.8,20.9,17,84.6,4
77305,17305,19,7,22,91.2,-0.7,0,100.0,3
77306,17306,74,15,83,61.4,-7.3,26,75.4,5
77307,17307,64,34,84,74.9,-12.4,16,100.0,2
77308,17308,52,15,77,76.2,13.1,53,71.4,4
77309,17309,63,14,79,44.3,-1.6,0,63.6,1
77310,17310,80,15,84,97.1,19.7,25,76.1,7
77311,17311,176,35,219,55.3,7.0,12,77.8,5
77312,17312,28,12,31,60.0,6.3,19,80.6,4
77313,17313,47,14,57,67.8,-10.5,0,79.6,1
77314,17314,38,10,47,71.9,32.6,9,76.8,6
77315,17315,22,8,33,50.9,14.1,0,85.6,2
77316,17316,44,16,48,59.3,-8.2,26,85.8,2
77317,17317,9,4,12,77.7,9.5,33,65.9,1
77318,17318,36,21,53,39.2,6.0,9,52.8,1
77319,17319,32,7,28,78.4,11.6,7,100.0,1
77320,17320,49,15,49,87.3,4.0,34,72.9,7
77321,17321,50,10,57,57.6,28.9,13,84.7,1
77322,17322,11,5,11,74.6,-4.8,0,73.4,4
77323,17323,57,19,73,71.3,12.6,22,76.0,2
77324,17324,93,32,77,75.7,-4.4,12,86.1,2
77325,17325,20,5,29,97.8,-5.1,13,100.0,2
77326,17326,31,9,31,27.8,-3.4,8,92.0,2
77327,17327,75,19,107,42.2,-0.8,13,83.1,2
77328,17328,102,35,150,39.2,-11.3,24,91.7,5
77329,17329,74,14,63,39.6,6.6,42,58.7,2
77330,17330,31,6,36,64.8,-22.9,0,88.7,6
77331,17331,46,10,60,61.3,22.1,20,70.0,2
77332,17332,126,23,92,65.2,29.7,16,77.6,5
77333,17333,54,23,55,25.4,-54.3,22,84.9,4
77334,17334,52,16,54,51.8,-1.9,23,67.4,1
77335,17335,52,13,64,91.4,4.0,45,63.9,3
77336,17336,58,19,65,62.7,4.8,35,100.0,2
77337,17337,10,4,13,68.5,11.7,0,82.4,2
77338,17338,17,10,17,74.3,0.4,25,72.7,2
77339,17339,37,7,38,56.1,-7.3,22,94.9,3
77340,17340,53,22,54,48.5,-15.8,16,66.4,1
77341,17341,27,8,26,60.4,11.8,0,73.6,5
77342,17342,16,10,12,73.8,11.1,37,96.5,3
77343,17343,69,19,74,68.0,24.6,6,39.5,4
77344,17344,44,9,61,74.4,15.0,27,66.1,6
77345,17345,57,17,59,47.7,-9.2,14,53.9,2
77346,17346,21,4,17,68.0,13.5,30,100.0,1
77347,17347,28,12,26,74.6,0.2,44,96.8,3
77348,17348,25,11,33,58.6,-28.9,49,78.6,0
77349,17349,58,15,52,45.9,27.3,7,82.6,0
77350,17350,351,74,262,83.7,20.4,13,56.8,2
77351,17351,20,13,15,43.6,-0.6,1,62.5,5
77352,17352,10,4,12,89.4,-16.7,34,70.0,2
77353,17353,62,25,88,61.4,-15.4,0,100.0,4
77354,17354,28,8,25,43.8,-1.4,15,62.6,0
77355,17355,52,13,77,54.6,10.7,0,51.4,2
77356,17356,51,14,45,40.9,-1.8,5,72.9,2
77357,17357,82,33,80,21.5,-5.2,53,68.0,2
77358,17358,219,44,235,32.0,-38.2,39,92.7,2
77359,17359,101,22,79,40.5,-39.0,44,82.1,2
77360,17360,73,18,68,100.0,-67.9,0,82.9,2
77361,17361,60,20,71,68.7,13.5,0,87.4,1
77362,17362,22,8,16,48.5,15.1,22,100.0,0
77363,17363,103,23,112,97.7,7.2,11,73.9,3
77364,17364,32,16,39,38.5,33.4,3,55.1,1
77365,17365,15,9,14,72.6,-15.8,16,66.5,4
77366,17366,32,6,45,55.7,5.2,34,91.2,5
77367,17367,21,4,19,64.1,-27.2,34,100.0,7
77368,17368,37,7,53,58.3,12.3,35,87.1,2
77369,17369,44,12,60,58.1,9.6,34,86.0,3
77370,17370,57,30,51,38.5,2.6,30,79.1,3
77371,17371,32,9,24,81.1,-6.9,19,100.0,4
77372,17372,53,18,38,43.8,0.2,37,79.2,0
77373,17373,19,5,25,59.4,-10.5,16,52.3,1
77374,17374,102,20,117,54.6,2.7,15,58.9,3
77375,17375,20,6,17,68.2,-20.0,15,66.0,1
77376,17376,29,6,24,34.3,0.4,10,45.1,2
77377,17377,52,15,52,68.6,41.3,35,100.0,5
77378,17378,106,20,82,43.4,-17.7,43,80.1,3
77379,17379,37,11,46,39.7,13.4,10,79.9,2
77380,17380,48,11,70,26.5,34.4,44,80.1,3
77381,17381,27,8,28,86.5,6.6,23,80.2,4
77382,17382,28,9,39,60.5,13.0,39,90.3,5
77383,17383,117,26,113,84.2,23.8,8,79.1,4
77384,17384,67,15,60,66.2,-11.5,15,100.0,4
77385,17385,43,18,42,63.0,-40.8,9,96.8,2
77386,17386,28,9,24,65.8,-1.3,0,67.8,0
77387,17387,14,9,12,51.9,-13.0,0,63.8,5
77388,17388,30,19,38,97.5,30.2,2,61.7,4
77389,17389,12,6,17,77.0,-22.1,29,73.7,0
77390,17390,50,11,50,62.4,23.2,2,78.3,4
77391,17391,36,20,42,61.1,-3.8,52,67.5,6
77392,17392,58,11,48,88.7,12.8,15,96.1,3
77393,17393,73,32,95,40.7,-19.6,0,64.8,1
77394,17394,45,9,35,100.0,-32.1,23,83.5,2
77395,17395,37,7,31,65.3,3.1,27,83.1,3
77396,17396,29,9,30,100.0,0.3,32,83.8,3
77397,17397,47,13,37,100.0,-8.8,24,61.7,2
77398,17398,89,32,126,63.3,24.1,2,100.0,1
77399,17399,41,8,45,48.9,14.2,38,71.7,6
77400,17400,21,6,19,58.0,10.7,25,80.9,4
77401,17401,54,10,44,31.2,-21.2,55,36.3,0
77402,17402,65,12,54,61.0,0.8,0,99.4,1
77403,17403,58,11,74,69.8,-31.0,6,66.8,3
77404,17404,41,14,58,74.1,27.6,21,68.2,2
77405,17405,24,13,29,63.6,11.1,10,100.0,2
77406,17406,63,15,62,93.7,-25.6,2,100.0,0
77407,17407,125,25,114,32.4,-56.4,17,91.1,1
77408,17408,79,27,86,66.3,10.3,0,100.0,4
77409,17409,43,8,40,86.0,-16.5,18,68.4,1
77410,17410,72,14,79,86.8,-6.1,27,94.7,4
77411,17411,32,8,23,100.0,8.6,16,87.6,1
77412,17412,28,14,39,72.9,-22.3,0,79.5,2
77413,17413,35,7,41,53.3,0.0,59,77.5,3
77414,17414,40,20,44,78.1,-10.1,25,95.4,1
77415,17415,22,6,24,39.4,-12.1,6,98.3,6
77416,17416,32,20,42,57.1,3.3,6,81.6,1
77417,17417,30,14,34,57.0,-2.4,36,66.3,3
77418,17418,34,9,41,63.0,56.4,38,34.3,3
77419,17419,15,10,20,46.3,0.1,15,95.4,5
77420,17420,23,11,32,72.9,-20.6,21,92.3,2
77421,17421,14,6,16,47.5,-15.3,20,91.0,2
77422,17422,37,22,43,85.4,-36.4,45,92.6,4
77423,17423,50,13,62,51.7,-10.7,31,40.1,1
77424,17424,77,17,83,73.4,-0.1,12,87.4,3
77425,17425,31,19,44,100.0,20.0,38,74.5,1
77426,17426,44,14,50,64.9,30.8,44,61.6,2
77427,17427,26,7,37,95.3,-8.0,46,100.0,2
77428,17428,158,44,212,65.1,-11.0,31,85.4,2
77429,17429,55,16,54,90.2,-2.6,28,90.3,5
77430,17430,38,20,47,86.7,-8.9,21,72.6,3
77431,17431,17,7,22,65.7,-0.1,29,100.0,5
77432,17432,94,18,101,58.1,39.2,16,74.7,3
77433,17433,33,15,42,59.5,-26.3,0,62.6,1
77434,17434,97,21,87,57.4,44.7,27,85.2,1
77435,17435,29,14,27,43.9,-49.4,26,84.6,5
77436,17436,58,13,70,69.9,16.0,0,60.6,1
77437,17437,38,9,41,31.5,2.0,23,95.6,3
77438,17438,44,8,44,86.4,12.0,7,56.7,1
77439,17439,27,13,20,76.4,1.6,36,94.8,4
77440,17440,13,5,19,69.7,24.7,53,68.5,5
77441,17441,63,13,56,69.6,-18.2,28,93.1,1
77442,17442,22,6,26,23.2,26.1,22,88.8,2
77443,17443,28,10,37,57.2,48.5,20,87.5,2
77444,17444,46,22,51,69.7,26.0,16,80.7,1
77445,17445,52,14,60,100.0,-21.7,20,70.9,0
77446,17446,27,8,30,82.7,-8.4,13,86.9,2
77447,17447,20,8,24,57.7,19.8,2,53.3,2
77448,17448,64,16,66,23.5,-50.4,44,48.3,3
77449,17449,118,28,116,75.5,8.7,12,100.0,2
77450,17450,19,5,28,64.4,1.2,28,97.2,4
77451,17451,33,8,33,72.7,-18.3,0,93.7,1
77452,17452,48,19,51,82.3,-8.7,31,55.9,0
77453,17453,15,3,12,75.3,-3.2,13,70.9,0
77454,17454,7,4,10,61.1,-1.6,22,64.5,4
77455,17455,74,34,98,88.0,11.1,32,100.0,3
77456,17456,67,28,86,34.3,21.3,21,100.0,2
77457,17457,64,12,89,51.1,-44.2,5,95.5,6
77458,17458,19,7,14,79.3,-4.7,16,100.0,1
77459,17459,31,6,22,68.0,1.6,19,70.4,1
77460,17460,65,19,96,7.9,-0.1,24,90.2,2
77461,17461,83,19,71,17.4,15.1,43,67.1,2
77462,17462,16,6,23,66.4,-12.7,9,36.8,3
77463,17463,116,27,155,34.8,2.8,19,65.7,1
77464,17464,20,4,22,57.6,-6.8,12,78.6,2
77465,17465,11,3,8,58.4,5.5,43,64.9,2
77466,17466,129,25,112,35.3,-3.0,45,100.0,5
77467,17467,86,28,65,49.4,-5.0,0,96.4,4
77468,17468,107,27,142,51.1,-32.5,37,55.9,3
77469,17469,89,34,98,57.2,-3.3,22,94.4,3
77470,17470,21,10,31,39.9,-2.9,22,87.1,3
77471,17471,49,23,55,33.0,-21.9,24,79.2,2
77472,17472,66,20,52,97.0,-10.2,9,86.1,1
77473,17473,63,12,49,66.6,-42.4,22,41.9,2
77474,17474,8,3,9,74.7,-25.2,22,88.7,3
77475,17475,32,17,37,30.5,36.4,0,97.5,6
77476,17476,39,12,32,34.6,-3.6,2,78.0,3
77477,17477,39,19,32,42.6,-5.7,0,74.4,6
77478,17478,33,14,47,37.3,-11.5,0,53.0,2
77479,17479,98,19,135,34.2,-4.9,5,64.9,3
77480,17480,24,6,17,44.5,-45.5,18,95.2,1
77481,17481,97,27,126,61.3,29.1,0,60.9,1
77482,17482,31,13,35,43.0,-0.7,39,70.8,4
77483,17483,30,16,36,96.4,36.4,20,99.6,0
77484,17484,121,23,89,54.7,9.6,0,81.0,2
77485,17485,47,13,49,66.0,-33.9,0,79.6,1
77486,17486,36,18,39,76.9,9.4,37,62.7,4
77487,17487,40,12,32,63.6,34.0,6,68.3,1
77488,17488,123,31,178,97.2,-46.5,18,98.0,4
77489,17489,68,16,48,50.7,-8.5,46,85.4,2
77490,17490,19,10,15,59.6,-1.2,19,47.8,2
77491,17491,61,14,70,66.6,17.9,47,65.7,3
77492,17492,115,25,81,14.6,-7.4,4,49.8,1
77493,17493,45,15,67,42.5,-39.7,17,77.0,4
77494,17494,113,27,82,33.3,18.3,0,95.0,2
77495,17495,21,11,25,75.0,-29.8,6,87.9,3
77496,17496,44,8,44,21.3,12.0,26,90.2,1
77497,17497,23,13,18,87.7,21.1,5,81.0,1
77498,17498,39,17,54,51.7,-27.0,0,91.6,3
77499,17499,100,22,114,58.5,14.2,0,81.1,6
77500,17500,117,22,145,12.3,-22.1,15,95.5,1
77501,17501,63,25,84,67.7,-9.9,4,35.7,1
77502,17502,23,12,26,92.2,-22.9,25,58.1,7
77503,17503,23,11,21,39.5,2.1,35,87.9,5
77504,17504,93,22,88,60.3,-17.0,26,78.4,2
77505,17505,39,11,53,100.0,-20.8,0,78.4,4
77506,17506,151,30,201,45.1,21.7,14,69.3,1
77507,17507,25,13,18,73.0,-15.4,23,63.5,2
77508,17508,39,11,45,84.9,29.5,35,85.4,2
77509,17509,51,13,66,96.0,-53.4,52,95.7,3
77510,17510,99,20,77,33.6,1.6,11,83.4,0
77511,17511,115,31,137,91.3,39.0,17,89.6,1
77512,17512,65,29,70,13.2,0.3,47,60.0,0
77513,17513,71,14,62,50.6,37.4,0,99.0,3
77514,17514,50,10,61,60.3,1.7,0,54.4,2
77515,17515,165,33,155,62.1,34.7,27,67.4,2
77516,17516,69,18,59,20.8,1.3,12,87.0,4
77517,17517,91,17,96,47.3,-6.9,3,54.3,2
77518,17518,101,27,119,61.5,-45.4,14,82.2,4
77519,17519,67,32,70,50.8,-23.2,27,80.9,3
77520,17520,22,7,31,87.7,-5.4,61,71.4,0
77521,17521,19,4,27,56.7,-24.5,25,60.5,3
77522,17522,168,31,167,82.9,-31.5,23,82.4,6
77523,17523,159,33,138,50.7,14.5,25,70.0,3
77524,17524,35,12,50,77.0,-20.4,35,100.0,5
77525,17525,28,18,29,50.9,-1.2,10,70.9,5
77526,17526,15,7,14,47.7,-2.3,23,50.4,1
77527,17527,35,21,51,69.8,31.2,51,76.4,2
77528,17528,134,28,147,51.8,-36.8,32,83.3,0
77529,17529,14,5,20,30.3,16.0,12,80.1,4
77530,17530,21,5,15,77.7,-53.6,35,65.3,1
77531,17531,53,17,39,66.7,-2.9,22,76.7,0
77532,17532,26,10,28,65.5,1.1,6,47.3,2
77533,17533,72,20,88,77.9,44.7,12,79.9,0
77534,17534,69,20,75,61.3,-14.2,25,60.3,1
77535,17535,120,25,129,17.1,11.6,0,75.7,4
77536,17536,60,14,58,80.4,-17.2,63,71.0,2
77537,17537,52,19,55,100.0,-3.9,0,85.5,2
77538,17538,104,22,142,58.6,-25.9,41,72.4,1
77539,17539,105,27,137,25.1,-20.6,17,91.3,2
77540,17540,20,7,18,86.6,35.8,5,69.2,4
77541,17541,57,12,73,55.3,11.8,26,69.4,3
77542,17542,18,6,22,83.7,3.7,0,100.0,5
77543,17543,36,21,29,57.4,33.0,35,100.0,2
77544,17544,35,7,49,56.3,-1.8,17,76.6,2
77545,17545,49,15,37,26.7,28.5,17,83.5,4
77546,17546,47,17,33,51.3,22.4,0,28.2,1
77547,17547,72,14,97,32.8,-1.3,31,100.0,6
77548,17548,8,3,10,51.9,5.6,12,88.1,0
77549,17549,178,33,152,75.9,36.0,9,38.8,4
77550,17550,40,25,51,47.6,-41.9,33,85.1,2
77551,17551,167,40,234,42.4,-13.9,8,99.4,3
77552,17552,9,5,8,58.0,-4.1,34,100.0,1
77553,17553,26,14,25,61.8,-14.4,17,100.0,1
77554,17554,80,15,109,39.6,0.9,36,98.1,3
77555,17555,62,12,81,24.0,-18.8,0,49.2,0
77556,17556,20,4,24,38.3,-0.2,8,52.8,1
77557,17557,38,9,38,72.4,-13.4,25,100.0,4
77558,17558,51,15,53,67.5,18.3,18,65.7,2
77559,17559,46,11,48,84.0,25.6,26,90.6,4
77560,17560,93,25,134,100.0,29.2,23,90.4,1
77561,17561,196,40,219,100.0,-2.0,43,95.9,1
77562,17562,36,8,40,49.5,-43.9,17,67.9,5
77563,17563,42,10,42,57.0,2.2,10,97.5,1
77564,17564,141,62,171,69.9,-35.8,29,82.1,2
77565,17565,103,25,118,50.0,23.3,16,77.0,1
77566,17566,103,30,126,60.4,5.3,2,61.3,1
77567,17567,161,35,234,39.5,-6.0,0,60.4,1
77568,17568,50,15,67,71.0,-8.3,35,62.4,1
77569,17569,94,27,71,59.4,14.0,25,95.9,2
77570,17570,35,11,52,53.1,-19.7,22,94.8,2
77571,17571,82,15,73,79.5,-4.9,25,83.0,3
77572,17572,43,11,52,25.2,-24.5,6,48.9,2
77573,17573,41,8,49,65.4,6.8,7,67.5,3
77574,17574,45,9,33,67.0,0.5,11,100.0,2
77575,17575,18,4,27,44.5,-11.1,44,72.7,2
77576,17576,39,11,41,27.1,-26.3,7,65.3,2
77577,17577,84,23,113,57.6,7.1,0,57.3,2
77578,17578,89,17,90,70.7,33.7,21,85.4,3
77579,17579,107,44,107,72.6,12.4,10,96.1,1
77580,17580,264,57,325,55.2,-1.4,4,100.0,2
77581,17581,32,12,31,91.4,20.2,0,64.2,5
77582,17582,16,9,17,100.0,-14.4,36,46.6,3
77583,17583,15,5,16,98.2,-19.9,22,49.9,1
77584,17584,29,8,30,44.7,-22.3,2,90.3,2
77585,17585,36,18,34,35.9,-15.9,0,46.8,1
77586,17586,103,23,138,53.7,-0.3,19,68.3,4
77587,17587,36,8,48,65.0,44.8,21,92.5,3
77588,17588,106,24,140,48.6,40.3,31,80.7,3
77589,17589,31,11,22,41.2,10.5,18,90.7,3
77590,17590,66,19,74,95.6,5.6,0,90.5,3
77591,17591,24,11,32,95.3,14.0,8,80.0,1
77592,17592,172,53,121,66.6,15.9,13,74.3,4
77593,17593,154,29,137,100.0,-16.5,38,88.3,3
77594,17594,57,21,64,47.8,-26.1,42,34.6,2
77595,17595,29,17,29,72.7,-5.3,23,97.1,3
77596,17596,176,64,234,76.6,-20.0,28,100.0,5
77597,17597,111,23,127,74.7,9.5,0,46.1,4
77598,17598,41,8,52,63.3,-65.3,29,92.2,2
77599,17599,38,25,28,57.5,2.4,0,66.9,6
77600,17600,27,8,22,55.1,24.1,41,78.4,4
77601,17601,101,19,112,54.2,-33.9,13,69.4,2
77602,17602,18,9,24,91.2,-37.5,17,35.6,4
77603,17603,37,21,28,53.7,0.1,4,70.2,2
77604,17604,104,23,74,64.2,0.2,63,32.4,1
77605,17605,69,17,84,61.4,3.6,21,87.9,5
77606,17606,101,23,108,65.8,-10.1,2,73.4,4
77607,17607,39,15,37,76.5,-17.5,38,86.6,3
77608,17608,62,20,51,78.2,4.2,31,83.0,1
77609,17609,68,18,64,88.8,-24.3,26,74.9,2
77610,17610,36,8,33,60.1,-10.2,39,40.6,4
77611,17611,42,15,31,53.4,-23.4,4,79.5,2
77612,17612,16,5,19,58.8,-18.8,14,76.3,3
77613,17613,146,40,202,87.1,-47.1,2,69.6,1
77614,17614,26,17,33,26.3,5.3,34,89.3,3
77615,17615,78,16,93,64.7,32.3,46,70.6,0
77616,17616,68,17,64,55.1,34.2,17,40.3,2
77617,17617,5,3,6,50.6,-11.3,34,48.1,1
77618,17618,76,26,70,43.1,-1.0,20,60.2,8
77619,17619,31,14,25,32.9,10.0,8,78.0,4
77620,17620,22,13,17,75.3,-11.2,21,71.8,4
77621,17621,5,2,4,76.2,-29.6,15,83.8,4
77622,17622,35,7,37,60.2,5.3,3,90.7,1
77623,17623,18,10,23,32.8,-13.7,25,70.3,2
77624,17624,25,5,27,77.6,7.5,19,72.8,1
77625,17625,26,11,31,79.9,8.5,6,100.0,4
77626,17626,69,13,80,90.0,-21.2,42,64.2,4
77627,17627,86,36,81,69.1,14.2,21,75.4,5
77628,17628,59,12,85,73.8,-23.6,0,88.4,0
77629,17629,129,25,166,27.9,21.1,2,78.7,1
77630,17630,156,30,199,65.8,-10.5,6,100.0,1
77631,17631,40,20,44,52.2,-6.1,7,100.0,2
77632,17632,63,15,54,19.4,-21.8,59,95.1,6
77633,17633,34,7,35,60.1,-1.1,0,61.2,0
77634,17634,80,18,70,49.4,-17.1,39,60.8,2
77635,17635,54,16,46,49.0,-13.9,46,44.9,3
77636,17636,68,13,53,100.0,-13.1,0,100.0,4
77637,17637,18,8,16,38.2,23.2,25,97.2,4
77638,17638,85,17,105,48.6,34.5,61,57.3,4
77639,17639,39,16,51,59.0,11.9,12,71.4,3
77640,17640,30,9,43,54.4,-17.8,21,59.6,2
77641,17641,40,12,44,28.1,2.1,0,71.3,3
77642,17642,48,18,59,72.7,8.6,0,77.6,3
77643,17643,55,21,80,50.3,-12.7,20,99.1,2
77644,17644,45,15,56,95.2,31.3,3,69.6,4
77645,17645,8,5,10,26.5,-11.3,24,87.6,1
77646,17646,54,22,72,49.2,-42.3,26,67.9,4
77647,17647,122,23,109,47.0,1.5,24,65.1,2
77648,17648,88,20,116,86.6,23.2,11,91.4,1
77649,17649,39,12,55,83.7,16.3,18,47.4,0
77650,17650,21,14,16,49.4,-17.7,7,87.1,0
77651,17651,82,19,117,40.5,46.7,51,62.4,0
77652,17652,10,3,9,61.1,-42.4,43,71.5,6
77653,17653,83,20,115,67.7,-20.7,21,74.1,5
77654,17654,154,50,114,72.8,-13.7,0,85.7,2
77655,17655,63,42,91,52.9,-7.6,34,77.9,2
77656,17656,54,14,52,49.9,1.0,23,61.9,4
77657,17657,93,20,123,69.9,-32.8,15,71.9,1
77658,17658,47,20,36,83.3,-6.9,14,83.1,3
77659,17659,33,8,44,86.8,13.9,15,96.8,3
77660,17660,15,5,15,54.6,2.8,15,98.2,1
77661,17661,34,7,48,42.2,-0.1,4,49.2,1
77662,17662,23,7,26,26.3,19.2,46,85.3,0
77663,17663,33,19,47,53.3,-15.3,1,94.4,3
77664,17664,40,11,45,53.2,0.3,46,71.2,4
77665,17665,47,12,66,65.1,3.7,32,51.5,2
77666,17666,36,13,40,51.0,-41.2,37,56.4,1
77667,17667,45,25,47,41.7,-54.5,13,87.9,3
77668,17668,122,27,160,44.8,26.8,9,80.6,1
77669,17669,70,19,69,76.2,22.9,55,76.8,2
77670,17670,33,14,43,25.0,4.8,0,69.8,2
77671,17671,49,22,52,61.6,-22.5,0,49.8,2
77672,17672,59,16,50,76.9,25.2,49,48.8,1
77673,17673,60,22,89,37.3,-36.0,16,100.0,2
77674,17674,26,6,24,68.1,12.9,0,61.9,2
77675,17675,55,19,54,85.9,-5.0,17,100.0,3
77676,17676,95,28,107,44.8,-12.7,22,87.1,3
77677,17677,38,22,51,60.6,-18.2,17,88.8,2
77678,17678,67,20,71,50.8,1.0,34,89.0,4
77679,17679,14,9,12,61.3,-38.2,32,61.4,2
77680,17680,50,17,62,35.6,14.6,16,100.0,1
77681,17681,27,10,36,42.5,13.4,26,73.9,2
77682,17682,36,8,48,81.5,-1.7,21,52.7,2
77683,17683,41,9,46,47.6,13.6,18,74.0,1
77684,17684,121,38,151,57.8,2.5,18,59.7,2
77685,17685,49,9,48,52.6,-10.8,28,71.3,4
77686,17686,78,31,64,97.7,-12.0,37,94.3,1
77687,17687,41,19,34,24.7,-12.1,31,91.1,2
77688,17688,19,4,14,68.8,1.9,7,93.2,2
77689,17689,46,13,41,40.4,5.5,12,68.7,0
77690,17690,52,23,64,55.1,-8.5,16,82.5,3
77691,17691,40,14,57,64.0,23.2,12,73.4,1
77692,17692,81,43,108,54.5,18.0,7,59.9,0
77693,17693,56,13,74,63.1,33.2,39,69.5,3
77694,17694,66,19,94,48.6,48.4,0,84.7,2
77695,17695,53,14,47,28.0,-9.3,35,100.0,4
77696,17696,14,8,10,55.6,1.5,22,93.2,2
77697,17697,90,21,93,61.5,-16.6,45,100.0,2
77698,17698,54,20,54,37.1,30.0,0,87.9,0
77699,17699,19,9,22,50.6,5.8,24,89.9,4
77700,17700,102,32,111,64.3,3.5,22,71.5,6
77701,17701,98,20,127,58.7,-12.9,29,44.4,6
77702,17702,57,19,76,75.1,-17.3,46,32.0,3
77703,17703,27,14,31,50.3,33.8,43,86.8,2
77704,17704,126,24,109,85.9,-11.4,18,84.8,2
77705,17705,24,6,34,49.1,10.2,8,58.8,3
77706,17706,27,10,25,59.4,-42.7,16,72.7,1
77707,17707,50,13,66,34.1,-31.3,0,64.2,3
77708,17708,34,18,38,46.9,21.2,0,100.0,1
77709,17709,94,25,108,48.8,6.8,0,51.7,1
77710,17710,48,10,40,75.1,-7.3,9,82.0,0
77711,17711,23,11,27,27.9,17.0,18,87.9,3
77712,17712,82,17,112,100.0,17.7,15,74.6,2
77713,17713,59,16,62,69.5,-19.4,15,81.3,3
77714,17714,18,8,17,64.4,10.3,44,100.0,2
77715,17715,47,20,43,38.3,15.2,4,100.0,4
77716,17716,106,21,114,100.0,29.5,27,100.0,2
77717,17717,24,7,22,73.8,-4.9,35,73.5,2
77718,17718,113,43,119,100.0,18.5,0,89.1,2
77719,17719,73,29,80,67.2,-8.1,8,100.0,4
77720,17720,59,19,49,53.9,26.0,9,73.0,3
77721,17721,51,11,71,80.7,-31.7,22,60.0,3
77722,17722,40,25,51,15.7,22.5,17,88.9,4
77723,17723,33,17,45,39.6,-27.1,0,95.2,4
77724,17724,66,20,92,35.6,31.7,0,81.4,2
77725,17725,205,40,227,89.7,-13.7,17,76.3,1
77726,17726,111,22,156,21.6,-20.4,1,48.3,3
77727,17727,60,13,71,68.8,28.4,14,82.7,3
77728,17728,92,17,135,86.4,19.3,47,79.9,3
77729,17729,41,21,43,76.0,-33.6,20,95.6,3
77730,17730,60,12,79,98.0,-8.7,23,65.3,3
77731,17731,27,17,26,57.2,9.2,0,100.0,3
77732,17732,41,13,33,87.2,-26.5,11,94.9,3
77733,17733,38,16,53,78.3,-2.1,12,82.5,0
77734,17734,65,22,82,26.5,-10.6,21,83.0,3
77735,17735,32,6,37,42.8,18.0,20,41.3,4
77736,17736,76,27,111,14.6,-16.0,28,99.1,2
77737,17737,121,30,161,5.0,-18.4,23,85.8,2
77738,17738,77,18,58,71.1,-18.7,20,72.0,3
77739,17739,18,5,13,48.7,-22.8,0,68.7,4
77740,17740,28,15,33,31.8,-6.9,14,92.1,3
77741,17741,79,16,84,59.9,-8.3,27,77.4,2
77742,17742,33,7,24,73.1,-31.0,14,96.5,2
77743,17743,90,20,70,100.0,17.7,2,88.0,4
77744,17744,62,12,60,70.4,30.3,10,86.6,4
77745,17745,72,25,75,100.0,-3.6,0,99.8,2
77746,17746,80,21,102,64.9,-3.0,22,71.5,3
77747,17747,46,10,60,50.5,-13.4,4,65.1,5
77748,17748,138,42,155,58.1,-19.0,40,86.9,3
77749,17749,32,6,26,72.9,21.6,53,87.1,4
77750,17750,20,4,20,9.3,-5.2,38,92.1,2
77751,17751,69,19,93,65.2,6.3,20,85.1,2
77752,17752,23,11,33,64.0,-9.7,0,89.8,2
77753,17753,84,24,79,75.4,6.8,31,58.5,0
77754,17754,28,12,21,93.2,18.5,44,100.0,1
77755,17755,38,12,35,46.7,54.8,0,57.2,3
77756,17756,64,25,87,52.6,29.1,13,67.7,2
77757,17757,81,17,82,63.7,-24.9,35,65.6,1
77758,17758,79,31,64,60.4,6.2,32,88.0,2
77759,17759,77,20,96,73.9,12.2,24,33.7,3
77760,17760,34,20,46,42.9,6.1,32,89.9,2
77761,17761,59,13,71,75.9,-14.1,0,100.0,3
77762,17762,30,9,40,48.7,-4.4,29,82.0,4
77763,17763,44,14,61,75.1,11.9,34,69.7,1
77764,17764,45,14,41,100.0,-4.3,27,91.1,1
77765,17765,44,10,55,67.8,21.5,21,83.0,1
77766,17766,19,6,26,63.1,-35.3,30,70.5,3
77767,17767,18,4,13,68.0,-22.7,7,100.0,3
77768,17768,53,20,72,28.7,-28.8,41,85.3,6
77769,17769,59,11,75,39.8,17.7,34,93.2,1
77770,17770,96,27,110,66.2,-0.3,30,90.2,2
77771,17771,138,36,97,72.0,-21.8,5,60.9,3
77772,17772,141,33,109,39.2,-42.7,13,96.0,3
77773,17773,84,22,83,68.1,-2.1,35,92.6,1
77774,17774,128,34,108,60.9,22.0,6,57.2,3
77775,17775,15,10,13,57.5,8.5,14,100.0,2
77776,17776,40,12,38,32.8,-17.8,26,61.6,1
77777,17777,50,10,35,60.7,15.4,18,94.8,3
77778,17778,42,8,33,100.0,15.7,31,71.1,4
77779,17779,32,12,33,46.8,-33.4,27,77.4,1
77780,17780,65,15,80,77.2,5.8,6,100.0,1
77781,17781,138,28,148,85.4,-16.2,35,100.0,7
77782,17782,72,22,107,83.8,-13.8,0,81.8,2
77783,17783,113,29,82,51.1,42.0,34,96.3,4
77784,17784,49,12,61,17.4,-44.2,1,86.3,0
77785,17785,53,10,65,25.8,-6.6,20,99.5,5
77786,17786,62,18,77,75.8,23.6,3,75.5,3
77787,17787,42,9,43,67.7,-59.0,11,69.9,1
77788,17788,99,44,99,83.0,33.6,0,88.7,1
77789,17789,23,6,32,70.7,15.1,33,75.2,1
77790,17790,27,8,22,78.6,-25.8,1,89.2,5
77791,17791,53,22,50,85.0,-8.3,0,77.5,0
77792,17792,8,5,7,49.1,13.0,30,95.3,3
77793,17793,66,17,53,36.3,-26.0,3,72.1,1
77794,17794,24,5,24,58.1,-29.9,27,73.2,2
77795,17795,151,32,217,79.0,-14.0,10,80.3,1
77796,17796,40,13,57,96.0,32.1,56,91.0,0
77797,17797,47,21,58,94.0,43.9,19,53.4,6
77798,17798,47,9,52,100.0,4.7,13,70.7,1
77799,17799,27,9,31,76.9,0.2,0,93.3,0
77800,17800,17,6,21,59.9,16.1,22,77.5,2
77801,17801,71,18,78,87.8,1.2,13,69.1,5
77802,17802,29,9,33,74.4,-21.1,42,60.9,1
77803,17803,138,48,186,51.3,-29.1,29,63.7,2
77804,17804,14,5,19,75.1,-3.7,19,60.9,2
77805,17805,28,9,31,76.7,-23.6,12,67.4,1
77806,17806,64,15,74,58.5,-27.9,20,25.2,3
77807,17807,29,19,24,75.7,28.2,11,100.0,1
77808,17808,81,35,81,53.3,-5.5,25,53.6,4
77809,17809,15,6,17,98.1,25.6,33,100.0,1
77810,17810,55,10,58,76.7,-5.8,25,77.9,3
77811,17811,30,6,39,89.5,-33.6,0,87.9,3
77812,17812,29,9,25,91.6,-11.7,0,83.2,2
77813,17813,129,30,114,46.3,-9.5,0,66.8,3
77814,17814,37,15,53,73.3,-2.2,17,88.7,4
77815,17815,11,2,9,88.1,-6.4,33,49.0,5
77816,17816,78,15,69,74.4,0.4,47,54.2,3
77817,17817,30,14,39,56.7,4.4,41,94.5,4
77818,17818,130,25,146,55.7,29.4,0,100.0,3
77819,17819,91,29,73,33.6,14.7,30,37.3,1
77820,17820,17,5,21,86.2,24.5,19,73.0,2
77821,17821,30,7,26,48.7,-24.6,6,67.4,4
77822,17822,27,8,23,100.0,-5.9,30,87.3,1
77823,17823,91,24,84,21.1,19.0,18,47.5,5
77824,17824,72,22,72,24.3,-5.5,0,51.8,4
77825,17825,14,8,20,43.5,-16.4,8,77.3,2
77826,17826,33,9,37,26.0,23.5,0,62.7,4
77827,17827,46,27,38,61.4,-42.8,31,76.1,2
77828,17828,15,8,22,60.5,-0.1,18,57.1,0
77829,17829,106,25,107,76.8,-2.5,36,90.7,1
77830,17830,44,13,64,26.6,4.9,17,36.5,0
77831,17831,48,13,48,43.9,47.2,20,71.1,2
77832,17832,50,23,38,100.0,27.0,7,64.3,6
77833,17833,89,21,108,68.0,6.1,29,91.6,2
77834,17834,41,23,59,87.8,0.8,22,94.6,3
77835,17835,23,9,29,87.1,-17.4,40,63.0,2
77836,17836,82,16,60,58.7,28.7,21,61.6,2
77837,17837,18,11,16,72.2,-15.8,38,79.0,1
77838,17838,103,23,119,88.5,-1.2,42,96.9,1
77839,17839,32,15,23,84.2,-12.7,0,79.4,2
77840,17840,145,30,164,30.5,-10.5,50,60.3,2
77841,17841,63,16,84,34.3,32.6,21,77.6,3
77842,17842,11,7,16,47.9,0.8,13,71.0,1
77843,17843,12,8,14,65.5,-5.5,23,38.6,2
77844,17844,53,14,66,65.8,-8.2,8,56.7,3
77845,17845,61,13,50,60.9,-10.3,5,100.0,2
77846,17846,87,20,69,66.9,-16.3,29,79.6,2
77847,17847,70,26,85,73.7,21.1,0,100.0,6
77848,17848,123,28,102,88.0,7.2,11,100.0,1
77849,17849,37,14,48,67.1,-40.8,48,60.9,1
77850,17850,38,11,48,53.7,-19.1,13,100.0,4
77851,17851,12,5,12,48.3,-22.0,25,84.2,2
77852,17852,18,9,22,46.2,-3.9,34,100.0,3
77853,17853,85,16,85,57.7,10.0,30,65.8,1
77854,17854,29,7,35,77.8,-8.3,13,70.5,1
77855,17855,17,7,21,53.6,-15.9,41,90.0,3
77856,17856,38,19,48,84.2,-33.4,26,98.8,3
77857,17857,48,19,54,50.1,30.0,32,13.7,2
77858,17858,51,17,51,50.5,-24.3,17,100.0,4
77859,17859,35,7,42,24.7,6.9,30,79.1,2
77860,17860,25,6,27,38.0,-19.0,10,74.7,1
77861,17861,32,11,24,45.9,-1.9,28,100.0,1
77862,17862,17,6,19,35.0,35.2,4,53.0,3
77863,17863,20,8,20,65.8,35.0,5,51.0,2
77864,17864,20,10,15,62.7,20.2,24,54.6,2
77865,17865,25,5,20,43.6,-16.6,24,86.6,3
77866,17866,64,19,74,43.1,10.2,24,90.3,1
77867,17867,37,7,50,72.5,-12.1,11,71.9,2
77868,17868,69,15,75,66.9,-23.2,29,60.3,3
77869,17869,107,25,79,62.7,7.4,16,79.2,2
77870,17870,29,10,40,53.6,0.4,0,100.0,3
77871,17871,88,26,108,83.9,-21.4,24,84.1,2
77872,17872,20,8,29,49.7,-11.7,25,85.9,2
77873,17873,52,11,78,53.4,19.1,31,63.7,0
77874,17874,98,29,135,36.0,-24.2,23,59.3,1
77875,17875,144,31,206,84.1,13.4,44,81.6,3
77876,17876,11,6,14,82.4,-5.2,14,100.0,2
77877,17877,11,4,16,68.6,-26.3,13,61.6,1
77878,17878,31,17,33,72.3,-2.6,20,81.9,3
77879,17879,15,4,22,39.5,0.4,38,68.1,4
77880,17880,31,7,27,28.8,-18.7,10,72.6,1
77881,17881,14,3,11,61.1,5.9,0,36.5,2
77882,17882,30,10,32,100.0,23.4,2,61.4,4
77883,17883,14,7,13,58.8,42.4,17,65.0,2
77884,17884,204,38,250,31.8,21.9,0,67.4,4
77885,17885,27,12,37,100.0,13.5,17,67.2,0
77886,17886,34,12,30,77.9,7.1,46,58.6,4
77887,17887,38,14,29,54.7,17.5,33,45.4,2
77888,17888,133,29,158,48.8,48.6,15,74.3,5
77889,17889,39,8,48,63.0,-0.4,68,86.3,5
77890,17890,26,10,30,33.3,-8.7,10,57.3,1
77891,17891,16,6,20,74.5,-2.1,24,43.2,7
77892,17892,68,16,51,52.1,-10.3,13,83.2,1
77893,17893,178,36,222,85.6,16.1,10,75.7,3
77894,17894,27,13,30,67.1,5.0,10,68.8,2
77895,17895,125,23,116,28.7,29.1,17,42.9,5
77896,17896,89,21,94,38.5,-4.0,23,56.9,2
77897,17897,106,39,90,41.3,-31.1,9,86.9,1
77898,17898,91,20,65,7.5,2.0,20,86.7,2
77899,17899,25,15,21,47.6,5.7,28,76.7,3
77900,17900,62,12,69,80.7,8.2,39,61.5,3
77901,17901,51,15,54,80.9,17.5,16,100.0,3
77902,17902,31,13,45,62.7,4.9,7,86.2,3
77903,17903,34,8,48,91.3,-13.5,36,92.6,2
77904,17904,24,13,22,50.8,10.3,11,100.0,4
77905,17905,27,8,28,44.4,-5.8,6,100.0,2
77906,17906,142,27,209,30.2,-22.5,0,96.0,1
77907,17907,49,12,50,100.0,-10.0,37,78.1,2
77908,17908,9,5,13,42.6,-24.9,22,47.0,1
77909,17909,140,28,124,47.1,17.0,0,50.1,4
77910,17910,96,20,113,75.5,-9.0,9,61.9,1
77911,17911,71,16,93,60.1,-9.2,14,69.7,1
77912,17912,43,20,35,23.4,-3.5,10,77.5,1
77913,17913,87,22,129,73.9,16.9,48,86.1,3
77914,17914,125,27,156,54.3,28.7,9,100.0,3
77915,17915,13,3,10,80.7,11.1,40,77.5,2
77916,17916,45,16,34,35.9,9.1,6,93.3,3
77917,17917,37,7,35,59.6,-31.5,12,51.9,4
77918,17918,18,8,27,43.4,-22.1,10,81.6,6
77919,17919,98,30,134,61.1,19.7,9,79.9,2
77920,17920,22,7,29,49.6,-3.4,15,62.1,2
77921,17921,61,12,55,56.4,12.5,9,67.2,2
77922,17922,28,12,39,62.4,29.5,29,76.3,2
77923,17923,83,18,94,49.5,26.6,29,67.0,3
77924,17924,22,6,33,80.5,-16.8,42,74.1,3
77925,17925,185,47,170,62.5,7.1,13,100.0,5
77926,17926,19,12,27,41.3,-26.2,36,100.0,3
77927,17927,235,56,176,68.2,6.7,0,100.0,2
77928,17928,43,18,58,66.5,0.9,44,47.5,1
77929,17929,73,22,85,70.1,29.1,9,93.4,1
77930,17930,27,8,29,90.5,-10.9,44,74.8,2
77931,17931,80,15,70,60.2,-7.9,30,70.8,6
77932,17932,141,42,118,77.3,3.9,9,78.6,1
77933,17933,79,25,78,40.2,-12.2,30,66.7,3
77934,17934,32,7,27,77.1,-22.5,4,76.4,0
77935,17935,29,9,26,29.5,28.6,17,79.0,1
77936,17936,20,4,30,26.4,57.0,24,73.0,1
77937,17937,109,30,150,30.3,19.8,10,99.0,1
77938,17938,135,27,99,25.5,9.0,28,76.4,0
77939,17939,75,18,72,100.0,0.7,0,100.0,2
77940,17940,82,20,68,60.8,6.9,32,83.8,4
77941,17941,75,20,63,39.4,34.4,25,63.9,0
77942,17942,56,16,47,51.0,9.4,15,83.8,5
77943,17943,109,37,126,91.0,17.7,26,82.6,2
77944,17944,52,11,44,59.5,-16.8,27,65.2,3
77945,17945,73,18,109,70.7,6.3,21,82.8,3
77946,17946,11,6,9,48.0,-24.3,48,50.2,1
77947,17947,13,3,18,22.1,-1.2,21,83.6,3
77948,17948,8,5,11,59.2,4.9,0,56.0,3
77949,17949,151,28,222,58.6,27.9,0,34.0,3
77950,17950,47,17,68,94.9,-8.0,12,51.5,3
77951,17951,51,26,57,34.7,21.1,20,86.0,3
77952,17952,36,15,54,63.9,2.6,46,100.0,1
77953,17953,58,11,83,72.4,16.8,45,89.7,0
77954,17954,24,7,26,67.5,-17.7,55,100.0,4
77955,17955,54,10,58,58.4,-1.2,13,79.7,1
77956,17956,17,6,22,54.4,17.6,32,46.8,6
77957,17957,38,23,42,57.0,16.6,46,94.1,4
77958,17958,52,10,74,48.5,43.3,30,87.1,3
77959,17959,57,11,45,50.7,37.3,29,68.8,1
77960,17960,23,8,34,63.2,23.9,22,25.0,2
77961,17961,79,19,118,76.2,-17.6,30,67.9,4
77962,17962,28,11,42,24.9,-20.0,4,100.0,1
77963,17963,32,8,40,73.8,-23.0,0,83.7,1
77964,17964,32,18,23,63.0,-11.9,11,64.2,1
77965,17965,61,21,81,64.2,-9.7,31,100.0,2
77966,17966,21,7,27,17.1,17.9,0,75.7,2
77967,17967,33,12,27,83.3,-22.7,14,81.9,7
77968,17968,21,6,19,70.8,4.6,5,85.4,3
77969,17969,62,15,53,63.4,33.4,11,52.0,2
77970,17970,59,17,85,52.7,56.9,11,100.0,2
77971,17971,43,13,42,29.5,58.5,0,64.0,2
77972,17972,54,13,79,67.3,-0.9,25,79.0,3
77973,17973,29,6,29,57.1,29.3,33,51.9,5
77974,17974,206,63,205,45.3,24.5,8,85.3,3
77975,17975,27,8,26,75.0,23.0,0,100.0,2
77976,17976,55,11,75,83.5,0.4,3,72.4,3
77977,17977,103,67,89,56.6,-7.0,35,86.2,0
77978,17978,35,11,44,40.0,15.6,27,73.8,6
77979,17979,46,29,35,75.1,-8.8,2,54.5,2
77980,17980,129,43,193,45.2,-22.3,44,66.3,2
77981,17981,51,20,55,42.5,-5.9,67,90.4,3
77982,17982,15,4,12,68.0,12.0,38,92.5,3
77983,17983,64,19,68,73.5,-32.1,27,84.1,1
77984,17984,4,2,3,91.7,-13.9,19,80.1,3
77985,17985,29,8,36,47.1,-13.3,46,85.3,4
77986,17986,81,19,89,74.7,-31.8,31,73.7,1
77987,17987,24,14,19,59.7,10.8,1,72.3,5
77988,17988,26,16,31,36.3,-27.2,11,64.3,7
77989,17989,136,27,127,64.5,20.4,3,100.0,2
77990,17990,64,17,93,56.4,-33.4,8,84.0,1
77991,17991,29,15,36,36.1,18.2,0,72.5,0
77992,17992,83,19,85,71.7,5.6,51,65.4,1
77993,17993,94,19,76,69.8,26.0,26,51.4,3
77994,17994,86,16,108,86.8,5.2,38,82.8,6
77995,17995,43,9,46,59.6,-17.4,10,75.6,3
77996,17996,86,19,112,36.7,11.2,1,98.0,5
77997,17997,95,19,116,95.8,24.8,46,93.5,3
77998,17998,38,11,46,90.2,31.6,8,90.1,3
77999,17999,38,11,49,46.7,-6.1,35,85.0,2
78000,18000,25,6,25,38.2,10.2,32,75.9,4
78001,18001,120,24,177,56.6,-17.4,16,100.0,3
78002,18002,35,15,51,47.8,-29.3,30,98.2,3
78003,18003,39,12,50,38.5,-17.2,10,100.0,3
78004,18004,41,9,33,27.7,-6.6,0,86.2,5
78005,18005,47,18,63,35.6,-15.6,48,93.1,3
78006,18006,60,35,58,5.0,17.7,0,67.3,3
78007,18007,145,46,117,51.6,-0.3,3,69.5,2
78008,18008,22,4,27,52.7,-14.4,41,90.6,3
78009,18009,33,8,44,72.1,23.0,19,81.5,1
78010,18010,78,17,108,51.0,9.6,35,71.0,3
78011,18011,51,27,41,60.7,8.7,22,83.1,3
78012,18012,54,15,47,51.3,-11.7,21,49.3,1
78013,18013,95,19,135,62.0,-10.4,24,77.5,2
78014,18014,120,24,105,77.7,-18.2,37,65.4,3
78015,18015,54,10,63,60.7,-3.2,29,84.1,0
78016,18016,48,10,41,47.2,-11.5,0,49.3,3
78017,18017,190,38,154,63.2,-11.4,0,100.0,1
78018,18018,72,31,64,53.7,-7.7,47,65.5,2
78019,18019,22,14,19,57.2,-3.1,45,72.1,1
78020,18020,87,21,75,49.8,22.6,58,76.6,3
78021,18021,64,15,50,76.5,43.4,14,82.4,3
78022,18022,78,15,59,91.9,-15.3,5,78.5,2
78023,18023,45,12,43,51.3,5.4,48,90.4,2
78024,18024,13,4,12,57.2,-5.1,13,80.9,1
78025,18025,42,8,56,65.4,-4.0,14,93.0,4
78026,18026,41,18,56,76.1,-18.6,14,77.5,6
78027,18027,98,29,80,67.5,-11.2,43,73.1,1
78028,18028,10,6,13,71.8,33.8,25,85.8,5
78029,18029,37,8,34,77.8,27.3,2,77.1,1
78030,18030,128,32,141,58.2,-34.4,29,77.4,2
78031,18031,27,10,21,71.6,9.9,27,86.3,1
78032,18032,48,13,49,65.5,18.8,63,87.7,2
78033,18033,59,14,44,52.4,8.5,0,46.9,3
78034,18034,103,22,73,82.3,-23.7,28,97.7,6
78035,18035,54,28,78,58.4,0.5,0,96.2,1
78036,18036,36,16,48,45.5,11.3,37,83.3,0
78037,18037,40,11,35,72.7,25.2,6,50.6,0
78038,18038,139,32,129,73.8,-33.8,51,64.2,2
78039,18039,100,20,80,60.2,-9.0,16,63.0,3
78040,18040,103,28,85,50.4,-3.8,10,91.9,1
78041,18041,141,52,164,30.3,-18.2,19,74.7,0
78042,18042,30,6,35,48.5,10.3,15,100.0,2
78043,18043,48,9,55,63.5,-9.3,6,95.0,2
78044,18044,100,40,73,43.0,-14.5,8,73.2,3
78045,18045,31,8,39,100.0,-9.6,22,86.5,3
78046,18046,22,8,16,56.7,-41.4,41,60.7,2
78047,18047,207,42,309,35.4,-44.3,13,89.2,3
78048,18048,22,7,30,71.3,28.1,31,63.8,1
78049,18049,113,22,163,89.3,10.3,4,50.6,3
78050,18050,24,7,32,86.0,30.9,2,70.3,6
78051,18051,27,6,26,75.4,46.9,5,55.3,4
78052,18052,32,11,27,82.6,-24.2,28,94.2,0
78053,18053,170,47,186,42.7,17.3,16,95.4,2
78054,18054,34,8,45,100.0,-38.1,11,100.0,2
78055,18055,36,16,40,62.9,-15.9,16,88.7,3
78056,18056,26,12,24,61.8,5.7,25,90.7,1
78057,18057,33,18,30,66.0,21.1,5,78.7,3
78058,18058,23,8,25,58.3,3.8,48,58.7,1
78059,18059,62,16,63,83.6,-3.6,15,100.0,5
78060,18060,46,24,55,63.3,10.9,5,76.0,3
78061,18061,48,23,34,46.5,-2.7,5,100.0,1
78062,18062,102,22,123,16.1,-0.5,11,89.4,2
78063,18063,172,53,186,36.3,-1.1,17,71.9,2
78064,18064,43,23,58,68.2,26.5,25,86.2,4
78065,18065,44,16,41,62.9,30.1,37,78.0,5
78066,18066,37,11,49,62.1,-0.2,0,100.0,4
78067,18067,64,26,94,66.5,-9.3,50,56.7,1
78068,18068,29,7,31,63.4,-30.9,0,70.4,2
78069,18069,85,18,84,97.5,8.9,10,86.4,4
78070,18070,74,16,102,42.3,17.5,40,73.1,3
78071,18071,23,6,20,72.8,20.4,23,86.5,0
78072,18072,40,12,51,100.0,41.4,46,75.9,4
78073,18073,276,53,320,68.7,-48.4,32,98.1,4
78074,18074,37,19,39,64.9,52.7,16,74.6,3
78075,18075,85,24,73,98.2,-6.1,20,82.2,2
78076,18076,31,11,22,83.9,-18.1,22,81.2,1
78077,18077,79,24,89,63.6,11.3,0,90.3,3
78078,18078,93,23,69,37.0,-0.1,25,88.5,2
78079,18079,114,30,90,57.1,-24.3,20,70.8,4
78080,18080,100,23,118,79.0,-14.3,17,53.2,5
78081,18081,28,18,25,70.5,-0.7,33,43.6,3
78082,18082,14,4,18,59.5,-9.7,29,67.8,4
78083,18083,73,17,60,81.8,13.0,2,85.2,4
78084,18084,94,20,71,63.3,-27.0,48,100.0,2
78085,18085,67,34,75,41.7,42.1,21,82.2,2
78086,18086,64,23,57,42.0,40.3,7,80.9,2
78087,18087,96,25,100,68.4,40.6,12,56.3,3
78088,18088,30,10,24,84.4,-9.5,25,64.6,0
78089,18089,43,14,40,41.2,29.0,4,81.7,1
78090,18090,79,37,59,62.8,12.3,21,66.4,4
78091,18091,19,8,26,62.3,-12.5,2,85.8,2
78092,18092,26,10,18,91.9,7.5,6,64.4,1
78093,18093,83,19,122,43.2,17.5,24,53.9,3
78094,18094,101,32,93,60.9,15.6,47,64.0,4
78095,18095,42,18,32,48.9,-21.2,49,82.9,5
78096,18096,19,11,26,50.4,3.1,17,98.9,2
78097,18097,64,17,79,61.1,-48.7,31,72.9,1
78098,18098,12,5,17,96.5,-10.7,21,73.5,3
78099,18099,62,16,70,74.9,-13.0,0,74.3,1
78100,18100,151,41,137,28.0,14.0,2,84.1,2
78101,18101,74,26,58,56.8,35.2,33,72.5,3
78102,18102,56,23,64,56.8,58.2,28,98.2,0
78103,18103,36,11,44,92.0,0.9,23,57.3,3
78104,18104,45,16,48,54.0,-11.1,14,72.4,1
78105,18105,68,24,66,51.8,43.6,57,69.2,6
78106,18106,58,11,80,46.0,-2.2,38,65.3,2
78107,18107,27,7,33,84.0,5.5,0,71.9,0
78108,18108,29,7,24,52.5,4.4,15,78.4,4
78109,18109,27,12,39,85.7,-6.6,0,92.2,2
78110,18110,109,35,91,82.9,-6.8,29,90.1,2
78111,18111,41,16,58,50.8,18.9,9,87.6,3
78112,18112,68,13,50,42.4,36.2,32,97.3,4
78113,18113,57,17,84,43.6,26.5,17,79.1,2
78114,18114,103,20,113,69.6,-23.7,0,58.6,0
78115,18115,56,16,45,80.8,30.3,2,72.0,1
78116,18116,38,7,30,77.3,6.7,36,100.0,4
78117,18117,55,13,57,59.9,-31.3,27,86.3,3
78118,18118,23,6,24,28.5,-2.2,38,94.2,2
78119,18119,57,14,66,46.7,-9.6,32,75.4,3
78120,18120,30,16,30,67.4,-17.0,8,50.1,3
78121,18121,24,6,27,34.8,-2.5,15,80.8,5
78122,18122,54,20,64,56.4,-4.9,17,83.9,1
78123,18123,78,17,108,75.3,16.4,13,87.1,3
78124,18124,53,17,78,59.7,-34.6,0,73.3,3
78125,18125,45,9,63,60.6,8.0,44,96.9,5
78126,18126,47,16,36,85.0,23.1,27,46.1,0
78127,18127,18,7,17,33.9,-7.1,26,59.0,3
78128,18128,35,10,28,66.3,20.9,8,75.6,4
78129,18129,37,11,43,73.1,-8.5,8,60.2,3
78130,18130,28,16,36,39.6,-4.3,18,100.0,2
78131,18131,91,20,115,80.3,-60.2,0,80.6,4
78132,18132,40,13,43,55.4,12.7,14,48.7,4
78133,18133,100,30,119,70.4,5.6,5,33.8,1
78134,18134,100,23,92,69.9,-6.0,0,84.5,5
78135,18135,19,11,24,81.6,20.6,52,79.9,2
78136,18136,33,13,27,55.3,-1.7,45,75.4,3
78137,18137,26,11,20,86.7,-12.0,2,82.4,4
78138,18138,69,19,69,36.6,0.1,21,83.7,5
78139,18139,59,12,78,82.2,22.6,0,95.4,1
78140,18140,20,6,18,51.6,4.4,14,80.7,4
78141,18141,44,16,38,73.6,-45.7,33,57.9,5
78142,18142,55,29,78,57.6,-2.2,8,83.4,2
78143,18143,27,18,31,72.3,-64.9,23,100.0,3
78144,18144,24,9,21,81.1,24.2,14,51.2,2
78145,18145,71,21,60,69.3,-27.8,22,99.9,4
78146,18146,29,10,23,52.1,18.6,22,92.2,2
78147,18147,43,13,34,72.0,4.9,0,62.2,1
78148,18148,59,18,79,69.3,6.9,16,100.0,3
78149,18149,26,8,35,58.4,19.9,53,72.9,3
78150,18150,42,10,61,16.8,-14.2,0,67.9,1
78151,18151,66,22,62,67.9,6.4,27,100.0,1
78152,18152,148,31,171,46.8,0.6,32,61.9,1
78153,18153,47,10,53,68.7,-19.6,0,100.0,1
78154,18154,51,21,40,92.2,9.1,33,85.8,3
78155,18155,49,25,55,96.6,7.0,25,92.8,2
78156,18156,123,24,107,59.9,15.2,11,78.0,2
78157,18157,55,25,49,85.9,6.0,19,85.1,5
78158,18158,37,9,50,72.4,10.1,21,74.9,2
78159,18159,74,15,69,81.6,-2.7,13,100.0,1
78160,18160,36,24,48,41.7,-14.7,0,46.1,2
78161,18161,36,14,27,71.0,-16.1,57,47.8,4
78162,18162,53,20,60,53.7,-27.6,16,84.6,3
78163,18163,26,6,32,77.8,7.5,14,84.6,2
78164,18164,61,15,81,85.1,-3.0,0,82.3,1
78165,18165,78,21,102,41.1,-8.1,37,42.9,3
78166,18166,118,23,107,44.1,-22.8,24,73.0,3
78167,18167,65,12,79,59.4,13.0,39,53.6,2
78168,18168,28,16,24,82.0,-15.1,6,90.8,3
78169,18169,70,14,58,54.8,-6.5,0,100.0,1
78170,18170,42,18,36,64.1,-0.5,8,96.3,2
78171,18171,76,36,66,38.0,-60.8,35,69.2,5
78172,18172,129,28,106,66.3,-8.3,6,85.2,0
78173,18173,65,16,63,30.5,-19.2,23,78.3,0
78174,18174,17,10,22,65.5,22.3,7,59.9,2
78175,18175,31,13,41,88.8,-23.5,6,34.8,1
78176,18176,48,11,47,95.4,19.2,24,67.8,4
78177,18177,40,26,51,40.6,10.0,12,76.0,2
78178,18178,37,14,49,53.1,-15.0,8,100.0,2
78179,18179,20,6,20,55.5,-11.5,0,68.6,5
78180,18180,52,10,78,64.7,-46.8,0,100.0,2
78181,18181,93,19,106,73.3,26.6,29,100.0,3
78182,18182,21,9,26,96.0,9.7,30,81.7,3
78183,18183,19,7,15,77.3,-5.5,12,53.7,1
78184,18184,71,20,82,65.1,-12.1,0,100.0,4
78185,18185,29,9,37,93.5,-45.5,15,100.0,2
78186,18186,87,19,98,45.2,13.6,35,100.0,4
78187,18187,48,9,66,55.1,1.5,0,85.3,0
78188,18188,72,18,55,100.0,19.7,0,46.0,2
78189,18189,31,16,44,33.0,9.4,12,82.2,0
78190,18190,26,8,34,66.0,-20.5,7,57.1,4
78191,18191,144,39,101,63.7,26.3,28,76.8,3
78192,18192,90,17,69,73.7,-7.4,10,78.3,2
78193,18193,35,12,27,28.9,7.9,30,76.8,1
78194,18194,54,13,56,26.7,9.7,27,60.0,3
78195,18195,20,13,16,71.5,-2.2,20,81.7,2
78196,18196,58,18,42,69.9,36.2,1,38.9,6
78197,18197,3,2,4,41.7,-8.5,21,48.6,3
78198,18198,37,15,32,90.5,33.6,24,91.5,3
78199,18199,41,12,48,100.0,-16.5,26,84.2,4
78200,18200,46,12,54,46.9,-10.5,26,66.9,3
78201,18201,130,26,175,81.7,22.4,47,74.6,6
78202,18202,43,19,49,69.6,47.7,24,30.6,1
78203,18203,57,21,84,61.3,-19.6,34,72.1,1
78204,18204,37,10,42,63.7,-19.5,13,81.9,2
78205,18205,59,25,73,31.3,-16.7,0,67.9,4
78206,18206,41,8,58,79.8,5.9,10,58.1,1
78207,18207,60,12,77,56.8,3.1,12,90.0,2
78208,18208,61,12,78,100.0,12.8,0,76.3,2
78209,18209,88,20,66,21.7,-21.0,13,80.4,3
78210,18210,38,7,29,72.0,2.9,1,74.5,3
78211,18211,77,16,71,39.4,-4.7,19,99.9,2
78212,18212,56,16,64,56.7,-9.5,19,69.8,3
78213,18213,36,8,51,39.2,7.9,24,48.6,4
78214,18214,21,11,16,49.4,9.6,42,69.0,2
78215,18215,41,8,33,55.1,36.4,31,69.7,3
78216,18216,65,12,73,70.3,10.4,0,69.8,4
78217,18217,103,21,83,70.6,16.1,7,64.3,6
78218,18218,20,12,22,45.6,29.5,19,86.7,1
78219,18219,58,27,83,61.3,11.8,28,66.5,1
78220,18220,25,13,32,89.5,-18.1,35,84.9,5
78221,18221,45,14,58,65.6,10.6,15,90.4,1
78222,18222,8,5,8,84.8,-25.3,24,83.0,8
78223,18223,47,9,58,83.2,-57.9,15,50.5,3
78224,18224,81,21,104,58.8,19.8,34,86.9,0
78225,18225,53,14,38,43.0,-48.2,1,89.5,6
78226,18226,10,3,14,83.0,-29.7,0,86.3,3
78227,18227,20,7,28,61.7,-23.4,38,73.0,3
78228,18228,79,23,63,55.4,-15.6,0,94.4,6
78229,18229,39,11,54,59.6,1.2,11,92.2,3
78230,18230,81,19,80,38.4,-31.2,14,58.2,1
78231,18231,15,7,14,100.0,-0.5,14,91.6,2
78232,18232,87,23,103,54.6,31.4,20,53.0,2
78233,18233,168,44,227,62.9,12.7,12,77.5,4
78234,18234,27,9,27,38.1,10.7,0,85.8,2
78235,18235,21,4,25,35.8,11.8,34,100.0,2
78236,18236,22,5,30,73.3,9.7,31,99.6,3
78237,18237,117,27,155,45.3,-6.4,18,76.9,2
78238,18238,160,32,147,79.3,-36.0,21,68.2,1
78239,18239,34,12,43,88.5,8.5,37,90.1,1
78240,18240,31,13,38,55.3,-29.0,26,63.1,4
78241,18241,68,21,85,67.9,25.1,19,82.5,0
78242,18242,78,20,81,63.7,-19.6,56,65.2,0
78243,18243,30,8,21,93.0,4.9,11,71.3,1
78244,18244,38,16,37,46.7,2.7,0,71.1,3
78245,18245,62,24,80,25.5,13.4,22,43.6,1
78246,18246,88,17,116,60.7,-20.7,2,43.5,1
78247,18247,16,9,22,65.0,9.0,22,79.6,2
78248,18248,49,14,43,56.5,-0.2,26,94.3,2
78249,18249,68,20,83,66.0,-20.6,31,77.7,2
78250,18250,39,13,34,39.3,-0.5,26,76.5,3
78251,18251,60,13,50,55.0,14.4,24,97.1,4
78252,18252,218,42,275,63.9,15.0,32,90.4,2
78253,18253,99,18,83,70.0,20.7,33,79.9,6
78254,18254,26,13,19,91.8,-14.2,48,86.5,2
78255,18255,27,16,32,25.1,-34.6,36,48.9,1
78256,18256,55,21,40,48.2,-8.8,40,100.0,2
78257,18257,13,3,15,72.6,-5.8,1,72.4,2
78258,18258,75,24,101,72.4,-16.4,41,82.0,2
78259,18259,84,25,62,77.9,19.3,39,86.9,2
78260,18260,187,34,231,76.5,20.2,24,92.8,5
78261,18261,38,11,29,46.9,63.5,52,93.0,2
78262,18262,77,15,92,63.0,-24.8,27,88.3,6
78263,18263,104,33,145,63.0,21.5,10,100.0,1
78264,18264,82,25,86,46.3,45.5,17,21.5,1
78265,18265,69,15,69,80.6,-4.3,4,86.3,5
78266,18266,66,13,90,21.8,3.1,53,98.6,1
78267,18267,10,2,12,43.5,-23.5,19,68.0,2
78268,18268,98,29,104,76.3,-19.6,43,71.0,5
78269,18269,60,14,72,42.7,-19.0,27,70.1,1
78270,18270,46,18,43,79.6,-3.8,38,88.9,1
78271,18271,27,15,39,44.1,-7.7,9,90.5,2
78272,18272,23,11,16,67.2,18.8,37,84.6,3
78273,18273,11,7,10,45.0,17.8,8,88.3,4
78274,18274,36,11,49,48.2,16.9,2,89.5,2
78275,18275,41,10,35,68.9,-0.9,14,74.6,3
78276,18276,13,8,12,49.2,17.0,66,87.2,1
78277,18277,31,18,36,31.6,-14.0,0,78.7,1
78278,18278,64,18,79,88.3,-8.5,16,66.3,0
78279,18279,53,10,39,16.0,40.2,18,59.6,3
78280,18280,41,20,56,72.9,42.3,31,74.8,2
78281,18281,67,16,77,58.0,25.0,36,54.7,4
78282,18282,99,24,73,78.9,8.3,43,80.0,3
78283,18283,68,25,77,34.5,6.2,8,95.6,2
78284,18284,25,14,21,79.6,-3.7,34,69.0,3
78285,18285,98,25,80,19.3,-17.0,29,51.4,1
78286,18286,59,18,68,63.5,-10.3,37,55.7,4
78287,18287,25,9,32,35.7,41.8,1,83.8,1
78288,18288,106,23,98,39.6,15.9,17,71.9,0
78289,18289,12,4,17,63.6,9.0,0,58.6,4
78290,18290,115,29,119,28.3,-40.6,69,100.0,1
78291,18291,66,26,66,70.5,-3.6,31,67.6,4
78292,18292,7,4,8,64.6,56.3,1,54.5,1
78293,18293,32,15,42,59.9,1.8,23,63.8,1
78294,18294,48,16,37,33.0,-20.3,0,86.2,1
78295,18295,102,23,141,69.6,2.4,21,77.1,3
78296,18296,27,7,30,99.6,8.4,32,100.0,3
78297,18297,6,2,7,74.2,-13.6,32,73.6,0
78298,18298,24,7,33,91.4,27.0,34,70.0,3
78299,18299,38,10,44,94.9,-16.5,0,95.7,2
78300,18300,24,11,25,5.7,21.3,44,58.8,3
78301,18301,54,21,74,63.6,-22.5,18,94.4,4
78302,18302,8,3,12,41.3,13.3,19,79.9,2
78303,18303,19,10,25,77.5,-1.0,11,43.9,6
78304,18304,39,17,56,19.8,39.6,46,71.4,0
78305,18305,78,21,103,92.7,8.7,22,53.1,1
78306,18306,70,29,93,33.1,-2.1,0,92.1,2
78307,18307,73,19,64,73.5,-20.6,0,100.0,1
78308,18308,14,9,20,75.6,-5.0,7,97.2,2
78309,18309,44,20,35,61.9,-2.3,31,58.9,3
78310,18310,32,8,36,41.0,-12.7,18,89.7,2
78311,18311,100,26,71,62.4,9.9,13,93.1,3
78312,18312,57,22,57,100.0,-16.6,25,100.0,2
78313,18313,40,10,50,68.3,6.0,21,76.6,1
78314,18314,28,13,20,92.0,-21.3,3,100.0,6
78315,18315,43,9,33,77.2,-33.3,6,82.9,3
78316,18316,40,16,45,76.8,4.1,10,82.4,3
78317,18317,24,7,18,49.4,-57.8,57,90.5,3
78318,18318,90,17,85,51.2,2.3,36,86.8,5
78319,18319,42,11,55,99.7,-14.2,5,77.4,2
78320,18320,99,22,95,60.0,-15.6,15,66.6,1
78321,18321,45,10,46,67.2,4.1,2,95.2,1
78322,18322,45,15,59,96.6,-19.7,5,64.5,1
78323,18323,10,5,8,86.4,25.0,16,82.6,3
78324,18324,34,12,47,72.9,16.0,26,100.0,1
78325,18325,16,10,11,62.0,5.5,25,73.4,2
78326,18326,82,32,73,84.8,-3.0,25,38.9,0
78327,18327,12,7,12,72.1,-1.4,29,95.4,0
78328,18328,194,61,169,44.0,20.2,0,57.1,1
78329,18329,25,16,34,51.1,-37.6,3,69.9,0
78330,18330,50,11,72,49.7,-18.3,24,81.7,3
78331,18331,91,17,85,59.6,26.5,32,53.1,0
78332,18332,11,7,9,91.9,-41.4,28,97.9,1
78333,18333,91,24,123,30.3,-0.4,0,62.5,3
78334,18334,54,21,81,35.1,18.9,3,69.6,3
78335,18335,25,7,30,51.6,-10.5,4,92.9,3
78336,18336,32,6,48,91.0,-4.9,16,100.0,5
78337,18337,155,34,111,27.4,19.7,6,79.5,3
78338,18338,90,20,119,54.8,-12.6,37,65.7,2
78339,18339,27,10,30,93.3,-13.7,39,81.9,4
78340,18340,14,3,14,72.5,-11.5,27,78.9,3
78341,18341,38,20,44,78.0,17.6,41,59.7,1
78342,18342,52,12,46,54.1,8.7,37,81.0,1
78343,18343,34,11,37,75.2,14.9,22,46.4,3
78344,18344,52,16,57,53.6,11.3,28,63.1,0
78345,18345,90,26,118,49.3,9.3,3,87.3,1
78346,18346,165,36,190,57.8,32.1,0,58.8,3
78347,18347,11,4,13,32.7,-21.3,16,70.8,3
78348,18348,11,4,8,82.7,-32.0,42,100.0,2
78349,18349,25,7,34,67.1,3.1,0,87.8,3
78350,18350,49,19,52,41.2,-14.2,6,94.3,1
78351,18351,138,42,193,59.7,5.2,20,89.1,1
78352,18352,66,16,91,43.9,-16.7,0,80.3,1
78353,18353,175,32,205,63.0,-31.8,75,74.0,4
78354,18354,28,11,20,72.6,8.0,0,73.7,8
78355,18355,31,12,32,51.7,3.6,22,65.3,2
78356,18356,25,8,23,61.3,3.3,0,77.6,1
78357,18357,50,12,42,33.7,-2.2,15,80.3,4
78358,18358,62,12,70,85.1,-7.3,43,82.7,5
78359,18359,132,25,131,84.3,12.5,3,62.6,3
78360,18360,71,25,92,45.0,48.7,30,52.2,1
78361,18361,124,39,111,83.8,6.1,0,71.8,1
78362,18362,42,13,48,80.0,0.2,25,71.7,0
78363,18363,26,9,29,51.3,26.7,30,83.6,1
78364,18364,44,16,45,71.6,-8.8,25,73.7,2
78365,18365,21,12,29,80.2,34.4,5,100.0,1
78366,18366,37,10,44,100.0,7.6,0,78.8,2
78367,18367,87,21,115,47.2,-25.5,21,78.6,2
78368,18368,197,36,266,41.1,-24.6,11,89.8,2
78369,18369,20,5,16,66.7,-8.5,25,94.3,2
78370,18370,39,10,30,31.9,20.5,49,77.9,3
78371,18371,39,13,30,46.9,-3.4,46,58.3,0
78372,18372,38,22,40,80.2,-38.3,1,76.4,2
78373,18373,83,21,84,59.6,10.9,35,59.7,4
78374,18374,10,5,15,62.1,-18.8,28,75.1,3
78375,18375,63,14,66,84.3,-17.9,20,71.1,3
78376,18376,50,11,41,57.8,13.8,30,79.7,4
78377,18377,23,12,19,52.4,-29.7,0,76.6,4
78378,18378,29,11,28,46.6,23.2,30,80.4,1
78379,18379,57,12,79,28.3,23.4,26,100.0,2
78380,18380,107,20,134,100.0,-17.4,24,100.0,2
78381,18381,97,22,128,40.6,-29.2,15,52.9,2
78382,18382,12,4,11,43.0,-26.0,0,69.7,5
78383,18383,34,7,37,90.4,-17.5,34,82.3,2
78384,18384,51,19,72,43.4,13.3,12,51.5,2
78385,18385,79,16,98,64.2,24.4,16,59.9,2
78386,18386,32,19,40,74.5,3.1,28,83.8,0
78387,18387,361,66,294,46.0,-21.4,13,78.8,1
78388,18388,16,8,19,65.7,-16.1,51,87.3,5
78389,18389,83,16,100,86.3,-2.9,5,53.3,0
78390,18390,79,16,104,92.1,37.2,55,94.5,0
78391,18391,59,22,73,63.4,36.4,27,61.4,5
78392,18392,57,17,72,55.8,-26.9,0,61.4,3
78393,18393,87,37,117,77.1,-18.1,0,100.0,3
78394,18394,75,22,98,47.4,26.8,24,100.0,5
78395,18395,27,12,34,76.7,-28.0,28,89.9,2
78396,18396,45,17,47,82.0,-29.6,5,89.1,4
78397,18397,8,5,6,81.0,1.9,10,51.2,1
78398,18398,26,7,25,60.7,3.8,30,76.9,2
78399,18399,79,18,100,55.1,24.6,12,80.8,1
78400,18400,55,24,82,94.5,-0.5,6,100.0,0
78401,18401,59,15,51,61.6,29.0,38,100.0,4
78402,18402,42,25,35,79.9,-1.1,36,74.9,5
78403,18403,39,21,42,58.9,9.4,23,60.5,3
78404,18404,26,7,35,48.4,-20.2,27,62.9,2
78405,18405,33,19,25,48.4,8.5,27,83.3,5
78406,18406,43,13,60,70.1,-30.8,7,79.6,1
78407,18407,23,13,19,87.6,-7.3,47,67.1,2
78408,18408,17,6,19,64.1,21.4,47,77.5,2
78409,18409,75,15,88,60.7,-27.5,0,70.8,3
78410,18410,63,14,61,58.8,-17.4,15,49.7,3
78411,18411,35,11,39,60.8,22.9,0,92.0,3
78412,18412,58,20,59,100.0,-25.1,12,59.2,3
78413,18413,30,10,43,100.0,-13.6,21,90.8,3
78414,18414,26,13,19,53.3,-14.0,0,65.1,1
78415,18415,25,8,35,46.1,2.7,50,91.7,0
78416,18416,12,3,9,71.2,-0.5,42,77.8,5
78417,18417,59,12,67,67.4,-5.2,10,93.4,2
78418,18418,76,18,114,47.2,-14.3,32,100.0,3
78419,18419,57,14,49,91.3,-6.8,49,100.0,1
78420,18420,23,13,24,70.2,-6.4,25,72.4,3
78421,18421,58,28,62,68.8,-36.1,6,66.6,4
78422,18422,15,8,19,56.2,-5.7,28,70.8,2
78423,18423,36,16,34,81.0,-6.8,0,92.8,2
78424,18424,92,20,125,30.3,-54.5,31,100.0,2
78425,18425,32,8,28,60.1,-6.1,5,100.0,0
78426,18426,36,11,54,36.1,24.2,16,77.2,1
78427,18427,12,8,16,49.1,-7.8,13,59.8,2
78428,18428,50,12,36,23.2,-32.0,34,75.4,2
78429,18429,66,18,83,22.0,16.9,2,73.2,4
78430,18430,26,14,21,68.5,-40.2,13,78.6,2
78431,18431,34,8,46,66.5,-1.3,29,63.7,2
78432,18432,28,11,28,91.0,-9.5,3,55.2,5
78433,18433,55,16,50,79.7,9.6,4,100.0,6
78434,18434,39,14,30,27.8,1.9,17,93.8,5
78435,18435,61,22,56,82.3,-11.4,35,64.5,1
78436,18436,35,20,26,82.8,0.4,18,79.3,4
78437,18437,52,31,78,48.5,46.4,0,95.8,3
78438,18438,60,13,55,100.0,-1.5,13,73.8,3
78439,18439,18,12,17,75.8,-2.4,30,87.9,1
78440,18440,61,23,60,57.8,17.9,0,84.8,1
78441,18441,85,16,88,76.8,45.6,43,100.0,4
78442,18442,66,14,64,94.3,-30.4,0,80.1,0
78443,18443,25,7,29,65.6,10.4,28,68.3,3
78444,18444,67,15,80,67.9,-35.1,42,76.6,4
78445,18445,84,16,62,42.0,3.4,38,81.3,0
78446,18446,79,15,91,66.8,6.3,18,60.5,1
78447,18447,30,9,42,81.0,-2.6,20,65.9,1
78448,18448,25,9,21,66.9,-23.2,31,73.2,2
78449,18449,54,12,52,52.7,19.8,28,67.6,2
78450,18450,122,39,145,60.1,-16.4,0,83.9,4
78451,18451,23,11,28,62.9,8.7,13,85.2,1
78452,18452,36,16,27,75.0,-13.0,25,75.0,1
78453,18453,15,4,16,50.2,-42.1,15,87.9,1
78454,18454,21,6,15,84.5,5.2,33,93.3,2
78455,18455,141,42,203,56.6,-5.4,37,100.0,0
78456,18456,48,16,60,42.7,2.1,0,94.5,2
78457,18457,104,37,81,22.5,20.4,6,49.9,1
78458,18458,27,12,33,28.5,0.9,26,83.6,0
78459,18459,190,45,148,75.3,34.1,41,42.6,4
78460,18460,14,4,10,49.8,-2.0,40,83.9,4
78461,18461,80,27,70,52.1,14.4,12,45.0,4
78462,18462,171,37,253,66.2,11.7,8,100.0,1
78463,18463,48,12,56,25.8,-17.4,27,100.0,2
78464,18464,95,21,91,31.1,-5.9,29,49.4,4
78465,18465,114,28,86,68.7,-11.4,42,97.2,3
78466,18466,104,26,74,72.5,18.3,8,81.7,3
78467,18467,44,14,62,64.3,-16.1,29,90.7,2
78468,18468,26,10,28,73.9,-24.3,16,74.1,2
78469,18469,19,8,15,80.1,28.3,22,99.1,2
78470,18470,46,9,52,92.4,-1.1,2,100.0,3
78471,18471,21,9,16,68.7,-26.6,8,100.0,1
78472,18472,75,18,77,42.5,4.9,11,78.9,3
78473,18473,52,23,74,55.0,-4.2,6,100.0,2
78474,18474,84,16,121,46.6,-21.7,25,95.5,1
78475,18475,46,20,67,72.3,-7.3,34,81.5,2
78476,18476,44,9,36,36.2,-15.5,22,73.0,3
78477,18477,42,8,36,28.6,-12.7,32,55.1,1
78478,18478,30,13,41,87.6,18.7,53,69.4,6
78479,18479,45,9,35,35.7,8.6,24,69.7,2
78480,18480,103,53,73,30.6,-28.1,20,97.7,4
78481,18481,52,12,65,78.7,-3.9,15,71.2,2
78482,18482,53,15,56,42.3,9.1,52,56.0,2
78483,18483,171,32,230,66.9,22.6,20,89.6,1
78484,18484,62,18,51,51.8,-13.7,35,62.2,4
78485,18485,34,19,36,62.0,-17.4,0,100.0,3
78486,18486,46,23,62,67.9,5.3,2,55.4,2
78487,18487,47,17,43,38.3,-4.4,13,89.7,1
78488,18488,47,14,51,73.5,7.6,11,64.5,1
78489,18489,85,16,102,93.1,38.7,0,68.8,1
78490,18490,14,4,18,51.9,10.6,15,87.1,6
78491,18491,21,4,23,67.4,23.9,0,88.3,5
78492,18492,62,12,79,41.3,-14.7,22,77.3,2
78493,18493,26,12,34,66.8,58.3,37,61.6,4
78494,18494,93,18,127,63.1,21.6,6,74.1,0
78495,18495,38,15,54,63.6,20.1,39,63.2,0
78496,18496,170,35,215,64.5,-29.8,33,83.4,1
78497,18497,124,23,176,52.7,-26.4,0,75.0,1
78498,18498,25,14,19,78.1,26.6,40,96.5,3
78499,18499,38,9,31,56.1,-11.5,24,71.0,3
78500,18500,38,12,39,76.7,-13.7,22,94.6,3
78501,18501,40,12,33,59.9,46.1,24,76.7,2
78502,18502,56,15,54,56.6,-22.0,27,98.4,4
78503,18503,53,10,75,70.7,-3.7,31,98.8,2
78504,18504,89,22,71,46.7,-8.1,6,62.5,2
78505,18505,44,8,53,66.6,21.5,31,82.1,4
78506,18506,129,24,114,35.9,19.6,12,12.9,7
78507,18507,74,15,81,66.4,2.1,0,98.6,2
78508,18508,86,20,87,42.5,11.9,16,82.6,1
78509,18509,49,20,68,88.9,23.0,15,76.0,1
78510,18510,64,17,72,100.0,23.9,21,88.3,2
78511,18511,27,11,37,63.5,0.1,25,58.3,2
78512,18512,80,15,82,57.7,39.5,6,100.0,5
78513,18513,101,19,124,65.5,6.5,35,100.0,8
78514,18514,28,10,40,66.2,-9.4,0,76.3,6
78515,18515,17,10,14,35.9,-21.6,29,93.1,4
78516,18516,24,5,28,31.6,27.5,44,98.8,5
78517,18517,64,22,77,33.9,-1.1,0,92.1,2
78518,18518,117,42,140,30.6,23.3,22,64.4,4
78519,18519,57,15,65,37.0,12.3,0,61.7,1
78520,18520,41,27,55,49.2,3.2,10,36.1,2
78521,18521,27,9,20,68.4,29.2,16,69.2,4
78522,18522,47,15,58,71.5,10.8,22,93.1,2
78523,18523,81,15,114,65.7,-1.8,24,82.1,0
78524,18524,32,15,46,26.8,37.6,53,81.8,1
78525,18525,32,15,27,71.9,-35.5,0,50.8,5
78526,18526,76,19,90,43.0,-6.2,52,54.0,1
78527,18527,36,20,33,72.8,-18.7,11,54.2,2
78528,18528,175,44,224,51.0,-3.5,0,75.3,4
78529,18529,9,3,7,75.6,-27.4,0,79.0,1
78530,18530,12,8,10,73.7,14.5,17,89.9,1
78531,18531,59,18,73,49.2,-15.2,5,63.5,5
78532,18532,18,4,20,65.1,-10.6,20,100.0,3
78533,18533,85,42,120,44.7,-1.3,23,88.8,2
78534,18534,42,19,30,57.1,-25.4,3,93.4,2
78535,18535,32,13,40,80.4,-5.1,10,70.3,6
78536,18536,18,6,23,58.0,-10.2,6,69.7,2
78537,18537,74,14,101,44.0,-47.9,17,90.2,1
78538,18538,36,20,47,26.8,-7.4,57,55.6,2
78539,18539,105,22,117,46.1,-33.1,8,91.9,2
78540,18540,122,26,113,77.5,28.8,5,76.7,2
78541,18541,54,16,55,31.0,18.7,22,81.0,0
78542,18542,27,13,30,59.4,-0.3,26,97.7,5
78543,18543,75,19,53,61.3,-50.1,21,100.0,2
78544,18544,88,20,68,57.6,5.3,21,79.1,2
78545,18545,42,20,48,47.4,-24.8,20,100.0,6
78546,18546,60,14,90,64.3,-3.4,0,78.5,3
78547,18547,161,31,161,58.7,17.6,11,51.5,3
78548,18548,34,15,46,100.0,-10.7,0,72.2,1
78549,18549,24,12,24,47.5,-9.8,20,80.7,4
78550,18550,58,14,46,68.4,-34.9,34,76.4,0
78551,18551,120,35,165,39.4,3.5,2,78.2,3
78552,18552,108,22,132,78.5,-31.9,36,59.5,2
78553,18553,50,14,40,75.7,4.9,25,82.7,0
78554,18554,33,7,35,57.8,-19.6,7,100.0,4
78555,18555,62,20,55,38.7,-28.5,17,37.3,2
78556,18556,39,17,48,63.5,15.6,3,73.7,7
78557,18557,21,7,23,75.6,16.1,24,100.0,2
78558,18558,41,14,38,69.0,-8.6,25,83.8,2
78559,18559,86,32,98,60.8,-54.9,29,64.8,5
78560,18560,24,10,34,49.6,-17.6,0,56.7,4
78561,18561,18,6,19,76.3,42.7,16,61.6,6
78562,18562,226,42,333,49.9,11.0,21,71.0,0
78563,18563,121,35,154,35.8,22.2,35,85.7,1
78564,18564,76,37,90,83.1,19.2,11,61.7,3
78565,18565,41,17,31,38.1,-13.2,32,91.9,2
78566,18566,38,13,51,74.0,-30.5,0,77.8,4
78567,18567,119,53,147,41.5,-0.6,23,100.0,1
78568,18568,63,14,50,60.1,18.3,35,92.7,3
78569,18569,75,16,53,87.7,-5.3,27,100.0,4
78570,18570,61,13,88,69.8,-11.8,43,92.4,4
78571,18571,77,15,66,82.5,0.9,17,77.8,6
78572,18572,94,19,98,71.6,-18.1,32,57.1,2
78573,18573,31,8,32,38.5,5.9,14,44.4,0
78574,18574,35,10,27,54.8,4.8,54,100.0,4
78575,18575,42,9,56,56.2,-6.0,29,55.4,1
78576,18576,75,14,89,85.8,5.5,5,51.2,3
78577,18577,10,6,11,100.0,14.1,12,77.6,6
78578,18578,68,23,95,66.5,7.7,19,92.5,2
78579,18579,88,21,126,48.4,-27.8,31,83.1,0
78580,18580,47,16,38,46.0,18.0,4,100.0,3
78581,18581,55,12,69,89.6,-13.8,6,94.5,3
78582,18582,56,12,51,70.2,-15.9,4,75.5,2
78583,18583,106,25,140,49.1,6.6,33,74.2,0
78584,18584,21,10,17,70.2,-5.7,18,98.0,3
78585,18585,94,18,80,91.7,15.7,9,78.1,1
78586,18586,31,11,27,52.9,-9.9,45,59.4,1
78587,18587,222,41,266,36.7,21.0,1,69.8,2
78588,18588,26,9,32,46.3,33.5,16,71.5,1
78589,18589,9,4,13,65.2,16.1,39,83.1,6
78590,18590,50,19,38,46.1,14.1,28,81.2,3
78591,18591,143,30,178,49.7,18.6,29,95.7,3
78592,18592,16,6,11,35.1,2.4,39,64.4,2
78593,18593,78,20,86,25.9,-12.0,10,56.2,1
78594,18594,107,25,114,52.5,6.2,19,58.2,1
78595,18595,63,23,46,92.7,20.9,19,77.3,3
78596,18596,125,30,106,14.8,-32.5,20,48.3,3
78597,18597,15,7,20,69.7,-14.0,28,44.4,2
78598,18598,84,21,79,37.7,12.1,4,94.9,4
78599,18599,74,18,80,11.2,-8.3,18,92.5,0
78600,18600,41,25,42,81.9,17.6,30,73.7,5
78601,18601,35,13,30,51.6,-8.0,0,69.7,1
78602,18602,29,19,42,32.1,50.8,8,92.9,1
78603,18603,51,11,38,59.4,-16.1,9,76.5,4
78604,18604,43,13,46,74.9,33.5,10,70.0,2
78605,18605,19,6,18,53.2,-48.7,10,76.5,2
78606,18606,96,29,118,49.7,-9.3,19,87.9,4
78607,18607,47,15,57,71.5,10.6,2,97.9,0
78608,18608,35,16,44,100.0,26.4,0,65.4,2
78609,18609,41,10,45,35.7,0.5,23,100.0,3
78610,18610,124,24,98,100.0,-20.1,13,78.0,3
78611,18611,11,2,12,53.6,8.7,30,61.7,3
78612,18612,108,23,152,67.7,28.6,3,100.0,3
78613,18613,147,48,142,96.4,-28.0,19,93.6,0
78614,18614,34,9,48,54.8,-21.6,38,96.3,1
78615,18615,8,5,10,28.5,-8.7,0,86.4,1
78616,18616,61,21,89,37.5,-8.8,43,34.4,2
78617,18617,71,17,77,52.7,-23.9,0,61.6,1
78618,18618,30,6,28,61.6,14.9,43,88.1,5
78619,18619,25,13,19,77.9,-3.4,42,84.0,4
78620,18620,21,11,15,79.1,-14.2,36,66.3,1
78621,18621,76,36,108,58.7,-3.7,31,72.0,2
78622,18622,10,5,12,65.0,-16.1,22,83.6,1
78623,18623,195,42,153,75.1,-3.0,34,73.8,3
78624,18624,113,26,111,77.0,21.1,48,100.0,2
78625,18625,46,9,54,53.3,-48.8,10,82.2,4
78626,18626,64,24,92,85.7,27.3,5,72.4,5
78627,18627,38,9,49,73.5,-15.6,16,69.5,3
78628,18628,35,12,36,88.2,-20.2,10,57.2,3
78629,18629,37,18,27,26.3,-4.7,23,41.4,5
78630,18630,167,36,203,58.6,3.2,11,82.4,3
78631,18631,68,17,67,65.1,-10.3,42,100.0,2
78632,18632,39,9,29,68.2,12.0,0,81.3,3
78633,18633,9,4,12,20.9,-21.5,23,84.2,2
78634,18634,61,15,88,38.8,-26.4,35,90.1,0
78635,18635,36,13,40,41.5,6.8,9,79.5,3
78636,18636,38,15,30,93.7,2.1,11,100.0,1
78637,18637,41,10,42,64.5,9.2,12,66.3,1
78638,18638,10,6,8,31.2,27.3,17,87.5,3
78639,18639,87,17,117,45.5,30.1,46,100.0,0
78640,18640,39,18,44,35.7,-7.8,34,61.9,2
78641,18641,83,26,84,84.8,-8.3,29,51.6,2
78642,18642,37,10,48,72.7,-13.2,48,51.4,0
78643,18643,77,16,105,59.8,7.3,0,79.5,3
78644,18644,22,9,29,47.5,8.1,1,67.7,5
78645,18645,78,15,106,56.1,46.8,31,92.7,2
78646,18646,30,11,42,67.2,-12.7,10,79.9,5
78647,18647,37,10,40,72.8,-28.4,6,79.7,3
78648,18648,9,4,11,100.0,-60.9,57,60.6,3
78649,18649,140,35,164,84.3,-7.8,0,65.9,5
78650,18650,28,13,22,59.0,9.0,17,75.3,2
78651,18651,29,16,26,31.2,2.3,16,100.0,0
78652,18652,31,9,26,69.3,-27.3,13,97.3,1
78653,18653,47,11,57,72.2,-13.0,27,88.0,2
78654,18654,38,17,53,54.8,4.4,5,88.1,3
78655,18655,15,9,20,82.9,-21.5,10,81.9,2
78656,18656,23,14,23,61.7,-2.1,7,70.0,4
78657,18657,21,14,26,52.5,25.9,11,62.6,4
78658,18658,83,34,85,100.0,-34.5,12,68.7,2
78659,18659,109,22,100,59.4,-0.4,13,80.8,3
78660,18660,20,6,28,76.1,14.8,23,86.5,4
78661,18661,21,4,18,48.3,17.1,7,94.1,2
78662,18662,22,9,27,49.3,-15.0,21,69.3,4
78663,18663,11,2,14,46.6,7.1,0,71.2,4
78664,18664,58,12,69,91.9,-4.3,55,67.6,4
78665,18665,111,24,88,22.7,4.8,7,84.2,1
78666,18666,50,13,46,100.0,-35.1,49,89.2,1
78667,18667,21,9,15,41.8,-28.3,46,97.9,1
78668,18668,32,6,42,34.6,-14.1,21,66.1,2
78669,18669,24,5,20,38.8,2.8,4,81.3,2
78670,18670,58,12,80,77.7,8.1,55,61.2,3
78671,18671,121,24,101,62.4,25.0,25,59.2,6
78672,18672,18,7,18,50.5,-33.2,26,67.2,1
78673,18673,124,25,101,40.6,-2.5,14,82.0,1
78674,18674,38,11,43,68.3,-5.3,26,100.0,2
78675,18675,74,18,87,51.3,-13.9,9,100.0,3
78676,18676,69,13,61,29.5,-25.9,0,73.1,3
78677,18677,41,8,42,57.4,-34.1,21,83.1,4
78678,18678,40,16,32,45.2,-3.2,30,81.4,0
78679,18679,106,24,141,80.6,29.2,28,85.5,4
78680,18680,77,16,102,57.0,4.0,6,62.2,3
78681,18681,23,7,21,69.1,14.7,24,84.3,3
78682,18682,73,38,67,62.7,-4.4,39,94.3,0
78683,18683,52,19,62,46.3,-15.0,34,63.0,1
78684,18684,102,23,121,65.2,1.8,33,68.5,3
78685,18685,38,10,49,33.5,-1.9,10,55.6,3
78686,18686,115,25,89,90.8,-41.9,0,55.0,4
78687,18687,36,7,45,44.9,-18.4,0,86.9,3
78688,18688,20,7,26,89.7,-33.5,3,89.0,0
78689,18689,51,12,47,86.4,20.6,39,75.4,0
78690,18690,30,16,27,37.2,14.1,0,100.0,2
78691,18691,162,39,200,58.6,18.0,34,65.3,4
78692,18692,13,8,10,61.4,-25.8,7,81.7,4
78693,18693,33,13,37,67.1,-8.8,23,97.8,2
78694,18694,20,6,22,35.1,-12.6,38,60.3,3
78695,18695,34,7,42,45.7,7.8,41,57.8,2
78696,18696,27,13,32,89.3,-11.7,1,91.5,4
78697,18697,102,22,138,22.2,8.9,18,66.7,3
78698,18698,83,22,62,47.3,-22.9,4,73.2,2
78699,18699,67,20,82,40.9,14.1,24,93.0,4
78700,18700,106,26,135,61.4,23.4,48,95.2,2
78701,18701,98,34,131,60.1,64.8,6,90.9,2
78702,18702,197,36,196,82.2,7.6,7,97.9,1
78703,18703,17,9,16,94.0,-13.8,2,41.3,3
78704,18704,21,10,26,63.4,52.1,0,71.5,3
78705,18705,96,19,107,77.2,38.6,12,57.4,1
78706,18706,24,10,24,5.0,-0.9,2,92.1,4
78707,18707,23,13,30,61.6,59.7,40,79.8,4
78708,18708,66,13,72,46.7,33.4,8,87.5,1
78709,18709,28,16,30,49.4,29.6,36,100.0,4
78710,18710,49,10,48,34.3,24.9,13,73.9,2
78711,18711,22,6,16,48.7,-33.3,29,96.2,1
78712,18712,62,17,85,64.5,-1.8,19,66.9,4
78713,18713,36,18,35,58.1,8.8,28,78.6,1
78714,18714,84,21,88,46.2,16.3,9,99.3,5
78715,18715,98,33,78,88.2,-14.0,39,62.5,3
78716,18716,50,17,60,81.7,-11.0,46,82.7,3
78717,18717,39,9,46,73.9,6.8,44,69.5,2
78718,18718,80,16,75,53.9,-47.8,0,89.7,2
78719,18719,89,20,88,55.2,-33.8,54,74.4,1
78720,18720,76,18,99,30.1,-10.3,8,88.0,5
78721,18721,50,10,56,72.1,-15.1,0,97.6,4
78722,18722,20,4,18,65.2,39.8,0,55.4,2
78723,18723,44,10,51,66.5,35.5,0,100.0,1
78724,18724,163,34,228,78.4,-25.3,0,92.5,1
78725,18725,32,13,48,76.6,-30.0,7,100.0,2
78726,18726,76,18,59,68.7,14.4,23,71.6,5
78727,18727,69,20,73,34.6,31.0,4,77.1,2
78728,18728,39,8,41,72.8,9.0,0,60.9,0
78729,18729,107,20,156,64.5,-46.0,9,93.8,1
78730,18730,44,17,63,49.6,-5.9,39,77.1,3
78731,18731,75,18,79,77.2,-2.1,24,67.6,4
78732,18732,162,33,148,82.1,19.2,25,37.8,4
78733,18733,46,11,56,54.4,30.6,0,67.6,3
78734,18734,119,28,95,100.0,6.4,42,98.2,6
78735,18735,148,31,128,51.7,-25.8,31,93.1,1
78736,18736,185,43,251,66.5,-1.9,6,89.7,3
78737,18737,72,15,99,33.3,-20.4,40,69.3,3
78738,18738,109,20,155,64.7,6.8,38,77.9,6
78739,18739,7,2,9,58.1,-16.1,11,60.8,4
78740,18740,46,11,38,63.0,-7.4,0,80.5,1
78741,18741,95,24,89,63.1,9.3,0,60.5,0
78742,18742,16,6,17,85.7,1.6,6,68.9,3
78743,18743,111,23,106,78.8,24.7,20,100.0,0
78744,18744,40,13,45,61.0,-22.3,38,100.0,1
78745,18745,149,28,116,45.8,-37.7,23,100.0,0
78746,18746,67,14,98,47.3,6.7,21,78.1,3
78747,18747,19,9,28,58.8,-9.7,5,63.5,3
78748,18748,24,14,18,37.2,-6.0,0,73.9,4
78749,18749,21,10,15,52.0,-7.9,53,76.7,3
78750,18750,37,8,40,70.4,27.1,32,99.7,3
78751,18751,66,15,54,56.1,-15.2,17,69.9,1
78752,18752,8,2,6,34.6,-3.4,6,67.4,0
78753,18753,60,27,60,38.0,-32.5,33,93.8,5
78754,18754,66,20,97,68.4,-29.7,21,38.4,0
78755,18755,80,22,116,63.3,8.8,13,100.0,2
78756,18756,27,5,39,83.8,-14.6,0,74.8,2
78757,18757,17,7,14,24.4,7.1,10,76.0,5
78758,18758,41,14,31,88.9,7.7,0,88.2,0
78759,18759,33,8,26,75.2,-15.8,33,43.0,2
78760,18760,26,11,30,45.4,-9.2,28,65.9,0
78761,18761,31,14,30,80.9,-5.4,0,79.8,1
78762,18762,114,35,160,63.1,16.9,5,81.9,3
78763,18763,50,14,61,47.3,-18.5,15,62.6,5
78764,18764,38,9,57,50.2,20.1,41,72.6,4
78765,18765,32,7,46,97.9,-30.2,24,72.2,2
78766,18766,55,11,64,64.9,-12.4,18,74.8,2
78767,18767,46,16,63,33.1,-11.1,30,73.5,2
78768,18768,42,12,35,63.5,-1.3,0,81.3,4
78769,18769,50,10,69,100.0,-12.9,22,56.6,2
78770,18770,27,8,34,53.0,-6.3,38,51.5,2
78771,18771,18,9,18,64.0,-17.2,54,79.8,1
78772,18772,29,9,39,66.3,5.4,12,67.9,0
78773,18773,41,9,50,80.4,35.6,16,78.9,2
78774,18774,34,10,26,65.0,-0.5,25,85.9,1
78775,18775,74,30,110,74.4,-19.8,61,67.0,2
78776,18776,100,19,92,90.6,-26.3,1,34.3,3
78777,18777,87,32,99,51.3,-22.5,19,100.0,4
78778,18778,32,9,45,83.5,6.8,0,93.5,3
78779,18779,50,17,47,85.7,15.8,15,36.4,1
78780,18780,51,16,45,39.8,-9.0,39,55.0,3
78781,18781,41,10,47,47.0,-14.9,9,63.9,2
78782,18782,31,9,30,100.0,16.7,26,56.2,2
78783,18783,27,14,34,65.1,-16.7,21,68.5,0
78784,18784,32,9,31,62.7,9.7,7,84.3,1
78785,18785,32,12,48,51.1,-23.7,48,66.7,4
78786,18786,93,23,86,57.1,-4.9,10,30.8,3
78787,18787,49,22,59,61.4,-15.2,26,66.2,2
78788,18788,80,21,73,64.2,-2.0,19,78.4,2
78789,18789,30,9,32,23.7,8.8,12,66.2,4
78790,18790,62,13,58,50.6,17.4,25,76.6,3
78791,18791,57,20,59,38.8,-28.6,0,86.5,0
78792,18792,25,13,30,45.7,-35.2,30,84.6,4
78793,18793,15,8,19,87.7,-3.5,45,90.6,3
78794,18794,56,17,50,49.0,43.0,6,81.3,4
78795,18795,43,12,61,97.2,-41.1,0,95.0,1
78796,18796,75,25,72,46.9,30.5,0,90.8,1
78797,18797,51,11,38,87.5,0.7,7,72.3,8
78798,18798,42,10,61,87.7,-25.4,54,76.6,5
78799,18799,38,10,35,76.5,-9.0,15,87.8,4
78800,18800,36,9,54,79.2,12.3,16,53.9,3
78801,18801,82,18,93,29.2,-41.7,0,80.7,2
78802,18802,79,20,109,51.7,-6.0,9,61.8,0
78803,18803,48,20,38,20.4,-4.0,7,81.2,3
78804,18804,112,36,128,72.0,49.1,41,90.3,2
78805,18805,45,22,32,51.9,4.1,6,73.4,4
78806,18806,95,19,95,26.7,4.4,50,85.9,3
78807,18807,36,15,26,31.2,9.4,36,79.1,4
78808,18808,74,19,79,61.4,-8.4,36,81.3,3
78809,18809,27,16,34,52.8,21.8,26,95.6,2
78810,18810,22,8,31,69.4,1.0,34,98.6,1
78811,18811,157,31,193,51.9,-15.4,9,74.7,5
78812,18812,19,4,24,71.6,27.9,29,62.4,1
78813,18813,49,26,43,39.3,40.0,35,74.8,1
78814,18814,41,11,38,65.2,-10.9,12,100.0,2
78815,18815,39,13,57,79.2,4.9,1,100.0,4
78816,18816,61,30,51,85.3,28.3,33,76.1,2
78817,18817,33,7,49,90.2,-17.8,5,76.0,2
78818,18818,70,14,96,58.1,9.6,0,99.2,2
78819,18819,39,11,52,34.5,29.2,15,100.0,0
78820,18820,9,4,12,43.4,-0.6,17,84.3,5
78821,18821,16,5,16,51.2,10.0,0,77.2,2
78822,18822,34,21,45,27.2,17.0,0,76.8,1
78823,18823,82,19,81,29.8,4.1,15,87.8,1
78824,18824,26,5,26,51.2,-26.3,8,81.0,2
78825,18825,75,48,100,45.8,-11.7,30,36.2,0
78826,18826,33,8,33,87.3,-22.7,18,69.4,1
78827,18827,22,12,30,37.8,22.1,4,57.0,2
78828,18828,17,7,12,69.5,16.2,0,58.1,1
78829,18829,73,20,61,41.2,-44.8,28,70.4,1
78830,18830,31,11,45,63.6,-42.3,19,95.2,1
78831,18831,9,6,11,71.0,15.4,16,88.3,2
78832,18832,76,14,82,37.6,-55.6,24,92.3,2
78833,18833,39,18,45,87.6,-9.6,43,100.0,3
78834,18834,29,8,30,61.1,-13.6,28,70.2,3
78835,18835,289,81,233,57.6,-0.7,0,100.0,3
78836,18836,53,10,75,62.2,13.0,15,92.7,0
78837,18837,87,19,113,74.3,-12.5,6,84.5,0
78838,18838,19,5,24,75.0,7.7,18,91.5,6
78839,18839,173,39,238,79.0,-10.7,4,65.2,4
78840,18840,34,7,44,60.8,5.0,13,100.0,2
78841,18841,36,13,40,26.4,-5.2,15,100.0,3
78842,18842,67,34,54,99.5,33.9,27,49.0,7
78843,18843,33,7,26,83.2,-8.8,13,59.3,0
78844,18844,32,14,23,12.4,36.0,0,70.0,0
78845,18845,37,13,40,48.9,-13.2,29,68.1,1
78846,18846,95,19,79,44.6,-2.0,9,100.0,0
78847,18847,266,64,244,42.1,4.7,1,72.6,2
78848,18848,18,10,25,54.7,1.9,0,95.4,2
78849,18849,45,18,53,78.7,3.0,45,72.8,4
78850,18850,21,10,31,46.3,16.1,0,92.7,1
78851,18851,15,9,22,72.5,38.4,0,88.9,3
78852,18852,50,21,53,80.0,41.3,12,79.7,2
78853,18853,25,6,31,82.3,-10.8,29,75.0,2
78854,18854,40,26,58,78.5,46.5,0,90.9,2
78855,18855,27,5,36,65.4,19.4,22,95.6,3
78856,18856,12,5,15,25.0,-17.0,5,100.0,2
78857,18857,43,16,50,94.2,-42.3,31,51.5,7
78858,18858,15,9,17,40.4,-20.9,44,77.8,2
78859,18859,28,16,23,41.8,-18.2,43,62.9,1
78860,18860,121,22,95,65.4,-10.1,33,66.5,2
78861,18861,68,24,61,48.8,-9.1,24,44.8,0
78862,18862,148,35,172,24.1,-11.2,15,89.2,0
78863,18863,18,4,26,80.0,15.0,17,87.0,2
78864,18864,35,10,36,16.9,33.9,11,70.3,0
78865,18865,17,5,24,61.3,2.6,18,82.3,1
78866,18866,94,33,67,51.9,20.6,11,100.0,1
78867,18867,82,19,106,84.7,-18.8,45,77.3,4
78868,18868,18,5,14,66.6,25.1,32,55.7,3
78869,18869,80,25,114,47.7,7.9,41,88.1,1
78870,18870,57,27,62,68.5,7.8,37,77.2,2
78871,18871,79,19,87,77.4,-6.3,0,69.1,5
78872,18872,42,13,60,59.6,11.0,25,76.7,2
78873,18873,33,17,35,37.7,17.9,0,82.1,2
78874,18874,14,5,20,80.1,0.1,55,71.2,4
78875,18875,42,25,52,55.7,17.9,37,69.1,2
78876,18876,12,6,11,40.5,-26.9,4,67.4,4
78877,18877,66,12,49,65.7,-30.8,8,86.8,9
78878,18878,93,20,132,37.3,-12.0,26,55.0,7
78879,18879,82,15,79,51.5,12.9,0,57.9,2
78880,18880,116,22,83,73.5,0.4,27,70.3,2
78881,18881,91,17,130,37.2,10.0,0,41.0,4
78882,18882,82,24,92,52.6,3.8,24,100.0,1
78883,18883,72,17,91,52.1,2.4,0,97.1,1
78884,18884,26,17,38,73.7,-27.4,8,90.1,2
78885,18885,48,16,41,98.1,-31.8,0,68.3,1
78886,18886,46,11,55,57.0,4.4,9,100.0,3
78887,18887,47,22,39,58.8,18.7,25,89.1,4
78888,18888,203,40,184,70.9,-1.9,26,86.2,3
78889,18889,27,14,31,72.9,-9.0,9,47.4,2
78890,18890,49,10,43,77.1,-30.6,27,54.7,3
78891,18891,36,9,39,29.8,5.0,0,95.0,2
78892,18892,114,23,81,60.2,1.2,0,100.0,1
78893,18893,139,58,170,39.5,-63.7,17,58.4,1
78894,18894,85,21,112,56.5,21.6,33,80.1,2
78895,18895,33,14,29,52.2,3.9,1,51.4,6
78896,18896,28,11,20,64.5,-28.7,0,86.3,2
78897,18897,10,5,8,68.3,-14.1,3,63.9,3
78898,18898,103,21,124,40.2,24.6,29,96.6,3
78899,18899,85,18,127,50.7,-2.6,25,90.9,2
78900,18900,87,33,109,100.0,29.1,0,47.4,2
78901,18901,27,12,19,50.8,-25.8,45,24.7,2
78902,18902,38,8,55,45.6,35.8,36,75.1,2
78903,18903,77,23,107,43.8,12.0,9,63.2,2
78904,18904,76,27,85,41.5,2.2,33,59.5,2
78905,18905,63,15,85,52.3,22.2,39,100.0,1
78906,18906,152,50,142,34.9,-6.9,13,59.3,2
78907,18907,22,5,18,74.1,-20.4,20,68.8,2
78908,18908,75,32,62,62.8,-10.1,38,60.6,2
78909,18909,49,13,44,74.7,2.4,39,72.5,0
78910,18910,295,59,271,46.5,28.4,0,75.5,3
78911,18911,119,25,123,67.8,10.6,23,40.7,6
78912,18912,116,22,145,52.1,21.3,3,56.9,6
78913,18913,48,30,39,100.0,-10.4,5,92.1,4
78914,18914,73,14,63,43.8,-11.2,28,83.3,4
78915,18915,17,7,13,67.6,5.4,13,90.3,2
78916,18916,58,11,63,72.4,10.2,7,68.5,1
78917,18917,18,7,23,80.8,38.0,16,52.6,5
78918,18918,38,17,40,71.1,-0.5,42,77.2,4
78919,18919,92,23,119,33.2,-7.3,13,73.5,1
78920,18920,53,12,61,25.5,-0.7,24,84.0,2
78921,18921,48,9,46,91.4,-27.1,16,89.1,1
78922,18922,22,8,25,59.4,-23.1,17,82.6,5
78923,18923,50,15,68,59.8,8.9,11,87.1,2
78924,18924,110,28,92,82.5,-3.1,14,79.8,3
78925,18925,62,13,71,86.9,-18.1,6,82.5,3
78926,18926,88,19,109,76.3,-24.4,15,84.5,3
78927,18927,100,19,142,8.5,24.1,39,73.3,3
78928,18928,48,13,57,40.4,-14.6,41,91.8,2
78929,18929,29,6,21,57.0,22.3,30,100.0,2
78930,18930,90,19,104,63.7,7.2,37,80.2,3
78931,18931,21,9,18,49.7,7.7,30,71.9,2
78932,18932,32,11,34,72.2,-22.2,16,75.1,4
78933,18933,41,18,47,41.0,11.4,37,81.5,0
78934,18934,23,14,28,49.0,11.5,24,97.9,3
78935,18935,98,20,74,74.8,26.7,38,64.7,1
78936,18936,199,39,274,56.0,-12.8,39,74.9,3
78937,18937,54,17,79,56.9,28.8,27,95.5,4
78938,18938,95,32,120,41.8,-19.5,0,51.4,3
78939,18939,64,19,76,61.2,-13.1,0,100.0,3
78940,18940,32,8,38,51.7,-37.2,6,50.9,3
78941,18941,71,13,89,65.3,4.4,24,72.9,4
78942,18942,95,19,133,22.4,-6.5,16,88.4,4
78943,18943,26,12,21,57.5,-14.8,11,77.9,3
78944,18944,30,6,22,39.9,20.6,11,73.3,3
78945,18945,34,10,26,49.1,-8.3,2,69.7,4
78946,18946,293,62,270,89.4,36.2,42,90.3,0
78947,18947,98,20,100,58.3,27.0,40,96.9,1
78948,18948,45,15,48,66.2,-11.7,32,94.1,0
78949,18949,24,15,21,50.5,31.9,46,88.6,1
78950,18950,95,32,72,58.9,-29.5,27,91.4,3
78951,18951,29,18,26,64.1,-2.9,5,48.9,5
78952,18952,78,22,103,47.4,-20.9,23,59.5,1
78953,18953,53,10,63,65.1,0.7,13,73.2,2
78954,18954,76,15,98,63.9,-17.7,32,47.2,1
78955,18955,46,15,52,88.1,34.2,0,58.2,3
78956,18956,23,5,21,46.5,10.5,19,100.0,0
78957,18957,80,18,118,90.3,26.7,9,83.2,2
78958,18958,46,12,63,57.5,-13.4,20,88.6,2
78959,18959,39,9,56,73.2,28.5,43,83.9,1
78960,18960,72,14,63,57.6,43.4,18,63.7,1
78961,18961,16,6,20,61.6,-10.8,35,82.6,1
78962,18962,26,12,30,100.0,23.9,35,75.4,3
78963,18963,42,15,37,97.3,-22.9,25,66.3,1
78964,18964,71,18,96,97.9,-6.3,5,91.9,1
78965,18965,55,16,39,88.1,18.2,46,75.1,2
78966,18966,25,6,21,73.4,-30.1,2,55.6,1
78967,18967,49,15,41,57.4,-5.9,0,75.9,2
78968,18968,37,9,43,93.1,33.9,11,93.7,1
78969,18969,15,8,17,100.0,6.5,10,76.7,4
78970,18970,39,12,56,24.0,7.7,28,94.2,0
78971,18971,37,9,50,70.3,0.5,15,71.9,3
78972,18972,19,7,18,37.7,-3.2,13,68.1,5
78973,18973,31,11,35,52.7,-13.7,11,66.9,3
78974,18974,14,9,13,84.4,-54.8,31,90.7,2
78975,18975,74,16,64,92.3,30.5,40,71.9,1
78976,18976,62,18,74,30.0,39.6,23,88.9,1
78977,18977,61,28,83,36.6,-6.3,38,94.9,4
78978,18978,40,10,29,56.0,17.2,0,86.0,0
78979,18979,47,24,35,66.6,13.1,10,60.9,4
78980,18980,47,14,34,44.1,3.0,43,70.4,1
78981,18981,63,31,79,88.8,-0.6,0,87.5,2
78982,18982,46,11,45,53.0,-49.5,5,72.8,4
78983,18983,16,7,20,71.1,11.4,21,100.0,1
78984,18984,138,26,121,67.0,6.0,65,80.6,2
78985,18985,39,10,28,38.0,9.3,0,86.8,5
78986,18986,46,29,57,65.0,32.4,30,98.4,2
78987,18987,22,7,19,68.8,5.1,8,82.1,1
78988,18988,75,35,86,58.4,9.7,41,81.5,6
78989,18989,47,12,49,58.2,-4.5,11,100.0,3
78990,18990,109,24,154,23.7,-6.5,27,92.6,0
78991,18991,19,7,14,79.9,-10.1,0,65.1,1
78992,18992,29,7,31,58.3,-18.6,55,74.7,1
78993,18993,135,27,185,53.7,-19.4,0,70.3,2
78994,18994,164,32,204,5.0,-19.9,23,75.2,0
78995,18995,10,5,14,58.1,-17.4,0,90.6,2
78996,18996,15,5,22,50.5,-11.8,0,85.5,4
78997,18997,8,3,9,84.5,-2.4,36,88.2,3
78998,18998,34,9,33,56.6,-14.5,12,98.3,3
78999,18999,14,3,11,59.9,-0.5,37,49.1,4
79000,19000,147,36,177,68.1,31.9,28,93.9,2
79001,19001,234,43,309,76.8,-14.6,11,71.0,4
79002,19002,28,17,31,63.1,7.7,42,80.3,3
79003,19003,39,17,34,22.4,-31.3,12,65.2,3
79004,19004,64,13,91,55.5,-6.2,1,83.2,3
79005,19005,49,16,69,66.6,-5.7,18,82.6,2
79006,19006,115,25,116,43.6,-8.4,33,75.1,1
79007,19007,38,7,47,48.4,7.9,20,56.9,4
79008,19008,35,9,46,100.0,30.6,0,66.6,6
79009,19009,54,13,42,61.1,-16.0,28,100.0,0
79010,19010,21,7,29,99.4,-15.7,41,60.0,2
79011,19011,76,15,98,49.4,16.5,25,84.4,3
79012,19012,46,11,51,70.0,-14.6,18,94.1,2
79013,19013,43,11,62,65.9,-29.8,0,96.6,5
79014,19014,19,12,25,55.9,16.3,23,76.9,3
79015,19015,35,10,38,51.2,-33.6,8,95.2,2
79016,19016,49,9,69,73.9,-26.7,27,61.3,2
79017,19017,73,22,102,67.1,20.9,11,42.4,2
79018,19018,91,17,109,30.9,-16.2,26,100.0,5
79019,19019,103,19,145,82.1,-34.8,23,86.8,2
79020,19020,61,15,78,69.1,-9.1,27,59.4,4
79021,19021,22,8,17,65.2,30.5,1,88.6,3
79022,19022,34,15,48,65.3,38.3,0,72.4,1
79023,19023,11,3,14,67.3,29.6,64,100.0,2
79024,19024,12,6,12,29.9,42.7,34,92.7,1
79025,19025,18,5,15,51.5,-3.0,54,65.9,5
79026,19026,29,7,22,100.0,16.7,33,91.9,2
79027,19027,52,16,76,60.7,3.5,16,60.4,3
79028,19028,21,10,25,57.1,9.1,21,45.1,2
79029,19029,156,33,117,67.9,-9.9,0,55.0,2
79030,19030,51,14,37,53.3,21.1,0,68.5,0
79031,19031,15,6,12,67.6,-5.3,39,94.9,2
79032,19032,55,35,69,100.0,19.8,5,88.2,1
79033,19033,33,9,29,55.5,-10.6,21,100.0,2
79034,19034,132,29,147,85.6,36.0,15,64.2,1
79035,19035,15,5,20,47.0,-34.3,0,74.0,2
79036,19036,62,15,81,29.0,16.1,1,73.8,2
79037,19037,61,13,62,69.8,4.4,11,77.2,2
79038,19038,135,40,185,43.5,32.1,53,89.8,4
79039,19039,67,26,63,72.7,4.5,7,77.9,2
79040,19040,19,6,17,61.7,-29.1,8,83.1,2
79041,19041,86,19,112,88.6,-25.8,41,51.3,1
79042,19042,40,17,44,86.9,2.0,37,90.9,3
79043,19043,116,46,169,46.2,3.5,42,86.5,4
79044,19044,29,10,27,69.5,-26.1,21,96.7,0
79045,19045,48,12,54,58.2,8.0,13,75.5,2
79046,19046,69,28,59,78.1,19.3,13,61.6,4
79047,19047,28,8,21,78.7,10.0,4,63.9,6
79048,19048,69,17,59,90.0,29.6,27,75.4,2
79049,19049,86,24,64,33.1,-4.1,3,64.8,4
79050,19050,38,25,33,37.2,-5.3,2,83.1,5
79051,19051,116,33,83,46.7,-11.8,13,93.7,4
79052,19052,47,16,38,65.1,21.5,23,100.0,3
79053,19053,12,7,13,39.2,-8.7,19,84.0,2
79054,19054,62,12,57,35.3,31.3,24,72.1,2
79055,19055,74,18,71,90.0,-42.0,33,61.5,6
79056,19056,144,28,121,59.0,-3.5,23,83.7,3
79057,19057,35,13,51,68.4,-19.5,11,85.8,2
79058,19058,104,20,147,83.2,-10.7,15,70.5,2
79059,19059,42,13,41,89.8,32.3,7,99.2,2
79060,19060,14,5,20,36.7,38.9,42,63.6,1
79061,19061,151,31,159,48.9,23.4,20,66.0,2
79062,19062,28,17,26,53.3,-1.5,18,80.4,2
79063,19063,53,12,79,77.1,-15.9,0,41.8,4
79064,19064,25,5,26,43.2,3.5,0,84.0,2
79065,19065,70,14,54,51.1,11.5,6,76.0,2
79066,19066,39,24,46,78.3,-32.9,0,95.0,4
79067,19067,55,11,46,70.1,-15.1,21,75.8,3
79068,19068,57,13,68,81.3,47.8,29,66.3,5
79069,19069,20,4,15,68.9,-9.0,0,100.0,4
79070,19070,17,4,13,54.0,12.7,36,96.8,1
79071,19071,22,5,21,66.7,-28.9,0,54.7,2
79072,19072,36,9,43,63.6,-16.3,9,67.4,2
79073,19073,34,10,41,58.7,6.9,19,70.3,1
79074,19074,89,17,108,86.7,-7.7,0,94.7,4
79075,19075,29,15,32,61.9,18.8,9,86.8,5
79076,19076,12,7,12,49.0,24.9,35,83.3,1
79077,19077,71,17,99,53.4,24.0,0,100.0,1
79078,19078,130,31,138,65.2,14.1,12,78.9,0
79079,19079,204,42,271,76.9,4.7,24,92.5,2
79080,19080,33,8,36,79.2,22.3,45,84.2,3
79081,19081,6,3,8,60.3,5.4,0,45.8,1
79082,19082,70,14,51,41.8,-43.6,21,60.9,2
79083,19083,21,11,19,60.6,6.5,17,83.6,2
79084,19084,59,18,78,10.7,31.9,49,65.5,2
79085,19085,60,15,75,59.0,-25.1,28,74.0,4
79086,19086,16,4,23,57.2,-5.2,19,63.8,2
79087,19087,33,10,39,83.4,-21.5,36,71.1,1
79088,19088,59,21,86,96.7,44.7,28,84.0,1
79089,19089,14,5,20,79.1,-6.3,49,100.0,2
79090,19090,97,18,140,76.3,14.8,39,100.0,2
79091,19091,94,33,112,61.4,-14.5,42,63.5,2
79092,19092,23,6,32,58.1,-18.4,0,100.0,3
79093,19093,38,10,40,63.3,-33.7,25,54.9,2
79094,19094,72,19,107,65.8,-2.2,33,84.1,1
79095,19095,40,10,33,56.7,15.7,53,83.2,3
79096,19096,92,36,86,79.1,30.6,17,49.0,3
79097,19097,37,13,41,70.0,-61.4,41,100.0,6
79098,19098,20,11,29,59.2,22.0,18,89.0,2
79099,19099,42,11,49,100.0,19.3,63,91.9,0
79100,19100,59,24,44,99.0,23.1,45,80.9,3
79101,19101,31,14,37,99.4,-44.6,28,63.9,3
79102,19102,44,9,64,38.7,-17.6,53,87.6,2
79103,19103,46,12,48,71.2,3.5,2,60.1,2
79104,19104,101,27,95,33.1,41.5,39,71.8,0
79105,19105,11,5,13,68.8,-9.6,32,100.0,3
79106,19106,33,10,41,84.6,-32.6,4,60.4,1
79107,19107,93,25,95,36.9,1.2,27,77.8,1
79108,19108,156,48,119,84.9,2.4,43,57.6,3
79109,19109,18,5,18,89.0,23.7,0,75.5,0
79110,19110,55,35,60,53.1,-27.2,25,76.6,0
79111,19111,53,23,59,53.3,-34.6,32,40.7,3
79112,19112,28,12,35,17.4,-15.9,26,100.0,2
79113,19113,15,5,11,100.0,5.3,16,72.2,2
79114,19114,95,18,134,53.0,4.5,22,57.9,4
79115,19115,26,7,31,42.2,2.2,32,72.3,3
79116,19116,13,5,15,56.1,41.2,27,54.2,5
79117,19117,52,12,43,66.8,6.3,8,95.8,3
79118,19118,64,27,51,85.6,-26.0,10,77.2,0
79119,19119,104,49,119,45.2,8.9,12,93.6,4
79120,19120,59,22,75,65.5,-48.3,3,91.9,1
79121,19121,67,25,88,75.9,17.8,24,96.3,2
79122,19122,51,16,59,44.1,12.5,38,96.2,4
79123,19123,74,17,73,67.1,-38.8,38,56.8,3
79124,19124,130,34,106,63.0,19.9,22,77.6,4
79125,19125,101,29,116,69.6,-23.7,0,49.1,4
79126,19126,138,26,133,19.0,14.6,12,100.0,1
79127,19127,7,4,9,68.1,-4.2,21,94.8,4
79128,19128,84,27,93,63.3,3.2,4,85.1,2
79129,19129,123,29,108,60.2,-4.4,0,100.0,4
79130,19130,108,39,147,29.7,16.0,23,64.2,2
79131,19131,65,19,93,65.3,-54.1,7,56.1,3
79132,19132,65,40,55,40.3,-29.9,23,72.0,7
79133,19133,49,21,56,49.0,42.8,24,66.3,3
79134,19134,22,12,30,71.3,24.6,39,60.6,1
79135,19135,97,18,135,46.1,-14.8,8,100.0,3
79136,19136,49,11,57,16.6,9.8,0,55.0,2
79137,19137,62,15,70,89.1,-62.3,20,97.7,3
79138,19138,18,12,13,87.0,29.9,15,88.1,1
79139,19139,61,18,78,50.6,-6.9,0,100.0,1
79140,19140,65,15,55,63.0,17.4,6,76.7,1
79141,19141,67,17,94,51.6,2.3,45,78.8,1
79142,19142,32,9,43,62.2,-17.7,26,79.8,5
79143,19143,255,53,381,71.5,-29.3,5,64.5,3
79144,19144,45,16,51,75.8,29.9,26,52.7,4
79145,19145,68,14,73,100.0,22.0,25,60.5,4
79146,19146,92,30,87,28.5,1.9,10,91.0,1
79147,19147,96,25,70,90.8,8.9,6,69.4,4
79148,19148,64,18,77,51.0,-12.0,2,82.7,3
79149,19149,94,30,137,40.8,13.4,9,45.4,3
79150,19150,15,6,16,59.0,-24.0,49,70.0,3
79151,19151,86,26,80,72.6,-3.4,28,63.0,5
79152,19152,60,30,75,28.3,3.0,25,86.3,3
79153,19153,20,7,25,64.0,24.7,19,89.5,0
79154,19154,65,17,83,54.5,10.6,0,71.3,3
79155,19155,10,6,15,42.5,-6.1,44,53.9,5
79156,19156,31,7,25,49.5,8.9,32,56.8,1
79157,19157,136,36,183,53.4,-11.1,60,95.1,3
79158,19158,86,16,66,100.0,-29.7,17,62.0,3
79159,19159,47,25,59,29.5,21.2,0,77.1,2
79160,19160,31,13,40,48.4,4.7,1,69.6,1
79161,19161,66,18,68,36.8,9.3,4,67.5,5
79162,19162,45,13,57,48.5,-26.1,0,22.5,2
79163,19163,45,13,39,74.5,-25.3,15,100.0,5
79164,19164,20,7,15,29.0,-12.9,0,89.3,0
79165,19165,159,32,134,45.4,11.2,7,76.0,3
79166,19166,32,19,26,54.1,40.3,14,57.3,2
79167,19167,145,29,199,69.8,16.0,0,66.4,2
79168,19168,18,4,17,58.0,-37.9,23,63.1,6
79169,19169,42,9,54,76.1,32.9,11,58.3,4
79170,19170,46,9,63,78.8,-26.8,23,55.4,3
79171,19171,45,12,66,58.5,16.7,29,90.2,2
79172,19172,25,5,34,52.8,1.7,39,26.5,4
79173,19173,37,12,51,79.9,-30.0,14,88.2,4
79174,19174,47,11,46,67.0,37.2,0,45.9,4
79175,19175,44,16,41,63.5,27.3,8,97.3,1
79176,19176,47,10,49,21.9,22.9,19,63.8,2
79177,19177,26,16,32,41.1,-12.8,56,85.0,4
79178,19178,112,23,106,70.5,25.4,12,88.4,3
79179,19179,33,17,24,100.0,-36.7,62,73.9,2
79180,19180,28,13,32,48.9,-13.4,7,100.0,4
79181,19181,77,17,56,57.1,-18.7,12,65.1,1
79182,19182,22,9,29,55.7,-35.2,7,77.5,3
79183,19183,76,22,61,66.3,-16.3,19,58.7,4
79184,19184,35,10,50,46.3,-23.1,32,88.9,5
79185,19185,24,8,27,56.7,-15.2,40,53.2,2
79186,19186,78,15,95,84.0,10.4,13,92.7,6
79187,19187,75,20,75,75.0,-43.8,42,87.5,1
79188,19188,9,2,11,64.1,-30.4,23,77.0,5
79189,19189,192,38,173,63.8,-38.7,13,81.2,2
79190,19190,79,20,107,72.2,-5.4,35,87.5,1
79191,19191,86,20,82,73.9,-13.3,11,63.1,1
79192,19192,13,4,16,100.0,-6.8,42,82.7,2
79193,19193,241,44,308,41.0,15.0,0,82.8,2
79194,19194,83,18,79,50.7,-22.9,27,97.9,2
79195,19195,177,33,214,71.8,-1.6,9,79.9,4
79196,19196,34,17,34,60.3,-11.2,26,82.3,2
79197,19197,21,13,24,16.0,21.7,18,98.5,1
79198,19198,248,69,329,58.2,6.6,10,62.0,1
79199,19199,49,11,63,83.5,10.1,13,48.9,0
79200,19200,121,25,108,95.7,7.5,28,93.2,2
79201,19201,108,22,136,100.0,-37.2,34,49.2,2
79202,19202,79,30,107,44.1,26.7,0,49.4,2
79203,19203,100,22,81,83.9,-22.6,25,62.2,2
79204,19204,94,44,69,75.8,14.6,0,92.2,0
79205,19205,129,36,136,50.8,16.4,3,71.9,2
79206,19206,12,5,11,57.8,-34.3,13,81.2,3
79207,19207,24,10,19,59.7,-16.5,27,56.4,3
79208,19208,54,20,76,67.1,-44.0,57,83.4,2
79209,19209,11,4,8,100.0,8.9,14,66.6,0
79210,19210,31,11,30,87.7,45.9,2,91.6,1
79211,19211,211,41,278,67.2,2.5,9,73.7,3
79212,19212,161,38,118,52.5,3.8,24,91.2,2
79213,19213,15,10,13,72.2,21.4,23,97.7,2
79214,19214,47,15,56,48.4,5.8,28,70.8,4
79215,19215,30,14,32,51.2,-7.1,1,68.6,2
79216,19216,26,6,20,43.6,16.1,29,100.0,1
79217,19217,71,13,73,78.2,-15.1,25,81.9,3
79218,19218,59,17,56,54.7,9.2,26,73.6,2
79219,19219,119,22,150,71.4,-4.3,17,30.4,3
79220,19220,26,10,30,40.6,-25.1,38,73.9,1
79221,19221,31,8,35,30.6,-5.9,3,89.5,2
79222,19222,29,8,38,51.0,-26.7,0,100.0,4
79223,19223,117,25,102,38.0,-4.8,22,57.8,3
79224,19224,25,10,30,58.5,-37.2,16,79.2,2
79225,19225,23,9,20,64.1,16.4,30,76.0,3
79226,19226,44,15,48,48.0,2.0,5,89.4,5
79227,19227,42,11,53,80.6,-17.2,42,96.1,1
79228,19228,24,12,30,21.1,-27.6,42,100.0,0
79229,19229,112,21,119,72.7,-6.4,19,60.1,1
79230,19230,64,19,58,78.7,-5.3,0,64.0,3
79231,19231,53,15,38,53.5,-4.1,14,65.7,2
79232,19232,38,12,38,70.8,4.4,51,51.3,2
79233,19233,85,28,100,80.3,-2.8,12,75.5,1
79234,19234,20,6,19,64.6,26.2,27,90.7,1
79235,19235,42,17,57,61.5,-33.8,40,73.5,4
79236,19236,56,27,77,59.4,16.4,10,49.4,4
79237,19237,39,12,40,66.7,-4.5,0,59.3,2
79238,19238,25,6,27,56.3,-3.7,11,57.3,0
79239,19239,29,10,24,65.0,-20.9,7,63.7,4
79240,19240,48,25,40,58.9,45.9,15,76.1,1
79241,19241,40,11,35,75.9,35.3,16,80.2,3
79242,19242,50,14,51,77.8,18.6,22,98.1,3
79243,19243,70,32,103,93.8,-36.1,19,76.8,1
79244,19244,78,27,94,75.8,7.5,16,65.7,1
79245,19245,47,10,49,39.1,-10.4,8,100.0,1
79246,19246,29,18,25,69.5,6.5,20,80.9,1
79247,19247,34,18,45,39.2,-18.2,38,83.2,2
79248,19248,43,10,52,37.8,25.7,25,53.0,2
79249,19249,45,12,46,98.9,17.0,0,33.5,3
79250,19250,50,13,59,32.8,-19.3,26,41.5,1
79251,19251,10,3,12,62.6,25.1,21,69.8,3
79252,19252,48,26,56,44.8,-23.2,12,46.3,4
79253,19253,10,6,8,100.0,40.4,0,78.0,7
79254,19254,78,28,111,75.4,12.6,33,89.0,0
79255,19255,26,15,36,100.0,4.3,36,82.5,2
79256,19256,83,22,64,45.1,-18.3,0,88.0,1
79257,19257,30,7,36,31.9,-1.6,19,76.8,1
79258,19258,36,9,40,65.8,27.8,0,51.2,1
79259,19259,31,7,40,61.1,-7.2,37,60.5,4
79260,19260,122,23,125,57.8,-1.2,16,76.4,2
79261,19261,21,4,31,86.7,-12.6,16,66.9,1
79262,19262,29,11,42,58.5,8.3,21,55.8,3
79263,19263,37,14,29,35.0,-30.7,0,84.6,1
79264,19264,72,16,68,56.9,24.3,20,89.7,4
79265,19265,82,15,71,73.5,-14.6,27,87.6,2
79266,19266,41,13,39,79.4,1.3,0,75.2,2
79267,19267,11,5,12,35.6,11.4,27,99.5,3
79268,19268,79,18,63,38.1,32.0,54,64.4,5
79269,19269,12,4,15,42.3,14.8,20,64.1,2
79270,19270,20,11,23,59.2,-27.7,0,59.3,1
79271,19271,54,12,44,66.1,25.0,0,92.0,0
79272,19272,22,7,27,100.0,-67.8,41,38.2,5
79273,19273,31,8,38,52.8,-7.8,11,39.7,4
79274,19274,162,38,228,78.1,-2.9,39,86.8,1
79275,19275,129,27,112,33.6,-25.5,30,100.0,0
79276,19276,44,11,52,45.7,-33.3,23,86.5,2
79277,19277,52,10,73,64.9,19.3,4,70.1,2
79278,19278,34,10,31,29.5,-18.0,44,85.5,4
79279,19279,43,12,38,89.2,-18.5,27,63.5,3
79280,19280,16,6,15,33.7,-3.5,18,100.0,1
79281,19281,12,6,16,57.0,-14.8,46,81.1,0
79282,19282,92,23,124,84.3,-2.3,45,81.6,0
79283,19283,27,10,20,58.1,34.0,12,55.3,1
79284,19284,91,21,87,25.0,-6.7,11,100.0,1
79285,19285,115,29,92,78.7,-6.4,26,52.0,3
79286,19286,87,33,72,87.5,30.8,10,100.0,1
79287,19287,45,12,61,57.6,-1.0,35,78.7,3
79288,19288,55,10,81,56.2,17.6,49,85.5,3
79289,19289,106,21,109,82.3,1.5,17,82.1,3
79290,19290,51,16,75,28.5,-18.1,30,76.5,1
79291,19291,38,9,38,83.5,-34.0,7,69.1,2
79292,19292,49,22,62,81.3,-0.5,33,60.2,5
79293,19293,11,7,11,35.2,7.9,33,86.1,2
79294,19294,155,32,148,45.9,21.2,8,88.2,1
79295,19295,117,37,137,18.1,-5.8,12,73.1,3
79296,19296,45,20,63,32.0,18.6,36,66.2,2
79297,19297,36,13,42,97.0,-11.1,11,75.5,1
79298,19298,244,47,282,66.9,-19.9,3,74.7,4
79299,19299,81,16,89,66.9,-3.7,26,58.6,1
79300,19300,49,12,71,74.1,10.3,0,71.2,1
79301,19301,50,27,68,60.5,11.6,34,87.8,5
79302,19302,92,21,94,33.3,28.1,1,93.1,4
79303,19303,152,30,207,62.3,8.3,17,98.4,3
79304,19304,72,14,57,86.4,34.7,8,80.5,1
79305,19305,104,34,109,28.7,22.4,20,87.1,2
79306,19306,33,15,26,26.5,-37.4,15,81.2,5
79307,19307,53,10,79,63.7,22.1,39,94.8,4
79308,19308,33,7,24,53.5,23.9,9,74.0,2
79309,19309,42,13,60,56.2,10.5,32,84.5,4
79310,19310,73,18,106,65.1,7.6,25,66.5,2
79311,19311,15,5,14,55.4,3.9,22,70.5,1
79312,19312,70,21,102,82.2,-24.8,8,62.5,6
79313,19313,115,41,127,44.8,-33.4,24,92.9,1
79314,19314,16,9,23,49.1,-19.6,11,91.2,2
79315,19315,115,21,125,77.3,39.0,43,66.0,6
79316,19316,54,22,58,68.5,28.5,30,75.6,2
79317,19317,56,21,73,75.4,5.7,21,50.8,2
79318,19318,42,15,37,42.3,2.7,46,100.0,3
79319,19319,27,11,38,49.4,27.9,36,81.4,4
79320,19320,28,10,39,77.3,0.2,35,62.6,2
79321,19321,30,8,24,67.0,56.7,14,75.5,2
79322,19322,45,25,33,60.4,-1.0,45,54.5,7
79323,19323,39,22,49,79.9,9.0,14,100.0,1
79324,19324,50,15,49,65.8,-24.2,32,100.0,6
79325,19325,47,11,37,35.0,-22.9,15,53.5,2
79326,19326,76,32,108,51.9,10.5,31,92.6,6
79327,19327,122,34,182,72.4,19.3,46,70.4,1
79328,19328,46,14,44,84.1,-20.6,10,98.2,3
79329,19329,46,14,39,43.9,31.8,26,74.8,4
79330,19330,26,6,36,18.5,25.1,35,80.8,2
79331,19331,23,6,26,79.2,-37.8,0,100.0,3
79332,19332,41,12,61,86.7,27.5,42,100.0,2
79333,19333,21,8,25,100.0,-1.4,55,82.2,4
79334,19334,96,25,111,55.0,-9.1,0,91.6,2
79335,19335,8,4,12,66.3,-13.4,13,100.0,4
79336,19336,41,13,55,54.4,6.1,0,53.4,4
79337,19337,29,14,30,57.6,-13.1,5,52.3,5
79338,19338,86,31,61,60.4,50.5,5,74.1,3
79339,19339,49,12,64,87.5,-12.4,26,83.6,0
79340,19340,121,26,168,82.9,55.4,15,73.9,1
79341,19341,29,12,23,100.0,10.9,1,62.0,2
79342,19342,41,10,58,81.5,10.4,30,87.2,1
79343,19343,41,16,57,65.0,21.3,32,73.1,3
79344,19344,98,31,70,40.2,-1.1,10,100.0,4
79345,19345,103,20,132,84.7,13.3,16,86.0,3
79346,19346,147,77,148,56.2,23.2,0,78.2,3
79347,19347,65,12,48,67.7,45.9,26,60.4,0
79348,19348,69,17,67,85.1,18.0,21,89.2,0
79349,19349,35,9,41,56.8,6.9,33,50.2,3
79350,19350,26,11,25,40.7,-3.8,21,100.0,2
79351,19351,36,16,48,75.2,10.9,36,86.3,1
79352,19352,21,4,23,88.5,21.2,2,93.2,1
79353,19353,45,21,33,58.9,-21.9,43,70.2,1
79354,19354,22,10,25,37.0,8.4,3,58.4,1
79355,19355,69,16,72,51.1,39.2,3,43.5,5
79356,19356,86,20,67,19.9,-10.6,0,62.8,4
79357,19357,56,18,59,47.8,-11.7,46,64.4,3
79358,19358,21,4,28,61.7,-12.5,35,87.2,4
79359,19359,119,23,93,84.4,-13.4,10,67.5,5
79360,19360,88,18,79,63.1,10.6,10,79.8,5
79361,19361,19,12,28,54.5,2.0,14,74.9,0
79362,19362,35,13,36,75.4,-30.7,27,100.0,2
79363,19363,45,17,61,54.2,6.1,12,100.0,4
79364,19364,25,14,28,90.0,28.4,20,76.0,0
79365,19365,81,16,72,74.9,-29.4,8,69.3,1
79366,19366,98,18,75,70.7,-46.8,16,88.9,1
79367,19367,21,10,27,22.8,20.8,11,60.2,3
79368,19368,66,25,72,94.7,-26.1,40,100.0,3
79369,19369,16,10,24,65.1,41.6,10,83.6,2
79370,19370,31,16,44,78.0,-15.0,7,64.6,3
79371,19371,49,14,40,94.9,-26.9,2,75.7,3
79372,19372,18,6,22,63.8,-25.2,0,89.8,5
79373,19373,64,20,54,14.6,-39.8,0,78.5,4
79374,19374,33,8,33,57.9,0.2,26,100.0,2
79375,19375,19,10,18,65.7,-3.2,29,100.0,2
79376,19376,64,13,71,52.5,9.8,38,65.9,8
79377,19377,40,8,55,74.1,-16.4,7,56.7,0
79378,19378,39,18,55,42.2,-21.5,34,88.4,4
79379,19379,40,10,50,71.8,5.2,0,96.0,3
79380,19380,43,10,52,44.6,17.9,17,95.8,1
79381,19381,46,21,66,60.1,-16.3,24,97.6,2
79382,19382,51,17,40,78.1,4.1,18,91.2,3
79383,19383,34,8,34,62.5,14.3,0,68.2,1
79384,19384,17,4,15,37.8,-3.9,23,81.1,2
79385,19385,83,17,67,61.0,-47.5,0,100.0,3
79386,19386,75,37,93,43.1,37.3,5,90.6,0
79387,19387,112,40,96,31.1,3.0,38,94.0,1
79388,19388,90,20,132,56.7,30.3,0,65.6,4
79389,19389,15,6,17,54.8,-18.0,28,83.9,3
79390,19390,29,8,31,68.8,7.4,21,95.3,6
79391,19391,41,20,40,71.7,9.4,37,69.0,2
79392,19392,87,41,80,41.4,-6.3,11,55.6,1
79393,19393,45,18,64,59.6,40.6,12,100.0,2
79394,19394,91,34,108,96.3,15.7,29,77.5,5
79395,19395,42,25,37,48.0,12.7,25,54.6,0
79396,19396,94,19,117,63.5,-7.7,15,99.5,3
79397,19397,27,16,24,81.5,10.7,29,64.4,1
79398,19398,91,20,120,90.1,-13.8,15,44.3,1
79399,19399,16,6,18,66.2,13.3,31,88.0,2
79400,19400,77,25,81,25.4,-16.5,11,96.0,1
79401,19401,42,11,51,75.3,1.2,55,100.0,3
79402,19402,26,11,36,64.2,5.6,0,100.0,1
79403,19403,61,34,62,61.7,20.3,41,69.7,1
79404,19404,80,15,100,54.0,24.8,17,82.5,1
79405,19405,34,7,34,45.9,-35.1,9,61.8,4
79406,19406,64,14,63,51.4,-13.3,12,68.0,3
79407,19407,33,9,45,43.8,17.0,17,77.0,5
79408,19408,77,19,88,65.4,5.4,19,82.0,3
79409,19409,50,10,51,78.5,-5.5,17,89.3,5
79410,19410,18,6,16,66.5,12.1,31,58.7,3
79411,19411,15,8,20,33.0,-5.1,18,85.6,1
79412,19412,29,6,35,69.3,5.5,0,76.6,5
79413,19413,16,9,20,48.1,-1.6,14,82.0,5
79414,19414,21,4,22,14.5,51.2,10,67.1,1
79415,19415,97,22,92,66.9,22.9,31,57.9,0
79416,19416,26,8,33,51.4,-16.0,3,100.0,1
79417,19417,91,23,70,55.7,16.9,23,64.0,7
79418,19418,36,10,44,61.1,10.9,2,98.7,1
79419,19419,25,8,37,46.6,-26.7,15,67.4,2
79420,19420,44,22,59,83.2,12.1,33,79.5,3
79421,19421,156,33,201,31.8,-31.3,39,42.0,2
79422,19422,100,26,105,38.2,8.9,27,44.3,2
79423,19423,91,21,65,67.6,5.3,0,73.1,3
79424,19424,63,27,94,75.5,15.9,11,100.0,0
79425,19425,104,45,149,43.3,-24.1,0,92.9,4
79426,19426,53,11,58,51.0,-4.1,31,77.3,6
79427,19427,33,9,41,60.7,-13.9,37,74.7,3
79428,19428,56,17,64,66.2,5.6,29,100.0,6
79429,19429,30,16,38,75.8,-2.4,33,70.8,3
79430,19430,38,12,28,45.1,17.9,0,63.1,1
79431,19431,30,7,45,71.4,10.6,0,63.6,5
79432,19432,29,15,38,69.0,-15.7,28,82.7,1
79433,19433,39,24,36,56.1,17.2,21,79.2,6
79434,19434,71,19,81,53.4,-2.2,21,50.6,0
79435,19435,39,14,42,71.1,-2.3,29,69.1,2
79436,19436,72,14,71,75.7,-4.0,23,56.6,4
79437,19437,46,12,48,80.7,29.6,25,86.5,3
79438,19438,19,7,22,91.8,-1.2,45,63.7,2
79439,19439,41,15,45,55.8,-12.9,30,99.2,0
79440,19440,28,14,38,78.4,6.6,0,68.9,1
79441,19441,29,9,23,49.9,-24.7,49,96.3,1
79442,19442,9,5,7,85.2,17.4,0,64.3,2
79443,19443,52,16,57,53.3,40.4,12,42.7,3
79444,19444,18,9,19,69.1,7.7,33,82.7,3
79445,19445,55,13,67,34.8,11.1,6,81.8,3
79446,19446,37,9,34,76.6,-41.4,14,68.1,0
79447,19447,73,15,56,68.1,29.7,37,41.7,1
79448,19448,135,26,181,73.8,5.4,29,53.6,6
79449,19449,37,9,39,68.3,-20.9,25,47.3,3
79450,19450,17,8,14,69.9,-9.6,8,100.0,4
79451,19451,39,11,57,92.5,-10.7,2,99.1,1
79452,19452,47,9,68,47.4,-13.6,36,88.0,3
79453,19453,37,16,31,67.5,16.7,31,76.1,1
79454,19454,24,8,32,51.3,-8.2,0,100.0,1
79455,19455,45,10,51,66.9,-32.6,36,100.0,2
79456,19456,50,11,47,29.2,-37.1,9,59.3,2
79457,19457,64,12,65,70.1,-36.3,6,78.5,1
79458,19458,55,22,81,42.5,1.3,0,74.9,3
79459,19459,84,17,81,59.3,-14.1,0,88.0,3
79460,19460,3,2,3,24.3,-27.7,3,87.3,3
79461,19461,27,13,29,59.0,14.1,18,47.5,2
79462,19462,42,8,50,54.2,5.4,39,59.6,1
79463,19463,95,19,88,73.6,-30.3,49,55.4,2
79464,19464,19,11,25,66.6,-41.5,21,74.5,1
79465,19465,32,18,38,31.2,6.3,40,73.2,4
79466,19466,61,21,88,100.0,-15.2,30,49.4,0
79467,19467,195,63,187,62.8,25.2,20,64.5,2
79468,19468,148,44,182,88.1,28.2,0,66.3,2
79469,19469,59,16,83,68.4,-7.8,28,85.9,2
79470,19470,30,15,21,77.1,13.2,19,100.0,1
79471,19471,54,10,59,64.7,46.2,26,54.9,3
79472,19472,53,10,61,52.0,-37.7,11,87.3,0
79473,19473,85,27,94,67.0,-22.2,20,88.5,1
79474,19474,38,11,35,10.5,22.5,35,78.9,2
79475,19475,50,17,39,85.3,8.7,12,76.0,3
79476,19476,111,27,155,71.4,23.7,18,85.5,1
79477,19477,60,14,66,51.4,-19.5,0,73.6,2
79478,19478,51,14,39,36.8,-29.4,13,75.4,1
79479,19479,52,10,53,62.4,-12.8,8,57.5,2
79480,19480,29,10,25,40.1,-19.1,24,89.8,3
79481,19481,28,11,27,50.1,8.8,6,100.0,1
79482,19482,45,11,61,64.7,10.8,0,89.7,3
79483,19483,56,26,62,31.5,13.2,27,63.4,0
79484,19484,53,14,47,55.4,-20.7,0,57.4,3
79485,19485,89,32,120,100.0,7.7,7,58.7,3
79486,19486,8,4,7,77.5,-6.5,1,70.7,1
79487,19487,28,10,27,58.1,-1.6,32,96.6,5
79488,19488,25,11,18,16.2,16.6,21,57.3,3
79489,19489,96,24,141,54.5,-19.5,12,93.6,1
79490,19490,22,13,23,65.9,1.9,23,92.3,0
79491,19491,33,7,28,57.5,12.6,34,63.0,4
79492,19492,27,7,30,53.7,5.9,16,49.7,1
79493,19493,34,7,27,49.8,-7.4,26,85.2,2
79494,19494,28,13,40,59.5,-13.3,28,80.5,0
79495,19495,78,23,58,66.1,19.9,22,55.2,1
79496,19496,96,23,115,59.8,-29.8,0,76.3,2
79497,19497,15,7,21,80.3,-25.9,13,69.9,2
79498,19498,44,28,40,62.7,-5.6,22,100.0,2
79499,19499,132,25,103,49.4,-11.4,13,100.0,4
79500,19500,79,17,85,72.8,-41.5,0,100.0,6
79501,19501,106,23,124,56.9,3.5,26,29.6,2
79502,19502,83,16,77,90.9,-31.0,29,68.5,2
79503,19503,198,52,190,39.0,-22.0,20,74.5,6
79504,19504,53,13,64,27.7,-8.2,4,58.7,3
79505,19505,54,23,80,89.3,-13.3,0,77.8,2
79506,19506,30,9,31,40.6,0.9,21,66.9,3
79507,19507,19,9,20,60.3,-3.5,35,100.0,0
79508,19508,15,8,21,73.5,-0.3,19,61.8,1
79509,19509,28,11,28,82.7,-19.4,6,81.3,2
79510,19510,53,16,51,67.8,-13.0,33,51.8,8
79511,19511,12,3,13,45.5,9.0,21,65.1,1
79512,19512,56,16,41,51.6,-58.5,15,56.2,3
79513,19513,36,7,51,82.6,7.3,18,80.8,3
79514,19514,25,9,19,37.4,-21.8,0,82.7,1
79515,19515,152,31,216,28.2,-2.8,29,100.0,1
79516,19516,55,17,80,67.6,23.7,0,65.9,1
79517,19517,47,23,66,65.8,-12.9,0,64.2,3
79518,19518,144,29,111,85.2,16.1,21,75.5,2
79519,19519,76,22,86,96.7,61.4,54,78.1,0
79520,19520,19,9,19,64.4,13.8,4,74.3,3
79521,19521,7,3,6,86.1,-13.6,0,98.7,4
79522,19522,27,15,31,55.2,-10.0,0,77.3,1
79523,19523,135,33,99,60.3,-15.2,39,71.9,3
79524,19524,50,17,47,60.3,-41.6,24,72.6,0
79525,19525,75,14,84,37.2,-59.3,26,100.0,5
79526,19526,37,10,55,90.4,-21.8,30,79.7,1
79527,19527,89,36,99,70.7,23.9,34,66.3,3
79528,19528,15,4,14,47.9,-49.5,31,60.8,2
79529,19529,168,31,192,62.1,1.0,19,91.5,1
79530,19530,53,33,39,57.6,21.5,0,29.7,4
79531,19531,39,18,53,38.9,17.6,15,88.3,7
79532,19532,115,22,163,62.1,-31.7,31,100.0,3
79533,19533,18,11,13,71.7,-0.3,48,100.0,1
79534,19534,107,20,93,100.0,-41.9,37,91.8,3
79535,19535,64,16,47,85.4,-11.0,17,56.8,2
79536,19536,44,18,63,62.1,-18.8,22,81.3,2
79537,19537,30,16,21,91.0,-23.7,9,79.0,1
79538,19538,38,20,27,5.0,-33.8,0,100.0,2
79539,19539,68,14,79,46.2,-19.3,26,97.2,1
79540,19540,43,9,37,40.4,-3.0,18,74.4,3
79541,19541,97,20,140,43.4,22.2,22,55.2,0
79542,19542,69,13,93,65.8,-9.7,32,56.5,1
79543,19543,77,25,67,49.2,17.4,20,45.3,1
79544,19544,41,8,43,57.0,-0.1,0,100.0,4
79545,19545,19,9,26,65.0,-0.7,15,77.4,2
79546,19546,42,8,30,82.0,12.3,29,68.1,5
79547,19547,22,9,24,96.3,26.3,0,72.5,0
79548,19548,16,5,17,65.8,12.8,34,100.0,3
79549,19549,57,16,83,52.0,-11.7,19,61.2,2
79550,19550,61,13,59,43.5,22.4,33,70.8,4
79551,19551,15,5,13,62.1,11.1,7,61.0,3
79552,19552,83,29,79,40.7,7.4,65,90.8,0
79553,19553,81,15,76,49.5,-24.2,40,85.3,1
79554,19554,45,25,61,52.2,-33.8,30,73.4,0
79555,19555,34,21,42,69.5,-1.6,8,81.5,7
79556,19556,22,13,23,29.5,-15.6,0,76.0,0
79557,19557,57,11,79,46.7,11.3,0,66.2,2
79558,19558,97,40,114,59.5,10.8,16,83.0,5
79559,19559,33,20,26,25.9,22.5,44,49.0,2
79560,19560,66,15,82,50.7,19.9,39,94.9,2
79561,19561,57,14,52,44.4,22.0,8,75.0,1
79562,19562,51,11,64,55.9,6.0,0,57.5,0
79563,19563,50,14,56,65.5,-21.8,29,74.6,7
79564,19564,46,21,60,51.4,34.0,23,93.0,1
79565,19565,29,11,32,65.0,12.8,5,41.6,4
79566,19566,9,5,13,56.5,10.2,17,65.7,2
79567,19567,78,18,77,78.6,22.1,30,80.5,0
79568,19568,123,30,115,65.0,-26.5,14,76.2,1
79569,19569,51,12,45,60.9,-11.0,13,76.2,2
79570,19570,114,21,129,70.8,-35.5,33,86.0,0
79571,19571,35,20,33,95.0,-15.0,26,68.7,1
79572,19572,30,17,38,42.8,-16.1,1,90.7,1
79573,19573,36,8,32,46.9,-31.9,0,71.6,6
79574,19574,97,18,108,81.9,-2.1,0,61.8,5
79575,19575,44,12,53,73.0,40.2,42,96.9,2
79576,19576,24,5,26,70.5,-19.0,33,76.4,3
79577,19577,83,21,61,10.3,20.4,0,91.2,4
79578,19578,89,17,86,57.9,-9.4,0,69.6,1
79579,19579,25,11,34,74.5,13.1,12,66.6,0
79580,19580,21,7,27,52.1,-4.1,34,62.8,2
79581,19581,40,10,60,88.4,-22.0,38,82.6,5
79582,19582,67,29,63,54.0,17.6,0,85.5,3
79583,19583,44,9,64,65.0,-7.8,0,55.0,4
79584,19584,28,6,29,83.0,-1.1,21,93.3,0
79585,19585,201,46,153,77.0,6.5,18,95.3,3
79586,19586,155,39,153,70.6,-25.6,19,60.6,3
79587,19587,17,7,15,54.8,-14.5,13,68.9,1
79588,19588,110,22,102,80.4,8.3,28,58.8,1
79589,19589,50,13,48,46.8,-12.7,0,67.6,2
79590,19590,47,20,45,45.1,-43.3,28,100.0,3
79591,19591,13,3,9,32.6,28.9,37,82.2,3
79592,19592,34,21,32,71.6,-26.2,20,97.9,0
79593,19593,38,16,45,47.5,-12.4,18,79.2,2
79594,19594,34,14,45,37.7,12.3,25,81.9,4
79595,19595,19,7,13,40.8,45.4,26,92.1,5
79596,19596,61,37,48,95.3,-38.5,14,86.9,2
79597,19597,34,7,41,52.7,0.8,7,93.3,1
79598,19598,26,14,20,94.8,8.8,0,90.5,4
79599,19599,53,11,38,58.2,17.1,0,52.7,0
79600,19600,47,21,45,90.6,-26.7,26,87.0,5
79601,19601,68,14,85,69.7,-8.9,15,87.9,0
79602,19602,21,13,29,69.2,26.9,16,77.3,2
79603,19603,42,9,47,66.0,37.7,5,96.2,4
79604,19604,36,10,39,92.8,-5.6,27,76.3,2
79605,19605,61,26,68,59.9,-21.7,6,67.2,3
79606,19606,78,25,83,62.6,14.0,13,82.7,4
79607,19607,34,18,45,47.8,-17.0,20,66.9,3
79608,19608,12,6,14,30.7,-47.7,0,78.3,4
79609,19609,24,8,20,46.0,28.4,18,87.2,0
79610,19610,110,35,160,50.8,-4.1,29,76.1,3
79611,19611,37,8,31,36.1,3.8,4,79.3,3
79612,19612,27,6,23,44.1,20.8,17,93.6,5
79613,19613,42,17,42,26.8,10.6,16,83.6,3
79614,19614,49,22,49,45.6,27.1,17,100.0,2
79615,19615,43,20,33,78.4,4.5,0,100.0,4
79616,19616,89,23,69,89.4,-4.4,0,85.9,2
79617,19617,92,24,136,17.3,-1.5,39,66.5,3
79618,19618,115,60,91,63.4,21.2,0,82.5,1
79619,19619,103,36,151,66.0,8.0,0,50.6,4
79620,19620,35,7,44,49.4,44.7,21,60.7,2
79621,19621,174,33,152,44.4,16.4,15,80.5,2
79622,19622,27,5,28,45.7,26.8,0,68.6,2
79623,19623,30,7,27,45.4,17.3,26,62.1,3
79624,19624,23,14,20,83.0,-11.4,0,79.8,2
79625,19625,79,23,96,79.4,-54.7,42,98.0,3
79626,19626,27,11,26,78.8,20.8,7,83.6,1
79627,19627,106,21,146,52.4,5.1,16,82.0,2
79628,19628,47,28,53,46.0,11.1,0,55.7,5
79629,19629,20,10,18,68.2,-2.9,32,95.9,5
79630,19630,19,7,14,62.9,-6.1,0,44.7,2
79631,19631,95,22,112,80.1,-47.4,23,59.9,1
79632,19632,126,24,183,54.2,-7.8,11,77.6,1
79633,19633,40,13,44,53.9,-4.2,0,100.0,2
79634,19634,103,36,117,78.1,-15.0,17,100.0,2
79635,19635,51,11,47,65.1,-3.9,30,82.7,1
79636,19636,71,14,87,27.9,9.6,18,58.1,0
79637,19637,31,17,34,86.0,10.7,28,54.0,6
79638,19638,136,25,173,98.1,0.7,0,81.6,3
79639,19639,71,20,57,75.3,-27.6,27,79.5,1
79640,19640,93,17,82,69.2,-20.3,21,65.9,1
79641,19641,25,16,34,80.2,19.3,28,81.5,3
79642,19642,46,9,68,75.0,-2.2,32,100.0,4
79643,19643,11,6,15,78.3,-35.0,25,91.2,0
79644,19644,37,8,39,51.0,21.3,0,100.0,3
79645,19645,21,14,16,7.0,6.5,26,42.1,2
79646,19646,43,21,60,63.5,31.2,45,76.9,3
79647,19647,4,2,5,43.7,64.0,24,72.0,4
79648,19648,83,21,122,51.7,-2.1,0,49.5,3
79649,19649,56,13,58,94.2,-12.1,29,79.9,6
79650,19650,17,9,21,50.2,23.2,58,70.4,2
79651,19651,25,8,21,53.3,4.4,12,80.8,5
79652,19652,26,6,37,82.3,-7.6,53,57.9,6
79653,19653,21,4,26,70.2,14.0,5,71.6,1
79654,19654,16,7,20,55.7,-9.5,48,90.8,3
79655,19655,19,6,24,45.7,9.9,49,80.3,3
79656,19656,80,33,102,61.5,18.8,0,43.7,5
79657,19657,51,31,42,57.0,-11.5,25,92.4,0
79658,19658,53,16,66,46.4,-28.5,26,74.5,1
79659,19659,86,27,87,53.3,-13.6,39,76.6,2
79660,19660,124,26,120,68.4,-17.2,32,94.1,5
79661,19661,46,9,42,34.5,-7.5,34,60.1,1
79662,19662,29,10,40,53.8,-27.8,0,94.9,3
79663,19663,82,19,106,70.4,5.4,37,100.0,2
79664,19664,50,13,47,47.8,38.9,6,84.0,3
79665,19665,50,11,39,74.0,12.8,16,68.8,1
79666,19666,38,18,40,73.9,-1.4,19,85.4,4
79667,19667,43,9,51,42.9,30.3,45,60.9,2
79668,19668,74,19,52,77.4,1.0,0,90.2,0
79669,19669,91,20,102,49.6,21.8,18,84.5,2
79670,19670,99,31,78,48.5,-3.1,23,78.2,1
79671,19671,14,9,19,39.7,32.1,31,85.7,4
79672,19672,119,23,147,62.9,10.8,26,78.6,2
79673,19673,75,17,75,80.1,10.1,22,67.4,4
79674,19674,64,15,56,75.2,31.7,21,90.8,1
79675,19675,51,15,51,94.2,-8.6,21,81.6,1
79676,19676,23,14,33,76.5,-18.2,18,95.3,2
79677,19677,84,41,63,59.3,8.4,12,75.4,3
79678,19678,49,15,70,34.5,3.0,31,52.6,1
79679,19679,89,19,68,71.8,16.9,0,94.9,2
79680,19680,147,29,107,83.2,-19.8,11,100.0,2
79681,19681,37,11,32,48.6,43.6,41,95.8,1
79682,19682,60,11,49,52.7,39.8,43,74.8,2
79683,19683,87,16,126,66.0,6.0,25,85.3,4
79684,19684,124,42,111,54.2,26.9,5,61.0,1
79685,19685,18,10,24,57.4,-7.7,13,51.4,1
79686,19686,97,28,93,37.3,4.5,0,79.2,4
79687,19687,16,3,13,99.7,6.8,29,86.3,2
79688,19688,33,11,34,71.0,2.8,9,63.8,2
79689,19689,46,16,36,85.1,-10.7,31,74.7,1
79690,19690,54,20,64,84.6,-13.8,27,72.6,1
79691,19691,159,30,132,81.3,-20.8,0,60.5,3
79692,19692,47,21,54,73.9,9.9,20,89.7,5
79693,19693,71,22,63,47.6,-3.4,37,64.5,1
79694,19694,67,29,96,65.0,0.9,18,62.4,2
79695,19695,21,11,18,31.6,31.0,15,73.4,2
79696,19696,62,19,67,40.3,-12.6,21,61.7,3
79697,19697,99,21,71,62.8,-18.5,47,69.9,5
79698,19698,41,27,33,58.9,-27.3,38,74.2,1
79699,19699,48,14,40,61.3,6.8,8,94.6,1
79700,19700,46,13,63,33.6,-15.1,21,68.3,0
79701,19701,14,8,17,58.8,-23.5,14,78.2,3
79702,19702,43,8,31,69.2,-10.8,1,100.0,7
79703,19703,44,19,37,70.8,0.6,14,70.8,2
79704,19704,46,9,64,54.9,-2.5,24,70.9,3
79705,19705,27,11,26,43.6,40.6,9,100.0,2
79706,19706,61,17,53,100.0,-3.1,0,100.0,4
79707,19707,47,10,63,49.1,-56.2,4,86.3,1
79708,19708,85,16,86,62.0,6.2,47,64.7,0
79709,19709,65,21,71,94.5,2.9,15,100.0,4
79710,19710,41,23,52,52.2,22.1,25,68.6,3
79711,19711,16,10,23,57.5,7.2,49,68.8,3
79712,19712,80,16,101,63.8,5.9,12,79.1,2
79713,19713,123,36,125,73.5,-45.6,21,73.8,3
79714,19714,17,8,25,59.3,5.4,28,76.7,3
79715,19715,74,22,84,57.0,-10.7,66,63.6,4
79716,19716,36,15,51,72.8,-14.5,12,88.6,1
79717,19717,13,3,18,97.9,7.3,0,71.7,3
79718,19718,6,2,7,69.8,-10.9,28,91.3,3
79719,19719,53,12,46,87.3,16.2,0,82.4,1
79720,19720,96,21,96,74.5,-7.8,12,70.1,4
79721,19721,69,23,58,53.7,21.4,34,74.0,1
79722,19722,66,16,55,40.5,27.4,32,66.3,3
79723,19723,51,11,72,55.8,4.9,31,87.3,3
79724,19724,29,17,24,62.5,-1.8,13,55.4,5
79725,19725,41,18,61,66.1,47.7,31,54.2,1
79726,19726,255,47,235,5.0,16.6,16,49.0,0
79727,19727,38,25,41,100.0,41.5,39,42.5,2
79728,19728,19,7,16,54.1,-5.3,29,83.8,2
79729,19729,37,8,37,81.2,16.6,29,56.9,3
79730,19730,50,18,59,89.1,9.1,15,54.3,3
79731,19731,110,23,158,97.8,22.4,45,64.4,1
79732,19732,67,33,97,62.2,-15.8,18,100.0,1
79733,19733,95,19,71,61.1,40.7,33,83.5,3
79734,19734,64,19,72,70.2,2.4,0,66.0,2
79735,19735,36,22,29,63.0,-2.7,10,72.9,3
79736,19736,124,31,101,38.6,-7.3,4,91.9,1
79737,19737,44,17,60,38.5,12.2,24,56.8,1
79738,19738,43,10,41,36.6,-11.6,4,81.1,7
79739,19739,61,12,91,39.3,-4.5,11,60.5,4
79740,19740,28,15,37,60.4,-25.7,12,63.0,2
79741,19741,25,10,28,65.2,1.3,19,80.5,5
79742,19742,28,9,20,48.4,-7.8,44,69.2,4
79743,19743,101,19,77,81.8,-9.5,14,68.5,5
79744,19744,25,8,30,42.3,-14.5,49,64.9,2
79745,19745,59,30,81,83.8,9.8,42,80.6,4
79746,19746,75,28,83,75.5,2.7,0,77.2,2
79747,19747,13,8,18,61.4,20.0,24,57.0,2
79748,19748,45,20,46,55.3,24.0,28,64.3,3
79749,19749,75,19,108,67.4,27.6,0,79.8,3
79750,19750,67,31,95,56.2,-2.2,20,69.2,2
79751,19751,62,12,75,32.1,19.5,35,80.3,6
79752,19752,57,13,81,72.1,21.3,10,94.4,3
79753,19753,55,13,62,85.2,17.2,23,82.5,1
79754,19754,23,7,18,73.6,20.4,33,63.9,2
79755,19755,32,7,41,65.2,13.2,35,77.5,0
79756,19756,45,20,55,67.7,-6.2,0,61.4,5
79757,19757,52,16,65,36.1,-11.1,39,74.6,4
79758,19758,186,34,136,75.4,17.1,0,75.0,1
79759,19759,26,10,20,62.5,27.9,0,57.9,2
79760,19760,37,12,55,64.8,-7.3,33,79.5,4
79761,19761,50,21,66,30.5,-19.2,14,64.2,1
79762,19762,52,29,56,37.8,26.7,29,65.8,1
79763,19763,69,22,85,59.5,14.7,0,52.5,1
79764,19764,31,15,42,100.0,22.2,10,79.5,7
79765,19765,149,42,213,47.6,14.4,22,88.9,2
79766,19766,63,14,87,52.2,8.8,10,70.7,2
79767,19767,49,10,56,41.8,19.3,13,75.7,3
79768,19768,39,18,56,83.2,-18.5,26,81.9,3
79769,19769,255,50,340,43.6,-42.7,0,67.7,1
79770,19770,47,16,36,87.3,2.3,7,56.0,2
79771,19771,43,13,34,75.1,2.5,25,47.3,2
79772,19772,34,9,44,76.3,14.1,20,62.5,6
79773,19773,23,11,32,79.1,7.6,22,64.8,2
79774,19774,92,19,97,35.2,-51.2,0,100.0,0
79775,19775,37,8,49,31.5,19.5,54,86.1,3
79776,19776,31,9,40,30.4,-22.8,23,68.5,3
79777,19777,75,27,81,88.6,7.6,27,59.1,2
79778,19778,66,19,68,9.4,-15.4,22,85.5,2
79779,19779,25,6,19,58.2,-20.2,20,88.1,2
79780,19780,43,10,64,100.0,-48.7,15,68.5,5
79781,19781,98,30,85,42.8,-1.0,37,84.9,1
79782,19782,10,6,8,70.3,15.2,29,65.6,4
79783,19783,113,26,86,44.3,4.5,29,83.1,4
79784,19784,164,59,182,40.5,-12.5,10,55.8,2
79785,19785,55,11,41,62.4,-32.0,0,100.0,2
79786,19786,99,31,139,47.8,12.3,0,75.0,3
79787,19787,98,21,84,29.3,-27.8,36,91.8,1
79788,19788,39,13,56,36.1,-44.0,23,74.1,3
79789,19789,116,39,161,63.1,37.8,23,90.0,1
79790,19790,27,6,20,59.9,2.5,18,90.3,0
79791,19791,77,21,89,56.3,21.0,42,72.8,0
79792,19792,25,10,21,64.7,-22.1,7,46.2,2
79793,19793,58,12,47,64.9,-14.5,0,87.9,1
79794,19794,60,15,67,37.4,31.7,8,68.8,4
79795,19795,36,9,31,31.6,-7.1,0,67.6,1
79796,19796,51,11,54,89.8,61.0,0,79.7,3
79797,19797,68,17,50,68.8,2.3,28,92.7,4
79798,19798,30,12,32,61.4,14.6,30,73.1,1
79799,19799,37,24,31,35.8,3.6,27,67.9,4
79800,19800,149,32,118,44.6,-16.9,14,92.1,3
79801,19801,59,11,45,30.6,-18.4,1,79.8,4
79802,19802,57,13,69,91.5,-24.1,19,70.8,0
79803,19803,106,22,80,80.9,-19.4,26,67.8,2
79804,19804,74,15,86,57.6,-3.6,44,49.9,5
79805,19805,35,14,27,51.6,28.2,19,84.3,3
79806,19806,76,26,83,97.1,-34.0,7,72.5,0
79807,19807,133,30,118,28.1,15.3,1,100.0,0
79808,19808,13,4,11,32.6,-11.0,29,92.5,3
79809,19809,130,32,191,62.8,32.6,14,52.9,3
79810,19810,18,7,18,67.8,8.0,0,71.8,1
79811,19811,57,13,55,49.4,-38.5,58,61.3,4
79812,19812,97,25,143,80.0,14.0,0,84.0,2
79813,19813,37,7,48,82.2,-7.1,9,42.2,3
79814,19814,93,18,109,83.4,-2.9,32,61.6,6
79815,19815,79,21,68,60.2,39.9,37,99.8,3
79816,19816,20,8,24,100.0,-1.8,37,62.3,3
79817,19817,43,14,57,54.8,-37.9,18,78.7,1
79818,19818,80,18,111,73.5,13.9,16,45.4,3
79819,19819,86,27,120,72.6,-11.0,16,56.1,2
79820,19820,72,15,56,59.3,2.9,7,100.0,5
79821,19821,37,15,34,59.0,-4.2,5,84.3,3
79822,19822,69,15,75,58.2,14.9,0,64.7,2
79823,19823,65,14,70,23.8,-31.6,0,75.5,4
79824,19824,20,9,22,25.1,-1.1,1,74.3,3
79825,19825,24,13,35,12.9,17.4,42,81.7,5
79826,19826,66,17,67,77.8,8.9,5,72.9,5
79827,19827,41,9,55,89.8,25.6,36,85.6,3
79828,19828,68,13,74,65.1,-38.5,35,82.3,0
79829,19829,169,40,177,48.1,13.9,12,78.6,3
79830,19830,97,23,141,60.5,16.4,53,100.0,6
79831,19831,52,16,49,48.7,15.0,21,70.7,3
79832,19832,8,3,8,53.3,18.9,7,91.4,4
79833,19833,26,8,36,85.0,15.8,6,97.3,3
79834,19834,193,45,204,42.9,2.4,40,68.0,1
79835,19835,130,24,154,64.1,31.8,0,88.8,4
79836,19836,98,23,74,79.4,10.3,1,81.8,2
79837,19837,69,18,77,69.4,-24.2,0,100.0,4
79838,19838,13,4,15,54.8,-13.0,25,76.7,3
79839,19839,49,16,59,43.2,33.6,39,64.3,1
79840,19840,113,35,87,52.6,-18.9,0,99.9,0
79841,19841,42,12,58,54.4,-21.5,56,74.2,3
79842,19842,123,38,127,91.9,11.3,35,100.0,3
79843,19843,55,11,52,33.2,-9.9,0,62.0,1
79844,19844,38,24,44,76.3,-15.9,0,66.1,1
79845,19845,83,22,94,59.8,12.8,13,69.9,3
79846,19846,132,27,112,52.7,-24.6,41,78.0,4
79847,19847,117,36,110,62.0,37.0,8,86.1,1
79848,19848,40,8,50,81.8,-8.1,20,73.3,4
79849,19849,86,22,75,78.8,-11.4,6,76.7,2
79850,19850,65,25,70,80.8,-8.3,33,77.2,2
79851,19851,14,6,20,74.1,10.1,14,77.7,3
79852,19852,92,55,66,61.3,12.5,0,64.6,2
79853,19853,39,9,53,57.4,-17.7,49,50.3,7
79854,19854,90,22,125,100.0,-6.8,19,81.6,3
79855,19855,111,24,142,86.4,-34.4,38,90.5,0
79856,19856,229,43,271,65.5,-4.0,23,81.4,4
79857,19857,28,10,30,55.2,17.5,19,69.9,6
79858,19858,27,11,33,74.0,-21.3,0,53.6,2
79859,19859,44,17,59,50.8,10.1,32,89.4,4
79860,19860,26,7,23,89.0,-12.1,0,70.5,3
79861,19861,91,27,130,74.2,-36.6,0,88.2,2
79862,19862,37,20,34,100.0,19.9,34,41.7,3
79863,19863,124,52,88,60.2,-5.8,37,65.5,0
79864,19864,22,6,28,17.1,-19.1,22,92.9,3
79865,19865,76,14,109,79.9,3.9,22,72.1,0
79866,19866,50,11,70,72.8,28.6,32,98.5,2
79867,19867,81,15,69,57.4,-20.0,48,83.3,4
79868,19868,18,4,26,77.3,4.6,40,58.1,3
79869,19869,147,27,213,65.8,30.9,31,72.4,4
79870,19870,22,9,27,43.9,-18.3,78,63.0,0
79871,19871,98,19,89,70.1,26.2,0,100.0,4
79872,19872,25,6,26,54.5,15.5,0,90.8,1
79873,19873,27,7,30,51.9,-7.3,0,77.2,5
79874,19874,43,10,48,82.5,-14.0,47,65.3,4
79875,19875,91,24,106,63.5,-1.2,62,67.0,0
79876,19876,71,24,64,53.5,16.9,15,69.4,2
79877,19877,52,11,44,73.1,16.4,0,69.1,0
79878,19878,72,24,107,88.7,3.1,42,80.6,2
79879,19879,19,6,15,53.9,16.0,4,67.6,2
79880,19880,70,15,67,70.1,-2.8,30,79.9,2
79881,19881,103,19,152,30.9,-25.0,21,76.7,2
79882,19882,39,14,50,74.7,-37.6,14,83.2,1
79883,19883,114,21,131,52.8,-28.3,28,73.6,0
79884,19884,237,47,169,69.2,-16.2,0,85.3,1
79885,19885,7,3,10,79.5,-50.9,0,77.2,0
79886,19886,17,8,22,42.3,16.7,26,95.2,3
79887,19887,76,16,59,60.5,12.4,35,98.4,3
79888,19888,42,24,57,57.7,23.6,23,80.5,3
79889,19889,60,11,55,54.3,-15.1,11,100.0,1
79890,19890,35,15,47,47.3,34.0,20,71.8,0
79891,19891,53,33,73,62.0,-28.8,10,65.3,4
79892,19892,58,14,61,81.6,1.4,17,62.0,5
79893,19893,76,20,58,54.3,9.0,25,90.3,2
79894,19894,77,15,88,67.4,-31.3,18,81.9,4
79895,19895,12,6,14,7.8,46.2,0,100.0,2
79896,19896,38,17,51,55.2,-12.8,37,72.5,2
79897,19897,106,24,82,65.9,7.2,0,71.8,0
79898,19898,28,9,35,59.8,11.2,40,75.0,4
79899,19899,157,39,216,65.5,10.4,24,100.0,5
79900,19900,15,9,17,37.2,2.5,6,88.2,4
79901,19901,19,4,18,49.2,4.3,16,65.5,1
79902,19902,31,12,28,61.2,29.2,0,100.0,2
79903,19903,29,8,28,54.9,4.9,2,100.0,3
79904,19904,30,7,42,85.4,-9.6,29,64.9,1
79905,19905,54,25,68,96.4,-23.3,26,100.0,2
79906,19906,44,24,54,46.3,27.2,18,96.6,1
79907,19907,48,32,36,49.8,29.0,4,75.5,2
79908,19908,40,23,48,78.2,-21.8,20,51.5,3
79909,19909,129,25,179,61.9,15.9,0,83.9,2
79910,19910,29,8,25,59.2,32.3,20,71.7,4
79911,19911,25,14,23,74.5,13.5,0,100.0,0
79912,19912,187,34,277,41.0,-11.0,24,60.1,2
79913,19913,13,7,15,100.0,-1.7,9,91.0,3
79914,19914,238,46,302,70.6,4.5,10,100.0,3
79915,19915,121,51,117,93.7,-3.7,37,63.7,3
79916,19916,95,22,87,92.3,7.8,41,42.7,2
79917,19917,39,16,29,48.9,-6.9,17,70.7,1
79918,19918,55,10,48,40.3,-27.8,1,78.6,3
79919,19919,51,23,62,46.2,24.1,5,72.6,2
79920,19920,52,18,49,25.8,-4.5,9,81.9,3
79921,19921,27,13,22,76.7,-11.5,41,100.0,4
79922,19922,63,18,49,47.3,2.6,0,80.1,3
79923,19923,29,9,40,72.5,-5.3,17,63.2,1
79924,19924,71,15,77,51.2,-1.7,12,87.3,2
79925,19925,69,14,70,31.8,4.8,51,85.7,0
79926,19926,25,5,21,100.0,-12.6,41,73.9,3
79927,19927,30,18,33,45.8,4.5,10,66.9,2
79928,19928,49,22,70,54.9,-30.8,12,85.1,2
79929,19929,41,10,42,61.7,-16.6,31,88.2,6
79930,19930,55,14,42,90.1,-4.9,2,79.5,3
79931,19931,142,30,186,53.0,-5.2,48,45.1,3
79932,19932,55,12,49,40.1,15.6,22,62.8,0
79933,19933,38,16,48,43.9,-3.2,15,89.2,3
79934,19934,20,7,26,51.1,17.1,44,61.7,2
79935,19935,56,15,75,57.2,1.8,19,53.4,6
79936,19936,59,12,52,62.9,16.1,33,76.2,4
79937,19937,47,13,39,72.7,-53.4,24,77.5,3
79938,19938,55,13,53,79.3,8.2,10,77.3,2
79939,19939,125,41,156,75.2,7.9,20,51.6,6
79940,19940,36,19,53,51.7,21.3,19,40.5,4
79941,19941,42,13,52,67.9,38.0,22,72.8,0
79942,19942,49,23,73,72.0,-12.3,31,72.5,1
79943,19943,23,8,28,61.0,44.9,19,73.9,4
79944,19944,11,4,16,49.3,-23.8,0,100.0,2
79945,19945,7,3,9,65.0,1.3,42,75.3,2
79946,19946,72,17,70,60.0,14.6,11,92.4,5
79947,19947,23,10,29,84.8,1.6,9,73.8,5
79948,19948,76,18,64,53.4,-2.6,11,79.5,1
79949,19949,51,31,53,55.0,28.6,5,46.9,2
79950,19950,42,10,41,76.9,-25.0,13,55.7,2
79951,19951,13,8,17,66.9,4.9,38,100.0,4
79952,19952,11,5,15,79.5,-25.6,0,72.1,2
79953,19953,81,23,106,67.3,-29.4,0,74.8,2
79954,19954,109,20,150,53.3,-24.3,24,86.7,1
79955,19955,20,5,15,100.0,26.3,0,68.5,1
79956,19956,11,7,15,35.7,-16.7,12,58.5,1
79957,19957,152,33,133,70.1,-18.6,0,57.3,3
79958,19958,100,35,131,61.8,24.9,6,85.9,1
79959,19959,49,9,53,42.1,-10.0,19,89.7,1
79960,19960,39,10,35,76.3,-9.7,15,79.6,1
79961,19961,83,16,110,75.1,49.4,48,31.8,2
79962,19962,22,13,16,82.9,-15.2,35,54.0,3
79963,19963,39,13,58,74.2,-10.2,36,80.1,4
79964,19964,32,12,36,62.6,-3.1,37,77.1,0
79965,19965,57,19,59,100.0,44.9,0,58.8,3
79966,19966,46,17,53,37.8,-11.5,21,91.9,3
79967,19967,47,18,66,75.0,-38.9,37,67.6,3
79968,19968,21,6,19,72.5,15.7,25,74.4,2
79969,19969,74,16,67,87.3,-23.8,19,67.8,4
79970,19970,65,16,83,76.0,0.4,0,80.5,1
79971,19971,57,19,60,71.7,-26.2,12,100.0,3
79972,19972,100,26,110,69.8,-9.2,6,44.5,2
79973,19973,123,24,134,75.6,-8.0,34,35.6,0
79974,19974,23,9,31,95.3,25.2,2,80.8,1
79975,19975,46,13,40,41.5,-35.6,37,63.5,4
79976,19976,67,13,64,41.1,-3.0,24,81.8,1
79977,19977,106,24,114,49.9,21.5,9,80.6,4
79978,19978,15,7,12,43.7,27.1,46,100.0,1
79979,19979,33,7,30,75.1,-1.4,40,85.5,2
79980,19980,14,3,19,80.9,-23.0,35,86.8,4
79981,19981,40,9,45,42.8,44.4,30,65.2,2
79982,19982,47,12,56,38.8,-7.7,19,57.4,3
79983,19983,28,14,27,52.3,6.0,20,100.0,2
79984,19984,88,26,104,36.4,-0.8,22,92.8,4
79985,19985,39,21,38,43.9,7.4,24,100.0,2
79986,19986,43,12,40,88.3,-1.8,24,89.1,5
79987,19987,34,11,34,55.6,-9.3,30,48.8,2
79988,19988,5,3,7,85.6,27.9,29,100.0,2
79989,19989,18,4,21,49.3,7.7,1,100.0,3
79990,19990,103,25,108,33.5,24.4,0,64.9,5
79991,19991,37,15,49,69.7,-19.5,54,65.3,3
79992,19992,102,25,80,48.4,10.1,0,70.5,1
79993,19993,40,11,46,69.3,-12.3,29,80.2,1
79994,19994,49,14,46,80.6,23.5,35,71.2,1
79995,19995,42,14,41,95.1,11.1,16,100.0,2
79996,19996,27,16,31,66.3,-10.8,16,57.1,0
79997,19997,191,35,244,100.0,0.9,11,76.4,3
79998,19998,71,20,98,77.0,1.1,18,64.1,4
79999,19999,34,20,51,64.4,14.7,48,86.1,1
80000,20000,32,19,31,78.4,-33.9,0,100.0,2
